{"type":"FeatureCollection","features":[{"type":"Feature","properties":{"__OBJECTID":1,"id":1,"rid":"SAFE","id_0":1,"id_1":1,"soort":"bit","layerid":"kniklijnen","objectid":1,"layername":"Binnenteen aanpassing prio","layercolor":"#E91919","layerstyle":"id,id,3,uit","objectid_1":1,"shape__len":39470.5165436,"shape_le_1":39376.6011715,"shape_leng":39386.2915539},"geometry":{"type":"LineString","coordinates":[[4.870654035,51.936886286],[4.870619364,51.936878234]]}},{"type":"Feature","properties":{"__OBJECTID":2,"id":1,"rid":"SAFE","id_0":1,"id_1":2,"soort":"bit","layerid":"kniklijnen","objectid":1,"layername":"Binnenteen aanpassing prio","layercolor":"#E91919","layerstyle":"id,id,3,uit","objectid_1":1,"shape__len":39470.5165436,"shape_le_1":39376.6011715,"shape_leng":39386.2915539},"geometry":{"type":"LineString","coordinates":[[5.173147996,51.962821638],[5.173060209,51.962853452],[5.173019172,51.962868488],[5.172984391,51.962881609],[5.17296114,51.962890796],[5.172937781,51.96290038],[5.172891404,51.962919878],[5.172580473,51.963052092],[5.172534457,51.963071489],[5.172511273,51.963081012],[5.172487815,51.963090263],[5.172475658,51.963094832],[5.172451084,51.963103714],[5.17240143,51.963120972],[5.172064975,51.963236198],[5.172027508,51.963248893],[5.17200239,51.963257182],[5.171977033,51.96326517],[5.171964505,51.963268907],[5.171939239,51.963276114],[5.171901047,51.963286557],[5.171798783,51.96331388],[5.17176053,51.963324247],[5.171722574,51.963334984],[5.171697082,51.963342772],[5.171671373,51.963351151],[5.171633118,51.963364107],[5.17145535,51.963425514],[5.171295275,51.963480374],[5.171258166,51.963492806],[5.171233215,51.963500806],[5.171220621,51.963504642],[5.171207904,51.963508313],[5.171195067,51.963511776],[5.171182111,51.963515077],[5.171155954,51.963521348],[5.171116404,51.963530322],[5.171010575,51.963553767],[5.170957891,51.963565862],[5.170905801,51.963578671],[5.170763153,51.963614842],[5.170724007,51.963624289],[5.170697156,51.963630256],[5.170669575,51.963635934],[5.1706141,51.963646749],[5.170058142,51.963752847],[5.169960917,51.963771569],[5.169919397,51.96377989],[5.169893118,51.963785417],[5.169788396,51.963808367],[5.169749063,51.963816766],[5.169722709,51.963821921],[5.169709454,51.963824234],[5.169696125,51.963826276],[5.169682691,51.963827946],[5.169668881,51.963829185],[5.169654967,51.963830038],[5.169640977,51.963830604],[5.169612864,51.963831144],[5.169584686,51.963831131],[5.169570615,51.963830938],[5.169556579,51.963830595],[5.1695426,51.963830063],[5.169528707,51.963829277],[5.169514933,51.963828148],[5.169501326,51.963826554],[5.169487638,51.963824345],[5.169474123,51.963821658],[5.169460734,51.963818625],[5.169447435,51.963815345],[5.169421008,51.963808325],[5.169381575,51.963797258],[5.169224113,51.963752453],[5.169092764,51.9637156],[5.168607323,51.963582146],[5.16856788,51.963571458],[5.168541454,51.963564542],[5.168514804,51.963557992],[5.168501743,51.963555017],[5.168475428,51.963549385],[5.168422411,51.963538734],[5.168316043,51.963517931],[5.168276085,51.963510394],[5.168249349,51.963505761],[5.168235922,51.963503675],[5.168222433,51.963501827],[5.168208862,51.9635003],[5.168195161,51.963499163],[5.168181377,51.963498349],[5.168167533,51.963497771],[5.168139724,51.963497078],[5.168083877,51.963496523],[5.167972037,51.963495991],[5.167930188,51.963496155],[5.167902403,51.963496782],[5.167888575,51.963497394],[5.167874809,51.963498306],[5.167860568,51.96349964],[5.167846395,51.963501294],[5.167832269,51.963503182],[5.167804115,51.963507404],[5.167776028,51.963511953],[5.167579609,51.963544936],[5.167396811,51.963574941],[5.167368961,51.963579845],[5.167355201,51.963582473],[5.167341619,51.963585292],[5.167328294,51.963588387],[5.167315328,51.963591866],[5.16730286,51.963595877],[5.167291301,51.963600408],[5.167280216,51.963605447],[5.16726948,51.963610857],[5.167258992,51.963616535],[5.167238489,51.963628399],[5.167218324,51.963640628],[5.167138261,51.963690238],[5.16705797,51.963739639],[5.167028314,51.963758355],[5.167009203,51.963771145],[5.167000029,51.963777719],[5.16699124,51.963784477],[5.166982769,51.963791585],[5.166974693,51.963798881],[5.166966907,51.963806314],[5.166959327,51.963813845],[5.166944561,51.963829096],[5.166872688,51.963906274],[5.166858156,51.963921641],[5.166843318,51.963936874],[5.166827871,51.963951841],[5.166819761,51.963959156],[5.16681156,51.96396611],[5.166794426,51.9639797],[5.166776705,51.963993035],[5.166758691,51.964006245],[5.166658602,51.964078618],[5.166622328,51.964105073],[5.166569894,51.964143698],[5.166552925,51.964155736],[5.166544532,51.964161404],[5.166536222,51.96416672],[5.166528025,51.964171565],[5.166519974,51.964175791],[5.166512116,51.964179207],[5.166496528,51.964184558],[5.166488465,51.964188311],[5.166480321,51.964193018],[5.166472116,51.964198445],[5.166463863,51.964204408],[5.166455577,51.964210767],[5.166438944,51.964224265],[5.16642227,51.964238362],[5.166372002,51.964281618],[5.166354869,51.96429581],[5.166346092,51.964302737],[5.166337084,51.964309485],[5.166327752,51.964315976],[5.166317964,51.964322114],[5.16630755,51.964327765],[5.166296266,51.964332871],[5.166284347,51.964337484],[5.166271967,51.964341741],[5.166259259,51.964345743],[5.166233226,51.964353268],[5.166193444,51.964363984],[5.16614002,51.964377926],[5.166113236,51.964384752],[5.16608633,51.964391331],[5.16607279,51.964394453],[5.166059158,51.9643974],[5.166045655,51.964400089],[5.166018401,51.964405002],[5.165990955,51.964409553],[5.165963417,51.964413928],[5.165508455,51.964484759],[5.165287517,51.964518907],[5.165232349,51.964527602],[5.165163177,51.964539163],[5.165052547,51.964558258],[5.164997305,51.964567938],[5.16496978,51.964572949],[5.164942419,51.96457825],[5.164928843,51.964581084],[5.164901948,51.964587221],[5.164875282,51.964593764],[5.164848733,51.964600514],[5.16472958,51.964631448],[5.164689728,51.964641524],[5.164662982,51.964647933],[5.164649511,51.964650965],[5.164622524,51.964656559],[5.164595325,51.964661782],[5.164554343,51.964669297],[5.164102615,51.964750341],[5.164033347,51.964762488],[5.163893645,51.96478648],[5.163851808,51.964793798],[5.163824048,51.964798893],[5.163810246,51.964801571],[5.163796526,51.964804386],[5.163782919,51.964807387],[5.163769418,51.964810626],[5.163742722,51.964817615],[5.163716266,51.964825002],[5.163689925,51.964832579],[5.163545455,51.964874907],[5.16350627,51.964886709],[5.163480631,51.964894777],[5.163430359,51.964911365],[5.163267813,51.964966286],[5.163204922,51.964987335],[5.162807215,51.965117722],[5.162743166,51.965138862],[5.162680132,51.965160235],[5.162542267,51.96520767],[5.16249193,51.965224685],[5.162442654,51.965240739],[5.162356078,51.965268444],[5.162306479,51.965284098],[5.162281536,51.965291713],[5.162256359,51.965298985],[5.162243623,51.965302406],[5.162230377,51.965305727],[5.162203578,51.965311917],[5.162162966,51.965320597],[5.162040533,51.96534578],[5.162013416,51.965351529],[5.161986425,51.965357492],[5.161960334,51.965363597],[5.161934365,51.96536991],[5.161830871,51.965395811],[5.161791992,51.965405341],[5.161765929,51.965411354],[5.161752812,51.965414162],[5.16173961,51.965416767],[5.161726291,51.965419097],[5.161712919,51.965421082],[5.161699431,51.965422794],[5.161672226,51.965425672],[5.161631107,51.965429261],[5.161493568,51.965440167],[5.161466123,51.965442587],[5.161438749,51.965445285],[5.161384182,51.965451385],[5.161220783,51.96547082],[5.161165684,51.965477145],[5.160994927,51.965495512],[5.160952197,51.965499921],[5.16092367,51.96550266],[5.160895076,51.965505049],[5.160881202,51.96550601],[5.160853393,51.965507626],[5.160811594,51.965509627],[5.160700015,51.965514366],[5.160658254,51.965516426],[5.160630524,51.965518196],[5.160616723,51.965519305],[5.160602983,51.965520637],[5.160588939,51.965522289],[5.160574961,51.965524175],[5.160547136,51.96552841],[5.160505567,51.965535369],[5.160408758,51.965552267],[5.160367218,51.965559367],[5.160325515,51.965566016],[5.160297594,51.96556988],[5.16026958,51.965573251],[5.1602274,51.965577865],[5.159818822,51.965620116],[5.15976249,51.965626026],[5.159720294,51.965630633],[5.159650031,51.965638915],[5.159242927,51.965688433],[5.159200912,51.965693794],[5.159173028,51.965697673],[5.159159158,51.965699784],[5.159145393,51.965702043],[5.159118004,51.9657069],[5.15907711,51.965714643],[5.158682755,51.965791788],[5.158628428,51.96580255],[5.158601345,51.965808079],[5.158561676,51.965816516],[5.158377192,51.965857067],[5.158311125,51.965871219],[5.158255955,51.965882273],[5.158103754,51.96591178],[5.158076144,51.965917251],[5.158048645,51.965922903],[5.15802136,51.96592891],[5.158008374,51.965931989],[5.157982589,51.965938454],[5.157944166,51.965948576],[5.157854835,51.965972731],[5.157816475,51.965982943],[5.157790771,51.965989508],[5.157777842,51.965992651],[5.157764839,51.965995652],[5.15775173,51.965998462],[5.157737996,51.966001131],[5.157724151,51.966003597],[5.15769624,51.96600812],[5.157654074,51.966014361],[5.1575554,51.966028376],[5.157527378,51.966032615],[5.157499669,51.966037287],[5.157486024,51.966039915],[5.157472598,51.966042841],[5.157459469,51.966046179],[5.157446857,51.96604997],[5.157434538,51.966054164],[5.157422432,51.966058654],[5.157410482,51.966063355],[5.157398642,51.966068209],[5.157375165,51.966078202],[5.15730521,51.966108834],[5.157281755,51.966118869],[5.157258011,51.966128535],[5.157245948,51.966133124],[5.157233693,51.966137463],[5.157221172,51.966141463],[5.157208684,51.966144956],[5.157195942,51.966148125],[5.157183016,51.966151057],[5.157169956,51.966153815],[5.157143574,51.966158998],[5.15710368,51.966166363],[5.15699694,51.966185519],[5.156956876,51.966192594],[5.156915885,51.966199559],[5.156473001,51.966271569],[5.156389841,51.966284768],[5.156305291,51.96629717],[5.155613842,51.96639607],[5.155359881,51.966432622],[5.155317494,51.966438505],[5.155289153,51.966442102],[5.155274935,51.966443709],[5.155260671,51.966445122],[5.155246715,51.966446268],[5.155218676,51.966448058],[5.155162323,51.96645069],[5.155091705,51.966453562],[5.155049404,51.966455092],[5.155021383,51.966455737],[5.155007488,51.966455811],[5.154993716,51.966455618],[5.154980118,51.966455047],[5.154966763,51.966453951],[5.154953736,51.966452137],[5.154940898,51.966449396],[5.1549284,51.966445915],[5.154916149,51.966441896],[5.154904077,51.966437489],[5.15489213,51.966432809],[5.154880272,51.966427939],[5.154856716,51.966417856],[5.154763004,51.966376454],[5.154727622,51.966361284],[5.154703678,51.96635167],[5.154691499,51.966347153],[5.154679106,51.966342931],[5.15466642,51.966339113],[5.154653329,51.966335775],[5.154639943,51.966332841],[5.154626346,51.966330202],[5.154612594,51.966327773],[5.154584802,51.96632331],[5.154360196,51.966290364],[5.154332141,51.966286537],[5.154318117,51.966284808],[5.154304098,51.966283285],[5.154290084,51.966282052],[5.154276076,51.966281227],[5.154262076,51.966280962],[5.154247961,51.966281389],[5.154233856,51.966282385],[5.154219756,51.966283794],[5.15420566,51.966285496],[5.154177476,51.966289453],[5.154149296,51.966293797],[5.154022443,51.966314063],[5.153909627,51.966331757],[5.153881539,51.96633633],[5.15385366,51.966341214],[5.153839863,51.966343871],[5.153826216,51.966346752],[5.153812774,51.966349941],[5.153799951,51.966353404],[5.153787323,51.96635716],[5.153762457,51.966365258],[5.153737887,51.966373805],[5.153701262,51.966386974],[5.153616059,51.966418056],[5.153579771,51.966431575],[5.153555874,51.966440853],[5.153532638,51.966450498],[5.153510056,51.966460502],[5.153487737,51.966470745],[5.153365933,51.966527961],[5.153343633,51.966538228],[5.153321119,51.96654831],[5.153297881,51.966558296],[5.153262654,51.966572949],[5.153120811,51.966630754],[5.153073675,51.966650147],[5.153038689,51.966665014],[5.153015483,51.96667534],[5.152969584,51.966696439],[5.152798312,51.966776315],[5.152649628,51.966845372],[5.152615673,51.96686154],[5.152593537,51.966872643],[5.152582758,51.966878383],[5.15257227,51.966884313],[5.152562091,51.966890505],[5.152552208,51.966896889],[5.152542538,51.966903411],[5.152523615,51.966916727],[5.152495746,51.966937038],[5.152292834,51.967086921],[5.152246572,51.967120897],[5.152227878,51.967134378],[5.15220888,51.967147685],[5.152199189,51.967154228],[5.152179849,51.967166702],[5.152140155,51.967191068],[5.152049742,51.96724526],[5.152009307,51.967269175],[5.151978461,51.96728675],[5.151957059,51.96729829],[5.151935357,51.967309622],[5.151836634,51.967359889],[5.151803889,51.967376741],[5.151782389,51.967388176],[5.151771834,51.967394011],[5.151761477,51.967399969],[5.151751393,51.967406091],[5.151741832,51.967412285],[5.151732534,51.96741864],[5.15172343,51.967425112],[5.151705607,51.96743829],[5.151679373,51.967458362],[5.151627278,51.967498736],[5.151600885,51.967518713],[5.151582816,51.967531742],[5.151573518,51.967538096],[5.151563957,51.967544291],[5.151553743,51.967550492],[5.151543252,51.967556524],[5.151521718,51.967568253],[5.15149976,51.967579724],[5.151422013,51.96761933],[5.151388964,51.967636471],[5.151367384,51.967648176],[5.15135685,51.967654187],[5.151346578,51.967660357],[5.15133694,51.967666513],[5.151327548,51.967672819],[5.151318335,51.967679236],[5.151300269,51.96769229],[5.151273631,51.967712157],[5.151211899,51.967758771],[5.151194123,51.967772012],[5.151176131,51.967785131],[5.151157732,51.967798021],[5.151148346,51.967804307],[5.151129212,51.967816676],[5.151090209,51.967841],[5.150901124,51.967957196],[5.150572102,51.968160191],[5.150428322,51.96824912],[5.15039739,51.968268089],[5.150376556,51.968280582],[5.150355327,51.968292793],[5.150344461,51.968298718],[5.150323072,51.968309627],[5.150301167,51.968320164],[5.15027899,51.968330507],[5.150178415,51.968376495],[5.150145111,51.96839199],[5.150123199,51.968402539],[5.150112399,51.968407931],[5.150101772,51.968413409],[5.150080829,51.968424601],[5.150060134,51.968435978],[5.150019054,51.968458966],[5.149926907,51.968510898],[5.149885891,51.968534191],[5.149679075,51.968653328],[5.149507258,51.968752929],[5.149467173,51.968776585],[5.149416274,51.968807687],[5.148921116,51.96911482],[5.148860276,51.969152297],[5.148809338,51.969182751],[5.148665898,51.96926707],[5.14860384,51.96930392],[5.1482386,51.969523154],[5.148068071,51.969626395],[5.1480379,51.969644372],[5.148017498,51.969656155],[5.148007137,51.969661937],[5.147986091,51.969673185],[5.147953928,51.969689645],[5.14783462,51.969749039],[5.147779987,51.969775719],[5.147745396,51.969791983],[5.14771058,51.969808068],[5.147512764,51.9698988],[5.147384572,51.969957387],[5.147338328,51.969978938],[5.147315731,51.969990065],[5.147304718,51.969995817],[5.14729399,51.970001759],[5.147283761,51.970007846],[5.147273811,51.970014119],[5.147264065,51.970020529],[5.147244964,51.970033608],[5.147216785,51.970053548],[5.147151473,51.970100381],[5.147123779,51.970120568],[5.147105798,51.970134217],[5.1470971,51.970141157],[5.147088703,51.97014822],[5.147080722,51.970155449],[5.147073168,51.970162964],[5.147066039,51.970170649],[5.147059217,51.970178459],[5.147046171,51.970194316],[5.147027344,51.970218402],[5.1469655,51.970299057],[5.146952889,51.970315107],[5.146939967,51.970331053],[5.146933313,51.970338963],[5.146919955,51.970354128],[5.146906197,51.97036916],[5.146885208,51.970391595],[5.146800459,51.970481069],[5.146778886,51.970503284],[5.146764076,51.970517925],[5.146748122,51.97053289],[5.146723511,51.970555069],[5.146631802,51.970635812],[5.146598737,51.970665285],[5.146582574,51.970680167],[5.146574682,51.970687684],[5.146559393,51.970702889],[5.146544516,51.970718256],[5.146522551,51.970741447],[5.146428046,51.970842207],[5.146318723,51.970958374],[5.146304388,51.970973935],[5.14629044,51.970989611],[5.146277263,51.971005519],[5.1462711,51.971013634],[5.146265199,51.971021828],[5.146253909,51.971038367],[5.146232284,51.971071732],[5.146082953,51.9713059],[5.146067194,51.971331044],[5.146052021,51.971356175],[5.146022714,51.971406533],[5.145508604,51.972297022],[5.145489085,51.972330598],[5.145474128,51.972355707],[5.145459256,51.972379688],[5.145439021,51.972411567],[5.145190186,51.972800569],[5.145174744,51.972825103],[5.145164777,51.972841528],[5.145155376,51.972858068],[5.145151034,51.972866343],[5.145142862,51.972882997],[5.145131306,51.972908125],[5.145090186,51.973000514],[5.145078154,51.973025529],[5.145069227,51.973042006],[5.145064174,51.973050366],[5.145058844,51.973058663],[5.14504186,51.973083335],[5.144982559,51.973164982],[5.144965191,51.973189573],[5.144954211,51.973206103],[5.144949058,51.973214445],[5.144944238,51.97322279],[5.14493526,51.973239633],[5.144918586,51.97327361],[5.144878287,51.973358866],[5.144862427,51.973393011],[5.144850961,51.973418838],[5.144729946,51.973704618],[5.144719398,51.973730653],[5.14471295,51.973748079],[5.144710055,51.973756832],[5.144705097,51.973774425],[5.144700859,51.973792104],[5.144695119,51.973818697],[5.144678681,51.973898568],[5.144670689,51.973933997],[5.144668438,51.973942829],[5.14466352,51.97396031],[5.144649918,51.974003881],[5.144568376,51.974256325],[5.144559705,51.974282406],[5.144553611,51.974299747],[5.144547116,51.974316749],[5.144536678,51.97434173],[5.144496362,51.974433029],[5.144489195,51.97444965],[5.14448232,51.97446631],[5.144476003,51.974483046],[5.144473143,51.974491521],[5.144465498,51.974517071],[5.144454007,51.974559823],[5.144438516,51.974619744],[5.144432415,51.974645461],[5.144428967,51.974662647],[5.14442628,51.974680245],[5.144424159,51.974697882],[5.144417327,51.974768542],[5.144414532,51.97479502],[5.144412183,51.974812632],[5.144408994,51.974830175],[5.144404531,51.974847686],[5.144396412,51.974873836],[5.144381613,51.974917318],[5.144369171,51.974951997],[5.144362342,51.974969198],[5.144358588,51.974977723],[5.144354485,51.974986168],[5.144349897,51.974994505],[5.144344884,51.975002464],[5.144339412,51.975010319],[5.144327544,51.975025822],[5.144314954,51.975041162],[5.144269322,51.975094502],[5.144250087,51.975117446],[5.144237831,51.975132885],[5.144232018,51.975140686],[5.144226519,51.975148565],[5.14422138,51.975156571],[5.144216556,51.975164657],[5.144211961,51.9751728],[5.144203222,51.975189204],[5.144182482,51.975230494],[5.144158248,51.975280179],[5.144150518,51.975296794],[5.144143291,51.975313486],[5.14413684,51.975330207],[5.14413089,51.975347006],[5.144119631,51.975380702],[5.144045216,51.975608388],[5.144036746,51.975633657],[5.144027765,51.975658847],[5.144021118,51.975675607],[5.144010141,51.975700693],[5.143998637,51.975725701],[5.143963553,51.975800636],[5.143952167,51.975825656],[5.143944989,51.975842391],[5.143941632,51.975850791],[5.143938508,51.975859221],[5.143935579,51.975867965],[5.143930387,51.975885543],[5.143921302,51.975920872],[5.143889188,51.976053622],[5.143852457,51.976204034],[5.143846216,51.976230594],[5.143842374,51.976248325],[5.143840633,51.976257202],[5.143837727,51.976274222],[5.143831694,51.976316861],[5.143822913,51.976385143],[5.143820004,51.976410756],[5.143818507,51.97642784],[5.143818004,51.976436386],[5.143817605,51.976453573],[5.143817755,51.976470769],[5.143818478,51.976496574],[5.143820663,51.976556793],[5.143821067,51.97658257],[5.143820615,51.976599713],[5.143819982,51.976608262],[5.143818943,51.976616787],[5.143817368,51.976625498],[5.143815371,51.976634183],[5.143813065,51.976642852],[5.143805061,51.976668795],[5.143751996,51.976824164],[5.143716889,51.976927764],[5.143705669,51.976962479],[5.143687177,51.977024024],[5.143669277,51.977085632],[5.143664512,51.977103268],[5.143660254,51.977120677],[5.143652959,51.977155065],[5.143637613,51.977232535],[5.143631757,51.977258268],[5.143626989,51.97727532],[5.143624143,51.977283893],[5.143617751,51.977300952],[5.143603593,51.977334909],[5.143559391,51.977436573],[5.143515476,51.977538287],[5.143500464,51.977572123],[5.143492484,51.977588949],[5.143483814,51.977605611],[5.143474459,51.977622112],[5.143444906,51.977671353],[5.143424865,51.977704108],[5.143414589,51.977720376],[5.143403791,51.977736421],[5.143398027,51.977744287],[5.143391882,51.97775199],[5.143385205,51.977759466],[5.143377801,51.977766631],[5.143369504,51.977773425],[5.143360479,51.977779908],[5.143350917,51.977786162],[5.143340966,51.977792251],[5.14333074,51.977798222],[5.143309755,51.97780994],[5.143213035,51.977861714],[5.143191953,51.977873357],[5.143181679,51.97787927],[5.143171697,51.977885281],[5.143162131,51.977891435],[5.143153151,51.977897785],[5.143144982,51.977904409],[5.14313792,51.977911407],[5.143132194,51.977918869],[5.143127579,51.977926706],[5.143123775,51.977934817],[5.14312056,51.977943124],[5.143117762,51.977951573],[5.143112947,51.977968732],[5.143098402,51.978029578],[5.143093895,51.978046892],[5.143091407,51.978055496],[5.143088673,51.978064045],[5.143085595,51.978072518],[5.143082044,51.978080889],[5.143077853,51.97808912],[5.143072934,51.978097107],[5.143067383,51.978104958],[5.143061371,51.978112707],[5.143055025,51.978120384],[5.143048442,51.978128009],[5.143034829,51.978143162],[5.142837833,51.978354511],[5.142816916,51.978377303],[5.142803369,51.978392623],[5.142790528,51.978408162],[5.14278454,51.978416029],[5.142773214,51.97843196],[5.142762404,51.978448049],[5.142751904,51.978464219],[5.142736827,51.978488552],[5.142727717,51.978504823],[5.142723717,51.978512982],[5.142720295,51.978521165],[5.142717674,51.978529382],[5.142716145,51.978537643],[5.142715945,51.978545998],[5.142716848,51.978554398],[5.142718559,51.978562831],[5.142720857,51.978571289],[5.142726581,51.978588251],[5.142736578,51.97861375],[5.142757575,51.97866479],[5.142764114,51.97868178],[5.1427671,51.978690261],[5.142769778,51.978698727],[5.142772021,51.97870717],[5.14277365,51.978715584],[5.142774433,51.978723954],[5.142774063,51.978732266],[5.142772284,51.978740528],[5.142769351,51.978748731],[5.142765573,51.978756892],[5.142761188,51.978765023],[5.142751264,51.97878123],[5.142734987,51.978805473],[5.14270681,51.978845772],[5.142689287,51.978869723],[5.142676789,51.978885393],[5.142670071,51.978893061],[5.142662985,51.978900522],[5.142647878,51.978915113],[5.142623944,51.978936552],[5.142566603,51.978986035],[5.142542355,51.979007359],[5.142526706,51.97902176],[5.14251917,51.979029065],[5.142511919,51.979036475],[5.142505031,51.979043992],[5.142498427,51.979051612],[5.142485795,51.979067062],[5.142467626,51.979090521],[5.142431923,51.979137661],[5.142419722,51.979153242],[5.142413439,51.979160953],[5.142406959,51.97916858],[5.142400207,51.979176089],[5.142393079,51.979183433],[5.142385436,51.979190555],[5.142376981,51.979197559],[5.142367994,51.979204332],[5.142358616,51.979210935],[5.14234896,51.979217418],[5.142339104,51.979223813],[5.142319026,51.979236445],[5.142257905,51.97927396],[5.142227678,51.979292887],[5.142208079,51.979305778],[5.142198591,51.979312378],[5.142189416,51.979319135],[5.142180569,51.979326123],[5.142172037,51.979333268],[5.142163735,51.979340527],[5.142147568,51.979355264],[5.142131723,51.979370161],[5.142084739,51.979415127],[5.142053705,51.979445208],[5.142038528,51.979460365],[5.142023917,51.979475719],[5.142010307,51.979491194],[5.14199726,51.979506864],[5.141978179,51.97953054],[5.141915166,51.979609668],[5.141902265,51.979625394],[5.141888984,51.979640993],[5.141875163,51.979656383],[5.141860964,51.979671646],[5.141766906,51.97977027],[5.141745965,51.979793275],[5.141732916,51.97980873],[5.141720658,51.979824267],[5.141708772,51.979839923],[5.141633215,51.97994224],[5.14161547,51.979965761],[5.141603285,51.979981487],[5.141572322,51.980020655],[5.141453952,51.980169287],[5.141434935,51.980192648],[5.141415306,51.98021563],[5.141388176,51.980245487],[5.141325857,51.980312246],[5.141297765,51.980341764],[5.14128333,51.980356368],[5.141275918,51.980363593],[5.14126039,51.980378044],[5.141244418,51.980392319],[5.141162825,51.980463009],[5.141146671,51.980477203],[5.141130871,51.98049152],[5.141123203,51.980498761],[5.141115771,51.980506085],[5.141108661,51.980513522],[5.141101953,51.980521083],[5.141095566,51.980528757],[5.141089414,51.980536514],[5.141077576,51.980552191],[5.141060416,51.980575916],[5.141020915,51.980631465],[5.140997762,51.980663028],[5.14098558,51.980678621],[5.140979294,51.980686242],[5.140959658,51.980708861],[5.14093266,51.980738766],[5.14080845,51.98087488],[5.140613225,51.981089444],[5.140585839,51.981119214],[5.140571853,51.981133985],[5.14055741,51.981148579],[5.140549895,51.981155809],[5.140534445,51.981170108],[5.140510696,51.981191331],[5.140430566,51.981261702],[5.140414769,51.981275866],[5.140399299,51.981290157],[5.140391766,51.981297382],[5.140376624,51.981312633],[5.14036195,51.981328067],[5.140333172,51.98135916],[5.140276306,51.981421595],[5.140262464,51.981437319],[5.140249132,51.981453202],[5.14023705,51.981468691],[5.140225459,51.981484332],[5.140208523,51.981507935],[5.140175061,51.981555268],[5.140158005,51.98157881],[5.14014612,51.981594312],[5.14013988,51.98160195],[5.140133338,51.981609475],[5.140126387,51.981616845],[5.14011885,51.981624109],[5.140110899,51.981631214],[5.140094158,51.981645112],[5.140076776,51.981658767],[5.140005973,51.981712945],[5.139988693,51.981726686],[5.13998025,51.981733646],[5.13996364,51.981747977],[5.139947474,51.981762509],[5.13988385,51.981821093],[5.139867483,51.981835488],[5.139859046,51.981842552],[5.139850349,51.981849476],[5.139841294,51.981856209],[5.139831885,51.981862654],[5.139822124,51.981868912],[5.139812106,51.981875032],[5.139801903,51.981881054],[5.139781141,51.981892909],[5.139749537,51.981910431],[5.139728276,51.981921974],[5.139706802,51.981933329],[5.139695928,51.981938881],[5.139684913,51.981944302],[5.139673698,51.981949539],[5.139662212,51.981954527],[5.139650274,51.981959255],[5.139638057,51.981963728],[5.139625641,51.981968017],[5.139600416,51.981976234],[5.139562094,51.981988109],[5.139305113,51.982065911],[5.13926674,51.982077725],[5.13924151,51.982085883],[5.139229114,51.982090139],[5.139216948,51.982094582],[5.139205102,51.982099282],[5.139193697,51.982104337],[5.139182697,51.982109895],[5.139172147,51.982115815],[5.139161924,51.982121999],[5.139151935,51.982128372],[5.139142112,51.982134877],[5.13912277,51.982148135],[5.139046372,51.982201952],[5.139017237,51.982221812],[5.138997189,51.982234634],[5.13898682,51.982240816],[5.138976263,51.982246725],[5.13896546,51.982252471],[5.138943362,51.982263635],[5.138898238,51.98228535],[5.138795856,51.982333628],[5.138750065,51.982354838],[5.138693198,51.982380132],[5.138487303,51.982470201],[5.138313686,51.982547045],[5.138267721,51.982567776],[5.138245173,51.982578448],[5.138234131,51.982583947],[5.138223319,51.982589611],[5.138212916,51.982595402],[5.138202738,51.982601354],[5.138182838,51.982613577],[5.1381439,51.982638638],[5.138057135,51.982695624],[5.138028414,51.982714739],[5.138000134,51.982734108],[5.137981349,51.982747538],[5.137944295,51.982774662],[5.137925628,51.982788088],[5.137906479,51.982801129],[5.137896565,51.982807381],[5.137886297,51.982813354],[5.137875543,51.982818942],[5.137864607,51.982823884],[5.137853211,51.982828464],[5.137841477,51.982832777],[5.137817339,51.98284087],[5.137792679,51.982848538],[5.137767745,51.982855953],[5.13772999,51.982866616],[5.1377045,51.982873198],[5.137691592,51.98287621],[5.137678138,51.982879057],[5.13766456,51.98288169],[5.137637161,51.982886533],[5.137609576,51.982891052],[5.137484975,51.982910497],[5.137443647,51.982917292],[5.137416371,51.982922263],[5.137402888,51.982924998],[5.137389564,51.982927986],[5.137376363,51.982931297],[5.13736332,51.982934861],[5.137337547,51.98294249],[5.137299294,51.982954584],[5.137134371,51.983008337],[5.136905823,51.983082474],[5.136855124,51.983099046],[5.136817321,51.983111723],[5.136792299,51.98312043],[5.136754982,51.983133731],[5.136668182,51.983165075],[5.136630862,51.983178359],[5.136605787,51.983186975],[5.136593136,51.983191142],[5.136580369,51.983195167],[5.136567652,51.983198963],[5.136554821,51.98320262],[5.13652894,51.983209657],[5.136502882,51.983216474],[5.136463623,51.983226468],[5.136424167,51.983236136],[5.136397653,51.983242191],[5.13638428,51.983245003],[5.136370906,51.983247603],[5.136343926,51.983252381],[5.136289525,51.983261101],[5.13624858,51.983267311],[5.136221246,51.983271252],[5.136193857,51.983274842],[5.136180128,51.983276407],[5.136166362,51.983277735],[5.136152546,51.983278739],[5.13613856,51.983279353],[5.136124523,51.98327964],[5.136096351,51.983279562],[5.136068101,51.983278985],[5.136039816,51.983278172],[5.135770978,51.983269599],[5.135714421,51.983267571],[5.135686059,51.983266265],[5.13565761,51.983264725],[5.135600739,51.983261348],[5.135543907,51.983257777],[5.13551555,51.983255829],[5.135487299,51.98325359],[5.135473247,51.983252274],[5.135459269,51.983250755],[5.135445394,51.983248961],[5.135431405,51.983246789],[5.135417523,51.98324433],[5.135403718,51.983241665],[5.135376256,51.983235924],[5.135348906,51.983229877],[5.135253381,51.983208179],[5.135226026,51.983202234],[5.13521231,51.983199417],[5.135198551,51.983196767],[5.135184733,51.983194357],[5.135170831,51.98319228],[5.135156817,51.983190662],[5.135142715,51.983189606],[5.135128499,51.983189006],[5.1351142,51.983188736],[5.135099843,51.983188702],[5.135071018,51.983189078],[5.135042112,51.983189765],[5.134926305,51.983193018],[5.134824964,51.983195609],[5.134781645,51.983196972],[5.134752937,51.983198345],[5.134738685,51.983199314],[5.134724541,51.983200578],[5.134710544,51.983202248],[5.134697073,51.983204353],[5.134683743,51.983206846],[5.134670516,51.983209624],[5.134657362,51.983212606],[5.134644259,51.983215733],[5.134618152,51.983222255],[5.134422862,51.983272816],[5.134396939,51.983279667],[5.134371239,51.983286759],[5.134358539,51.983290468],[5.134345991,51.983294344],[5.134333653,51.98329845],[5.134321379,51.983302908],[5.134309318,51.983307603],[5.134297416,51.983312469],[5.134262247,51.983327663],[5.134099854,51.983400583],[5.134076895,51.983411142],[5.134054383,51.983421972],[5.134043432,51.983427572],[5.134032792,51.983433362],[5.134022584,51.983439416],[5.134012982,51.983445734],[5.134003804,51.983452311],[5.133994938,51.983459076],[5.133986293,51.983465979],[5.133969428,51.983480041],[5.133952867,51.983494289],[5.133821365,51.983608889],[5.133796862,51.983630427],[5.133772918,51.983652191],[5.133757642,51.983666841],[5.133735286,51.983689044],[5.133669082,51.983756024],[5.133640032,51.983785901],[5.133626027,51.983800985],[5.133619313,51.983808607],[5.133612894,51.983816311],[5.133606875,51.983824128],[5.133601237,51.983832251],[5.133596015,51.983840491],[5.133591098,51.983848815],[5.133586395,51.9838572],[5.133577397,51.983874084],[5.13352999,51.983967543],[5.133513101,51.984001578],[5.133505153,51.984018664],[5.133498025,51.984035869],[5.133494919,51.98404459],[5.133489467,51.984062145],[5.133482281,51.984088623],[5.133455168,51.984194857],[5.133450743,51.984212558],[5.133446675,51.984230243],[5.13344491,51.984239077],[5.13344344,51.984247898],[5.133442391,51.984256704],[5.133441934,51.984265487],[5.133442292,51.98427424],[5.133443591,51.984282676],[5.13344566,51.984291084],[5.133448296,51.984299471],[5.13345134,51.984307843],[5.133458208,51.984324558],[5.133469458,51.984349595],[5.133515664,51.984449716],[5.133527449,51.984474681],[5.133535726,51.984491237],[5.133540106,51.984499465],[5.13354944,51.984515744],[5.133569394,51.984548044],[5.133589888,51.984580243],[5.133605494,51.984604306],[5.13361625,51.9846202],[5.1336277,51.984635802],[5.133633886,51.984643409],[5.133640543,51.984650818],[5.133647844,51.984657958],[5.133656117,51.984664922],[5.133665059,51.984671606],[5.133674489,51.984678086],[5.133684271,51.984684417],[5.133704502,51.9846968],[5.133777385,51.984739282],[5.133797958,51.984751556],[5.133808065,51.984757783],[5.133817987,51.984764105],[5.133827653,51.984770558],[5.133836973,51.984777188],[5.133846,51.984784138],[5.133854672,51.984791269],[5.133863088,51.984798532],[5.133871316,51.984805891],[5.133887418,51.984820788],[5.133911137,51.984843357],[5.133981751,51.98491134],[5.134005606,51.984933834],[5.134021966,51.984948588],[5.134030421,51.98495582],[5.134039159,51.984962904],[5.134048284,51.984969782],[5.134057875,51.984976403],[5.134067855,51.984982818],[5.134078118,51.984989084],[5.134099194,51.985001325],[5.134131509,51.985019318],[5.13420753,51.985060972],[5.134239556,51.985079107],[5.134249964,51.985085288],[5.134260139,51.985091587],[5.13426999,51.985098052],[5.134279395,51.985104744],[5.134288204,51.98511167],[5.134296572,51.98511882],[5.13430462,51.985126133],[5.134312439,51.985133564],[5.13432765,51.985148644],[5.134372342,51.98519439],[5.134395254,51.985217046],[5.134418287,51.985238406],[5.13444983,51.985266548],[5.134489748,51.985301525],[5.134522218,51.985329274],[5.134547948,51.985350161],[5.134619041,51.98540562],[5.134636166,51.985419662],[5.134644346,51.985426795],[5.134652126,51.985434045],[5.134659342,51.98544146],[5.134665787,51.9854491],[5.134671083,51.985456686],[5.13467566,51.985464481],[5.134679705,51.985472432],[5.134683366,51.985480495],[5.13468675,51.98548864],[5.134692986,51.985505084],[5.13469881,51.985521639],[5.134704371,51.985538247],[5.13470963,51.985554884],[5.134714352,51.985571557],[5.134716374,51.985579914],[5.134718056,51.985588294],[5.134719328,51.985596722],[5.134720258,51.985605171],[5.134721437,51.985622115],[5.134722081,51.98563909],[5.134722574,51.985664575],[5.134722706,51.985690061],[5.134722481,51.985707044],[5.134721752,51.985724013],[5.134721069,51.98573284],[5.134719216,51.985750482],[5.134715787,51.985776926],[5.134679755,51.98603245],[5.134676986,51.986050048],[5.134673813,51.986067611],[5.134671969,51.986076371],[5.134667758,51.986093361],[5.134663,51.986110306],[5.134657952,51.986127227],[5.134639631,51.986186393],[5.134632042,51.986211763],[5.134627432,51.9862287],[5.134625389,51.986237184],[5.134623609,51.986245681],[5.134622188,51.986254197],[5.134621201,51.986262736],[5.134620572,51.986271295],[5.134620034,51.986288452],[5.134620191,51.986314237],[5.134621824,51.986383067],[5.134622075,51.98640887],[5.134621782,51.986426062],[5.134621387,51.986434652],[5.1346199,51.986452584],[5.134617837,51.986470503],[5.134612995,51.986506324],[5.134555719,51.986909242],[5.134551038,51.986945065],[5.134549208,51.986962989],[5.134548154,51.986980546],[5.13454785,51.987006335],[5.134548215,51.987032138],[5.134549755,51.98710096],[5.134549966,51.987126761],[5.134549656,51.98714395],[5.134549254,51.987152539],[5.134547844,51.98716962],[5.1345459,51.987186689],[5.134541316,51.987220811],[5.134486351,51.987608797],[5.134480991,51.987644414],[5.134477766,51.987662152],[5.134475847,51.987670981],[5.134473611,51.987679771],[5.134470937,51.987688503],[5.134467778,51.987697049],[5.134464193,51.987705539],[5.134456175,51.98772241],[5.134447513,51.9877392],[5.134438549,51.98775595],[5.134356874,51.987906585],[5.134342938,51.987931604],[5.134333168,51.987948166],[5.134328015,51.987956381],[5.134322572,51.987964608],[5.134311142,51.987980927],[5.134293269,51.988005228],[5.134080478,51.988287691],[5.134055992,51.988319922],[5.134037179,51.988344026],[5.134017808,51.988368094],[5.133913216,51.988496071],[5.133894116,51.988520214],[5.133881914,51.988536458],[5.133864404,51.98856105],[5.133847304,51.98858576],[5.133813471,51.988635288],[5.133791292,51.988668403],[5.133775357,51.988693407],[5.133747492,51.988740503],[5.133737538,51.988755964],[5.133732126,51.988763556],[5.133726273,51.988771006],[5.133719708,51.988778478],[5.133712672,51.9887858],[5.133697649,51.988800137],[5.13368183,51.988814214],[5.133657234,51.988835011],[5.133640265,51.988848702],[5.133622891,51.988862278],[5.1335525,51.988916148],[5.13352633,51.988936444],[5.133500814,51.988957034],[5.133483844,51.988971607],[5.133467272,51.988986361],[5.133442757,51.989008647],[5.133231785,51.98920248],[5.13320713,51.989224706],[5.133190285,51.989239334],[5.133172875,51.989253558],[5.133154916,51.989267385],[5.133127388,51.989287858],[5.133080983,51.989321732],[5.133052772,51.989341789],[5.133033456,51.98935477],[5.133023492,51.989361026],[5.133013209,51.989367037],[5.133002488,51.989372713],[5.132991334,51.989377937],[5.13297975,51.98938283],[5.132967849,51.989387483],[5.132955723,51.989391962],[5.132931041,51.989400593],[5.132893504,51.989413143],[5.132755284,51.989458722],[5.132592336,51.989512911],[5.132554588,51.989525224],[5.132529233,51.989533187],[5.132503783,51.989540693],[5.132465402,51.989551187],[5.132413804,51.989564646],[5.132284352,51.989597777],[5.132245886,51.989608044],[5.132220795,51.989615372],[5.132208575,51.98961932],[5.132196685,51.989623558],[5.132185244,51.989628188],[5.132174049,51.989633448],[5.132163325,51.989639121],[5.132152946,51.989645093],[5.132142813,51.989651281],[5.132132852,51.989657622],[5.13210355,51.989677142],[5.132045616,51.989716777],[5.132016481,51.989736486],[5.131996817,51.989749471],[5.13197676,51.989762209],[5.13195689,51.989774137],[5.131936652,51.989785836],[5.131792967,51.989866458],[5.131762556,51.989883979],[5.131741886,51.989896301],[5.131701035,51.989921261],[5.131426769,51.990090703],[5.131273907,51.990184615],[5.131243482,51.990203465],[5.131223579,51.990216202],[5.131213867,51.990222678],[5.131204408,51.990229267],[5.131195304,51.990236014],[5.131186686,51.99024298],[5.131178634,51.990250236],[5.131171072,51.990257711],[5.131163864,51.990265346],[5.131156907,51.990273093],[5.13114346,51.9902888],[5.131130335,51.990304656],[5.131085023,51.990360417],[5.131072402,51.990376408],[5.131060369,51.99039251],[5.131054756,51.990400638],[5.131049562,51.990408847],[5.131044948,51.990417169],[5.131041083,51.99042553],[5.131037786,51.990434002],[5.131034907,51.990442555],[5.131032331,51.990451167],[5.131027756,51.990468502],[5.131023612,51.990485922],[5.131011789,51.990538303],[5.131005365,51.990564384],[5.131000267,51.990581598],[5.13099724,51.990590103],[5.130993723,51.990598503],[5.130989535,51.99060676],[5.130984681,51.990614623],[5.130979189,51.990622349],[5.13097323,51.990629976],[5.130966934,51.990637531],[5.130960398,51.990645037],[5.130946879,51.990659957],[5.130919095,51.990689643],[5.13089084,51.990719132],[5.130876257,51.990733617],[5.130868704,51.990740713],[5.130860875,51.990747657],[5.130852664,51.990754388],[5.130843931,51.990760832],[5.13083408,51.990767222],[5.130823662,51.990773301],[5.130812831,51.990779152],[5.130790378,51.990790416],[5.130755714,51.990806768],[5.130685618,51.990839044],[5.130650771,51.990855322],[5.130627825,51.990866377],[5.130605361,51.990877774],[5.130594558,51.990883587],[5.130573377,51.990895516],[5.130542174,51.990913819],[5.13049086,51.990944782],[5.130460719,51.990963719],[5.130441365,51.990976744],[5.130432177,51.990983376],[5.130414381,51.990996956],[5.130388476,51.991017752],[5.130337444,51.991059765],[5.130311757,51.991080681],[5.130294325,51.991094462],[5.130285434,51.991101261],[5.130266939,51.991114675],[5.130247589,51.991127832],[5.130227855,51.991140786],[5.13010788,51.991217684],[5.130068378,51.991243596],[5.130049392,51.991256532],[5.130021252,51.99127613],[5.129928141,51.991341848],[5.12990007,51.991361482],[5.129881155,51.991374453],[5.129861898,51.991387224],[5.129842452,51.991399501],[5.12982267,51.991411581],[5.129712555,51.991477241],[5.129692857,51.991489353],[5.129673627,51.991501722],[5.129664305,51.991508067],[5.129655263,51.991514537],[5.129637764,51.991527796],[5.129612318,51.991548122],[5.129553947,51.991596098],[5.129528762,51.991616572],[5.129502981,51.991636733],[5.129484745,51.991650018],[5.129475202,51.991656633],[5.12945578,51.991669688],[5.129426214,51.991689044],[5.129168309,51.991855926],[5.129118385,51.991887814],[5.129098027,51.991900384],[5.129066992,51.991919009],[5.128931293,51.991998972],[5.128889769,51.992023723],[5.128839169,51.992054676],[5.128698178,51.992141782],[5.128646739,51.992172998],[5.12816627,51.9924605],[5.128124333,51.992485398],[5.12809241,51.992503757],[5.128071168,51.992515404],[5.128028054,51.992538278],[5.127973742,51.99256657],[5.127951847,51.992577726],[5.127929674,51.992588612],[5.127918402,51.992593874],[5.127906938,51.99259895],[5.127895211,51.992603772],[5.127883171,51.992608281],[5.127870868,51.992612535],[5.127858373,51.992616603],[5.12784574,51.992620538],[5.127820214,51.992628153],[5.127459279,51.992731283],[5.127407878,51.992746209],[5.127369899,51.992757651],[5.127332821,51.992769288],[5.127295874,51.992781087],[5.126904088,51.992906924],[5.126620107,51.992997954],[5.126454438,51.993050366],[5.126416168,51.993062327],[5.126390545,51.993070144],[5.126364726,51.993077682],[5.126351691,51.993081273],[5.126338675,51.99308467],[5.126312396,51.993091114],[5.12627264,51.993100302],[5.12615287,51.993127152],[5.126126338,51.993133246],[5.126099935,51.993139534],[5.126086816,51.993142799],[5.126060721,51.993149646],[5.126034803,51.993156759],[5.125983186,51.993171314],[5.125880244,51.993200828],[5.12585467,51.993208401],[5.125829306,51.993216227],[5.125803932,51.993224544],[5.125778777,51.993233126],[5.125666311,51.993272624],[5.125641241,51.993281284],[5.125615995,51.99328969],[5.125603252,51.993293722],[5.125590389,51.993297578],[5.125577357,51.993301194],[5.12556421,51.993304496],[5.125550896,51.993307559],[5.125537462,51.993310448],[5.12549673,51.993318497],[5.125400952,51.993336216],[5.125359998,51.993343967],[5.125332873,51.993349417],[5.12531941,51.993352303],[5.125306047,51.993355348],[5.125292573,51.993358647],[5.1252659,51.993365694],[5.125239448,51.993373091],[5.1252131,51.993380658],[5.124845083,51.993487951],[5.124805418,51.993499051],[5.124778684,51.993505963],[5.124765154,51.993509142],[5.124751672,51.993512033],[5.124738073,51.993514726],[5.124710641,51.993519715],[5.124669177,51.993526672],[5.124558216,51.993544565],[5.124516902,51.993551687],[5.124503273,51.993554262],[5.12448977,51.993557012],[5.12447644,51.993560005],[5.12446335,51.993563331],[5.124450386,51.993567114],[5.124437664,51.993571237],[5.12442512,51.993575607],[5.124412701,51.993580152],[5.1243881,51.993589576],[5.124351478,51.9936041],[5.124290611,51.993628541],[5.124217803,51.993658061],[5.124193761,51.993668143],[5.124157971,51.993683575],[5.124015558,51.993745963],[5.123991604,51.993756136],[5.12396733,51.993765981],[5.123954989,51.993770694],[5.123942863,51.99377508],[5.123918218,51.993783452],[5.123880721,51.993795467],[5.123767356,51.993830615],[5.123729697,51.99384247],[5.123704788,51.993850582],[5.123692444,51.993854755],[5.123667752,51.993863608],[5.123643154,51.99387307],[5.123606673,51.993887704],[5.123280314,51.994021512],[5.123207622,51.994051085],[5.123158693,51.994070421],[5.123060237,51.994108565],[5.123010784,51.994127394],[5.122985825,51.994136553],[5.122973224,51.994141],[5.122947691,51.994149569],[5.122895967,51.994165984],[5.122570942,51.994266684],[5.122531787,51.99427855],[5.122505476,51.994286167],[5.122478822,51.994293303],[5.122438247,51.994303175],[5.122397356,51.994312604],[5.122274344,51.994340416],[5.122233628,51.994350024],[5.122206894,51.994356906],[5.122193765,51.994360623],[5.122180876,51.994364622],[5.122168441,51.994368908],[5.122156243,51.994373469],[5.122144217,51.99437823],[5.122132313,51.994383134],[5.12210874,51.994393215],[5.121746924,51.994553591],[5.121711573,51.994568758],[5.121687599,51.994578446],[5.121675384,51.994583051],[5.121662804,51.994587498],[5.121637177,51.994595907],[5.121598122,51.994607876],[5.121296303,51.994697169],[5.121269959,51.994704782],[5.121243455,51.994712161],[5.121230101,51.9947157],[5.121204389,51.994722098],[5.121178468,51.994728189],[5.121126361,51.99473998],[5.121034972,51.994760318],[5.120982663,51.994771779],[5.120942807,51.994780136],[5.120901841,51.994788278],[5.120490983,51.99486747],[5.120449938,51.994875464],[5.120409027,51.994883695],[5.120382293,51.994889407],[5.120342993,51.994898295],[5.120264691,51.994916604],[5.12017347,51.994938183],[5.12014749,51.994944472],[5.120121626,51.994950931],[5.120095295,51.994957812],[5.120069084,51.994964871],[5.119664298,51.995076506],[5.11961196,51.995090752],[5.119572832,51.995101004],[5.119521244,51.995113879],[5.119340113,51.995158105],[5.119260244,51.995177785],[5.119071339,51.99522466],[5.118977492,51.995248322],[5.118830451,51.995285728],[5.118763756,51.995302935],[5.118712795,51.995316515],[5.118560241,51.995357731],[5.11853473,51.995364467],[5.118509105,51.99537102],[5.118483178,51.995377271],[5.118443781,51.995386108],[5.118298396,51.995417055],[5.118258957,51.995425762],[5.118232971,51.995431965],[5.118220151,51.995435292],[5.118207504,51.995438842],[5.118194662,51.995442794],[5.118182002,51.995446983],[5.118169476,51.995451343],[5.118132361,51.995465029],[5.117776935,51.995601652],[5.117727824,51.995620402],[5.117690802,51.995634266],[5.117665888,51.995643274],[5.117628164,51.995656428],[5.117501598,51.995699434],[5.117463803,51.995712482],[5.117438931,51.995721456],[5.117426686,51.995726107],[5.117414642,51.995730928],[5.117402871,51.995735983],[5.117391805,51.995741143],[5.117380999,51.995746525],[5.117370383,51.995752069],[5.117359906,51.995757732],[5.117339222,51.995769285],[5.117247359,51.995822316],[5.117226834,51.995834013],[5.117206084,51.99584553],[5.117184896,51.9958567],[5.117174031,51.995862068],[5.117162878,51.995867266],[5.117151526,51.995872306],[5.117140026,51.995877229],[5.117116739,51.995886844],[5.116975176,51.995943088],[5.116951749,51.995952613],[5.116928553,51.995962343],[5.116905321,51.995972536],[5.116882326,51.995982936],[5.11680236,51.996019803],[5.116779392,51.996030215],[5.116756169,51.996040378],[5.116744392,51.996045295],[5.116732447,51.996050047],[5.116720432,51.996054548],[5.116708251,51.996058886],[5.116683561,51.996067239],[5.116646087,51.996079331],[5.116608365,51.996091147],[5.116583084,51.996098835],[5.116557607,51.996106215],[5.116544742,51.996109708],[5.11653175,51.996113],[5.116518797,51.996116007],[5.116505719,51.996118819],[5.11647932,51.996124056],[5.116452728,51.996128993],[5.116412679,51.996136132],[5.116372537,51.996143062],[5.116345707,51.996147485],[5.116318765,51.996151575],[5.116305224,51.99615341],[5.116277138,51.99615664],[5.116248888,51.996159388],[5.116206374,51.996163092],[5.116078678,51.996173725],[5.11603624,51.996177668],[5.116008087,51.996180746],[5.115979643,51.996184467],[5.115951325,51.99618859],[5.115908958,51.996195126],[5.115824317,51.996208489],[5.115781933,51.99621493],[5.115753585,51.996218857],[5.115739355,51.996220608],[5.115725071,51.996222144],[5.115710884,51.996223403],[5.115682362,51.996225345],[5.115653724,51.996226836],[5.11562503,51.996228107],[5.115395225,51.996237315],[5.115079301,51.996250312],[5.115036201,51.996251801],[5.115007451,51.996252458],[5.114993402,51.99625261],[5.114951228,51.996252599],[5.114894956,51.996252131],[5.114838693,51.996251485],[5.114796623,51.99625065],[5.114768775,51.996249559],[5.114754968,51.996248697],[5.114741281,51.996247512],[5.114727756,51.996245885],[5.114714032,51.996243649],[5.114700479,51.996240947],[5.114687052,51.996237908],[5.11466044,51.996231173],[5.114620826,51.996220247],[5.114528639,51.996194058],[5.114502174,51.996186813],[5.114475507,51.996179949],[5.114462042,51.996176762],[5.114448445,51.996173823],[5.114434687,51.996171183],[5.114420796,51.996168789],[5.114406809,51.99616657],[5.11437865,51.996162469],[5.114279415,51.996149187],[5.114222661,51.996141796],[5.114194326,51.996138423],[5.114180184,51.996136946],[5.114166067,51.9961357],[5.114151987,51.996134782],[5.114137956,51.996134326],[5.114123994,51.996134507],[5.114110087,51.996135469],[5.114096247,51.996137071],[5.114082459,51.996139137],[5.114068706,51.996141534],[5.114041267,51.996146949],[5.114013876,51.996152805],[5.11387703,51.99618307],[5.113726457,51.996215938],[5.111453892,51.996709659],[5.111399341,51.996721903],[5.111359135,51.996731439],[5.111292383,51.996747764],[5.111145719,51.996784007],[5.111092259,51.99679693],[5.11106536,51.99680305],[5.111051821,51.99680593],[5.11103819,51.996808626],[5.111024381,51.99681111],[5.110996514,51.996815577],[5.110968452,51.996819649],[5.110940296,51.996823531],[5.110756943,51.996848095],[5.110559582,51.996874787],[5.110517252,51.996880351],[5.110488972,51.996883831],[5.11046059,51.996886909],[5.110446341,51.996888216],[5.11041775,51.996890463],[5.110374734,51.996893337],[5.110274213,51.996899458],[5.110231174,51.996902234],[5.110202547,51.996904333],[5.11018827,51.996905525],[5.11015992,51.996908362],[5.110131799,51.996911752],[5.110103758,51.996915447],[5.109921828,51.996940775],[5.109893785,51.996944513],[5.109851107,51.996949911],[5.108580485,51.997103417],[5.108523409,51.99711045],[5.108480788,51.997116184],[5.108466665,51.9971183],[5.108439128,51.997122861],[5.108411736,51.997127778],[5.10838442,51.997132881],[5.108234389,51.997161467],[5.108207013,51.997166434],[5.10817951,51.997171098],[5.108151261,51.997175397],[5.108108666,51.99718132],[5.107994745,51.997196317],[5.1079377,51.997203523],[5.107909101,51.997206818],[5.107894759,51.997208306],[5.107880992,51.997209594],[5.107853382,51.997211869],[5.107811858,51.997214869],[5.107673272,51.997224195],[5.107631775,51.997227313],[5.1076042,51.997229746],[5.107590344,51.997231148],[5.1075627,51.997234238],[5.107521333,51.997239267],[5.107424917,51.997251389],[5.107397337,51.997254654],[5.107369699,51.99725759],[5.107355845,51.997258845],[5.107341953,51.997259887],[5.107327595,51.997260691],[5.107313199,51.997261272],[5.107284331,51.997261992],[5.107226456,51.997262607],[5.106922355,51.997264419],[5.106864433,51.997264638],[5.106808725,51.997264534],[5.106669434,51.997263935],[5.106627693,51.997263522],[5.106599934,51.997262919],[5.106586097,51.997262426],[5.106572299,51.997261737],[5.106558557,51.997260782],[5.106544545,51.99725947],[5.106530591,51.997257881],[5.106516678,51.997256088],[5.106488938,51.997252103],[5.106461261,51.997247813],[5.10636452,51.997232184],[5.106336862,51.997227847],[5.106309168,51.997223797],[5.106295294,51.997221968],[5.106281392,51.997220344],[5.106267452,51.997219004],[5.106253462,51.997218054],[5.106239486,51.997217579],[5.106225459,51.997217488],[5.106211395,51.997217678],[5.106183193,51.997218607],[5.106154936,51.997219945],[5.106126654,51.997221465],[5.10594279,51.997231814],[5.105714263,51.997245741],[5.105657127,51.997249391],[5.105628602,51.997251402],[5.105600148,51.99725371],[5.105572324,51.997256409],[5.105516847,51.997262532],[5.105378363,51.997278738],[5.105336921,51.997283861],[5.105309413,51.997287575],[5.105295725,51.9972896],[5.10526883,51.997294013],[5.105242081,51.997298791],[5.105202086,51.997306294],[5.105122221,51.997321605],[5.105082226,51.997328997],[5.105055464,51.997333514],[5.105042024,51.997335533],[5.105028525,51.997337311],[5.105014946,51.99733876],[5.105001083,51.997339823],[5.104987139,51.99734055],[5.104973134,51.99734103],[5.104959085,51.99734133],[5.104930905,51.997341582],[5.104817857,51.997341264],[5.104789639,51.997341362],[5.104761509,51.99734183],[5.104747503,51.997342306],[5.104733555,51.997343028],[5.104719689,51.997344085],[5.104706109,51.997345525],[5.104692607,51.997347291],[5.104679163,51.997349298],[5.104652389,51.997353785],[5.104612378,51.99736113],[5.104532478,51.997376344],[5.104492472,51.997383811],[5.10446572,51.997388585],[5.104438835,51.997393024],[5.104410536,51.997397149],[5.104382096,51.997400925],[5.104296485,51.997411529],[5.104182223,51.99742536],[5.104126243,51.997431873],[5.103961724,51.99745015],[5.103893078,51.997457379],[5.103850637,51.997461231],[5.10379316,51.997465825],[5.103663706,51.997475627],[5.103606117,51.99747967],[5.10354992,51.99748301],[5.103423356,51.997489837],[5.10336708,51.997492651],[5.103324753,51.997494347],[5.103296404,51.997495196],[5.103239672,51.997496593],[5.103154571,51.997498303],[5.103126232,51.997498569],[5.103112076,51.997498555],[5.103097935,51.99749839],[5.103083812,51.997498016],[5.103069534,51.99749738],[5.103041032,51.997495528],[5.102998351,51.997491979],[5.102827747,51.997476195],[5.102657076,51.997460626],[5.102628778,51.997457732],[5.102600705,51.997454367],[5.102586819,51.997452375],[5.102573082,51.997450068],[5.102559529,51.997447379],[5.102546127,51.997444376],[5.102532834,51.997441145],[5.10251962,51.997437752],[5.10249334,51.997430655],[5.102349512,51.997390029],[5.102244748,51.997360661],[5.102218664,51.997353227],[5.102192816,51.997345577],[5.102180055,51.997341601],[5.102167468,51.997337463],[5.102155123,51.997333099],[5.102143111,51.997328428],[5.102131725,51.997323481],[5.102120661,51.997318235],[5.102109835,51.997312768],[5.102099181,51.997307143],[5.10206782,51.997289706],[5.101995641,51.997248095],[5.101974911,51.997236306],[5.101953932,51.997224748],[5.101943275,51.997219126],[5.101932446,51.997213664],[5.101921378,51.997208424],[5.101909986,51.997203486],[5.101898105,51.99719888],[5.101885896,51.997194579],[5.101873448,51.997190501],[5.101860825,51.997186585],[5.101835252,51.997179059],[5.101809443,51.997171752],[5.101653908,51.997128548],[5.101420965,51.997063411],[5.101369241,51.997049189],[5.101305015,51.997031951],[5.10115066,51.996990878],[5.10111196,51.996980783],[5.101086037,51.99697424],[5.101059357,51.996967797],[5.101032565,51.996961524],[5.100857919,51.996921523],[5.100831176,51.996915182],[5.100804604,51.996908589],[5.100778239,51.996901615],[5.100738981,51.996890724],[5.100582621,51.996846153],[5.10051735,51.99682786],[5.100360471,51.996785395],[5.100321122,51.996775047],[5.100294722,51.996768521],[5.100281424,51.996765481],[5.100268024,51.996762672],[5.100254484,51.996760179],[5.100240836,51.99675808],[5.100227051,51.996756295],[5.100213163,51.996754739],[5.100185192,51.996752069],[5.100142986,51.996748622],[5.100072462,51.996743299],[5.100016013,51.996739286],[5.099987758,51.99673755],[5.099973616,51.996736826],[5.099959508,51.996736232],[5.099931262,51.996735334],[5.099874694,51.996734119],[5.099733193,51.996731737],[5.099690861,51.996730605],[5.099662795,51.996729295],[5.099648852,51.996728324],[5.099634996,51.996727034],[5.099621017,51.996725327],[5.099607129,51.996723293],[5.099579535,51.996718578],[5.099538382,51.996710672],[5.099182654,51.996638864],[5.099141545,51.996630733],[5.099100276,51.996622961],[5.099072671,51.996618257],[5.099031126,51.996611914],[5.098989416,51.996605937],[5.098878028,51.996590341],[5.098836348,51.996584293],[5.098808696,51.996579981],[5.098794948,51.996577662],[5.098781279,51.99657518],[5.098767647,51.996572487],[5.098740594,51.996566658],[5.098700262,51.99655734],[5.098592748,51.99653184],[5.098552711,51.99652203],[5.098539587,51.996518601],[5.098526684,51.996515021],[5.098514104,51.996511218],[5.098501986,51.996507097],[5.098490523,51.996502531],[5.098479963,51.996497353],[5.098470545,51.996491447],[5.098462054,51.996484928],[5.09845427,51.996477955],[5.098447045,51.996470651],[5.098440288,51.9964631],[5.098433966,51.996455363],[5.098428095,51.996447474],[5.098422746,51.996439451],[5.098418047,51.996431294],[5.098414193,51.996422985],[5.098411299,51.996414362],[5.098409242,51.996405604],[5.098407787,51.996396752],[5.098406755,51.996387837],[5.098406016,51.996378881],[5.098405059,51.996360901],[5.098401242,51.996243962],[5.098393163,51.996046545],[5.098392441,51.996019632],[5.098392418,51.996001692],[5.098392999,51.995983764],[5.09839456,51.995956876],[5.098426627,51.995517663],[5.098431661,51.99545465],[5.098439033,51.995373117],[5.098440036,51.995355364],[5.098440094,51.995346741],[5.098439651,51.995338408],[5.098438478,51.995330496],[5.098436259,51.995323185],[5.098432575,51.995316717],[5.098426872,51.995311411],[5.09841875,51.995307545],[5.098408628,51.995304831],[5.098397053,51.995302953],[5.098384437,51.995301673],[5.098371093,51.995300812],[5.098357249,51.99530024],[5.09832867,51.995299607],[5.098197149,51.995298439],[5.098081065,51.995296926],[5.097257543,51.995284048],[5.097098386,51.995281326],[5.096952864,51.995278116],[5.096923948,51.99527764],[5.096909676,51.995277565],[5.096895623,51.995277684],[5.096881897,51.995278092],[5.096868649,51.995278918],[5.096856079,51.995280343],[5.096844458,51.995282604],[5.096834145,51.995286017],[5.096825451,51.995290821],[5.09681806,51.995296772],[5.096811614,51.995303555],[5.096805844,51.995310935],[5.096800551,51.995318734],[5.096795585,51.995326821],[5.096790839,51.995335101],[5.096781718,51.99535199],[5.096746083,51.995420294],[5.096714413,51.995479627],[5.096527257,51.995825674],[5.096500185,51.995876552],[5.096469023,51.995936223],[5.096459902,51.995953109],[5.096455157,51.995961414],[5.096450196,51.995969558],[5.096444912,51.995977459],[5.096439156,51.995985009],[5.096432733,51.995992057],[5.096425375,51.995998406],[5.096416732,51.996003794],[5.096406425,51.996008039],[5.096394812,51.996011308],[5.096382255,51.996013869],[5.096369024,51.996015926],[5.096355318,51.996017628],[5.096341291,51.996019089],[5.096327047,51.996020389],[5.096298197,51.996022716],[5.096196494,51.996030315],[5.096124135,51.996035957],[5.095763438,51.996065002],[5.095603728,51.996077077],[5.095575113,51.996079574],[5.095561114,51.996081041],[5.095547462,51.996082753],[5.095534321,51.996084827],[5.095521904,51.996087415],[5.095510506,51.996090724],[5.095500513,51.996095029],[5.095492302,51.996100501],[5.095485473,51.996106953],[5.095479651,51.99611412],[5.095474549,51.996121796],[5.095469951,51.99612983],[5.095465698,51.996138112],[5.095457799,51.996155112],[5.095416606,51.996250311],[5.095409321,51.996267563],[5.095402574,51.996284835],[5.095399576,51.996293493],[5.095396973,51.996302179],[5.095394916,51.996310904],[5.095393514,51.996319762],[5.095392668,51.996328661],[5.095392226,51.996337588],[5.095392069,51.996346537],[5.095392294,51.996364472],[5.095393265,51.99639142],[5.095400241,51.996553361],[5.095402012,51.996589569],[5.09540608,51.996662362],[5.095406474,51.996680128],[5.095406241,51.996688713],[5.095405522,51.99669696],[5.095404093,51.996704715],[5.095401647,51.996711765],[5.095397778,51.996717827],[5.095391944,51.996722526],[5.095383725,51.996725552],[5.095373546,51.996727218],[5.095361947,51.996727899],[5.095349336,51.996727878],[5.095336014,51.996727363],[5.095322206,51.996726511],[5.095308073,51.996725434],[5.09527926,51.996722898],[5.095162807,51.996711932],[5.095090474,51.996705531],[5.095020337,51.996699903],[5.094825596,51.996685083],[5.094783971,51.996681542],[5.094727435,51.996675926],[5.094586366,51.996660773],[5.09448804,51.996650021],[5.094172243,51.996614128],[5.093903651,51.996582426],[5.093847001,51.996575421],[5.093705321,51.996557544],[5.093648735,51.996550762],[5.093564488,51.996541476],[5.093227205,51.996505258],[5.093185154,51.996500447],[5.093157259,51.996496889],[5.093143388,51.996494915],[5.093115593,51.99649043],[5.093087968,51.996485512],[5.093060429,51.996480374],[5.09259313,51.996390814],[5.09255195,51.996382819],[5.092510922,51.996374545],[5.092470303,51.996365793],[5.092429836,51.996356764],[5.091998838,51.996259246],[5.091958339,51.996250283],[5.0919176,51.996241784],[5.091903712,51.99623911],[5.091875803,51.996234019],[5.091833762,51.996226724],[5.091510756,51.996172136],[5.091243996,51.99612687],[5.091187757,51.996117557],[5.091159537,51.996113176],[5.09113137,51.996109235],[5.091103259,51.996105728],[5.091032714,51.996097687],[5.090679559,51.996058668],[5.090637237,51.996053824],[5.090609089,51.996050406],[5.090581371,51.996046728],[5.090540461,51.996040763],[5.090486049,51.996032418],[5.090322927,51.996006994],[5.090282071,51.996000813],[5.090254752,51.995996918],[5.090227216,51.995993381],[5.090185555,51.995988699],[5.090129829,51.99598299],[5.090088007,51.995979144],[5.090060151,51.995977128],[5.090046241,51.995976443],[5.090032355,51.995976088],[5.090018499,51.995976189],[5.090004453,51.995976858],[5.089990438,51.995977993],[5.089976446,51.995979468],[5.089962468,51.995981185],[5.089934553,51.995985088],[5.089906707,51.99598937],[5.089879029,51.995993948],[5.089851738,51.995998965],[5.089838363,51.996001754],[5.089825275,51.996004836],[5.089812588,51.996008326],[5.089800451,51.99601238],[5.08978942,51.996016925],[5.089778906,51.996021999],[5.089768776,51.996027462],[5.089758931,51.996033212],[5.089739818,51.996045276],[5.08972121,51.996057799],[5.089702999,51.996070609],[5.089685272,51.996083693],[5.08967667,51.996090369],[5.089660355,51.996103799],[5.089628841,51.996131144],[5.089612967,51.996144653],[5.089604831,51.996151253],[5.089596472,51.996157684],[5.089587796,51.996163876],[5.089578681,51.996169738],[5.089568976,51.996175155],[5.089558207,51.996180183],[5.089546809,51.996184736],[5.089534947,51.996188941],[5.089522745,51.996192885],[5.089510296,51.996196637],[5.089497665,51.996200241],[5.089472025,51.996207091],[5.089445999,51.996213457],[5.089432838,51.996216394],[5.089419554,51.996219099],[5.089406015,51.996221542],[5.089392361,51.996223748],[5.08936484,51.996227653],[5.089337184,51.996231031],[5.089309522,51.996233814],[5.089295722,51.996234874],[5.08928196,51.996235608],[5.089268255,51.996235893],[5.08925463,51.996235574],[5.089240992,51.996234506],[5.089227434,51.996232828],[5.089213935,51.996230704],[5.089200481,51.99622826],[5.089187057,51.996225592],[5.089160269,51.996219842],[5.089026619,51.996189326],[5.088879648,51.996156045],[5.088853036,51.996149851],[5.088826566,51.996143441],[5.088800531,51.996136764],[5.088761721,51.99612638],[5.088594166,51.996080436],[5.088542503,51.996066455],[5.088476069,51.996048989],[5.088316316,51.99600752],[5.088262967,51.995993845],[5.088223128,51.995983928],[5.088143498,51.995964617],[5.088023906,51.995935882],[5.087983941,51.995926469],[5.087943364,51.995917192],[5.087739909,51.995871742],[5.087672976,51.995857193],[5.087502647,51.995821256],[5.087463601,51.995812511],[5.087437734,51.995806179],[5.087411992,51.995799401],[5.087386376,51.995792399],[5.087348067,51.995781686],[5.08730997,51.995770721],[5.087284931,51.995763089],[5.087272641,51.99575908],[5.087260597,51.995754868],[5.087248897,51.995750377],[5.087237674,51.995745503],[5.087227208,51.995740258],[5.087217216,51.995734644],[5.087207586,51.995728766],[5.087198235,51.995722699],[5.08718912,51.995716507],[5.087171554,51.995703914],[5.087163162,51.995697575],[5.087155124,51.995691232],[5.087149405,51.995686447],[5.087144158,51.99568157],[5.087139609,51.995676503],[5.0871347,51.995668985],[5.087131167,51.995661034],[5.087128634,51.995652766],[5.087126819,51.995644271],[5.087125511,51.995635615],[5.08712386,51.995618005],[5.087122685,51.995591258],[5.087122567,51.995573379],[5.0871228,51.995564451],[5.087123324,51.99555554],[5.087124253,51.995546652],[5.087125584,51.995538312],[5.087127291,51.995529996],[5.087131506,51.995513425],[5.0871365,51.99549693],[5.087139259,51.995488719],[5.087145405,51.995472396],[5.087148895,51.995464305],[5.087152906,51.995455937],[5.087161766,51.995439347],[5.087176154,51.99541466],[5.08722085,51.995340902],[5.087245559,51.995299497],[5.087294596,51.995216406],[5.087318681,51.99517477],[5.087327854,51.995158184],[5.087341026,51.99513343],[5.087413903,51.994992758],[5.087435739,51.994951426],[5.08744481,51.994934946],[5.087458829,51.994910693],[5.087497572,51.99484623],[5.087506688,51.994830162],[5.08751087,51.994822152],[5.087514638,51.994814167],[5.087517817,51.994806221],[5.087520169,51.994798325],[5.087521383,51.994790501],[5.087521052,51.994782776],[5.087518844,51.994775156],[5.087515087,51.994767634],[5.087510191,51.994760183],[5.087504468,51.994752784],[5.087498156,51.994745422],[5.087491433,51.994738085],[5.087484429,51.994730765],[5.087469928,51.994716155],[5.08744023,51.994686987],[5.08741026,51.994657952],[5.08739497,51.994643604],[5.087379119,51.994629526],[5.087362359,51.994615808],[5.087345013,51.99460236],[5.087309595,51.99457581],[5.087229236,51.994516418],[5.087193092,51.994490259],[5.087164116,51.994470125],[5.087124992,51.994443546],[5.087095418,51.99442375],[5.087065387,51.994404249],[5.087044754,51.994391645],[5.087024079,51.99437998],[5.086992193,51.994363047],[5.086916891,51.994324121],[5.086895672,51.994312804],[5.086874922,51.994301183],[5.086854666,51.994288991],[5.086834885,51.994276488],[5.086805636,51.994257456],[5.086718328,51.994200071],[5.08669864,51.994187502],[5.08667857,51.994175177],[5.086657735,51.994163095],[5.086625824,51.994145394],[5.086496542,51.994075635],[5.086464412,51.994058076],[5.086443278,51.994046192],[5.086422631,51.994034005],[5.086402683,51.994021345],[5.086373599,51.994001831],[5.086278332,51.993935742],[5.086239871,51.993909527],[5.086220174,51.993896714],[5.086210086,51.993890456],[5.086189544,51.993878445],[5.086157861,51.993860974],[5.086115007,51.993838061],[5.086039629,51.993798219],[5.085995598,51.993775444],[5.085849336,51.99370143],[5.085804219,51.993678752],[5.085770048,51.993662026],[5.085746826,51.993651253],[5.085735177,51.993646139],[5.085699599,51.993631338],[5.085663568,51.993616923],[5.085471251,51.99354105],[5.085307113,51.993476498],[5.085271292,51.993462576],[5.085209606,51.993438896],[5.085098451,51.99339639],[5.085048891,51.993377671],[5.085011331,51.993364055],[5.08497391,51.993351437],[5.084923513,51.993335155],[5.08478452,51.993290798],[5.084746452,51.99327895],[5.084720849,51.9932714],[5.084707917,51.993267826],[5.084694854,51.993264455],[5.084681569,51.993261317],[5.08466815,51.993258383],[5.08464105,51.99325292],[5.084600059,51.993245257],[5.084421664,51.993213222],[5.084366902,51.993203128],[5.084339678,51.993197802],[5.084326146,51.993194994],[5.084299231,51.993188993],[5.084272517,51.993182643],[5.084245959,51.993176044],[5.084219588,51.993169184],[5.084193518,51.993161921],[5.084168446,51.993154271],[5.084131312,51.993142175],[5.084094435,51.993129753],[5.08405773,51.993117142],[5.084021362,51.99310419],[5.083997173,51.993095012],[5.083972998,51.993085333],[5.083937074,51.993070475],[5.083853561,51.9930355],[5.083829584,51.993025619],[5.083805432,51.993015908],[5.083781396,51.993006591],[5.083745049,51.9929929],[5.083586735,51.992934347],[5.083538247,51.992916113],[5.083514258,51.992906751],[5.083502118,51.992901851],[5.083478029,51.99289187],[5.083442139,51.992876658],[5.083382556,51.992851082],[5.083347015,51.992835585],[5.083323609,51.992825057],[5.083300726,51.992814177],[5.083289619,51.992808513],[5.083278845,51.992802628],[5.083269155,51.992796897],[5.083259733,51.99279099],[5.083222868,51.992766929],[5.083213413,51.992761134],[5.083203659,51.992755581],[5.083193479,51.992750372],[5.083182437,51.992745453],[5.083170926,51.992740908],[5.083159069,51.992736641],[5.083146956,51.992732578],[5.083122237,51.992724848],[5.083097147,51.992717412],[5.083008812,51.992691725],[5.08298384,51.992684086],[5.082959254,51.992676027],[5.082935421,51.99266743],[5.082911965,51.992658422],[5.082877122,51.992644539],[5.082796098,51.992611839],[5.082772782,51.992602668],[5.082749231,51.992593742],[5.082724127,51.992584752],[5.08269877,51.992576024],[5.082583823,51.992537618],[5.082545622,51.992524698],[5.082520357,51.992515875],[5.082495521,51.992506754],[5.08247111,51.992497338],[5.08243479,51.992482906],[5.081856145,51.992249442],[5.081795728,51.992225261],[5.081759153,51.992210951],[5.081697804,51.99218738],[5.08046919,51.991717575],[5.080248192,51.991632827],[5.080198894,51.991614224],[5.080173971,51.991605257],[5.080161363,51.991600951],[5.080148607,51.991596825],[5.08013565,51.991592914],[5.080109332,51.991585583],[5.080082699,51.991578633],[5.080002296,51.99155838],[5.079975586,51.991551495],[5.079949361,51.991544441],[5.07992362,51.991537226],[5.079859595,51.991518726],[5.079405151,51.991386017],[5.079149318,51.99131222],[5.079085368,51.991293912],[5.079033535,51.991279289],[5.078605365,51.991159381],[5.078579539,51.991151959],[5.078553865,51.991144346],[5.078515155,51.991132231],[5.078463914,51.991115612],[5.077747944,51.99088117],[5.076841107,51.990587708],[5.076259619,51.990398573],[5.076221621,51.99038634],[5.07617073,51.990370212],[5.075839324,51.990266119],[5.075763385,51.990241773],[5.075322685,51.990097622],[5.074885587,51.989955162],[5.074634138,51.989873463],[5.074251287,51.989746953],[5.07417458,51.989721799],[5.073403556,51.989474308],[5.073352208,51.989457746],[5.073313966,51.989445222],[5.072973908,51.989331347],[5.072936506,51.989318377],[5.072912147,51.989309259],[5.072900302,51.989304428],[5.072888794,51.989299322],[5.072878007,51.989294036],[5.072867542,51.989288486],[5.072857317,51.989282742],[5.072837343,51.989270869],[5.072817754,51.989258689],[5.072798399,51.989246336],[5.072769779,51.989227547],[5.072731065,51.989200947],[5.07194481,51.988892668],[5.071078606,51.988496525],[5.070375873,51.988122136],[5.069637691,51.98758064],[5.06904661,51.987061309],[5.068655582,51.986701279],[5.068551482,51.986489215],[5.068410768,51.986344243],[5.06813436,51.986103742],[5.06787816,51.985814917],[5.067762384,51.98565485],[5.067697222,51.985462479],[5.067533896,51.985304389],[5.067392893,51.985141937],[5.067290147,51.984861581],[5.067243538,51.984683198],[5.067279956,51.984312706],[5.067281664,51.984152607],[5.067258214,51.983898731],[5.067320162,51.983617628],[5.067323496,51.983372876],[5.067174024,51.982995516],[5.067170714,51.982987362],[5.067167652,51.982979064],[5.067161961,51.982962216],[5.067134805,51.982877206],[5.067114996,51.982818083],[5.06708026,51.982717034],[5.067071068,51.982691855],[5.067064335,51.982674833],[5.067057043,51.982657567],[5.067041865,51.982623125],[5.066776227,51.982029576],[5.066761307,51.981995094],[5.066754331,51.981977832],[5.06674774,51.981960563],[5.066735044,51.981925953],[5.066703861,51.981839342],[5.066679591,51.981769883],[5.066635157,51.981639417],[5.066592839,51.981509004],[5.066573672,51.981448203],[5.066534656,51.981318358],[5.066522015,51.981274909],[5.066490135,51.981161331],[5.066482447,51.981135163],[5.066476925,51.981117768],[5.06647095,51.981100616],[5.066461403,51.981074962],[5.066405216,51.980929857],[5.066388148,51.980887462],[5.066349745,51.980794608],[5.066335367,51.980760928],[5.066327672,51.980744196],[5.066323558,51.980735886],[5.066319176,51.980727632],[5.066314423,51.980719371],[5.066304176,51.980703005],[5.066293343,51.980686762],[5.066276609,51.980662501],[5.066124243,51.980444514],[5.066107895,51.980420173],[5.066097686,51.9804038],[5.066092967,51.980395534],[5.066088518,51.980387047],[5.066080411,51.980369907],[5.066069306,51.980343978],[5.065974614,51.9801095],[5.065967134,51.980092246],[5.065963156,51.98008368],[5.065958924,51.980075175],[5.065954337,51.980066759],[5.065949261,51.980058466],[5.065943733,51.980050518],[5.065937737,51.980042687],[5.065924807,51.980027258],[5.065904181,51.980004422],[5.065833619,51.979928737],[5.065813179,51.979905801],[5.06580038,51.97989039],[5.065788294,51.979874898],[5.065776538,51.979859299],[5.065741914,51.979812292],[5.065719201,51.979780872],[5.065708284,51.979765085],[5.065703073,51.979757147],[5.065698123,51.979749163],[5.06569353,51.979741115],[5.065689426,51.979732981],[5.065685853,51.979724592],[5.065682785,51.979716113],[5.065680085,51.979707569],[5.065677655,51.979698976],[5.065673309,51.979681699],[5.065657995,51.979612222],[5.065651865,51.979586243],[5.06564707,51.979569061],[5.065644259,51.979560549],[5.065641027,51.979552118],[5.065637221,51.979543798],[5.065632804,51.979535759],[5.065627832,51.979527828],[5.065622449,51.979519974],[5.065610878,51.979504425],[5.065592483,51.979481301],[5.065554809,51.979435215],[5.065536199,51.979412111],[5.065524118,51.97939662],[5.065512559,51.979380988],[5.065501791,51.979365213],[5.065491545,51.979349295],[5.065476661,51.979325283],[5.065447348,51.979277138],[5.065432233,51.979253245],[5.065421438,51.979237589],[5.065415621,51.979229921],[5.065409383,51.979222414],[5.065402568,51.979215127],[5.065394722,51.979207812],[5.065386261,51.979200734],[5.06537735,51.979193825],[5.065368119,51.979187041],[5.065358661,51.979180342],[5.065339326,51.979167104],[5.065250649,51.979108182],[5.065211586,51.979081829],[5.065192494,51.979068441],[5.065183173,51.979061638],[5.065174078,51.979054723],[5.065156638,51.979040495],[5.065139867,51.979025939],[5.065107155,51.978996424],[5.065026182,51.978922248],[5.064994207,51.978892416],[5.064978739,51.978877416],[5.064956261,51.978854815],[5.064926752,51.978824491],[5.064860783,51.978756075],[5.064838432,51.978733461],[5.064822964,51.978718684],[5.064814891,51.978711475],[5.06480647,51.978704451],[5.06479757,51.97869768],[5.064787957,51.978691134],[5.064777854,51.978684848],[5.064767398,51.978678751],[5.064756688,51.978672786],[5.06473479,51.978661112],[5.064712556,51.978649615],[5.064589438,51.978586824],[5.064444291,51.978512435],[5.064399746,51.978489467],[5.064366586,51.978472067],[5.064345302,51.978460549],[5.064324788,51.978449146],[5.064223113,51.978391513],[5.064202585,51.978380134],[5.064181755,51.978368981],[5.064160329,51.978358201],[5.064149366,51.978352961],[5.064127159,51.978342691],[5.064093467,51.978327572],[5.064025783,51.978297567],[5.063992311,51.978282318],[5.063970522,51.978271799],[5.063959923,51.978266343],[5.06394962,51.978260689],[5.063939685,51.978254806],[5.063930042,51.978248726],[5.063911345,51.978236174],[5.063893103,51.978223318],[5.063875078,51.978210314],[5.06383032,51.978177606],[5.063794749,51.978151326],[5.063777232,51.978138063],[5.063760142,51.9781246],[5.063743545,51.978110713],[5.063719404,51.978089529],[5.063616837,51.97799678],[5.063584948,51.977968397],[5.063568611,51.977954389],[5.063560246,51.977947477],[5.063542665,51.977933606],[5.063506403,51.977906375],[5.063432953,51.977852307],[5.063341334,51.97778455],[5.063322696,51.977771274],[5.063313194,51.977764792],[5.063303493,51.977758481],[5.063293512,51.977752412],[5.063283138,51.97774668],[5.063272227,51.977741409],[5.063260667,51.977736702],[5.063248571,51.977732457],[5.063236082,51.977728549],[5.063223312,51.977724881],[5.063197237,51.977718005],[5.06317078,51.977711458],[5.063037592,51.977679493],[5.062838305,51.977631137],[5.062798277,51.977621782],[5.062784863,51.977618788],[5.062757728,51.977613023],[5.062716805,51.977604756],[5.0624979,51.977561484],[5.062470515,51.977556217],[5.062443078,51.977551298],[5.062429324,51.977549083],[5.06241553,51.977547126],[5.062401684,51.97754553],[5.062387762,51.97754443],[5.062373612,51.977543934],[5.062359388,51.977543942],[5.062345107,51.977544316],[5.062330788,51.97754495],[5.062316441,51.977545767],[5.062287697,51.977547735],[5.062244529,51.97755107],[5.062186989,51.977555785],[5.062158273,51.977558316],[5.062129648,51.977561137],[5.062101531,51.97756436],[5.062059505,51.977569693],[5.061905719,51.977590236],[5.061823395,51.977600944],[5.06168743,51.977618229],[5.061632945,51.977624809],[5.061605014,51.977627853],[5.061576413,51.97763071],[5.061447429,51.977642652],[5.061418751,51.977645159],[5.061390069,51.977647443],[5.061361376,51.977649249],[5.061347022,51.977649839],[5.061332662,51.977650112],[5.061318547,51.977650003],[5.061304426,51.977649586],[5.061290301,51.977648944],[5.06126204,51.977647218],[5.061177278,51.97764102],[5.061149106,51.977639357],[5.061135064,51.977638784],[5.061121066,51.977638483],[5.061107129,51.977638557],[5.061093277,51.977639141],[5.061079246,51.977640374],[5.0610653,51.977642133],[5.061051417,51.977644271],[5.061023764,51.977649251],[5.060982373,51.977657372],[5.0609547,51.977662532],[5.060940798,51.977664843],[5.060926824,51.977666857],[5.060912749,51.977668456],[5.060898641,51.97766954],[5.060884432,51.977670208],[5.060870151,51.977670574],[5.060855819,51.977670721],[5.060827054,51.977670601],[5.06079822,51.97767018],[5.060625002,51.977666738],[5.060495454,51.977664433],[5.060053126,51.977657817],[5.060010391,51.977656795],[5.059981988,51.977655625],[5.059967837,51.977654767],[5.059953666,51.977653658],[5.059925424,51.977650891],[5.059883194,51.977646006],[5.059756725,51.977630154],[5.059686579,51.977621028],[5.059658763,51.977617115],[5.059631162,51.977613014],[5.059465925,51.977587407],[5.059410732,51.977579177],[5.059354222,51.977571464],[5.05919848,51.977551154],[5.059156138,51.977545303],[5.059128069,51.977541025],[5.05911445,51.977538753],[5.059073814,51.977531404],[5.059006391,51.977518442],[5.058777174,51.977473656],[5.05857167,51.977432256],[5.058530735,51.977423698],[5.058503624,51.977417696],[5.058477412,51.977411465],[5.058438355,51.977401684],[5.058269782,51.977358175],[5.058204787,51.977341682],[5.058152778,51.977329018],[5.058009368,51.977294785],[5.057970444,51.977285197],[5.057944728,51.977278493],[5.057931998,51.977274969],[5.057906352,51.977267332],[5.057880994,51.977259307],[5.057855783,51.977251086],[5.057730208,51.977209333],[5.057667534,51.977188331],[5.05761812,51.977171262],[5.057472211,51.977119073],[5.057375164,51.977084043],[5.057326649,51.977066134],[5.057181435,51.977012072],[5.057132833,51.976994259],[5.057083711,51.976976806],[5.056935819,51.976925012],[5.056911313,51.976916235],[5.056886994,51.976907269],[5.056850453,51.976893104],[5.05680219,51.976873753],[5.056284919,51.976664134],[5.056248649,51.976649717],[5.056224201,51.976640415],[5.056211819,51.976635945],[5.056199281,51.976631655],[5.056186721,51.976627641],[5.056161178,51.976620097],[5.056122293,51.97660944],[5.056043996,51.976588729],[5.056005073,51.976578109],[5.055979462,51.976570631],[5.055966844,51.976566673],[5.05595408,51.976562414],[5.055928941,51.976553438],[5.055904105,51.976544108],[5.055707333,51.976467642],[5.055538178,51.976403023],[5.055477508,51.976380222],[5.055452993,51.976371369],[5.055415589,51.976358567],[5.055365278,51.976341972],[5.055251754,51.976304985],[5.055213821,51.976292771],[5.05518842,51.976284771],[5.055162712,51.976276969],[5.055136697,51.976269367],[5.055084416,51.976254478],[5.054966541,51.976221285],[5.054927179,51.976210324],[5.054887628,51.976199638],[5.054847824,51.976189478],[5.054807831,51.976179594],[5.054313695,51.976058977],[5.054260471,51.976045653],[5.054220846,51.976035156],[5.054155247,51.976016957],[5.053657675,51.975877219],[5.053395602,51.975803881],[5.05336958,51.975796352],[5.053343851,51.975788512],[5.05333118,51.975784387],[5.053318706,51.975780056],[5.053306467,51.975775471],[5.053294422,51.975770679],[5.053270721,51.975760687],[5.053224038,51.97573994],[5.053131405,51.975697723],[5.053108485,51.975686986],[5.053085874,51.975676019],[5.053063574,51.975664824],[5.053019376,51.975642122],[5.052733171,51.975493716],[5.052699886,51.975476811],[5.052677372,51.975465809],[5.052665935,51.975460458],[5.052654293,51.975455224],[5.052630642,51.97544506],[5.052594681,51.975430216],[5.05207558,51.975220507],[5.052027437,51.975200876],[5.052003597,51.975190867],[5.051980129,51.975180546],[5.051957994,51.975170137],[5.051925397,51.975154016],[5.051871613,51.975126689],[5.051807339,51.975093694],[5.05177557,51.97507695],[5.051754825,51.975065497],[5.051734146,51.975053367],[5.051713866,51.975040971],[5.051623946,51.974984286],[5.051593745,51.974965562],[5.051573212,51.974953372],[5.051562715,51.974947444],[5.051551991,51.974941685],[5.05154121,51.97493624],[5.051530208,51.974930958],[5.051507758,51.974920719],[5.05147349,51.974905796],[5.051381444,51.974866483],[5.051347355,51.974851406],[5.051325125,51.974840967],[5.051313988,51.97483542],[5.05129212,51.974824006],[5.051270569,51.974812344],[5.051217191,51.974782798],[5.051164075,51.97475307],[5.051132589,51.974734997],[5.051112082,51.974722652],[5.05109277,51.974710285],[5.051073868,51.974697665],[5.051045889,51.974678503],[5.050980987,51.974633565],[5.050952847,51.974614524],[5.050933647,51.974602131],[5.050923799,51.974596102],[5.050913703,51.97459024],[5.050903235,51.974584542],[5.050892518,51.974579014],[5.050870583,51.974568295],[5.050837017,51.974552669],[5.050757943,51.974516714],[5.050724199,51.974501197],[5.050690908,51.974485339],[5.050668906,51.974474164],[5.050647036,51.974462427],[5.050614696,51.974444473],[5.050464902,51.97435984],[5.050314895,51.974275339],[5.050293738,51.974263117],[5.050273008,51.974250656],[5.050262925,51.974244271],[5.050253126,51.974237726],[5.050243912,51.974231162],[5.050226233,51.974217618],[5.050209152,51.974203741],[5.050192377,51.974189693],[5.050134194,51.974140238],[5.05010876,51.97411935],[5.050100037,51.974112538],[5.050091103,51.974105855],[5.050081878,51.97409935],[5.050072257,51.974093089],[5.050062219,51.97408716],[5.050051789,51.974081471],[5.050041071,51.97407596],[5.050019061,51.974065288],[5.049985307,51.974049735],[5.049917243,51.974018972],[5.049883718,51.974003279],[5.049872791,51.973997896],[5.049862075,51.973992384],[5.049851651,51.973986694],[5.049841621,51.973980761],[5.049832118,51.973974566],[5.049823004,51.973968131],[5.049814181,51.97396152],[5.049805566,51.97395478],[5.049780456,51.973934113],[5.049706772,51.973871104],[5.049673655,51.9738433],[5.049656625,51.973829653],[5.049647871,51.973822957],[5.049638879,51.973816391],[5.049629389,51.973809834],[5.04961965,51.973803411],[5.049599687,51.973790827],[5.049569106,51.973772293],[5.049394128,51.973668174],[5.049209259,51.973557678],[5.049178231,51.973539426],[5.049157225,51.973527496],[5.049135668,51.973515978],[5.049113509,51.973505178],[5.049090802,51.973494787],[5.049067814,51.973484606],[5.048928737,51.97342438],[5.048882576,51.973404141],[5.048848431,51.973388575],[5.048826158,51.973377841],[5.04879318,51.973361384],[5.048749479,51.973339212],[5.048705882,51.973316963],[5.048673463,51.973300119],[5.048652294,51.973288638],[5.048641975,51.973282749],[5.048631928,51.973276707],[5.048622252,51.973270454],[5.048612763,51.97326375],[5.048603665,51.973256826],[5.04859485,51.973249741],[5.048586236,51.973242544],[5.048569386,51.973227935],[5.048544555,51.973205769],[5.048478774,51.973146425],[5.048438437,51.973109482],[5.048392733,51.973066221],[5.048332346,51.973008318],[5.048301838,51.972978341],[5.048210432,51.972887216],[5.04818712,51.972864631],[5.048171042,51.972849802],[5.048154377,51.972835371],[5.048137243,51.97282114],[5.048111121,51.972799971],[5.048049754,51.972750755],[5.048032415,51.972736619],[5.048015432,51.972722348],[5.047999169,51.972707805],[5.047991495,51.972700359],[5.047984212,51.972692741],[5.047970561,51.972677158],[5.047951317,51.972653317],[5.04791397,51.972605196],[5.047901351,51.972589215],[5.047888366,51.972573363],[5.047874664,51.972557764],[5.047860047,51.972542678],[5.047844724,51.972527842],[5.047821115,51.972505808],[5.047773419,51.972461907],[5.047757753,51.972447193],[5.047742507,51.972432335],[5.047735157,51.972424812],[5.047728079,51.972417195],[5.047721407,51.972409549],[5.047708794,51.972394002],[5.047690857,51.972370345],[5.047656183,51.972322636],[5.047644946,51.972306657],[5.04763414,51.972290585],[5.047629017,51.972282489],[5.047624178,51.972274331],[5.047619738,51.972266204],[5.047611616,51.972249786],[5.047604095,51.972233238],[5.047596873,51.972216626],[5.047565257,51.972141684],[5.047551642,51.972108314],[5.047541928,51.972082522],[5.047532683,51.972056316],[5.047508591,51.971986355],[5.04749899,51.971960228],[5.047491842,51.971942949],[5.047487846,51.971934389],[5.047483495,51.971925942],[5.047478839,51.971917552],[5.047468919,51.971900887],[5.047453259,51.971876036],[5.047314466,51.971661235],[5.04728281,51.971611583],[5.047272604,51.971594953],[5.047258482,51.971570799],[5.047190339,51.971449466],[5.047176298,51.971425293],[5.047166136,51.97140851],[5.047134754,51.971358362],[5.046860562,51.970924247],[5.046834459,51.970882446],[5.046824309,51.970865659],[5.046810057,51.970841045],[5.046786994,51.970799861],[5.046736788,51.970709126],[5.046727403,51.970692704],[5.046717588,51.970676412],[5.046712394,51.970668353],[5.046706907,51.970660381],[5.046701017,51.970652531],[5.046694727,51.970644926],[5.046688044,51.970637439],[5.046681075,51.970630037],[5.04666657,51.970615406],[5.046628933,51.970579237],[5.046575478,51.970528865],[5.046551984,51.970507545],[5.046543917,51.970500544],[5.046526544,51.970486152],[5.046508717,51.970471964],[5.04647251,51.970443838],[5.046381453,51.970373767],[5.04634506,51.970346053],[5.04625417,51.970277531],[5.046217658,51.97025021],[5.046189818,51.970229981],[5.046170665,51.970216837],[5.046151108,51.97020437],[5.046120909,51.970186166],[5.046008297,51.970120488],[5.045987646,51.970108685],[5.04596674,51.970097094],[5.045956114,51.97009144],[5.045945312,51.97008593],[5.045934268,51.970080619],[5.045922838,51.970075511],[5.045911163,51.970070602],[5.045899309,51.970065843],[5.045875238,51.970056617],[5.045838663,51.970043158],[5.04575282,51.970012155],[5.045716453,51.969998583],[5.045692859,51.969989103],[5.045681443,51.96998411],[5.045670417,51.969978854],[5.045659927,51.969973245],[5.045650053,51.969967182],[5.045640715,51.969960761],[5.04563177,51.96995408],[5.045614641,51.969940211],[5.045589908,51.969918768],[5.045427653,51.969774097],[5.045386787,51.969738107],[5.045370058,51.969723913],[5.045361495,51.969716922],[5.04535273,51.969710036],[5.045343686,51.969703299],[5.045334402,51.969696808],[5.045324845,51.969690462],[5.045305187,51.969678056],[5.045274988,51.969659825],[5.04518328,51.969605724],[5.045152546,51.969587804],[5.045131873,51.969575982],[5.045100177,51.969558409],[5.045068201,51.969541029],[5.044800819,51.969396813],[5.044736894,51.96936203],[5.044705404,51.969344381],[5.04466384,51.969320603],[5.044580941,51.969272881],[5.044539846,51.969248821],[5.044519762,51.969236534],[5.044509964,51.969230256],[5.044500415,51.969223841],[5.044491361,51.969217402],[5.044473902,51.969204165],[5.044456956,51.969190644],[5.044423672,51.969163259],[5.04438244,51.969128839],[5.044358163,51.969108025],[5.04434261,51.969093927],[5.044335194,51.969086752],[5.044328138,51.969079449],[5.044321243,51.969071669],[5.044314736,51.969063752],[5.044302484,51.969047649],[5.044290811,51.969031341],[5.044279407,51.969014938],[5.044161043,51.968842231],[5.044143975,51.968817614],[5.044132286,51.968801315],[5.044126245,51.968793235],[5.044119996,51.968785229],[5.044113458,51.968777328],[5.044106517,51.968769569],[5.044099149,51.968762044],[5.044091385,51.96875466],[5.044083334,51.968747378],[5.044075075,51.968740171],[5.044058166,51.968725896],[5.044023666,51.968697589],[5.043884698,51.968584678],[5.043867548,51.968570494],[5.043850839,51.968556175],[5.043842793,51.968548921],[5.043835073,51.968541567],[5.043827809,51.968534074],[5.043821168,51.96852639],[5.043815208,51.968518355],[5.043809887,51.968510123],[5.043805031,51.96850175],[5.043800503,51.968493275],[5.043796204,51.96848473],[5.043788028,51.968467511],[5.043756892,51.968398175],[5.043749336,51.968380808],[5.043742096,51.968363399],[5.043735497,51.968345989],[5.043726704,51.968319848],[5.043699642,51.9682324],[5.043691157,51.968206233],[5.043684918,51.968188894],[5.043681462,51.968180284],[5.043677667,51.968171735],[5.043673531,51.968163399],[5.043669064,51.968155124],[5.043664357,51.968146891],[5.043654462,51.968130511],[5.043639,51.968106051],[5.043596999,51.968040957],[5.043581668,51.968016482],[5.043572066,51.968000073],[5.043567624,51.967991814],[5.043563552,51.9679835],[5.04355998,51.967975111],[5.043557056,51.967966747],[5.043554622,51.96795831],[5.043552552,51.967949818],[5.043549135,51.967932725],[5.043544972,51.967906935],[5.043537566,51.967855202],[5.043534895,51.967838012],[5.043531724,51.967820946],[5.043529787,51.967812502],[5.043527477,51.967804155],[5.043524647,51.967795938],[5.0435211,51.967787906],[5.043516577,51.967780122],[5.043510758,51.967772507],[5.043503933,51.967765149],[5.043496371,51.96775798],[5.043488279,51.967750945],[5.043479811,51.967744009],[5.043471081,51.967737139],[5.043453146,51.967723521],[5.04338013,51.967669359],[5.043362363,51.967655642],[5.043353719,51.967648694],[5.04334532,51.967641657],[5.043337258,51.967634494],[5.043329654,51.967627161],[5.043322465,51.967619459],[5.043315748,51.967611581],[5.043309375,51.967603575],[5.043297292,51.967587316],[5.043285698,51.967570875],[5.043149898,51.967372371],[5.04313279,51.967347605],[5.043121122,51.967331184],[5.043108939,51.967314939],[5.043102507,51.967306932],[5.043095731,51.967299043],[5.043088543,51.967291306],[5.043081009,51.967283687],[5.043065265,51.967268679],[5.043040779,51.967246464],[5.042916374,51.967136061],[5.042618509,51.966870857],[5.042569425,51.966827747],[5.042472432,51.966743685],[5.042440639,51.966715452],[5.042425313,51.96670111],[5.042417941,51.966693872],[5.042403607,51.966679234],[5.042375749,51.966649635],[5.042327642,51.966597585],[5.042286872,51.966552815],[5.042273523,51.966537567],[5.042260302,51.966522033],[5.042227775,51.966483021],[5.042053163,51.966272009],[5.042033546,51.966248641],[5.042013314,51.966225491],[5.041998965,51.966210245],[5.041976123,51.966187662],[5.041952641,51.966165308],[5.041897378,51.966113316],[5.041874122,51.9660909],[5.041859227,51.966075761],[5.041852132,51.96606808],[5.041845392,51.966060288],[5.041839144,51.966052435],[5.041827603,51.966036429],[5.041811571,51.966012014],[5.041791034,51.965979195],[5.041684222,51.965806547],[5.041668762,51.965781955],[5.041658021,51.96576572],[5.041652381,51.965757702],[5.041646458,51.965749787],[5.04164014,51.965742019],[5.041633281,51.96573445],[5.041625696,51.965727059],[5.041617562,51.965719871],[5.041609028,51.965712829],[5.041600208,51.965705893],[5.041582027,51.96569222],[5.04155411,51.965671948],[5.041469726,51.965611367],[5.041320181,51.96550351],[5.041282934,51.965476482],[5.04126451,51.965462875],[5.04124642,51.965449109],[5.041237588,51.965442124],[5.041220418,51.965427866],[5.041203715,51.965413386],[5.041170889,51.965384151],[5.040942277,51.96517894],[5.040918024,51.96515686],[5.040902188,51.965142013],[5.040894457,51.965134516],[5.040879766,51.965119648],[5.040858411,51.965097083],[5.040739673,51.964968323],[5.040667606,51.964891491],[5.040616703,51.96483773],[5.040601851,51.964822493],[5.040586565,51.964807428],[5.040571165,51.964793108],[5.040547362,51.964771905],[5.040498989,51.9647298],[5.040466507,51.964701843],[5.040441638,51.964681155],[5.040424376,51.964667735],[5.040415367,51.964661234],[5.040405862,51.964654811],[5.040386075,51.964642391],[5.040355351,51.96462433],[5.040230118,51.964553372],[5.040198543,51.964535827],[5.040177198,51.964524346],[5.040155354,51.964513096],[5.040122136,51.964496549],[5.039954858,51.964414639],[5.039909967,51.964393075],[5.039887123,51.964382684],[5.03987549,51.964377697],[5.039863645,51.964372918],[5.039851468,51.964368368],[5.039839075,51.964364028],[5.039813866,51.964355767],[5.039775502,51.96434391],[5.039672533,51.964312899],[5.039569672,51.964281697],[5.039543907,51.964274023],[5.039518015,51.964266635],[5.039504979,51.96426314],[5.039491848,51.964259859],[5.039478583,51.964256872],[5.039465136,51.964254292],[5.039451567,51.964252222],[5.039437817,51.964250552],[5.039423935,51.964249175],[5.039409958,51.964248008],[5.039381825,51.964246075],[5.03935356,51.964244428],[5.039112851,51.964231374],[5.039070395,51.964229373],[5.039042084,51.964228482],[5.039027927,51.964228284],[5.039013601,51.96422831],[5.038984946,51.964228867],[5.038941951,51.964230378],[5.038698236,51.96424089],[5.038497255,51.964248959],[5.038468742,51.964250453],[5.038454601,51.964251402],[5.038440589,51.964252569],[5.038426756,51.964254049],[5.038413174,51.964255964],[5.03839994,51.964258476],[5.038387309,51.964261668],[5.038375013,51.964265443],[5.038362965,51.964269645],[5.038351094,51.964274153],[5.038339349,51.964278879],[5.038327688,51.964283754],[5.03830452,51.964293772],[5.038223761,51.964329518],[5.038131294,51.964370155],[5.038097173,51.964385693],[5.038086074,51.964391037],[5.038075216,51.964396527],[5.038064694,51.964402222],[5.038054632,51.964408194],[5.038044903,51.964414665],[5.038035653,51.964421425],[5.038026749,51.964428397],[5.038018093,51.964435519],[5.038001244,51.964450046],[5.037976517,51.964472167],[5.03789469,51.964546256],[5.037870353,51.964568552],[5.037854437,51.964583537],[5.03783179,51.964605822],[5.037802251,51.964635798],[5.037736364,51.964703498],[5.037656132,51.96478647],[5.037641163,51.964801336],[5.037633463,51.964808637],[5.03762553,51.964815798],[5.037617266,51.964822756],[5.03760854,51.96482943],[5.037599185,51.964835716],[5.037589084,51.964841513],[5.037578354,51.964846922],[5.037567163,51.964852043],[5.037555637,51.964856956],[5.03754387,51.964861714],[5.037531932,51.964866353],[5.037507696,51.964875339],[5.037483095,51.9648839],[5.037470646,51.964887949],[5.037458062,51.964891771],[5.0374453,51.964895281],[5.037432297,51.964898367],[5.03741881,51.96490097],[5.037405079,51.96490314],[5.037391172,51.964904996],[5.037377141,51.964906628],[5.037348848,51.964909469],[5.037320396,51.964912014],[5.0372206,51.964920445],[5.037163646,51.964925407],[5.037121021,51.964929398],[5.037092885,51.964932328],[5.037065016,51.964935482],[5.037023275,51.964940436],[5.03684254,51.964962407],[5.036800901,51.964967642],[5.03675946,51.964973344],[5.036745738,51.964975462],[5.036718081,51.96498022],[5.036676884,51.964988039],[5.036348646,51.965053788],[5.036280324,51.965067596],[5.036212014,51.96508191],[5.036020975,51.965122752],[5.035966465,51.965134542],[5.035925757,51.965143672],[5.035885181,51.965153334],[5.03584477,51.965163269],[5.035441258,51.96526361],[5.035400728,51.965273343],[5.035360016,51.965282482],[5.035305453,51.965294007],[5.035196049,51.965316582],[5.035154946,51.965324892],[5.035113662,51.965332824],[5.035086555,51.965337606],[5.035059341,51.965342165],[5.034922824,51.965364045],[5.034881956,51.965370748],[5.034854868,51.965375479],[5.034841418,51.965377998],[5.034828061,51.965380676],[5.034814835,51.965383567],[5.034801592,51.965386763],[5.034788481,51.965390178],[5.034762523,51.965397446],[5.03472393,51.965408916],[5.034608549,51.965444011],[5.03458275,51.965451585],[5.034556743,51.965458862],[5.034530039,51.9654658],[5.034489622,51.96547569],[5.034191616,51.965545932],[5.034151085,51.965555668],[5.034124194,51.965562348],[5.034097725,51.96556928],[5.034071673,51.96557646],[5.034032793,51.965587525],[5.033929357,51.965617453],[5.03390339,51.965624777],[5.033877244,51.9656318],[5.033864053,51.965635109],[5.033850744,51.965638209],[5.033837207,51.965641066],[5.033823547,51.965643699],[5.033809798,51.965646152],[5.033782113,51.9656506],[5.033768204,51.96565259],[5.033754258,51.965654391],[5.033740275,51.965655949],[5.033726251,51.965657187],[5.033712178,51.965657996],[5.033698028,51.965658288],[5.033683832,51.965658157],[5.033669605,51.96565772],[5.033641087,51.965656259],[5.033598238,51.965653349],[5.033398142,51.965638761],[5.033355436,51.965635329],[5.033327191,51.965632514],[5.033313198,51.965630797],[5.033299337,51.965628769],[5.033285966,51.96562642],[5.03327272,51.965623771],[5.033259569,51.9656209],[5.033233447,51.965614722],[5.033207467,51.965608208],[5.033103904,51.965581276],[5.033065005,51.965571338],[5.033038952,51.965565036],[5.033025854,51.96556208],[5.033012684,51.965559327],[5.032999411,51.965556852],[5.032986002,51.965554758],[5.032971971,51.965553078],[5.032957795,51.965551798],[5.032943512,51.965550809],[5.032929154,51.965550025],[5.032900293,51.965548837],[5.03285683,51.965547508],[5.032813328,51.965546424],[5.032784374,51.96554592],[5.032755531,51.965545848],[5.032741183,51.965546111],[5.03272691,51.965546689],[5.032712741,51.9655477],[5.032698868,51.965549222],[5.032685096,51.96555117],[5.032671399,51.965553428],[5.032644145,51.965558543],[5.032603455,51.965566977],[5.032549412,51.965578794],[5.032509215,51.965588159],[5.032495962,51.965591487],[5.032482831,51.965594986],[5.032469995,51.965598653],[5.032444645,51.965606447],[5.032419552,51.965614602],[5.032369616,51.965631176],[5.032344571,51.96563919],[5.032331975,51.965642995],[5.032319299,51.965646577],[5.032306508,51.965649846],[5.032293556,51.965652679],[5.032280385,51.965654919],[5.032266767,51.965656451],[5.032252924,51.965657375],[5.032238918,51.965657856],[5.032224797,51.96565802],[5.032210591,51.96565796],[5.032196328,51.965657745],[5.032167704,51.965657039],[5.031995498,51.965651616],[5.031651434,51.965641751],[5.031579789,51.965639443],[5.03149452,51.965635822],[5.030940443,51.965610436],[5.030655141,51.965597685],[5.030598087,51.965594939],[5.030569595,51.965593348],[5.030527755,51.96559056],[5.030472036,51.965586433],[5.030304933,51.96557369],[5.030248519,51.965569539],[5.029534371,51.965519027],[5.029463012,51.965513739],[5.029434532,51.965511352],[5.029392111,51.965507254],[5.029349768,51.965502813],[5.029222832,51.965489114],[5.029180483,51.965484725],[5.0291522,51.965482026],[5.029124104,51.965479713],[5.02908222,51.965476891],[5.029026276,51.965473589],[5.02858653,51.96544893],[5.028543561,51.965446249],[5.028514983,51.96544414],[5.028486586,51.965441622],[5.028444095,51.965437363],[5.028090501,51.965399515],[5.028033866,51.965393688],[5.027991336,51.965389608],[5.027494568,51.965344265],[5.026881147,51.965289092],[5.026809747,51.965283018],[5.026766435,51.965279794],[5.02672308,51.965276775],[5.02641949,51.965256101],[5.026376099,51.965253346],[5.026347146,51.965251772],[5.026332652,51.965251134],[5.026318388,51.965250639],[5.026289826,51.965249937],[5.026246944,51.965249273],[5.025817916,51.965244725],[5.025775022,51.965244144],[5.025732149,51.965243261],[5.025688757,51.965241805],[5.025645387,51.96524004],[5.025197309,51.965220629],[5.025153927,51.965218994],[5.025110427,51.965217807],[5.025037803,51.96521651],[5.024471219,51.965207703],[5.024413116,51.96520701],[5.024384075,51.965206955],[5.024369559,51.965207077],[5.024355261,51.96520733],[5.024326673,51.965208129],[5.024283805,51.96520972],[5.023612299,51.96523771],[5.023583764,51.965239096],[5.023555286,51.965240761],[5.02352683,51.96524295],[5.023498399,51.965245665],[5.023470026,51.965248661],[5.023427511,51.965253385],[5.022974205,51.965304698],[5.022945847,51.965307774],[5.022917448,51.96531065],[5.022888971,51.965313131],[5.022874593,51.965314148],[5.022845765,51.965315815],[5.022787967,51.96531844],[5.021992494,51.965350881],[5.021775414,51.965359399],[5.021732091,51.965361349],[5.021703383,51.965363095],[5.021689131,51.965364237],[5.021674989,51.965365659],[5.021660994,51.965367467],[5.021647136,51.965369754],[5.021633427,51.96537243],[5.021619827,51.965375387],[5.021606302,51.965378544],[5.0215794,51.965385233],[5.021552599,51.965392187],[5.021418785,51.965427517],[5.021244591,51.965473008],[5.021218018,51.965480237],[5.021204848,51.965483977],[5.021191805,51.965487851],[5.021178939,51.965491913],[5.021166317,51.965496235],[5.021154105,51.965500831],[5.021142134,51.96550568],[5.021130337,51.965510717],[5.021118666,51.965515886],[5.021095557,51.965526473],[5.020866598,51.965634661],[5.02083262,51.96565113],[5.020810461,51.965662448],[5.020799662,51.965668298],[5.020789112,51.965674319],[5.020778769,51.96568048],[5.020758485,51.96569308],[5.020738509,51.965705891],[5.020115068,51.9661134],[5.020075267,51.966139136],[5.020044862,51.966158088],[5.020013704,51.966176331],[5.019982032,51.96619425],[5.019525275,51.966449319],[5.019451123,51.966490978],[5.019376644,51.966533756],[5.01902644,51.96673603],[5.018878001,51.966821944],[5.018835392,51.966846343],[5.0188138,51.966858325],[5.018791741,51.966869958],[5.018780428,51.966875576],[5.018757372,51.966886491],[5.018710428,51.966907696],[5.01852137,51.966991552],[5.01848626,51.967007546],[5.018463221,51.96701845],[5.01844051,51.967029559],[5.018395462,51.96705208],[5.018013887,51.967244588],[5.017979968,51.967261359],[5.017957034,51.967272265],[5.017945384,51.967277562],[5.017921596,51.967287776],[5.01789741,51.96729765],[5.017873025,51.967307354],[5.017481032,51.967461059],[5.017444135,51.967475309],[5.017419332,51.967484585],[5.017406812,51.967489097],[5.017381917,51.967497653],[5.017344148,51.967510027],[5.01701454,51.967614821],[5.01697666,51.967627077],[5.016939157,51.967639743],[5.016914693,51.967648563],[5.016878377,51.967662207],[5.016685925,51.967736313],[5.016649657,51.967750015],[5.016625279,51.967758935],[5.016600119,51.967767758],[5.016562071,51.967780663],[5.01637092,51.967844224],[5.016332793,51.967857049],[5.016307493,51.967865731],[5.016257531,51.967883468],[5.016108345,51.967937472],[5.016058729,51.967955578],[5.0160341,51.967964794],[5.016009776,51.967974286],[5.01599781,51.967979209],[5.015985917,51.967984335],[5.015962526,51.967994946],[5.015916491,51.96801685],[5.015756272,51.968094394],[5.015733782,51.968105698],[5.015722751,51.968111472],[5.015711945,51.968117376],[5.015701458,51.968123462],[5.01569141,51.968129801],[5.015682157,51.968136259],[5.015673324,51.968142958],[5.015664797,51.968149832],[5.015656488,51.968156833],[5.015632319,51.968178269],[5.01552981,51.968272459],[5.015498643,51.968301563],[5.015483565,51.968316297],[5.015469125,51.968331424],[5.015455341,51.968346952],[5.015435378,51.968370502],[5.015049811,51.968836215],[5.014900563,51.969017301],[5.014862141,51.969065202],[5.014563328,51.969441878],[5.014518504,51.969497914],[5.013876528,51.970280859],[5.013857013,51.970304873],[5.013837762,51.970328969],[5.013784491,51.9703978],[5.013772198,51.970412914],[5.013759171,51.970427748],[5.013752199,51.97043499],[5.013744444,51.970442429],[5.013736322,51.97044973],[5.013727937,51.970456929],[5.013710653,51.97047113],[5.013684086,51.97049219],[5.013433931,51.970687896],[5.013416308,51.970701976],[5.013399041,51.970716203],[5.013382479,51.970730723],[5.013374642,51.970738119],[5.013367038,51.970745613],[5.013352298,51.970760793],[5.01333079,51.970783813],[5.01319632,51.970930332],[5.013096935,51.971038177],[5.012973001,51.97117007],[5.012936196,51.971208729],[5.012913516,51.971231601],[5.012898055,51.971246592],[5.012874552,51.971268959],[5.012771902,51.971365591],[5.012676628,51.971454672],[5.012653029,51.971477002],[5.01263782,51.971492023],[5.01263055,51.971499618],[5.012623633,51.971507303],[5.012617211,51.971515112],[5.012611473,51.971523092],[5.012606683,51.971531076],[5.012602545,51.971539223],[5.012598883,51.971547491],[5.012595565,51.971555846],[5.012592488,51.971564263],[5.012586793,51.971581212],[5.012576352,51.971615302],[5.01257162,51.971632368],[5.012569491,51.9716409],[5.012567615,51.971649431],[5.012566097,51.971657958],[5.012565076,51.971666485],[5.012564734,51.971675009],[5.012565247,51.971683797],[5.012566479,51.971692583],[5.012568232,51.971701368],[5.012572749,51.971718932],[5.012578016,51.971736494],[5.012583626,51.971754055],[5.012606833,51.971824306],[5.01261528,51.971850641],[5.012620372,51.971868171],[5.012622567,51.971876919],[5.012624383,51.971885647],[5.012625659,51.971894347],[5.012626181,51.971903009],[5.012625664,51.971911617],[5.012623946,51.971919923],[5.012621238,51.971928178],[5.012617807,51.971936396],[5.012613853,51.971944587],[5.01260495,51.97196092],[5.012595328,51.971977217],[5.012565318,51.972026042],[5.012544908,51.972058474],[5.012534243,51.972074553],[5.012528661,51.972082522],[5.012516645,51.972098563],[5.012504063,51.972114447],[5.012471691,51.972153896],[5.012432351,51.972201078],[5.012412211,51.972224504],[5.012398276,51.972239914],[5.012369275,51.972270274],[5.012273036,51.972368263],[5.012236555,51.972405825],[5.01217375,51.97247216],[5.012153236,51.972494404],[5.012140006,51.972509366],[5.012127524,51.972524551],[5.012121424,51.972532657],[5.012115595,51.972540845],[5.012099088,51.972565701],[5.012062299,51.972624213],[5.012051547,51.97264084],[5.012040246,51.972657269],[5.012034223,51.972665349],[5.012027819,51.97267329],[5.012020886,51.972681041],[5.012013622,51.972688266],[5.012005866,51.972695313],[5.011997746,51.972702228],[5.01198936,51.972709046],[5.011963264,51.972729165],[5.011900716,51.972775514],[5.011874201,51.972795471],[5.011857103,51.972808962],[5.011848897,51.972815819],[5.011841046,51.972822791],[5.01183368,51.972829919],[5.011826975,51.97283726],[5.01182091,51.97284508],[5.011815538,51.972853123],[5.011810671,51.972861329],[5.01180617,51.972869653],[5.011797863,51.972886526],[5.011774772,51.972937736],[5.011762702,51.972963194],[5.011758335,51.972971581],[5.011753673,51.972979881],[5.011748597,51.972988061],[5.01174296,51.972996078],[5.011736832,51.97300367],[5.011730172,51.973011108],[5.011723117,51.973018433],[5.011715779,51.973025674],[5.011700551,51.973039997],[5.011598064,51.973132117],[5.0115664,51.973161279],[5.011511347,51.973212449],[5.011495458,51.973226984],[5.011479258,51.973241361],[5.011462428,51.973255418],[5.011453616,51.973262244],[5.011444707,51.973268702],[5.01142613,51.973281232],[5.011397217,51.973299493],[5.011328463,51.97334146],[5.011299149,51.973359547],[5.01127987,51.973371761],[5.01126076,51.973384364],[5.011241835,51.973397368],[5.011223152,51.973410523],[5.011149157,51.973463616],[5.011130464,51.973476668],[5.011120977,51.973483042],[5.011111333,51.973489248],[5.011101464,51.973495212],[5.011091278,51.973500834],[5.011080651,51.973505981],[5.011069423,51.973510479],[5.011057218,51.973514256],[5.011044392,51.973517363],[5.011031113,51.973519981],[5.011017511,51.973522252],[5.011003683,51.973524278],[5.010975607,51.973527881],[5.010805009,51.973547229],[5.010634819,51.973567248],[5.010592281,51.97357205],[5.010563899,51.973574859],[5.010549689,51.973576028],[5.010535464,51.973576951],[5.010521216,51.973577538],[5.01050726,51.973577712],[5.010493283,51.973577563],[5.010465284,51.973576619],[5.010423224,51.973574354],[5.010296939,51.973566435],[5.010240935,51.973563401],[5.010185064,51.973560798],[5.0100174,51.973553352],[5.009975499,51.973551787],[5.009947581,51.973551128],[5.009933632,51.973551018],[5.009919693,51.973551126],[5.009905767,51.9735515],[5.009877941,51.973552848],[5.009850135,51.973554676],[5.009822341,51.973556747],[5.009711193,51.973565617],[5.009669502,51.973568785],[5.009641692,51.973570646],[5.009627778,51.973571433],[5.009613855,51.973572076],[5.00959992,51.973572522],[5.009586002,51.973572729],[5.00957207,51.973572741],[5.00955813,51.973572607],[5.00953023,51.973572053],[5.009488355,51.973570841],[5.009390617,51.973567607],[5.009348775,51.973566499],[5.009320949,51.973566176],[5.009307074,51.973566256],[5.00929324,51.97356658],[5.009279461,51.973567236],[5.009265501,51.973568318],[5.009251596,51.973569743],[5.009237734,51.973571418],[5.009210089,51.973575256],[5.009168724,51.973581631],[5.009044716,51.973601419],[5.009003248,51.973607623],[5.008975207,51.973611412],[5.008946784,51.973614898],[5.008904042,51.973619815],[5.008732832,51.973638771],[5.008663087,51.973646328],[5.0084845,51.973665344],[5.008429529,51.973671115],[5.008373428,51.973676797],[5.007681269,51.973745011],[5.007638847,51.973748884],[5.007610509,51.973751065],[5.007596307,51.973751929],[5.007568575,51.973753069],[5.007540775,51.973753737],[5.007499012,51.973754334],[5.007415431,51.973755108],[5.007373662,51.9737553],[5.007345854,51.973755169],[5.007318109,51.973754574],[5.007304278,51.973753983],[5.007289903,51.973753089],[5.007275558,51.973751965],[5.007246934,51.97374926],[5.007204075,51.973744618],[5.007061276,51.973728394],[5.007018421,51.973723973],[5.006975676,51.973719985],[5.006875788,51.97371114],[5.006833052,51.973707819],[5.006818852,51.973706948],[5.006804693,51.973706291],[5.006790593,51.97370594],[5.006776576,51.973706015],[5.006762671,51.973706679],[5.006749025,51.973708042],[5.006735491,51.973709985],[5.006722038,51.97371235],[5.006708644,51.973715021],[5.006695293,51.973717908],[5.006668667,51.973724087],[5.006562456,51.973750272],[5.006535859,51.973756672],[5.006509167,51.973762749],[5.006495757,51.97376557],[5.006482278,51.973768166],[5.006468705,51.973770451],[5.006455005,51.973772311],[5.006441408,51.973773634],[5.006427685,51.973774546],[5.006413873,51.973775156],[5.006399994,51.973775547],[5.006372109,51.97377591],[5.006344134,51.973775965],[5.00624605,51.97377563],[5.006204025,51.973775623],[5.006162022,51.973775961],[5.006133456,51.973776536],[5.006062079,51.973778638],[5.005690991,51.973790813],[5.005633918,51.973792797],[5.005591169,51.973794642],[5.005576944,51.973795414],[5.005548216,51.973797304],[5.00549087,51.973801805],[5.005333294,51.973814985],[5.005304611,51.973817173],[5.005275885,51.973819085],[5.005247549,51.973820565],[5.005204974,51.973822329],[5.005105538,51.973825846],[5.0050345,51.973828152],[5.004991871,51.973829144],[5.004977658,51.973829311],[5.004949822,51.973829308],[5.004894133,51.97382857],[5.004740976,51.973825723],[5.004699217,51.973825413],[5.004671094,51.973825674],[5.004642684,51.973826351],[5.004614281,51.973827255],[5.004443878,51.973833617],[5.004372311,51.97383588],[5.004270935,51.973838367],[5.003604693,51.973853926],[5.003546788,51.973855497],[5.003517875,51.973856574],[5.003503439,51.973857262],[5.003475111,51.973858985],[5.003446826,51.973861028],[5.003390309,51.973865515],[5.00317901,51.973882954],[5.003012857,51.973897089],[5.002957554,51.973902076],[5.002929992,51.973904865],[5.002916256,51.973906407],[5.00288892,51.973909857],[5.002848086,51.973915599],[5.002725869,51.973933731],[5.002698665,51.973937479],[5.002685037,51.973939203],[5.002671384,51.973940774],[5.002657693,51.973942131],[5.002643956,51.973943199],[5.002629789,51.973943931],[5.002615571,51.973944361],[5.002587035,51.97394462],[5.002544097,51.973944232],[5.002200109,51.973938165],[5.002142803,51.973937425],[5.002114176,51.973937384],[5.00208559,51.973937867],[5.002071607,51.973938396],[5.002043678,51.973939919],[5.002001836,51.97394284],[5.001918199,51.973949314],[5.001876366,51.973952381],[5.001848453,51.973954127],[5.001820501,51.973955366],[5.001806214,51.973955702],[5.001777602,51.973955902],[5.001720303,51.973955382],[5.001605659,51.973953442],[5.001577028,51.973952739],[5.001548442,51.973951734],[5.001520134,51.973950175],[5.00150611,51.973949174],[5.001478102,51.973946892],[5.001436144,51.973943102],[5.001324317,51.97393257],[5.001268341,51.973927612],[5.001225801,51.973924406],[5.001182955,51.973921595],[5.000811289,51.973898814],[5.000725486,51.973893815],[5.000697026,51.973892406],[5.000654558,51.9738906],[5.000498766,51.9738846],[5.000456372,51.973882512],[5.00042822,51.973880597],[5.00041401,51.97387936],[5.000385681,51.973876458],[5.000343303,51.97387154],[5.000230475,51.973857574],[5.000202313,51.973853948],[5.000174218,51.973850141],[5.000160217,51.973848117],[5.000133397,51.97384394],[5.000079986,51.973834973],[5.000013462,51.973823284],[4.99998706,51.973818345],[4.999973973,51.973815739],[4.999961003,51.973812989],[4.999948198,51.973810039],[4.999935621,51.973806814],[4.999923348,51.973803216],[4.999911171,51.973799066],[4.999899311,51.973794527],[4.999887685,51.973789705],[4.99986488,51.973779517],[4.999808699,51.973753017],[4.999785944,51.97374273],[4.999774364,51.973737817],[4.999762574,51.973733144],[4.999750494,51.973728802],[4.999738085,51.973724864],[4.999725386,51.973721257],[4.999712474,51.973717891],[4.999686236,51.973711636],[4.999646337,51.97370287],[4.999552727,51.973682995],[4.999512829,51.973674164],[4.999486509,51.973667884],[4.9994735,51.973664528],[4.999447879,51.973657286],[4.999422588,51.973649575],[4.999397466,51.973641622],[4.999247417,51.973592945],[4.999197294,51.973576849],[4.9991466,51.973560899],[4.998994189,51.973513436],[4.998956195,51.973501442],[4.998930996,51.973493294],[4.998905998,51.9734849],[4.998881199,51.973476258],[4.99875803,51.97343214],[4.998733194,51.973423683],[4.99872066,51.973419653],[4.998708007,51.973415829],[4.998695187,51.973412292],[4.998682139,51.973409147],[4.998668716,51.973406461],[4.998655062,51.973404173],[4.99864124,51.973402175],[4.998627296,51.973400386],[4.998599182,51.973397202],[4.998514301,51.973388525],[4.998486134,51.97338534],[4.998472133,51.973383565],[4.998458219,51.973381605],[4.998444423,51.973379389],[4.99843082,51.973376875],[4.998417334,51.973374109],[4.998390592,51.973368074],[4.998364029,51.973361651],[4.998165708,51.973311535],[4.998099387,51.973295175],[4.998046064,51.973282706],[4.997925715,51.973255241],[4.997885816,51.973245792],[4.997859507,51.973239099],[4.997846516,51.973235531],[4.997821038,51.97322787],[4.99779591,51.973219734],[4.997770955,51.973211359],[4.997696483,51.97318573],[4.997659661,51.973172563],[4.997635646,51.973163352],[4.997623948,51.973158495],[4.997612564,51.973153385],[4.997601727,51.97314805],[4.997591194,51.973142468],[4.997570731,51.973130811],[4.997550727,51.973118778],[4.997501388,51.973088132],[4.997462267,51.973063414],[4.997443091,51.973050889],[4.997433726,51.973044528],[4.997424595,51.973038063],[4.997415789,51.973031454],[4.997407428,51.973024648],[4.997399428,51.973017431],[4.99739189,51.973010009],[4.997384687,51.973002437],[4.997370926,51.972987003],[4.99735763,51.972971359],[4.997298874,51.972900444],[4.997279725,51.97287673],[4.997267667,51.97286079],[4.997262073,51.972852738],[4.997256926,51.972844602],[4.997252398,51.972836349],[4.997248654,51.972828028],[4.997245518,51.972819593],[4.997242827,51.972811072],[4.997240457,51.972802491],[4.997238314,51.972793868],[4.997234451,51.972776539],[4.997220484,51.972706946],[4.997215051,51.97268087],[4.997209026,51.972654859],[4.997204312,51.972637602],[4.997198996,51.972620415],[4.997193346,51.972603265],[4.99716689,51.972526198],[4.997158268,51.972500484],[4.997152811,51.972483309],[4.997147802,51.972466029],[4.99713896,51.972431225],[4.997116766,51.972335205],[4.997110077,51.972309192],[4.997107481,51.972300618],[4.997104555,51.972292133],[4.99710116,51.972283774],[4.997097114,51.972275589],[4.997092176,51.972267644],[4.997086062,51.972259887],[4.997079034,51.972252375],[4.997071344,51.972245041],[4.997063179,51.972237835],[4.997054682,51.972230716],[4.997037078,51.972216644],[4.996919285,51.972126077],[4.996775137,51.972014389],[4.99654972,51.971839425],[4.996513841,51.97181126],[4.996496206,51.971797039],[4.996479112,51.97178269],[4.996454378,51.97176093],[4.996421966,51.971731659],[4.996333312,51.971650945],[4.996293451,51.971614237],[4.996215954,51.971541212],[4.996192444,51.971519453],[4.996176298,51.971505206],[4.996167944,51.971498235],[4.996159304,51.971491421],[4.99615027,51.971484822],[4.996140786,51.971478499],[4.996130909,51.97147239],[4.996110376,51.971460599],[4.996078542,51.971443478],[4.995981439,51.971392991],[4.995949306,51.971376026],[4.995928241,51.971364506],[4.995917913,51.971358626],[4.995907796,51.971352623],[4.995897959,51.971346454],[4.995888585,51.971340164],[4.995879488,51.971333711],[4.995861849,51.971320479],[4.995836132,51.971300197],[4.995768529,51.971245535],[4.995743017,51.971225117],[4.995717062,51.971204922],[4.995690013,51.971184875],[4.995653349,51.971158443],[4.995588862,51.971112345],[4.995570318,51.971099256],[4.995551553,51.971086319],[4.995532321,51.971073705],[4.995522401,51.971067609],[4.995512176,51.971061722],[4.995501426,51.971056014],[4.995490363,51.971050521],[4.995467616,51.971039965],[4.995432692,51.971024685],[4.99525618,51.970949589],[4.995056544,51.970864159],[4.995009312,51.970844327],[4.994985371,51.970834744],[4.994973235,51.970830123],[4.994960775,51.970825592],[4.994935517,51.970816877],[4.994897176,51.970804269],[4.994652792,51.970726003],[4.994511093,51.970680857],[4.994485451,51.970672549],[4.994460074,51.970664023],[4.994447573,51.970659606],[4.99443527,51.970655027],[4.994423245,51.970650219],[4.994411601,51.970645099],[4.994400732,51.970639754],[4.994390229,51.97063411],[4.994379993,51.970628247],[4.994369951,51.970622224],[4.994350241,51.970609871],[4.994282478,51.970565629],[4.994253134,51.970546894],[4.994233054,51.970534795],[4.994222723,51.970528965],[4.994212104,51.970523352],[4.994201004,51.970517943],[4.99418961,51.970512756],[4.994166235,51.970502824],[4.994130411,51.970488501],[4.993889033,51.970394924],[4.993755936,51.970343634],[4.993720118,51.97032936],[4.993708443,51.970324445],[4.99369701,51.970319387],[4.993685919,51.970314128],[4.993675301,51.970308586],[4.993665333,51.97030266],[4.993656068,51.970296197],[4.993647463,51.970289341],[4.993639338,51.970282201],[4.993631561,51.970274857],[4.993616653,51.970259782],[4.993595067,51.97023671],[4.993495364,51.970128439],[4.993402201,51.970028233],[4.993387605,51.970012919],[4.993372683,51.969997731],[4.993357701,51.969983144],[4.993334692,51.969961469],[4.993249085,51.969882471],[4.993209775,51.96984673],[4.993169485,51.969811309],[4.993071921,51.969726665],[4.993031441,51.969691323],[4.992888653,51.96956423],[4.992864498,51.969543205],[4.992839224,51.969521896],[4.992753636,51.969451448],[4.992728212,51.969430227],[4.992711741,51.969415912],[4.992703788,51.969408654],[4.992696126,51.969401293],[4.992688865,51.969393791],[4.992682051,51.969386073],[4.99267564,51.969378212],[4.992669523,51.969370246],[4.992663617,51.969362207],[4.992652202,51.969345988],[4.992564032,51.969215123],[4.992425888,51.969010779],[4.992354455,51.968904368],[4.992343309,51.968888056],[4.992331813,51.968871877],[4.992325818,51.968863881],[4.992319564,51.968855982],[4.992312949,51.968848222],[4.992305837,51.96884065],[4.99229806,51.968833253],[4.992289779,51.968826048],[4.992281132,51.968818983],[4.992272223,51.968812016],[4.992253905,51.968798272],[4.992235227,51.968784664],[4.992140809,51.968717013],[4.992103527,51.96868977],[4.992085562,51.968675895],[4.99207695,51.968668818],[4.992068717,51.968661598],[4.992061009,51.968654183],[4.992054052,51.968646658],[4.992047605,51.968638942],[4.992041531,51.968631085],[4.992030117,51.968615096],[4.992013947,51.968590754],[4.991977078,51.968533634],[4.991966146,51.968517479],[4.991960455,51.968509496],[4.991954525,51.968501611],[4.991948259,51.968493866],[4.991941528,51.968486314],[4.99193416,51.968479027],[4.991926126,51.968472144],[4.991917469,51.96846552],[4.991908356,51.968459086],[4.991898914,51.968452788],[4.991879398,51.968440456],[4.991849344,51.968422284],[4.991768412,51.968374156],[4.991718052,51.968343968],[4.991688152,51.968325677],[4.991668557,51.968313286],[4.991658958,51.968307015],[4.991621302,51.968281501],[4.991509842,51.96820407],[4.991472291,51.968178487],[4.991433335,51.968152954],[4.99129553,51.968064418],[4.991246672,51.96803256],[4.991179146,51.967987278],[4.990910016,51.967805579],[4.99088098,51.96778624],[4.990861333,51.967773534],[4.990841185,51.967761152],[4.990830778,51.967755121],[4.990809504,51.967743359],[4.990776971,51.967726116],[4.990667571,51.967669251],[4.990635278,51.96765184],[4.990614143,51.967639773],[4.990593334,51.967627291],[4.990552375,51.967601889],[4.990236966,51.967403672],[4.990206136,51.967384691],[4.990185242,51.96737226],[4.990153227,51.967354203],[4.990109828,51.967330595],[4.989869994,51.967201494],[4.98963036,51.967072252],[4.989586589,51.967048907],[4.989564449,51.967037431],[4.989553246,51.967031795],[4.989530654,51.967020848],[4.989484756,51.966999505],[4.989149315,51.966846773],[4.989126547,51.966836012],[4.989115355,51.966830512],[4.989104365,51.966824886],[4.989093657,51.966819085],[4.989083337,51.966813043],[4.989073404,51.966806649],[4.989063865,51.966800009],[4.989054612,51.966793192],[4.989036657,51.966779217],[4.989019107,51.966764989],[4.988906459,51.966671621],[4.988767439,51.966556934],[4.988680376,51.966485322],[4.988592932,51.966413824],[4.988575643,51.966399464],[4.988558797,51.966384969],[4.988550688,51.966377626],[4.988542914,51.966370183],[4.988535606,51.966362597],[4.988528944,51.966354817],[4.98852311,51.966346857],[4.988517913,51.966338703],[4.988513179,51.966330409],[4.988508775,51.966322016],[4.988500589,51.966305039],[4.988489047,51.966279349],[4.988459215,51.966210604],[4.988452118,51.966193374],[4.988445551,51.966176076],[4.988439865,51.966158923],[4.988434713,51.966141697],[4.988410893,51.966055313],[4.988403081,51.966029515],[4.988396964,51.966012472],[4.988393401,51.966004037],[4.98838936,51.965995623],[4.988380265,51.965978968],[4.988370379,51.965962446],[4.988354918,51.965937767],[4.988328661,51.965896721],[4.988312529,51.965872227],[4.988301211,51.965856105],[4.988295208,51.965848169],[4.98828885,51.96584036],[4.988282003,51.965832727],[4.988274575,51.965825321],[4.988266658,51.965818091],[4.988258383,51.965810989],[4.988241129,51.965797039],[4.98821433,51.965776441],[4.988151012,51.96572867],[4.988133425,51.965714875],[4.988124915,51.965707896],[4.988116708,51.965700827],[4.988108931,51.965693635],[4.988101745,51.965686271],[4.988095373,51.965678672],[4.988089998,51.965670801],[4.988085431,51.965662695],[4.988081456,51.965654419],[4.988077908,51.96564602],[4.98807466,51.965637533],[4.98806873,51.965620395],[4.988063197,51.965603145],[4.988031099,51.965499324],[4.988025439,51.965482106],[4.988019261,51.965465023],[4.988015818,51.965456575],[4.988012005,51.965448224],[4.98800768,51.965440008],[4.98800265,51.965431978],[4.987996654,51.965424038],[4.987989936,51.965416289],[4.987982692,51.965408678],[4.987975073,51.965401166],[4.98796719,51.965393724],[4.987950944,51.965378965],[4.987817796,51.965261734],[4.987701814,51.965159022],[4.987660657,51.965122232],[4.98762841,51.965092587],[4.987532871,51.965003221],[4.987508417,51.964981126],[4.987491939,51.964966871],[4.987458315,51.964938648],[4.987398901,51.964889509],[4.987373241,51.964868546],[4.987347099,51.964847829],[4.987328867,51.964834189],[4.987309901,51.964820687],[4.987222753,51.964760849],[4.987203739,51.964747394],[4.987194436,51.964740572],[4.987185345,51.964733652],[4.987176547,51.964726599],[4.987168106,51.964719384],[4.987152017,51.964704591],[4.987136547,51.964689513],[4.98711385,51.964666662],[4.986993813,51.96454432],[4.986805689,51.964353402],[4.986783276,51.964330438],[4.986768582,51.964315044],[4.986754325,51.964299501],[4.986747432,51.964291625],[4.986734048,51.964275734],[4.986714513,51.964251717],[4.986656727,51.964179383],[4.986637236,51.964155349],[4.986617113,51.964131524],[4.986603211,51.96411605],[4.986574498,51.964085403],[4.986465678,51.963970748],[4.986443733,51.963947921],[4.986428646,51.963932967],[4.986420812,51.963925655],[4.986412673,51.963918517],[4.986404108,51.963911623],[4.986394957,51.963905062],[4.98638518,51.963898961],[4.986374825,51.963893189],[4.986364048,51.963887657],[4.986341675,51.963877063],[4.986318692,51.963866816],[4.986073907,51.963761209],[4.986038675,51.9637464],[4.98602681,51.96374158],[4.986003342,51.963732376],[4.985955876,51.963714471],[4.985848499,51.963674738],[4.985812588,51.963661627],[4.98577639,51.963648848],[4.985751929,51.963640753],[4.985727186,51.963633029],[4.98568977,51.963621788],[4.985589603,51.96359226],[4.985564695,51.963584735],[4.985540004,51.963576976],[4.985515732,51.963568768],[4.985492278,51.96355998],[4.985469236,51.963550751],[4.985435038,51.963536514],[4.985378466,51.96351237],[4.985344924,51.963497574],[4.985323026,51.963487361],[4.985312331,51.963482063],[4.985301621,51.963476469],[4.98528073,51.963464885],[4.98526026,51.963452983],[4.985189571,51.963410608],[4.985159079,51.963392597],[4.985138391,51.963380861],[4.985127843,51.963375147],[4.985117094,51.963369584],[4.985105981,51.96336415],[4.985094663,51.963358871],[4.985071613,51.963348624],[4.985048236,51.963338623],[4.984977612,51.963309001],[4.984954304,51.963298982],[4.984931468,51.96328866],[4.984920365,51.963283297],[4.984909585,51.963277727],[4.984899246,51.963271877],[4.984889679,51.963265841],[4.984880536,51.963259535],[4.984871704,51.96325303],[4.984863102,51.963246378],[4.984846342,51.963232788],[4.984829916,51.963218984],[4.984789218,51.963184241],[4.984764423,51.963163649],[4.984747287,51.963150331],[4.98473837,51.963143907],[4.9847291,51.963137721],[4.984719358,51.963131855],[4.984708849,51.963126282],[4.984697849,51.963121041],[4.984686491,51.963116043],[4.984663065,51.963106524],[4.984627017,51.963092863],[4.984542142,51.963061491],[4.984518248,51.963052263],[4.984506484,51.963047514],[4.98449491,51.963042624],[4.984483596,51.963037541],[4.984472635,51.963032196],[4.984462139,51.963026552],[4.984451993,51.963020648],[4.984442104,51.963014553],[4.984422836,51.963001985],[4.984394586,51.96298265],[4.984329263,51.96293709],[4.984300917,51.962917785],[4.984281584,51.962905192],[4.984271682,51.962899044],[4.984250602,51.962886732],[4.984228985,51.96287476],[4.984185078,51.962851239],[4.983677605,51.962582368],[4.983633866,51.962558744],[4.98361249,51.962546623],[4.983602058,51.962540402],[4.983591921,51.96253408],[4.98358197,51.962527642],[4.983562437,51.962514534],[4.983533615,51.962494573],[4.983466769,51.962447741],[4.983437727,51.962427909],[4.983417883,51.962414978],[4.983397279,51.962402344],[4.983376251,51.962389965],[4.983355011,51.962377714],[4.983205402,51.962292521],[4.983046823,51.962201692],[4.982994094,51.96217133],[4.982953277,51.962147569],[4.982831159,51.96207607],[4.982780303,51.962046008],[4.982636875,51.96195966],[4.982565265,51.961916245],[4.982432351,51.961834761],[4.982402096,51.96181572],[4.982382382,51.961802768],[4.98236366,51.961789762],[4.98234533,51.961776534],[4.982255208,51.961709528],[4.982227883,51.961689611],[4.982209208,51.961676621],[4.982199608,51.961670291],[4.982189748,51.961664125],[4.982179328,51.961658018],[4.982168635,51.961652082],[4.982146709,51.96164055],[4.982113117,51.961623695],[4.982034059,51.961584791],[4.982000643,51.96156782],[4.981978986,51.961556112],[4.981968501,51.961550039],[4.981958515,51.961543892],[4.981948775,51.961537589],[4.981929777,51.961524675],[4.981911155,51.961511521],[4.981800894,51.961431658],[4.981763921,51.961405155],[4.981726692,51.961378996],[4.981614398,51.961300847],[4.981577461,51.961274537],[4.98155947,51.961261143],[4.981533136,51.961240723],[4.981507168,51.961220103],[4.98143834,51.961164879],[4.981412099,51.961144506],[4.981403124,51.961137893],[4.981393944,51.961131439],[4.981384478,51.961125209],[4.981374615,51.961119288],[4.98136421,51.961113789],[4.981352883,51.961108693],[4.98134099,51.961104037],[4.981328687,51.961099702],[4.981316091,51.961095595],[4.981303285,51.961091653],[4.981264178,51.961080366],[4.98117207,51.961054681],[4.981146034,51.961047075],[4.981120443,51.961039041],[4.981107934,51.96103475],[4.981095712,51.961030182],[4.981084073,51.961025379],[4.981072713,51.961020311],[4.981061553,51.961015048],[4.98105054,51.961009644],[4.981028788,51.960998569],[4.980985775,51.960975949],[4.980921616,51.960941716],[4.980900411,51.960930187],[4.980879472,51.960918481],[4.980858782,51.960906416],[4.980838368,51.960894166],[4.980737426,51.96083215],[4.980706927,51.960813736],[4.980686199,51.960801792],[4.980675601,51.960796019],[4.980664763,51.960790448],[4.980653596,51.960785154],[4.980641909,51.960780146],[4.980629888,51.960775422],[4.980617623,51.960770903],[4.980605183,51.960766533],[4.980567253,51.960753936],[4.980465103,51.960721192],[4.98043985,51.960712758],[4.980427376,51.960708409],[4.980415061,51.960703923],[4.980402965,51.960699246],[4.980391171,51.960694308],[4.980379617,51.960688992],[4.98036837,51.960683411],[4.980346479,51.960671725],[4.980314415,51.960653525],[4.980177046,51.960573299],[4.98000773,51.960474777],[4.979965069,51.960450378],[4.979932766,51.960432616],[4.979878357,51.960403681],[4.979583434,51.960248193],[4.979550582,51.960230981],[4.979517458,51.960213979],[4.979495138,51.960202965],[4.979461301,51.960186922],[4.979324737,51.960123693],[4.979302238,51.96011296],[4.979280088,51.960101966],[4.979258781,51.960090762],[4.979227409,51.960073515],[4.979124043,51.960015124],[4.979092865,51.959997739],[4.979071817,51.959986349],[4.979050331,51.959975299],[4.979027793,51.959964562],[4.978993216,51.959949051],[4.978946584,51.959928777],[4.978817989,51.959873303],[4.978759316,51.959848203],[4.978641597,51.95979822],[4.978606098,51.959783416],[4.978582196,51.959773795],[4.978557884,51.959764607],[4.978545682,51.959760328],[4.978520913,51.959752155],[4.978483247,51.959740431],[4.978382106,51.95970991],[4.978344621,51.959698088],[4.97833234,51.959693961],[4.978320243,51.959689676],[4.978308404,51.959685169],[4.97829691,51.959680362],[4.978285715,51.95967513],[4.978274874,51.959669591],[4.978264292,51.95966383],[4.978253896,51.959657907],[4.978233455,51.959645758],[4.97816275,51.959602449],[4.978142164,51.959590332],[4.97812105,51.959578612],[4.978099409,51.959567288],[4.978066418,51.959550667],[4.977921912,51.959479558],[4.977888836,51.959462982],[4.97786729,51.959451682],[4.977856827,51.959445877],[4.977846691,51.95943991],[4.97783701,51.959433718],[4.977827949,51.959427219],[4.977819475,51.959420196],[4.977811647,51.959412854],[4.977804284,51.959405281],[4.977797255,51.959397543],[4.977790458,51.959389689],[4.977770833,51.959365749],[4.977649182,51.959212843],[4.977623454,51.959180712],[4.977603904,51.959156705],[4.977590489,51.959140838],[4.977576407,51.959125212],[4.977569214,51.959117776],[4.977554246,51.959103115],[4.977523165,51.959074203],[4.977459954,51.959016763],[4.977435979,51.958995348],[4.977419681,51.958981217],[4.977411354,51.958974233],[4.977394286,51.958960496],[4.977376826,51.958946939],[4.977279125,51.95887315],[4.977252708,51.958852922],[4.977235428,51.958839283],[4.977226971,51.958832379],[4.977210285,51.958818169],[4.977194006,51.958803772],[4.977169939,51.958782015],[4.976930776,51.958563739],[4.976915039,51.958549109],[4.976899601,51.958534366],[4.976892073,51.958526922],[4.976877304,51.958511653],[4.976848826,51.958480714],[4.976785927,51.958410656],[4.976758446,51.958379363],[4.976738368,51.958355584],[4.976351414,51.957885313],[4.976298467,51.957821528],[4.976238004,51.957749739],[4.97622519,51.957733808],[4.976219211,51.957725859],[4.976213714,51.957717927],[4.976208923,51.95771002],[4.976205134,51.957702151],[4.976202752,51.957694332],[4.976202305,51.957686584],[4.976204192,51.957679014],[4.976207974,51.957671512],[4.97621314,51.957664061],[4.976219301,51.957656646],[4.976226163,51.957649258],[4.976241186,51.957634531],[4.976257104,51.957619841],[4.976330283,51.957553824],[4.976346212,51.957539097],[4.976361723,51.957524263],[4.976369205,51.957516772],[4.976376409,51.957509202],[4.976383228,51.957501525],[4.976389523,51.957493698],[4.976395273,51.957485554],[4.976400485,51.957477256],[4.976405309,51.957468847],[4.976409853,51.957460359],[4.976422547,51.957434628],[4.976474814,51.957322357],[4.976535629,51.957192938],[4.97656429,51.95713254],[4.97660186,51.957054846],[4.976610006,51.957037592],[4.976617531,51.957020372],[4.976620829,51.957011788],[4.976623619,51.957003233],[4.976625682,51.956994717],[4.976626728,51.956986259],[4.976626367,51.95697788],[4.976624326,51.956969714],[4.976620915,51.956961624],[4.976616504,51.95695359],[4.976611378,51.956945596],[4.976605748,51.956937628],[4.976599771,51.956929681],[4.9765872,51.956913817],[4.976522244,51.95683451],[4.976464995,51.95676273],[4.976445631,51.956739049],[4.976438931,51.956731327],[4.976431995,51.95672377],[4.976424717,51.95671645],[4.976416954,51.956709468],[4.976408512,51.956702958],[4.976399137,51.956697094],[4.976388827,51.956692107],[4.976377612,51.956687747],[4.976365738,51.956683846],[4.976353384,51.956680275],[4.976340694,51.956676938],[4.976327766,51.956673763],[4.97630149,51.9566677],[4.976141949,51.956632526],[4.976102046,51.956624148],[4.976088688,51.956621583],[4.976075277,51.956619221],[4.976061789,51.956617139],[4.976048193,51.956615441],[4.976034174,51.956614189],[4.976020046,51.956613336],[4.976005836,51.956612774],[4.975977261,51.956612211],[4.975934205,51.956612064],[4.975704203,51.956612667],[4.975086387,51.956613161],[4.97504329,51.956613316],[4.975014565,51.956613579],[4.974986074,51.956614099],[4.974943687,51.956615312],[4.974745951,51.956622369],[4.974675368,51.956625145],[4.974548491,51.956630926],[4.974492132,51.956633661],[4.974463987,51.956635193],[4.9744359,51.956636994],[4.974407704,51.956639311],[4.974379399,51.956642153],[4.974351155,51.956645271],[4.974196037,51.956663501],[4.974153686,51.956668266],[4.974125389,51.956671164],[4.974111206,51.956672459],[4.974083669,51.956674595],[4.974056059,51.95667641],[4.97401458,51.956678845],[4.973876214,51.956686519],[4.973820901,51.956689794],[4.973763548,51.956693597],[4.973591586,51.956705578],[4.973562908,51.956707381],[4.973534202,51.956708906],[4.973505974,51.95670991],[4.973464336,51.956710548],[4.973422654,51.95671073],[4.973339268,51.956710823],[4.973297623,51.956711145],[4.973269925,51.956711753],[4.973256112,51.956712279],[4.973242339,51.956713024],[4.97322811,51.956714077],[4.973213919,51.956715363],[4.973185619,51.956718397],[4.973143265,51.956723545],[4.972804839,51.956767023],[4.972748407,51.956774131],[4.972705989,51.956779024],[4.972677588,51.956781715],[4.972663398,51.956782765],[4.972634921,51.956784411],[4.972592075,51.956786269],[4.97219154,51.956800601],[4.972134337,51.956802764],[4.972091467,51.956804632],[4.972062494,51.956806139],[4.972019064,51.956808638],[4.971845416,51.956819196],[4.971565032,51.956836993],[4.971523179,51.956839374],[4.971494787,51.956840694],[4.971465911,51.956841774],[4.971408116,51.956843587],[4.971032308,51.956854323],[4.970988984,51.956855763],[4.970960157,51.956857014],[4.970931428,51.956858773],[4.970917154,51.956859945],[4.970888697,51.956862754],[4.970846131,51.956867599],[4.970746955,51.956879637],[4.970704415,51.956884514],[4.970675994,51.956887324],[4.97066175,51.956888475],[4.970647472,51.956889369],[4.970633196,51.95688995],[4.970618887,51.956890274],[4.970604552,51.956890414],[4.970561463,51.956890182],[4.970115529,51.95688275],[4.970072393,51.956881807],[4.970044623,51.956881019],[4.96986419,51.956874872],[4.969836435,51.956874131],[4.969808683,51.956873689],[4.969794807,51.956873655],[4.969766308,51.956874073],[4.969723564,51.95687543],[4.969666575,51.95687773],[4.969581103,51.956881404],[4.969538403,51.956883433],[4.969509985,51.95688504],[4.969495804,51.956885987],[4.96946746,51.956888251],[4.969410923,51.956893571],[4.96919918,51.956914876],[4.968987647,51.956935976],[4.968931306,51.956941819],[4.968903207,51.956944975],[4.968861576,51.956950159],[4.968806204,51.956957521],[4.968654048,51.956978134],[4.968612491,51.956983562],[4.96858472,51.956986969],[4.968556463,51.956990144],[4.968513976,51.956994587],[4.968372158,51.95700875],[4.96831536,51.957014064],[4.968286894,51.957016363],[4.968273087,51.957017317],[4.968245428,51.957018973],[4.968217729,51.957020427],[4.968079097,51.957026992],[4.968037555,51.957029184],[4.968009922,51.957030935],[4.967996138,51.957031969],[4.967968105,51.957034488],[4.967940147,51.957037362],[4.967870372,51.95704514],[4.967772779,51.957056388],[4.967731067,51.957061516],[4.967703396,51.957065294],[4.967676245,51.957069485],[4.967649213,51.957073992],[4.967541442,51.957092983],[4.967500996,51.957099909],[4.967473944,51.957104136],[4.967460371,51.95710602],[4.967446744,51.957107672],[4.967433049,51.957109007],[4.967419219,51.95710996],[4.96740532,51.957110596],[4.96739137,51.957110996],[4.967363369,51.957111339],[4.967321241,51.957111265],[4.967194694,51.95711042],[4.967152539,51.957110585],[4.967124196,51.957111142],[4.96709561,51.957112091],[4.967052749,51.957113867],[4.966924214,51.95711984],[4.966881495,51.95712228],[4.966853172,51.957124451],[4.966839098,51.957125844],[4.96682509,51.957127511],[4.966811149,51.957129404],[4.966797253,51.957131461],[4.966769551,51.957135892],[4.966714313,51.957145328],[4.966369378,51.957205355],[4.966327904,51.95721227],[4.966300144,51.957216499],[4.9662862,51.957218393],[4.966272192,51.957220064],[4.966258284,51.957221448],[4.966244313,51.957222613],[4.966216244,51.957224507],[4.966173977,51.95722677],[4.96607519,51.957231497],[4.966047028,51.957233058],[4.966018968,51.95723497],[4.966005004,51.95723615],[4.965991106,51.957237556],[4.965977019,51.957239269],[4.965962999,51.957241214],[4.965935094,51.957245562],[4.965893411,51.957252677],[4.965740837,51.957279715],[4.965685345,51.957289174],[4.965255133,51.957359417],[4.965171817,51.957373333],[4.965087898,51.957388061],[4.964403043,51.957509435],[4.964361306,51.957517232],[4.964347467,51.957519968],[4.964319958,51.957525718],[4.964265268,51.957537831],[4.964074357,51.957581194],[4.964033233,51.957590031],[4.964005571,51.957595409],[4.963991926,51.957597785],[4.963964445,51.957602138],[4.963922969,51.957608129],[4.963853615,51.957617644],[4.963659235,51.957643947],[4.963631533,51.957647817],[4.963603965,51.957651907],[4.963576683,51.957656462],[4.963563226,51.957659043],[4.963549957,51.957661929],[4.963536969,51.957665171],[4.963524168,51.957668715],[4.963511502,51.957672482],[4.963486432,51.957680445],[4.963461561,51.957688731],[4.96332537,51.957735313],[4.963188985,51.957781653],[4.963139653,51.957798758],[4.963115333,51.957807647],[4.963103351,51.957812264],[4.963079369,51.957822134],[4.963055788,51.957832394],[4.963020771,51.957848124],[4.962986043,51.957864087],[4.962963178,51.957874919],[4.96294083,51.95788608],[4.962929993,51.957891877],[4.962919501,51.957897893],[4.962909419,51.957904182],[4.962899683,51.957910691],[4.962880886,51.95792414],[4.962862602,51.957937917],[4.962727902,51.958042777],[4.962512092,51.95821035],[4.962475878,51.958238148],[4.962457467,51.958251884],[4.962448103,51.958258668],[4.962429099,51.958271943],[4.962400015,51.958291547],[4.962292144,51.958362779],[4.962242718,51.958394912],[4.962222548,51.958407516],[4.962212468,51.958413603],[4.962192041,51.958425611],[4.962161043,51.958443399],[4.961963514,51.958555329],[4.961932079,51.958572839],[4.961910832,51.95858431],[4.96190008,51.958589935],[4.961867404,51.958606524],[4.961790397,51.958644788],[4.961757249,51.958661],[4.961734941,51.958671453],[4.961723651,51.958676448],[4.961712214,51.958681194],[4.96170057,51.958685589],[4.961688636,51.958689495],[4.961676311,51.958692735],[4.961663269,51.958695204],[4.961649821,51.958696985],[4.961636076,51.958698267],[4.961622121,51.958699191],[4.961593808,51.958700362],[4.96155086,51.958701316],[4.961349814,51.958704687],[4.961306837,51.958704975],[4.961278235,51.958704564],[4.961263857,51.958704048],[4.961249494,51.958703351],[4.961220793,51.958701601],[4.961177777,51.958698514],[4.961048772,51.958688661],[4.96099139,51.958684551],[4.960935081,51.958681029],[4.9607942,51.958672844],[4.960752015,51.958670095],[4.960723992,51.958667884],[4.960710036,51.958666568],[4.960695941,51.958665043],[4.960667862,51.958661565],[4.960611924,51.958653777],[4.960486305,51.958635389],[4.960458451,51.958631164],[4.960430684,51.958626748],[4.960403096,51.958621976],[4.960375688,51.958616847],[4.960334727,51.958608807],[4.960239329,51.958589672],[4.960198341,51.958581815],[4.960170864,51.958577079],[4.960157039,51.958575],[4.960143126,51.958573213],[4.960128885,51.958571762],[4.960114555,51.95857061],[4.96010016,51.958569675],[4.960085716,51.958568894],[4.960056744,51.958567624],[4.959867869,51.958561191],[4.959795304,51.95855857],[4.959549485,51.958548789],[4.959318992,51.958539153],[4.959275781,51.958537597],[4.959246969,51.958536887],[4.95923256,51.958536715],[4.959203549,51.958536839],[4.959160021,51.958537716],[4.958927838,51.958544579],[4.958725238,51.958551262],[4.958667389,51.958553319],[4.958624093,51.958555296],[4.958595348,51.958557185],[4.958580975,51.958558427],[4.958552326,51.958561372],[4.958509481,51.958566405],[4.958095891,51.958617963],[4.958067449,51.958621708],[4.958039131,51.958625739],[4.958011407,51.958630239],[4.957984273,51.958635193],[4.957930298,51.958645791],[4.957795693,51.958673058],[4.957755398,51.958681386],[4.957715386,51.958690038],[4.957649456,51.958705209],[4.957504778,51.958739227],[4.957465481,51.958748727],[4.957439472,51.958755326],[4.957426573,51.958758772],[4.957413407,51.958762453],[4.957387292,51.958770126],[4.957348417,51.958782047],[4.956909499,51.95891948],[4.956651096,51.959000091],[4.956612539,51.959012384],[4.956587132,51.959020878],[4.956574604,51.959025298],[4.956562255,51.959029894],[4.956550298,51.959034633],[4.956538515,51.959039545],[4.956515292,51.959049711],[4.956492337,51.959060141],[4.956401183,51.95910253],[4.956366848,51.95911828],[4.956343713,51.959128547],[4.956332007,51.959133549],[4.956320163,51.959138419],[4.956308199,51.959143109],[4.956296099,51.95914767],[4.956271624,51.95915653],[4.956234556,51.95916948],[4.956048259,51.959233337],[4.955923847,51.959275759],[4.955886692,51.959288615],[4.955862255,51.959297436],[4.955850243,51.959302004],[4.955838448,51.959306735],[4.955826955,51.959311695],[4.955815875,51.959316967],[4.955805078,51.959322743],[4.955794708,51.959328843],[4.95578465,51.959335177],[4.955774813,51.95934168],[4.955765133,51.9593483],[4.955746058,51.959361757],[4.95567071,51.959416311],[4.955642237,51.959436643],[4.955613186,51.959456635],[4.955593875,51.959469207],[4.955564366,51.959487753],[4.955524647,51.959512264],[4.955464861,51.959548903],[4.955434729,51.959567059],[4.95541434,51.959578954],[4.955403976,51.959584785],[4.95538274,51.9595962],[4.955361132,51.959607357],[4.955284574,51.959645776],[4.955218589,51.959678418],[4.955185079,51.95969429],[4.95516207,51.959704418],[4.955150311,51.959709326],[4.955126539,51.959718922],[4.955090551,51.959733029],[4.954765006,51.959858599],[4.954729046,51.959872711],[4.954705445,51.959882396],[4.954693867,51.959887405],[4.954682518,51.959892584],[4.954671482,51.959897995],[4.954660636,51.959903798],[4.954650114,51.95990984],[4.954629704,51.959922398],[4.954599908,51.959941845],[4.954443008,51.960047058],[4.954344849,51.960112736],[4.954305441,51.960138916],[4.954275492,51.96015831],[4.954265336,51.960164668],[4.954244953,51.96017699],[4.954203431,51.960201165],[4.954109175,51.960255048],[4.95407754,51.960272852],[4.954045388,51.960290281],[4.954023225,51.960301597],[4.954000747,51.960312685],[4.953875938,51.9603728],[4.953853602,51.960383962],[4.953831798,51.960395472],[4.953821236,51.960401449],[4.953810884,51.960407682],[4.953790866,51.960420595],[4.953761761,51.960440569],[4.953685425,51.960494668],[4.953656549,51.960514795],[4.953636902,51.960527959],[4.953626852,51.960534395],[4.953616572,51.960540683],[4.953606146,51.960546717],[4.953595495,51.960552607],[4.95358468,51.960558392],[4.953562732,51.960569756],[4.953451292,51.960625487],[4.953429126,51.960636717],[4.953407204,51.96064811],[4.95338575,51.960659819],[4.953375491,51.960665737],[4.953355384,51.960677851],[4.95331599,51.96070263],[4.953247676,51.960746415],[4.95319906,51.960777794],[4.953170025,51.960796938],[4.953112084,51.960836257],[4.952852537,51.961013876],[4.952823551,51.961033524],[4.952794191,51.961052952],[4.952763733,51.96107224],[4.952732894,51.961091303],[4.952443831,51.961268505],[4.95240213,51.961293551],[4.952381134,51.961305643],[4.952360092,51.961317372],[4.952306918,51.961346317],[4.952242722,51.961380778],[4.952210229,51.961397705],[4.952187921,51.96140876],[4.952165013,51.961419624],[4.952141901,51.961430328],[4.952072158,51.961462132],[4.952013803,51.96148843],[4.951978383,51.961503839],[4.951942341,51.961518615],[4.951893764,51.961537845],[4.951808403,51.961571169],[4.951783902,51.961580576],[4.951759249,51.961589825],[4.951722929,51.9616029],[4.951674153,51.961619975],[4.951600804,51.96164539],[4.951551689,51.961662061],[4.95152689,51.961670089],[4.951514367,51.961673948],[4.951501772,51.961677657],[4.951476337,51.961684763],[4.95143785,51.961695],[4.951296121,51.961731765],[4.951257709,51.961742117],[4.951232267,51.961749364],[4.95118177,51.961764623],[4.951043657,51.961807605],[4.950980841,51.961826769],[4.950482706,51.96197444],[4.950432401,51.961989223],[4.95039499,51.962000026],[4.950357378,51.962010407],[4.950344743,51.962013656],[4.950332026,51.962016724],[4.950319195,51.962019543],[4.95030621,51.962022025],[4.950293176,51.962024078],[4.950279991,51.962025799],[4.950266694,51.962027275],[4.950239876,51.962029733],[4.950199354,51.962032733],[4.950172249,51.962034465],[4.950145105,51.962035972],[4.950117924,51.96203711],[4.950104002,51.962037482],[4.95007613,51.962037891],[4.950048238,51.962038039],[4.950006407,51.962037992],[4.949978565,51.962037765],[4.949950824,51.962037223],[4.949937021,51.962036742],[4.949923288,51.962036045],[4.949909653,51.962035047],[4.949896148,51.96203364],[4.949882547,51.962031697],[4.949869081,51.962029331],[4.949855716,51.962026656],[4.94984242,51.962023758],[4.949829178,51.962020703],[4.949802789,51.962014299],[4.949723848,51.961994369],[4.94968428,51.961984588],[4.949657745,51.961978383],[4.949644389,51.961975455],[4.949630944,51.961972701],[4.949617163,51.961970117],[4.949589353,51.961965433],[4.949561352,51.961961129],[4.949533257,51.961957006],[4.949392509,51.961936951],[4.949336106,51.961929293],[4.949307786,51.961925873],[4.949293715,51.961924367],[4.949265486,51.961921654],[4.949237187,51.961919173],[4.948967888,51.961897142],[4.948769424,51.961880491],[4.948741105,51.961878387],[4.948712844,51.961876777],[4.948698753,51.961876304],[4.948684702,51.961876175],[4.948670707,51.961876515],[4.948656731,51.961877434],[4.948642811,51.961878827],[4.948628932,51.961880563],[4.948601253,51.961884704],[4.948573632,51.961889338],[4.948408101,51.961918812],[4.94828392,51.9619407],[4.948145849,51.961964842],[4.94800757,51.961988748],[4.94796637,51.961996262],[4.947952792,51.961998949],[4.947939357,51.962001802],[4.94792612,51.96200489],[4.947913163,51.962008302],[4.947900589,51.962012161],[4.947888439,51.96201658],[4.947876676,51.96202145],[4.947865193,51.962026651],[4.947853912,51.962032094],[4.947842773,51.962037708],[4.947820751,51.962049266],[4.947766034,51.962078699],[4.947743857,51.96209008],[4.947732594,51.96209549],[4.947721149,51.962100589],[4.947709453,51.962105245],[4.947697417,51.962109273],[4.947684923,51.962112436],[4.94767591,51.962113996],[4.947666665,51.962115075],[4.947653882,51.962115896],[4.947640882,51.962116137],[4.947627763,51.962115929],[4.947614617,51.962115355],[4.947601538,51.962114463],[4.947588636,51.962113258],[4.947576033,51.962111711],[4.947563892,51.962109753],[4.947552408,51.962107272],[4.947541838,51.962104108],[4.947532508,51.962100039],[4.94752431,51.962094595],[4.947517469,51.962088181],[4.94751162,51.962081061],[4.947506486,51.962073438],[4.947501857,51.962065461],[4.94749758,51.962057244],[4.947489658,51.962040385],[4.947448792,51.961946143],[4.947385154,51.96180144],[4.947373558,51.961776073],[4.947365043,51.96175949],[4.947360298,51.961751403],[4.947355038,51.961743529],[4.947349062,51.961735954],[4.947342107,51.961728787],[4.947333869,51.961722051],[4.947324634,51.961715732],[4.947314674,51.961709715],[4.947304195,51.961703913],[4.947282255,51.961692721],[4.947248174,51.961676417],[4.947167734,51.961638756],[4.947110509,51.961611747],[4.946939565,51.961530325],[4.946916538,51.961519736],[4.946904896,51.96151458],[4.946893119,51.961509573],[4.946881153,51.961504772],[4.946868924,51.961500255],[4.946856236,51.961496039],[4.946843282,51.961492113],[4.946830135,51.961488396],[4.946803472,51.961481363],[4.946776538,51.961474624],[4.946586969,51.961428587],[4.946546108,51.961419225],[4.946532382,51.961416315],[4.946518568,51.961413583],[4.946491487,51.961408873],[4.946464148,51.961404674],[4.946436674,51.961400745],[4.946354056,51.961389368],[4.946326643,51.961385391],[4.946299476,51.96138104],[4.946286059,51.961378614],[4.946272808,51.961375932],[4.946259788,51.961372905],[4.946246869,51.961369405],[4.946234184,51.961365549],[4.946221671,51.961361435],[4.946209279,51.961357136],[4.946184728,51.961348186],[4.946160335,51.961338986],[4.946002159,51.96127854],[4.945965958,51.961264381],[4.945942286,51.961254584],[4.945930718,51.961249476],[4.945919423,51.961244158],[4.945908484,51.961238593],[4.945897817,51.961232818],[4.945877018,51.961220848],[4.945846517,51.96120235],[4.945695667,51.961108579],[4.945494158,51.960983829],[4.945444083,51.960952464],[4.945424375,51.960939728],[4.945395842,51.960920523],[4.945367723,51.960901073],[4.945293146,51.96084897],[4.945274296,51.960836095],[4.945255084,51.960823485],[4.945245236,51.960817357],[4.945235143,51.960811407],[4.945224714,51.960805703],[4.945213625,51.960800174],[4.945202185,51.9607949],[4.94517862,51.960784855],[4.945154529,51.960775194],[4.945130195,51.96076571],[4.944922516,51.960685715],[4.944495733,51.960520409],[4.944459065,51.960506335],[4.944422111,51.960492571],[4.944397041,51.960483771],[4.944358777,51.960471137],[4.944204295,51.96042215],[4.944165776,51.960409787],[4.944127566,51.960397114],[4.944089759,51.960384067],[4.943713527,51.960251503],[4.943650943,51.960229282],[4.943626039,51.960220257],[4.943589799,51.960206777],[4.943445602,51.960152067],[4.943421407,51.960143139],[4.943396975,51.960134486],[4.94338461,51.960130334],[4.943359168,51.960122362],[4.943333393,51.960114779],[4.943307448,51.960107393],[4.943111973,51.960053021],[4.942981485,51.960016927],[4.942942467,51.960005976],[4.942916711,51.959998434],[4.942903993,51.959994514],[4.942891441,51.959990435],[4.942879125,51.959986137],[4.942867128,51.959981536],[4.942855323,51.959976479],[4.94284385,51.959971111],[4.942832615,51.959965519],[4.942821554,51.959959764],[4.942788948,51.959941952],[4.942724418,51.959905675],[4.942702744,51.95989371],[4.942680772,51.959881988],[4.942669592,51.959876283],[4.942658217,51.959870735],[4.942646952,51.959865532],[4.942635503,51.959860477],[4.942612231,51.959850666],[4.94258867,51.959841088],[4.942517622,51.959812664],[4.942494212,51.959802993],[4.942471292,51.959792967],[4.942460145,51.959787725],[4.942449315,51.959782254],[4.942439064,51.95977662],[4.94242912,51.959770763],[4.942409848,51.959758602],[4.942381776,51.95973975],[4.94232636,51.959701524],[4.942307656,51.959688973],[4.942298157,51.959682816],[4.942288505,51.959676784],[4.942278637,51.959670925],[4.942268474,51.959665305],[4.942257913,51.959660008],[4.942246629,51.959654999],[4.94223493,51.959650325],[4.94222293,51.959645896],[4.942198337,51.959637517],[4.942160696,51.959625557],[4.942046874,51.95959037],[4.942009196,51.959578344],[4.941959462,51.959561692],[4.94187294,51.959531963],[4.941848337,51.959523365],[4.941823918,51.95951461],[4.94179989,51.959505523],[4.941788129,51.959500765],[4.941776623,51.95949579],[4.941765157,51.959490421],[4.941753956,51.959484824],[4.941732076,51.959473189],[4.94169993,51.959455165],[4.941445177,51.959308936],[4.941413197,51.959290759],[4.941380887,51.95927282],[4.941359338,51.959261377],[4.941327026,51.959244971],[4.941196111,51.959180542],[4.941163552,51.95916432],[4.941142107,51.959153326],[4.941131531,51.959147728],[4.941110542,51.95913603],[4.941089843,51.959123742],[4.941059353,51.959104926],[4.940908378,51.959009831],[4.94077726,51.958927568],[4.940747318,51.958908425],[4.94072781,51.958895433],[4.940718321,51.958888804],[4.940709097,51.958882042],[4.940700161,51.958875083],[4.940691493,51.958867989],[4.940674687,51.958853534],[4.940658284,51.958838874],[4.940472452,51.95866887],[4.940448564,51.958646566],[4.940433066,51.95863153],[4.940425531,51.958623925],[4.940410808,51.958608582],[4.94038918,51.95858539],[4.940082494,51.958251712],[4.93996062,51.958119941],[4.939939513,51.958096597],[4.939926152,51.958080875],[4.939919901,51.958072917],[4.939914091,51.958064861],[4.939908891,51.958056668],[4.93990442,51.958048282],[4.939900563,51.958039758],[4.939897153,51.958031133],[4.939891205,51.958013689],[4.93988591,51.957996099],[4.93987095,51.957943119],[4.939865594,51.957925552],[4.939862671,51.957916827],[4.939859483,51.957908168],[4.939855924,51.9578996],[4.939851845,51.95789116],[4.939847052,51.957882895],[4.939841413,51.957874877],[4.939835068,51.957867032],[4.939828206,51.957859314],[4.939820977,51.957851687],[4.939805823,51.957836602],[4.939782262,51.957814179],[4.939576053,51.957620363],[4.939560491,51.957605369],[4.939545426,51.957590231],[4.939538231,51.957582564],[4.939531385,51.957574796],[4.939525019,51.957566889],[4.939519284,51.957558877],[4.939514021,51.957550727],[4.939504434,51.957534154],[4.939491272,51.957508944],[4.939436563,51.957399002],[4.93937298,51.95727623],[4.939359752,51.957251812],[4.939350332,51.957235698],[4.939345282,51.957227734],[4.939339892,51.957219863],[4.939334015,51.957212011],[4.939321315,51.957196565],[4.939307862,51.957181326],[4.93926599,51.95713602],[4.939159258,51.957021962],[4.939064422,51.956921396],[4.938976452,51.956828667],[4.93895466,51.956805438],[4.938940592,51.956789844],[4.938933849,51.95678198],[4.938927416,51.956774043],[4.938921415,51.956766005],[4.938916011,51.956757828],[4.938911345,51.956749502],[4.938907275,51.956741038],[4.938903636,51.956732473],[4.938900308,51.956723835],[4.938891386,51.956697675],[4.938872208,51.956636252],[4.938866535,51.956618738],[4.938860471,51.956601298],[4.938857181,51.956592626],[4.938853627,51.956584005],[4.938849712,51.95657545],[4.938845414,51.956567079],[4.938835854,51.956550516],[4.938820221,51.956525914],[4.938793072,51.956485115],[4.938738528,51.956403834],[4.938652854,51.956277291],[4.938620584,51.956229265],[4.938424884,51.955934336],[4.938409023,51.95590965],[4.938394048,51.955885296],[4.938335962,51.955787429],[4.938321205,51.955763038],[4.938310933,51.95574691],[4.938299891,51.955731018],[4.938293885,51.955723221],[4.938287241,51.955715321],[4.938280223,51.955707535],[4.938265452,51.955692189],[4.938250122,51.955677016],[4.938132511,51.955564018],[4.93799955,51.955435846],[4.937975694,51.955413399],[4.937959333,51.955398633],[4.93795098,51.955391405],[4.937933913,51.955377108],[4.937907825,51.955355873],[4.937600604,51.955109369],[4.937451881,51.954989309],[4.937434126,51.954975363],[4.937415889,51.954961749],[4.937406444,51.954955167],[4.93739666,51.954948818],[4.937386412,51.95494279],[4.937375477,51.954937092],[4.937364069,51.95493172],[4.937352316,51.954926585],[4.93734032,51.954921619],[4.937315869,51.954912002],[4.93727865,51.954897951],[4.937166486,51.954856148],[4.93693008,51.954767657],[4.936905362,51.954758212],[4.936880944,51.954748534],[4.936868938,51.954743535],[4.936857144,51.954738371],[4.936845643,51.954732979],[4.936834674,51.954727401],[4.93682399,51.9547216],[4.936803186,51.954709558],[4.936772714,51.95469092],[4.936722442,51.954659447],[4.936692088,51.954640691],[4.936671532,51.954628412],[4.936650438,51.954616508],[4.936628277,51.954605021],[4.936605566,51.954593918],[4.936524803,51.954555964],[4.936502005,51.954544987],[4.936490812,51.95453939],[4.936479845,51.954533672],[4.936469197,51.954527785],[4.936458997,51.95452166],[4.936449411,51.95451521],[4.936440943,51.954508664],[4.936433044,51.954501814],[4.936425568,51.954494741],[4.9364184,51.954487506],[4.936404659,51.954472719],[4.936365027,51.954427506],[4.93635161,51.954412531],[4.936344725,51.95440513],[4.936337651,51.954397822],[4.936330317,51.954390641],[4.936322625,51.954383634],[4.936314452,51.954376864],[4.936305365,51.954370146],[4.936295766,51.954363678],[4.936285791,51.954357393],[4.936275548,51.95435124],[4.936265113,51.954345183],[4.936243883,51.95433324],[4.936190156,51.954303704],[4.936168836,51.954291797],[4.936147938,51.95427967],[4.936137773,51.954273458],[4.936127895,51.954267095],[4.936118413,51.954260524],[4.936109731,51.954253951],[4.936101418,51.954247183],[4.936085534,51.954233258],[4.936070226,51.95421903],[4.936055195,51.954204656],[4.936003254,51.95415402],[4.935981505,51.954132154],[4.935967609,51.95411738],[4.935960997,51.954109884],[4.935954427,51.954101972],[4.935948122,51.954093973],[4.935936036,51.954077805],[4.935918597,51.954053327],[4.935872839,51.953987812],[4.935855027,51.953963472],[4.935842318,51.953947533],[4.935835498,51.953939726],[4.935828227,51.953932031],[4.935820615,51.953924455],[4.935812754,51.953916965],[4.935796556,51.953902151],[4.935746592,51.953858169],[4.935696141,51.953814399],[4.935678939,51.953800023],[4.935670134,51.953792945],[4.935661115,51.953785983],[4.9356518,51.953779181],[4.935642236,51.95377265],[4.935632379,51.953766274],[4.935612092,51.953753835],[4.93558092,51.953735579],[4.935412864,51.953639183],[4.935255854,51.953548407],[4.935224352,51.953530345],[4.935203091,51.953518541],[4.935192298,51.953512788],[4.935181334,51.953507192],[4.93517013,51.953501816],[4.935158595,51.953496741],[4.935146755,51.95349207],[4.935134589,51.953487695],[4.935122186,51.953483537],[4.935109614,51.953479535],[4.935084145,51.953471825],[4.935032656,51.953456908],[4.934929349,51.953427409],[4.934890434,51.953416641],[4.934864249,51.953409838],[4.934850785,51.953406568],[4.934823652,51.953400344],[4.934768995,51.953388502],[4.934563366,51.953345078],[4.934412304,51.953313479],[4.934384977,51.953307594],[4.934357959,51.953301401],[4.934344667,51.953298086],[4.934331609,51.95329454],[4.934318875,51.953290669],[4.934306588,51.953286351],[4.934294952,51.953281532],[4.934283758,51.953276273],[4.934272883,51.953270694],[4.934262238,51.953264884],[4.934251756,51.953258913],[4.934220839,51.953240469],[4.934118803,51.953177955],[4.934006176,51.953109531],[4.933975666,51.953090767],[4.933955645,51.953078084],[4.933936183,51.953065092],[4.933926739,51.953058392],[4.933908368,51.953044709],[4.933881498,51.953023806],[4.933686939,51.952869137],[4.933660757,51.9528479],[4.93364377,51.952833546],[4.933635539,51.952826258],[4.933619988,51.95281164],[4.933605,51.952796783],[4.933583016,51.952774289],[4.933503273,51.952691442],[4.933481071,51.952669043],[4.933465734,51.952654342],[4.93345777,51.952647119],[4.933449592,51.952640051],[4.9334412,51.952633076],[4.933423989,51.952619312],[4.933397603,51.95259891],[4.933326633,51.952544763],[4.933300498,51.952524245],[4.933283626,51.952510319],[4.933267636,51.952496231],[4.933252118,51.952481932],[4.933229258,51.952460297],[4.932937898,51.95218098],[4.932883535,51.952129186],[4.932813206,51.952062673],[4.932797942,51.952047828],[4.932783428,51.952032851],[4.932776693,51.952025271],[4.932770508,51.952017594],[4.932765087,51.952009782],[4.932760716,51.952001786],[4.932757589,51.951993452],[4.932755535,51.951984929],[4.932754261,51.951976269],[4.932753548,51.951967511],[4.932753179,51.951949807],[4.932753566,51.951931974],[4.932755841,51.951869354],[4.932755916,51.951851497],[4.93275567,51.951842584],[4.93275514,51.951833688],[4.932754222,51.951824813],[4.932752825,51.95181593],[4.932748975,51.95179822],[4.932744294,51.951780555],[4.932736591,51.951754095],[4.932688814,51.951595437],[4.932623184,51.951375021],[4.932615051,51.951348612],[4.932609226,51.951331068],[4.932602693,51.951313635],[4.932599008,51.95130497],[4.93259099,51.951287743],[4.932573688,51.951253485],[4.932524708,51.951159493],[4.932502811,51.951116702],[4.932482645,51.951075569],[4.932431084,51.950968457],[4.932407625,51.950918749],[4.932369259,51.950835067],[4.932350421,51.950793172],[4.932339784,51.950767934],[4.932330286,51.950742723],[4.932321375,51.950717423],[4.932292546,51.950632956],[4.932278482,51.950590453],[4.932226655,51.950427448],[4.932133999,51.95013166],[4.932119968,51.950088219],[4.932110666,51.950062332],[4.932100427,51.950036683],[4.932061016,51.949942899],[4.932042612,51.949900356],[4.932034793,51.949883421],[4.932022027,51.949857924],[4.932004201,51.949824073],[4.931968055,51.949756457],[4.931958834,51.949739602],[4.93194929,51.949722836],[4.931939075,51.94970625],[4.931933536,51.949698074],[4.931927781,51.949690225],[4.931915449,51.949674749],[4.931895832,51.949651836],[4.931670723,51.94939923],[4.931650353,51.949375936],[4.931637226,51.949360279],[4.931630922,51.949352377],[4.931624878,51.949344401],[4.931619097,51.94933625],[4.931613582,51.949328023],[4.931603088,51.949311417],[4.931588068,51.949286296],[4.931549064,51.949218975],[4.931539029,51.949202275],[4.931533815,51.949194013],[4.931528382,51.94918585],[4.931522633,51.949177832],[4.931516433,51.949170019],[4.931509606,51.949162491],[4.931501912,51.949155359],[4.931493165,51.949148709],[4.931483554,51.949142452],[4.931473315,51.949136482],[4.931462627,51.949130716],[4.931440404,51.949119572],[4.931417579,51.9491087],[4.931290539,51.949049594],[4.931060468,51.948941756],[4.931037772,51.948930777],[4.931026578,51.948925189],[4.931015546,51.948919498],[4.931004741,51.948913662],[4.93099425,51.948907625],[4.930984102,51.94890132],[4.930974269,51.948894813],[4.930964664,51.948888161],[4.930945897,51.948874575],[4.930909148,51.948846898],[4.930671754,51.948666064],[4.930653302,51.948652276],[4.930634517,51.948638704],[4.930624895,51.948632065],[4.930615038,51.948625577],[4.930604856,51.9486193],[4.930594434,51.948613365],[4.930583693,51.948607635],[4.93056158,51.948596582],[4.930538979,51.948585843],[4.930516143,51.948575255],[4.930401366,51.948522703],[4.930378627,51.948512053],[4.930356234,51.948501181],[4.930345268,51.948495597],[4.930334538,51.948489862],[4.93032413,51.948483919],[4.93031433,51.948477863],[4.93030484,51.948471606],[4.93028648,51.948458695],[4.930259757,51.948438802],[4.930172096,51.948371589],[4.930137327,51.948344567],[4.930120252,51.948330912],[4.930094463,51.948309404],[4.930010391,51.948236817],[4.92998482,51.948215246],[4.929967193,51.948201193],[4.929958044,51.948194357],[4.929948555,51.948187714],[4.929938713,51.948181345],[4.929928535,51.948175166],[4.92991811,51.948169127],[4.929896788,51.948157318],[4.92986421,51.948139941],[4.929732873,51.948071022],[4.929678322,51.948042201],[4.929645934,51.948024683],[4.929624757,51.948012732],[4.929614267,51.948006554],[4.929593625,51.947993976],[4.929563109,51.947974815],[4.929310772,51.947813851],[4.929280362,51.947794617],[4.929249636,51.947775581],[4.929218641,51.947757091],[4.929187334,51.947738797],[4.928883455,51.947562731],[4.928852233,51.947544387],[4.928831691,51.947531993],[4.928811617,51.947519343],[4.9287823,51.947499928],[4.928743761,51.947473705],[4.928686244,51.947434201],[4.928657749,51.947414315],[4.928639097,51.947400886],[4.928629964,51.947394073],[4.928612447,51.947380403],[4.928586879,51.947359543],[4.928553263,51.947331488],[4.928494713,51.947282258],[4.928469947,51.947261029],[4.928453852,51.94724671],[4.928446037,51.947239456],[4.928430699,51.947224416],[4.928408593,51.947201491],[4.928343788,51.947132107],[4.928321898,51.947109094],[4.928306889,51.94709392],[4.928299153,51.947086426],[4.928283063,51.94707164],[4.928258065,51.947049809],[4.928215635,51.947013731],[4.928130446,51.946941712],[4.928020845,51.946849688],[4.927986913,51.946821476],[4.92796969,51.946807501],[4.927952055,51.946793732],[4.927942908,51.946786899],[4.92791477,51.946766747],[4.927886137,51.946746847],[4.927577657,51.9465344],[4.927431872,51.946434953],[4.927402456,51.946415222],[4.927382551,51.946402249],[4.927372432,51.946395865],[4.927352452,51.94638376],[4.927321888,51.94636597],[4.927167178,51.946278174],[4.927001802,51.946184925],[4.926971369,51.946167127],[4.926951762,51.946154885],[4.926942335,51.946148557],[4.926932945,51.946141829],[4.926914962,51.946127933],[4.926889052,51.946106504],[4.926829848,51.946055806],[4.926804187,51.946034237],[4.9267866,51.94602012],[4.926777532,51.94601321],[4.926768188,51.946006451],[4.926758521,51.945999885],[4.926738434,51.945987162],[4.926717756,51.945974762],[4.926601903,51.945907712],[4.926581137,51.945895342],[4.926560796,51.94588272],[4.926541907,51.945870276],[4.926523417,51.945857594],[4.926414297,51.945780424],[4.926395886,51.945767692],[4.926377161,51.945755144],[4.926357379,51.945742491],[4.926337268,51.945730029],[4.926215101,51.945656136],[4.926174691,51.945631312],[4.926134692,51.945605882],[4.926045507,51.945548168],[4.925996196,51.945515968],[4.925956954,51.945489713],[4.925684025,51.945304012],[4.925654915,51.945284051],[4.925635755,51.945270623],[4.925617051,51.945256974],[4.925607992,51.945250007],[4.925590692,51.945235784],[4.92556583,51.945213921],[4.925509199,51.945162236],[4.925484649,51.945140231],[4.92546778,51.94512582],[4.925459057,51.945118763],[4.925450044,51.945111855],[4.925440951,51.945105322],[4.925431582,51.945098932],[4.925422009,51.945092647],[4.925402458,51.945080285],[4.925372604,51.945062013],[4.925312513,51.945025668],[4.925282892,51.945007284],[4.925263727,51.944994738],[4.925254472,51.944988301],[4.925245544,51.944981702],[4.925236775,51.944974712],[4.925228347,51.944967552],[4.92521217,51.944952892],[4.925188793,51.944930463],[4.925142748,51.944885247],[4.925119252,51.944862861],[4.925102929,51.94484825],[4.9250944,51.944841117],[4.925085531,51.94483413],[4.925076394,51.944827269],[4.925057587,51.9448138],[4.925028687,51.94479392],[4.924736387,51.944596689],[4.924707746,51.944576694],[4.924689385,51.944563026],[4.924680617,51.944556003],[4.9246723,51.944548879],[4.924656478,51.944534258],[4.924633834,51.944511825],[4.924420752,51.944292291],[4.924398362,51.944269738],[4.924382954,51.944254923],[4.924374972,51.944247642],[4.924366709,51.944240488],[4.924358084,51.944233477],[4.924349176,51.944226593],[4.924340065,51.944219803],[4.924321442,51.944206404],[4.924283474,51.944179935],[4.924035278,51.944008528],[4.924007032,51.943988574],[4.923988735,51.943975033],[4.923979892,51.943968125],[4.92397136,51.943961079],[4.923963397,51.943954037],[4.923955732,51.943946863],[4.923941002,51.943932247],[4.923919708,51.943909962],[4.923856938,51.94384261],[4.923835407,51.943820429],[4.923820322,51.943805969],[4.923812378,51.943798918],[4.923804021,51.943791975],[4.9237865,51.943778452],[4.92376834,51.943765213],[4.923749866,51.943752113],[4.923703222,51.943719568],[4.923665682,51.94369366],[4.923637099,51.943674489],[4.92362738,51.943668214],[4.923606889,51.94365551],[4.923586036,51.943643025],[4.923554449,51.943624481],[4.923057512,51.943335226],[4.92303648,51.943322854],[4.923015686,51.943310349],[4.922995386,51.943297569],[4.922985552,51.943291002],[4.922976031,51.943284295],[4.92296674,51.943277459],[4.922939699,51.943256489],[4.922895668,51.943220962],[4.922694076,51.943056977],[4.922667532,51.943035744],[4.922649393,51.943021866],[4.922640057,51.943015096],[4.922630444,51.943008499],[4.922620447,51.943002143],[4.922610072,51.94299613],[4.922599319,51.942990354],[4.922588291,51.942984751],[4.922565708,51.942973878],[4.922542732,51.942963252],[4.922334063,51.942868799],[4.921952105,51.942695269],[4.921894428,51.942668818],[4.921860224,51.942652577],[4.92182642,51.942635914],[4.921725696,51.942585364],[4.921681284,51.942562668],[4.921659506,51.942551048],[4.921648846,51.942545092],[4.92163842,51.942538989],[4.921628563,51.942532886],[4.921618928,51.942526641],[4.921600102,51.942513869],[4.921581624,51.942500877],[4.921508612,51.942448338],[4.921481076,51.942428726],[4.921453002,51.942409434],[4.92143348,51.942396873],[4.92141323,51.942384562],[4.921392668,51.942372436],[4.921288731,51.942312469],[4.92125719,51.942294775],[4.921235722,51.942283355],[4.921224732,51.942277862],[4.921213485,51.942272587],[4.921202068,51.942267641],[4.921190401,51.94226291],[4.921166558,51.942253876],[4.921130121,51.942240896],[4.921007662,51.94219847],[4.920971375,51.942185321],[4.920947673,51.942176097],[4.920924688,51.942166329],[4.920890938,51.942150997],[4.920857557,51.942135316],[4.920768852,51.942093214],[4.920735388,51.942077614],[4.920712819,51.942067461],[4.920701387,51.942062522],[4.92068981,51.942057721],[4.920677603,51.942052912],[4.92066524,51.942048251],[4.92064021,51.942039216],[4.92058959,51.942021671],[4.920487863,51.941987064],[4.920462297,51.941978592],[4.920436522,51.941970388],[4.920410681,51.941962779],[4.920384782,51.941955751],[4.920345582,51.941945666],[4.920240554,51.941919415],[4.920201253,51.941909459],[4.920162225,51.941899139],[4.920136491,51.941891791],[4.920110997,51.941884034],[4.920073031,51.941872033],[4.919720089,51.941758151],[4.919669609,51.941741957],[4.91963162,51.941729969],[4.919553543,51.941706207],[4.91913597,51.941580908],[4.919096613,51.941569443],[4.919044294,51.941554896],[4.918781514,51.941483745],[4.918623935,51.941440876],[4.918571253,51.941426889],[4.918544693,51.941420316],[4.918531297,51.941417254],[4.918517783,51.941414417],[4.918504219,51.941411874],[4.918490539,51.941409554],[4.918476773,51.941407398],[4.918449078,51.941403402],[4.918407329,51.941397807],[4.918239991,51.941376076],[4.917975165,51.941341443],[4.917933412,51.941335822],[4.917891807,51.94132983],[4.917850362,51.941323144],[4.917809066,51.941316084],[4.917396721,51.941243964],[4.917355401,51.941236982],[4.917327749,51.941232613],[4.917313866,51.941230588],[4.917285923,51.941226938],[4.917243789,51.941222062],[4.916835212,51.941178424],[4.916793004,51.941173739],[4.916750944,51.941168623],[4.916723067,51.941164764],[4.916681401,51.941158538],[4.916515096,51.941132563],[4.916418545,51.94111712],[4.916268473,51.941092201],[4.916241161,51.941087939],[4.916213798,51.941084147],[4.916200083,51.941082565],[4.916186334,51.941081305],[4.916172537,51.941080483],[4.916158563,51.941080193],[4.916144539,51.941080349],[4.916130481,51.941080832],[4.916116398,51.94108155],[4.916088183,51.941083441],[4.916059931,51.941085665],[4.915960998,51.941093953],[4.915932759,51.941096046],[4.915918656,51.941096936],[4.91590457,51.941097661],[4.915890507,51.941098153],[4.915876479,51.941098324],[4.915862495,51.941098054],[4.915848445,51.94109724],[4.915834442,51.941095982],[4.915820472,51.941094399],[4.915806526,51.941092584],[4.915778679,51.941088514],[4.915736963,51.941081882],[4.915597975,51.941059184],[4.91538948,51.941025452],[4.915347668,51.941019159],[4.915319653,51.941015507],[4.915305568,51.941013987],[4.915291393,51.941012738],[4.915262887,51.941010853],[4.915219917,51.941008841],[4.914846514,51.940995314],[4.91478911,51.940993069],[4.914760482,51.940991658],[4.91474621,51.94099079],[4.914731982,51.940989758],[4.914717813,51.940988496],[4.914703619,51.940986945],[4.914675394,51.940983212],[4.914647297,51.940978987],[4.914619263,51.940974525],[4.914283268,51.940919332],[4.914227224,51.940910306],[4.914199127,51.94090609],[4.914185036,51.940904148],[4.914170901,51.940902376],[4.914156706,51.940900841],[4.914142637,51.940899611],[4.91412851,51.940898611],[4.91411434,51.940897781],[4.914085916,51.940896445],[4.914028916,51.940894369],[4.913670912,51.940882551],[4.913627893,51.940880781],[4.913599357,51.940879114],[4.913585174,51.940877998],[4.913571073,51.940876595],[4.913557165,51.940874853],[4.91354334,51.940872829],[4.913515856,51.940868219],[4.913488498,51.940863179],[4.913079381,51.940783377],[4.913038421,51.940775535],[4.913011033,51.940770532],[4.912983497,51.940765937],[4.912969636,51.940763899],[4.912955464,51.940762066],[4.912941224,51.940760428],[4.912912602,51.940757537],[4.912855097,51.940752471],[4.912696714,51.940739214],[4.912480809,51.940720916],[4.91243758,51.94071764],[4.912408703,51.940715901],[4.912394324,51.940715262],[4.91236552,51.94071434],[4.912336679,51.940713697],[4.912163483,51.940710921],[4.912091555,51.94070925],[4.911302174,51.940685865],[4.911231117,51.940683922],[4.911091124,51.940680533],[4.911049162,51.940679397],[4.911021256,51.940678398],[4.910993477,51.940676947],[4.910979669,51.940675932],[4.910965944,51.940674626],[4.910951986,51.940672922],[4.910938115,51.940670914],[4.910910542,51.940666297],[4.910869406,51.940658582],[4.910746301,51.940634364],[4.910718868,51.940629219],[4.910691313,51.940624443],[4.910677456,51.940622294],[4.910663523,51.940620384],[4.910649576,51.940618775],[4.910621469,51.940616202],[4.910593197,51.940614138],[4.910550649,51.940611465],[4.910167259,51.940588837],[4.910124716,51.940586085],[4.910096415,51.940583989],[4.91006833,51.940581485],[4.910026545,51.940577024],[4.90988763,51.94056056],[4.909845922,51.940555868],[4.909818061,51.940553137],[4.909804097,51.940551997],[4.909790101,51.940551084],[4.909775914,51.94055044],[4.909761692,51.940550026],[4.909733185,51.940549657],[4.909690337,51.9405497],[4.909547377,51.940550639],[4.909504503,51.940550498],[4.909476107,51.940550061],[4.909419329,51.9405487],[4.909206421,51.940542764],[4.909021816,51.940537893],[4.908979373,51.940536309],[4.908965299,51.940535559],[4.908951293,51.940534619],[4.908937375,51.940533411],[4.908923583,51.940531836],[4.90891003,51.940529833],[4.908896602,51.940527465],[4.908883264,51.940524833],[4.90886999,51.940522007],[4.908843571,51.940515981],[4.908817246,51.940509678],[4.908738404,51.940490375],[4.908698884,51.940481055],[4.90867238,51.940475356],[4.90865904,51.940472806],[4.908645605,51.94047056],[4.908632046,51.940468728],[4.908617922,51.940467366],[4.908603667,51.940466438],[4.908589317,51.940465827],[4.908574899,51.940465441],[4.908560432,51.940465214],[4.908531414,51.940465049],[4.908444147,51.940465164],[4.90841507,51.940465024],[4.908386029,51.940464563],[4.90837153,51.94046413],[4.908342965,51.940462778],[4.908314444,51.940460997],[4.908271703,51.94045795],[4.907901416,51.940430138],[4.90787298,51.940427855],[4.907844621,51.940425326],[4.907816417,51.940422308],[4.907802521,51.940420534],[4.907788678,51.940418597],[4.90776109,51.940414404],[4.907719841,51.940407696],[4.9076238,51.940391451],[4.907596429,51.940386662],[4.907568962,51.940381665],[4.907486394,51.940365807],[4.907142906,51.940298596],[4.907101559,51.940290862],[4.907073837,51.940286119],[4.907059887,51.940283979],[4.907045762,51.940282034],[4.907031571,51.940280262],[4.907003059,51.940277058],[4.906960117,51.940272701],[4.906845422,51.940261572],[4.906802592,51.940256972],[4.906774269,51.940253359],[4.906760238,51.940251246],[4.906746431,51.940248878],[4.906719074,51.940243536],[4.906678377,51.940234716],[4.906286745,51.940145311],[4.906246173,51.940136178],[4.906205441,51.94012735],[4.906178123,51.940121863],[4.906136901,51.940114231],[4.905971245,51.940085172],[4.905929927,51.940077711],[4.905902477,51.940072511],[4.905861443,51.940064367],[4.905820498,51.940056049],[4.905438631,51.939977814],[4.905397661,51.939969543],[4.90535655,51.939961561],[4.905328672,51.939956486],[4.905300711,51.939951585],[4.905188616,51.939932477],[4.905132488,51.939923126],[4.905090234,51.939916549],[4.905062504,51.939912776],[4.905021576,51.939908],[4.904980496,51.939903641],[4.904898236,51.939895201],[4.904857242,51.939890726],[4.904830122,51.939887349],[4.904816684,51.939885431],[4.904803368,51.939883281],[4.904790219,51.939880817],[4.904777057,51.93987792],[4.904764067,51.9398747],[4.904751203,51.939871243],[4.904725724,51.939863858],[4.904700434,51.939856116],[4.904599643,51.939824454],[4.904574279,51.939816851],[4.904561509,51.939813212],[4.904548649,51.939809742],[4.904535662,51.939806507],[4.904522506,51.939803589],[4.904509287,51.939801083],[4.904495901,51.939798888],[4.904468796,51.939795121],[4.904427695,51.939790296],[4.904036109,51.939748757],[4.903993598,51.939744053],[4.903965348,51.93974066],[4.903951273,51.93973882],[4.903923638,51.939734833],[4.903882367,51.939728333],[4.903772588,51.939710206],[4.903717893,51.9397008],[4.903690777,51.939695713],[4.903677343,51.939692965],[4.903664032,51.939690014],[4.903650787,51.93968679],[4.903637667,51.939683358],[4.903611677,51.939676077],[4.903585884,51.939668469],[4.903496034,51.93964112],[4.903457407,51.939629695],[4.903431428,51.939622605],[4.903418307,51.939619372],[4.903405049,51.939616459],[4.903391603,51.939613982],[4.903377928,51.939612038],[4.903364066,51.939610531],[4.903350067,51.939609344],[4.903335971,51.939608388],[4.903321805,51.939607595],[4.903293344,51.939606314],[4.90317905,51.939602237],[4.903136292,51.939600366],[4.903107935,51.939598632],[4.903093838,51.939597491],[4.903079824,51.939596075],[4.903066242,51.93959437],[4.903052739,51.939592403],[4.903039292,51.939590243],[4.903012515,51.939585537],[4.902972499,51.939577986],[4.902852607,51.939554789],[4.90281247,51.939547504],[4.902785524,51.939543126],[4.902757962,51.93953931],[4.902730233,51.939535918],[4.902688494,51.939531204],[4.902549161,51.939516001],[4.902507478,51.9395111],[4.902479707,51.939507477],[4.90245194,51.939503541],[4.902410385,51.939497359],[4.902023033,51.939438208],[4.901953787,51.939427826],[4.901898361,51.939420041],[4.90180123,51.939407],[4.901745673,51.939399868],[4.901717845,51.939396698],[4.901703903,51.939395329],[4.901689935,51.939394183],[4.901675928,51.939393341],[4.901662241,51.939392878],[4.901648517,51.939392705],[4.901634767,51.939392749],[4.901620997,51.939392949],[4.901593417,51.939393659],[4.901496762,51.939397144],[4.901469162,51.939397996],[4.901441601,51.939398519],[4.901427847,51.939398567],[4.901414119,51.939398401],[4.901400428,51.939397943],[4.901386217,51.939397094],[4.901372046,51.939395933],[4.901343777,51.939393001],[4.901315562,51.939389605],[4.901245146,51.939380352],[4.901203103,51.939374373],[4.901175349,51.939369912],[4.901161632,51.939367404],[4.901148077,51.939364614],[4.901135153,51.939361587],[4.901122384,51.939358292],[4.901109729,51.9393548],[4.901084642,51.939347425],[4.901047302,51.939335853],[4.900972842,51.939312352],[4.900935383,51.939301046],[4.900922787,51.93929749],[4.900910099,51.939294113],[4.900897282,51.939290985],[4.900884292,51.939288193],[4.900870769,51.939285755],[4.900857065,51.939283666],[4.900843229,51.939281834],[4.900829299,51.939280184],[4.900801258,51.939277235],[4.900758977,51.939273234],[4.90058949,51.93925786],[4.900419684,51.939242735],[4.900391596,51.939239973],[4.900377697,51.93923843],[4.900363957,51.939236708],[4.90035045,51.939234724],[4.900337272,51.939232371],[4.900324554,51.939229504],[4.900312463,51.939225932],[4.900301163,51.939221513],[4.900290489,51.939216391],[4.900280275,51.939210755],[4.90027039,51.939204749],[4.900260742,51.939198479],[4.900251257,51.939192025],[4.900223349,51.939172058],[4.900177333,51.939138228],[4.900158805,51.939124817],[4.900139985,51.939111687],[4.900130373,51.939105318],[4.900120545,51.939099154],[4.900110418,51.93909328],[4.900099873,51.939087804],[4.900088757,51.939082873],[4.900076817,51.939078561],[4.900064296,51.939074803],[4.900051354,51.939071448],[4.900038112,51.939068381],[4.900024656,51.939065517],[4.900011054,51.939062794],[4.89998359,51.939057596],[4.899831506,51.939030001],[4.899555763,51.938979084],[4.899486729,51.938966607],[4.899403953,51.938952609],[4.898961808,51.93887939],[4.898934133,51.938874936],[4.898906393,51.938870679],[4.898878521,51.938866813],[4.898864885,51.938865148],[4.898837497,51.938862163],[4.898810018,51.938859451],[4.898603419,51.938840598],[4.898562153,51.938836623],[4.898533564,51.938833692],[4.898447906,51.938824477],[4.898176751,51.938794832],[4.898076801,51.938783728],[4.897976786,51.938772358],[4.897933993,51.938767772],[4.897919776,51.938766437],[4.897905604,51.93876529],[4.8978915,51.938764416],[4.89787749,51.938763929],[4.897863613,51.938763987],[4.89784992,51.938764796],[4.897836605,51.938766498],[4.897823469,51.938768936],[4.897810465,51.938771909],[4.897797554,51.938775267],[4.89778471,51.938778895],[4.89777191,51.938782711],[4.897746393,51.938790673],[4.897631842,51.938827626],[4.897479035,51.938876509],[4.89735178,51.938917477],[4.897313474,51.938929555],[4.897287723,51.938937226],[4.897274719,51.938940829],[4.897261582,51.938944191],[4.897248262,51.93894722],[4.897235213,51.938949751],[4.897221992,51.938951966],[4.897208645,51.938953946],[4.897195204,51.938955748],[4.897168145,51.938958973],[4.897140947,51.938961803],[4.897113678,51.938964187],[4.897100024,51.938965138],[4.897086356,51.938965857],[4.897072673,51.938966266],[4.89705861,51.938966297],[4.897044532,51.938966005],[4.897016349,51.938964789],[4.896974046,51.938962152],[4.896720199,51.938944347],[4.896692086,51.938942165],[4.896664104,51.938939619],[4.896650201,51.938938109],[4.896636381,51.938936358],[4.896622604,51.938934306],[4.896608914,51.938932012],[4.896581707,51.938926946],[4.896527618,51.938915909],[4.896217192,51.938850769],[4.896176981,51.938841871],[4.896150498,51.938835455],[4.896137275,51.938831965],[4.896111092,51.938824589],[4.896072171,51.938813001],[4.895478166,51.938631168],[4.895426401,51.938615511],[4.895387297,51.938604151],[4.895347885,51.938593489],[4.895294965,51.938579781],[4.894671775,51.938420552],[4.894632264,51.938410067],[4.894606266,51.938402664],[4.89459346,51.93839873],[4.894580722,51.938394553],[4.894555634,51.938385728],[4.894518523,51.938371866],[4.893928948,51.938145019],[4.893867306,51.938121628],[4.893829844,51.938107956],[4.893766823,51.938085669],[4.892023881,51.937474229],[4.890907703,51.93707576],[4.890657058,51.936985973],[4.890619364,51.936972638],[4.890594051,51.936964002],[4.890568396,51.936955835],[4.890555351,51.936952052],[4.890542193,51.936948559],[4.890528876,51.936945285],[4.89050193,51.936939167],[4.89044745,51.936927739],[4.890078368,51.936852468],[4.890037561,51.936843799],[4.890010596,51.936837661],[4.889997246,51.936834391],[4.889984064,51.936830951],[4.889957965,51.936823668],[4.889906288,51.936808321],[4.889546,51.936698684],[4.889404527,51.936655489],[4.889365844,51.936643875],[4.889339894,51.936636407],[4.889326823,51.936632837],[4.88931365,51.936629438],[4.88930034,51.936626272],[4.889286684,51.936623354],[4.889272886,51.936620676],[4.889245014,51.936615789],[4.889188755,51.936606889],[4.888963029,51.936572456],[4.888258073,51.936464097],[4.888201591,51.936455662],[4.888159347,51.936449796],[4.88808895,51.93644064],[4.88721533,51.936328964],[4.887144819,51.936320173],[4.887116537,51.936316948],[4.887102359,51.936315473],[4.887088545,51.93631416],[4.887060845,51.9363118],[4.887019192,51.936308634],[4.886907988,51.936300707],[4.886866429,51.936297384],[4.886838917,51.936294683],[4.886825272,51.936293057],[4.886811738,51.936291156],[4.886797849,51.936288833],[4.886784075,51.936286219],[4.886770388,51.936283393],[4.886756762,51.936280415],[4.886729623,51.936274175],[4.886364779,51.936186174],[4.886310549,51.936173494],[4.88628322,51.936167582],[4.886269445,51.936164848],[4.886242061,51.936160013],[4.88620058,51.93615356],[4.886131091,51.936143493],[4.886061513,51.93613367],[4.886033642,51.936129952],[4.886005703,51.936126596],[4.885991687,51.936125156],[4.885977624,51.936123957],[4.885963651,51.93612306],[4.885949631,51.936122402],[4.885921499,51.936121555],[4.88587918,51.936120909],[4.885766172,51.93611999],[4.885709689,51.936119326],[4.885667369,51.936118342],[4.885638949,51.936117216],[4.885610552,51.936115827],[4.885567977,51.936113515],[4.885227413,51.9360943],[4.885184934,51.93609157],[4.885156733,51.936089323],[4.885142696,51.936087963],[4.885128452,51.936086359],[4.885114259,51.936084575],[4.885071853,51.936078579],[4.885015482,51.936069966],[4.884804235,51.936037157],[4.884747819,51.936028673],[4.884719517,51.936024714],[4.884705321,51.936022881],[4.884691343,51.936021209],[4.884663296,51.93601815],[4.88459294,51.936011244],[4.88408583,51.935963198],[4.883216792,51.935884264],[4.883159859,51.935878914],[4.883117306,51.93587442],[4.883074768,51.935869075],[4.883018248,51.935861302],[4.882270093,51.935755871],[4.882241804,51.935752109],[4.882213433,51.935748654],[4.882199195,51.935747124],[4.882170812,51.93574458],[4.882142317,51.935742459],[4.882085186,51.935738749],[4.881856472,51.935724637],[4.881327658,51.935691658],[4.881256179,51.93568732],[4.881213485,51.93568494],[4.881156674,51.935681984],[4.880716321,51.935659537],[4.880659494,51.935656756],[4.880631069,51.935655548],[4.880602625,51.93565463],[4.880573965,51.935654142],[4.880545286,51.935653947],[4.880444858,51.935654016],[4.880215223,51.935654735],[4.880172219,51.935654631],[4.880143645,51.935654164],[4.880129414,51.935653692],[4.880115242,51.935652972],[4.880101149,51.935651914],[4.880087057,51.935650431],[4.880073047,51.935648604],[4.880059096,51.935646529],[4.880031306,51.935641897],[4.8800036,51.935636911],[4.879809975,51.935600666],[4.879422601,51.935528722],[4.879228963,51.935492608],[4.879201264,51.93548756],[4.879173494,51.935482715],[4.879145584,51.935478291],[4.879131537,51.935476347],[4.879117643,51.935474672],[4.879103684,51.935473188],[4.879075637,51.935470602],[4.879047492,51.935468307],[4.878652474,51.935439051],[4.878624287,51.935436885],[4.878596168,51.935434543],[4.87856819,51.935431827],[4.878554294,51.935430225],[4.87854049,51.935428378],[4.878526719,51.935426219],[4.878513043,51.935423812],[4.878499437,51.935421224],[4.878472355,51.935415698],[4.878431898,51.93540697],[4.878256878,51.935368394],[4.87797403,51.93530641],[4.877525661,51.935207124],[4.877457524,51.935192368],[4.877416607,51.935184109],[4.877375616,51.935176254],[4.877115354,51.935127699],[4.877074321,51.935119931],[4.877033521,51.935111788],[4.877006637,51.935105845],[4.876993356,51.935102614],[4.87696705,51.935095738],[4.876927931,51.935084871],[4.876525568,51.934969558],[4.876473569,51.934954795],[4.876434387,51.934943978],[4.876380884,51.934929999],[4.876179339,51.934878747],[4.876152388,51.934872113],[4.876125298,51.934865847],[4.876111656,51.934862965],[4.876097914,51.934860343],[4.876084036,51.934858082],[4.876070034,51.934856266],[4.876055897,51.934854809],[4.876041658,51.934853611],[4.87601299,51.934851716],[4.875969751,51.9348495],[4.875781991,51.934840903],[4.875738736,51.934838585],[4.875709963,51.934836715],[4.875681374,51.93483443],[4.875652838,51.934831863],[4.875467631,51.934813762],[4.875424845,51.934809783],[4.875396267,51.934807388],[4.875368434,51.934805383],[4.875312644,51.934801893],[4.875172987,51.934793629],[4.875131193,51.934791581],[4.875117317,51.934791121],[4.875103492,51.934790862],[4.875089734,51.934790884],[4.875076073,51.934791297],[4.875062541,51.934792241],[4.875049285,51.934793814],[4.875036157,51.934795912],[4.875023123,51.934798396],[4.875010159,51.934801161],[4.874984366,51.934807236],[4.874958673,51.934813715],[4.87485605,51.934840324],[4.87483026,51.934846641],[4.874817299,51.934849637],[4.87480427,51.934852465],[4.874791149,51.934855067],[4.874777902,51.934857362],[4.874764074,51.934859341],[4.874750115,51.934860998],[4.874721934,51.934863671],[4.874693554,51.934865853],[4.874522491,51.93487707],[4.874450924,51.934882188],[4.874119632,51.934908455],[4.873961108,51.934920843],[4.873917956,51.934924417],[4.87388933,51.934927134],[4.873875101,51.934928695],[4.873860961,51.934930467],[4.873846943,51.934932529],[4.873833623,51.934934844],[4.873820417,51.934937429],[4.873794231,51.934943141],[4.873755254,51.934952425],[4.873651601,51.934977958],[4.873611953,51.934987367],[4.87353175,51.935005796],[4.873130337,51.935097212],[4.873063766,51.935112838],[4.872877826,51.935157278],[4.872837912,51.935166642],[4.872811184,51.935172612],[4.872784239,51.93517809],[4.872770631,51.935180518],[4.87275678,51.935182683],[4.872742829,51.935184615],[4.872714727,51.935188023],[4.872658143,51.935193973],[4.872459634,51.935213749],[4.872204538,51.935239532],[4.872161981,51.93524358],[4.872133554,51.935245961],[4.872119311,51.935246972],[4.87209105,51.93524853],[4.872062723,51.935249702],[4.872034363,51.935250677],[4.871892398,51.935254819],[4.871750255,51.935258625],[4.871707723,51.935259995],[4.871679595,51.935261355],[4.871665673,51.935262313],[4.871651899,51.935263563],[4.871638334,51.93526522],[4.871625053,51.935267435],[4.871611935,51.935270374],[4.871599108,51.935273884],[4.871586495,51.935277809],[4.871574033,51.935282032],[4.871549401,51.935291045],[4.871524992,51.935300472],[4.871476556,51.93531988],[4.871440746,51.935334922],[4.871417683,51.935345208],[4.871338116,51.935382134],[4.871315183,51.935392402],[4.871303567,51.935397353],[4.871291795,51.935402111],[4.871279804,51.9354066],[4.871267513,51.935410721],[4.871254946,51.93541437],[4.871242085,51.935417656],[4.871229005,51.935420675],[4.871202423,51.935426197],[4.871175521,51.935431324],[4.87113491,51.935438655],[4.871107748,51.935443335],[4.871080507,51.93544772],[4.871066839,51.93544972],[4.871053119,51.935451521],[4.871039329,51.935453051],[4.871025059,51.935454281],[4.871010716,51.935455226],[4.870981883,51.935456554],[4.870938448,51.935457827],[4.870880402,51.935459084],[4.870793166,51.935460772],[4.87066188,51.93546303],[4.870633073,51.935463875],[4.870618921,51.935464528],[4.870605056,51.93546544],[4.870591606,51.935466731],[4.870578753,51.935468564],[4.870566731,51.935471154],[4.87055586,51.935474788],[4.870546502,51.935479633],[4.870538268,51.935485501],[4.870530856,51.935492114],[4.87052403,51.93549926],[4.870517618,51.935506783],[4.870511491,51.935514566],[4.870505557,51.935522523],[4.870494014,51.935538733],[4.870454304,51.935596098],[4.870419952,51.935644983],[4.870281299,51.935839471],[4.870252814,51.93588007],[4.870236761,51.93590446],[4.870217102,51.935936808],[4.870140861,51.936066805],[4.87008345,51.936163829],[4.870069321,51.936188115],[4.870060366,51.936204365],[4.870056171,51.936212523],[4.870052274,51.936220719],[4.870048787,51.936228963],[4.870045857,51.936237275],[4.87004358,51.936245773],[4.870041872,51.93625434],[4.870040574,51.936262959],[4.870039572,51.936271615],[4.870037541,51.936297727],[4.87003327,51.936376437],[4.870032843,51.936393782],[4.870032959,51.936402362],[4.870033446,51.93641084],[4.87003447,51.936419168],[4.870036251,51.936427288],[4.870039087,51.93643512],[4.870043362,51.936442558],[4.870049532,51.936449654],[4.870057194,51.936456344],[4.870065942,51.936462735],[4.870075465,51.936468915],[4.870085534,51.936474945],[4.87009598,51.936480872],[4.870117537,51.936492544],[4.870238736,51.936556007],[4.870414168,51.936648472],[4.870446819,51.936665946],[4.870468029,51.936677861],[4.870478279,51.936683984],[4.870488153,51.936690283],[4.870497499,51.936696822],[4.870506118,51.936703696],[4.870513885,51.936711014],[4.870520924,51.93671867],[4.870527439,51.936726577],[4.870533589,51.936734666],[4.870539491,51.936742889],[4.87055646,51.936768041],[4.870578517,51.936801979],[4.87058911,51.936818753],[4.870598648,51.936834932],[4.87060262,51.936842575],[4.870605716,51.936849728],[4.870607555,51.93685618],[4.870607632,51.936861645],[4.870605271,51.936865745],[4.870603399,51.936866935],[4.870596871,51.936868482],[4.870588097,51.936868538],[4.870577699,51.936867512],[4.870566147,51.936865711],[4.870553792,51.936863366],[4.870527621,51.93685768],[4.87045922,51.936841517],[4.870431645,51.936835136],[4.870404019,51.936829148],[4.870390149,51.936826398],[4.870376205,51.93682389],[4.870362669,51.936821746],[4.87034906,51.936819825],[4.870321702,51.936816434],[4.870294247,51.936813397],[4.870225506,51.936806381],[4.870156763,51.936799664],[4.870115463,51.936796002],[4.870087851,51.936794007],[4.870059101,51.936792548],[4.870015814,51.936791089],[4.869957871,51.936789722],[4.869856015,51.936787817],[4.869827174,51.936787077],[4.869812976,51.936786547],[4.869799037,51.93678583],[4.869785486,51.936784834],[4.869772501,51.936783432],[4.869760321,51.936781453],[4.869749266,51.936778668],[4.86973976,51.936774772],[4.86973223,51.936769596],[4.869726215,51.936763332],[4.869721309,51.936756277],[4.869717198,51.936748649],[4.869713651,51.936740618],[4.869710496,51.936732306],[4.869707607,51.936723804],[4.869702294,51.936706464],[4.869672666,51.936600775],[4.869664822,51.936574674],[4.869661933,51.936566181],[4.869658777,51.936557891],[4.869655229,51.936549897],[4.869651118,51.936542332],[4.869646209,51.936535372],[4.869640191,51.936529252],[4.869632656,51.936524284],[4.869623296,51.936520726],[4.869612423,51.936518315],[4.869600447,51.93651674],[4.869587676,51.936515769],[4.869574346,51.936515222],[4.869560626,51.936514971],[4.869546645,51.936514918],[4.869518232,51.936515151],[4.869389191,51.936517067],[4.869260977,51.936518473],[4.869218364,51.936519275],[4.869190287,51.936520204],[4.869148667,51.936522181],[4.869107077,51.936524476],[4.868705193,51.936547802],[4.868663609,51.936549866],[4.868635872,51.936550835],[4.868621998,51.936551096],[4.868607534,51.936551157],[4.868578592,51.936550799],[4.868535159,51.936549629],[4.868115221,51.936535136],[4.868057288,51.936533375],[4.868013788,51.936532536],[4.867984733,51.936532308],[4.867941138,51.936532205],[4.867737666,51.936532265],[4.867577762,51.936532108],[4.867534175,51.936532223],[4.867505159,51.936532576],[4.867476226,51.936533445],[4.867461813,51.93653421],[4.86744784,51.93653524],[4.867419992,51.936537929],[4.867378332,51.936542801],[4.867281016,51.936555044],[4.867197299,51.936565387],[4.867169644,51.93656899],[4.867156008,51.936570919],[4.867142597,51.936573],[4.867129515,51.936575303],[4.867116907,51.936577926],[4.867104969,51.936581003],[4.867093961,51.936584709],[4.867084223,51.936589276],[4.867075821,51.936595059],[4.867068752,51.936601745],[4.867062653,51.936609089],[4.867057247,51.936616903],[4.867052332,51.936625049],[4.867047758,51.936633426],[4.867039227,51.936650602],[4.867015114,51.936703136],[4.867006835,51.936720475],[4.867002489,51.936728996],[4.866997908,51.936737349],[4.86699298,51.936745456],[4.866987557,51.936753206],[4.866981429,51.93676045],[4.866974318,51.93676699],[4.866965855,51.93677256],[4.866955839,51.936776908],[4.866944495,51.936780303],[4.866932183,51.936783004],[4.866919179,51.936785208],[4.866905689,51.936787062],[4.866891863,51.936788677],[4.866877812,51.936790129],[4.866849328,51.936792759],[4.866720186,51.93680388],[4.866648774,51.9368103],[4.866591801,51.936815679],[4.866549221,51.936820139],[4.866506459,51.936825351],[4.866421196,51.936836685],[4.866236031,51.936861929],[4.866091981,51.936882162],[4.866063958,51.936885785],[4.866050508,51.936887296],[4.866037692,51.936888466],[4.866025805,51.936889138],[4.866015242,51.936889099],[4.866006541,51.936888064],[4.866000403,51.936885652],[4.865997405,51.936881559],[4.865996972,51.93687609],[4.865998396,51.936869626],[4.866001145,51.93686245],[4.866004821,51.936854777],[4.866009134,51.936846764],[4.866018879,51.936830134],[4.866066343,51.93675336],[4.866107422,51.936685662],[4.866142739,51.93662657],[4.866187464,51.936550335],[4.866197558,51.936533489],[4.866208137,51.936516926],[4.866213788,51.936508856],[4.866219838,51.936501019],[4.866226455,51.936493511],[4.866233865,51.936486468],[4.866242375,51.936480064],[4.866252195,51.936474459],[4.866263107,51.93646949],[4.866274812,51.936464983],[4.866287084,51.936460806],[4.86629975,51.936456861],[4.866325816,51.936449394],[4.866352372,51.936442214],[4.866633678,51.936367996],[4.866659949,51.936360692],[4.866672711,51.936356884],[4.866685052,51.936352898],[4.86669678,51.936348655],[4.866707632,51.936344042],[4.866717258,51.936338915],[4.866725194,51.936333077],[4.866731052,51.936326389],[4.866735228,51.936318994],[4.866738183,51.936311086],[4.866740264,51.936302809],[4.866741734,51.936294276],[4.866742781,51.936285566],[4.866743548,51.936276738],[4.866744607,51.93625888],[4.866747339,51.936195971],[4.866749656,51.93615119],[4.866757615,51.936017269],[4.866770905,51.935803141],[4.866772174,51.935776377],[4.866772509,51.935758537],[4.866772011,51.935740788],[4.866769848,51.935714298],[4.866760983,51.935634703],[4.86675449,51.935572534],[4.866752391,51.935554866],[4.866751124,51.935546118],[4.8667496,51.93553747],[4.866747693,51.935528974],[4.86674523,51.935520698],[4.866741976,51.935512737],[4.866737616,51.935505215],[4.866731742,51.9354983],[4.86672442,51.935492404],[4.8667157,51.935487069],[4.866705943,51.935482154],[4.866695422,51.935477554],[4.866684347,51.93547319],[4.866672868,51.935469011],[4.866661096,51.935464985],[4.866636932,51.935457353],[4.866624606,51.935453769],[4.866612125,51.935450384],[4.866599469,51.935447252],[4.866586109,51.935444314],[4.866572586,51.935441637],[4.866545233,51.935436802],[4.866503846,51.935430221],[4.866420938,51.935417612],[4.866393525,51.935413213],[4.866379941,51.935410882],[4.866366493,51.93540841],[4.866353236,51.935405734],[4.866340248,51.935402773],[4.866327632,51.935399416],[4.866315525,51.93539552],[4.866303983,51.935390946],[4.866292951,51.935385828],[4.866282292,51.935380314],[4.8662719,51.935374516],[4.866251623,51.935362378],[4.866221835,51.935343509],[4.866182618,51.935317922],[4.866153818,51.935298408],[4.866135721,51.93528529],[4.866110201,51.935265463],[4.866077171,51.935238552],[4.866053186,51.935218059],[4.866038016,51.935204095],[4.866030867,51.935196952],[4.866023777,51.935189299],[4.866017033,51.93518152],[4.866010541,51.935173647],[4.865998044,51.93515772],[4.865973933,51.935125539],[4.865932309,51.935068952],[4.865861398,51.934971372],[4.865849212,51.934955444],[4.86584287,51.934947712],[4.86583625,51.934940243],[4.865829226,51.934933153],[4.865821629,51.934926601],[4.865813232,51.934920802],[4.865803734,51.934916035],[4.865793028,51.934912564],[4.865781245,51.934910105],[4.865768675,51.934908386],[4.865755536,51.9349072],[4.865741998,51.934906391],[4.865728181,51.934905842],[4.865714176,51.934905472],[4.865685844,51.934905035],[4.86557172,51.934904068],[4.865486455,51.934902999],[4.865443929,51.934902166],[4.865415625,51.934901313],[4.865401497,51.934900726],[4.86537298,51.934899129],[4.865330284,51.934896119],[4.865273413,51.93489166],[4.865159701,51.934882469],[4.865131273,51.934880283],[4.865102848,51.934878318],[4.865074426,51.934876818],[4.865060218,51.934876372],[4.865046012,51.934876234],[4.865031642,51.934876475],[4.865017275,51.934877029],[4.86500291,51.934877811],[4.864988547,51.934878754],[4.864959821,51.934880947],[4.864758764,51.934898363],[4.864600764,51.934911876],[4.864500136,51.934920331],[4.864356219,51.934932176],[4.864327671,51.934934879],[4.864313534,51.934936425],[4.864299547,51.934938185],[4.864285773,51.934940248],[4.864272297,51.934942737],[4.864259234,51.934945815],[4.864246766,51.934949581],[4.864234706,51.934953927],[4.864222944,51.934958695],[4.864211391,51.934963765],[4.864188689,51.934974477],[4.86415511,51.934991222],[4.864021352,51.935058993],[4.863808935,51.935165482],[4.863764482,51.935188077],[4.863742597,51.93519961],[4.863731829,51.935205496],[4.863721564,51.935211291],[4.863701367,51.935223111],[4.863671532,51.935241158],[4.863582708,51.935295765],[4.863552636,51.935313613],[4.863532021,51.93532508],[4.863521403,51.935330576],[4.863510511,51.935335862],[4.863488108,51.935345962],[4.863465208,51.935355682],[4.863442055,51.93536521],[4.863360523,51.935398181],[4.863325714,51.935412425],[4.863302711,51.935422091],[4.863280043,51.935432038],[4.863257572,51.935442531],[4.863235439,51.935453311],[4.863202543,51.935469734],[4.863115167,51.935513823],[4.863082162,51.935530154],[4.863059866,51.935540792],[4.863037114,51.935551029],[4.863013909,51.935560866],[4.862990444,51.935570483],[4.862895875,51.935608348],[4.862860661,51.935622738],[4.862837576,51.935632635],[4.862826255,51.935637756],[4.862815156,51.935643048],[4.862804196,51.93564862],[4.862782892,51.935660243],[4.862751769,51.935678323],[4.862465639,51.935850448],[4.862434673,51.935868646],[4.862413606,51.935880443],[4.862402826,51.935886149],[4.862391802,51.93589166],[4.862380472,51.935896937],[4.862368896,51.935902018],[4.86235714,51.935906958],[4.862321227,51.935921269],[4.862236347,51.935953804],[4.862200213,51.935967945],[4.862176525,51.935977694],[4.862164908,51.935982751],[4.862153519,51.93598799],[4.862142711,51.935993298],[4.862132119,51.935998782],[4.862121688,51.936004393],[4.862101144,51.936015872],[4.862070746,51.936033427],[4.862010269,51.936068791],[4.861979739,51.936086239],[4.861958987,51.936097547],[4.861948389,51.936103022],[4.86193757,51.936108318],[4.861926444,51.936113416],[4.861915097,51.936118335],[4.861903586,51.936123121],[4.861880242,51.936132433],[4.861844806,51.936146064],[4.861761736,51.936177558],[4.861714642,51.936195892],[4.861691489,51.93620541],[4.861679615,51.936210533],[4.861656166,51.936221046],[4.861632949,51.936231768],[4.861448506,51.936318753],[4.861286502,51.936394937],[4.861240418,51.936416863],[4.861206377,51.936433524],[4.861172688,51.936450364],[4.860859422,51.936608463],[4.860792006,51.936642113],[4.860757625,51.936658602],[4.860722824,51.936674856],[4.860641294,51.936712522],[4.860594542,51.936733898],[4.860559089,51.936749573],[4.860547098,51.93675464],[4.860523505,51.936764144],[4.860487601,51.936777929],[4.860378974,51.936818442],[4.860342958,51.936832112],[4.860319242,51.93684148],[4.860307552,51.936846308],[4.860296031,51.936851282],[4.860284582,51.936856492],[4.860273305,51.93686185],[4.86025109,51.936872856],[4.860218207,51.936889748],[4.859924122,51.937043361],[4.859858445,51.937077247],[4.859825468,51.937093612],[4.859781275,51.937114948],[4.859703644,51.937152066],[4.859658987,51.937172987],[4.8596363,51.937183096],[4.859624771,51.937187967],[4.859613055,51.937192655],[4.859601024,51.937197152],[4.859588802,51.937201461],[4.859563978,51.937209708],[4.859538857,51.937217662],[4.859450266,51.937244846],[4.859412504,51.937256677],[4.859387704,51.937264896],[4.859375521,51.9372692],[4.859363562,51.937273701],[4.859351906,51.937278472],[4.859340491,51.93728363],[4.859329385,51.937289062],[4.859307788,51.937300472],[4.859276197,51.937318301],[4.859213753,51.937354616],[4.859182354,51.937372644],[4.859161131,51.93738444],[4.859150356,51.937390213],[4.859139418,51.937395862],[4.859128213,51.937401392],[4.859116844,51.937406796],[4.85909378,51.937417358],[4.85905876,51.937432876],[4.858753519,51.937566041],[4.858683301,51.937596955],[4.858660119,51.937607446],[4.858626998,51.937622947],[4.858528571,51.937670236],[4.858485012,51.937691393],[4.858463405,51.937702093],[4.858442079,51.937712991],[4.858420966,51.937724412],[4.858400088,51.937736367],[4.858379505,51.93774853],[4.858298003,51.937797775],[4.858267303,51.937816133],[4.858246558,51.937828159],[4.858236023,51.937834048],[4.858225322,51.937839809],[4.858214395,51.937845395],[4.858203382,51.937850679],[4.858192148,51.937855794],[4.858169235,51.937865681],[4.858134266,51.937880051],[4.858052043,51.937913095],[4.858017268,51.937927577],[4.857994728,51.937937677],[4.857983821,51.937942978],[4.857973275,51.937948529],[4.857963108,51.937954419],[4.857953307,51.937960563],[4.857934435,51.937973356],[4.857907097,51.937993215],[4.85784439,51.938040303],[4.85782633,51.938053668],[4.857807984,51.938066854],[4.857789075,51.938079686],[4.857779269,51.938085881],[4.857768821,51.938092071],[4.85774719,51.938103991],[4.857724988,51.938115554],[4.857679916,51.938138264],[4.857623259,51.938166441],[4.857589073,51.93818318],[4.857566012,51.938194106],[4.857554326,51.938199436],[4.857531092,51.938209527],[4.857507527,51.938219334],[4.857459982,51.938238591],[4.857173542,51.938353193],[4.857137858,51.938367605],[4.857114366,51.938377419],[4.857102803,51.938382454],[4.857091433,51.938387624],[4.857080332,51.938392981],[4.857069598,51.938398593],[4.857059347,51.938404496],[4.85704946,51.938410655],[4.857030418,51.938423479],[4.857002818,51.938443386],[4.856939472,51.938490572],[4.856921227,51.938503962],[4.856902694,51.938517168],[4.856883591,51.938530014],[4.856873682,51.938536211],[4.856863466,51.938542204],[4.85685299,51.938548033],[4.856831522,51.938559363],[4.8567876,51.9385814],[4.856654624,51.938646733],[4.85650017,51.938721866],[4.856455779,51.938743087],[4.856433259,51.938753391],[4.85642183,51.938758383],[4.85641023,51.938763214],[4.856398224,51.938767927],[4.856386043,51.938772475],[4.856361331,51.938781242],[4.856323805,51.93879396],[4.856185311,51.938839747],[4.856147732,51.938852406],[4.856122968,51.938861104],[4.856110756,51.938865603],[4.856098717,51.938870259],[4.856086916,51.938875127],[4.856075834,51.938880055],[4.856064974,51.938885184],[4.856043703,51.93889584],[4.856022787,51.938906813],[4.855960638,51.938940274],[4.855929345,51.938956832],[4.855908128,51.938967584],[4.855886198,51.938977964],[4.855863545,51.938987964],[4.855829028,51.939002528],[4.855701334,51.93905501],[4.85566662,51.939069422],[4.855632201,51.93908409],[4.855609129,51.939094321],[4.855552038,51.939120414],[4.855267426,51.939251944],[4.855118356,51.939320651],[4.855084098,51.939336606],[4.855061496,51.939347409],[4.855039327,51.939358515],[4.855028516,51.93936426],[4.855018084,51.9393701],[4.855007849,51.939376079],[4.854987773,51.939388312],[4.854968,51.939400757],[4.854879897,51.939457376],[4.854850391,51.939476164],[4.854830526,51.939488565],[4.854810255,51.939500835],[4.854768729,51.939525004],[4.854653482,51.939590865],[4.854559288,51.939645075],[4.854527538,51.939662954],[4.854505872,51.93967446],[4.854494752,51.939679956],[4.854484436,51.939684724],[4.854473927,51.939689288],[4.854463257,51.939693648],[4.854452445,51.939697786],[4.854441495,51.939701662],[4.854430404,51.939705214],[4.85441915,51.939708347],[4.854407703,51.939710938],[4.854396013,51.939712818],[4.854383149,51.939713905],[4.854370021,51.939714199],[4.854356703,51.939713912],[4.854343248,51.939713205],[4.854329696,51.939712199],[4.854302413,51.939709631],[4.85426129,51.939705139],[4.854165301,51.939694109],[4.854124341,51.939689098],[4.854096844,51.939685337],[4.854055309,51.939679033],[4.853834577,51.939643556],[4.853779575,51.939634403],[4.853752316,51.939629424],[4.853738813,51.939626722],[4.853725441,51.939623805],[4.85371231,51.939620647],[4.853699308,51.939617276],[4.853673555,51.939610111],[4.853622537,51.939594974],[4.85341923,51.939533159],[4.85335554,51.939514082],[4.853329884,51.939506722],[4.853316966,51.939503175],[4.85330396,51.939499762],[4.853276932,51.939493228],[4.853249627,51.939487109],[4.853208433,51.939478281],[4.852974414,51.939429147],[4.85241023,51.939310318],[4.852121364,51.939249126],[4.852079987,51.939240739],[4.852052231,51.93923569],[4.852038256,51.939233483],[4.852024178,51.9392316],[4.852010169,51.939230128],[4.851996062,51.939228973],[4.851981882,51.939228047],[4.851967651,51.939227286],[4.851939093,51.939226075],[4.851695527,51.939218353],[4.85148066,51.939211119],[4.851452025,51.9392103],[4.851423418,51.939209753],[4.851409132,51.939209664],[4.851394863,51.939209764],[4.85138062,51.939210125],[4.85136651,51.939210799],[4.851352425,51.939211731],[4.851338358,51.93921285],[4.851296219,51.939216871],[4.851240094,51.939222851],[4.850959517,51.939253349],[4.850931451,51.939256296],[4.850903369,51.939259044],[4.850875252,51.939261367],[4.850861171,51.939262251],[4.850847068,51.939262857],[4.850832988,51.939263123],[4.850818886,51.939263111],[4.850804766,51.939262896],[4.850776498,51.939262073],[4.850734053,51.939260343],[4.850521771,51.939250564],[4.850451876,51.939246865],[4.850298616,51.939238206],[4.850256803,51.939236086],[4.850228909,51.939234962],[4.850201058,51.939234299],[4.850159339,51.939234102],[4.85011759,51.93923434],[4.850020159,51.939235216],[4.849978449,51.939235287],[4.849950703,51.939234921],[4.849936865,51.939234504],[4.849923062,51.939233856],[4.849909035,51.939232906],[4.849895045,51.939231717],[4.849867134,51.939228861],[4.849825363,51.939223943],[4.849727988,51.939211839],[4.849686189,51.939207011],[4.849658236,51.939204262],[4.849644212,51.939203147],[4.849630107,51.93920226],[4.849615967,51.939201564],[4.849587618,51.939200548],[4.849545005,51.939199517],[4.8491611,51.939192308],[4.849047372,51.93918993],[4.848975716,51.939187941],[4.848531516,51.93917453],[4.848445534,51.939172065],[4.848344327,51.939169673],[4.847953923,51.939161013],[4.847910557,51.939159929],[4.847881663,51.939159049],[4.84783831,51.939157239],[4.847794973,51.939154985],[4.847361795,51.939130505],[4.847159641,51.939118913],[4.847116324,51.93911669],[4.847087447,51.939115584],[4.847073009,51.93911525],[4.847058573,51.939115139],[4.847044303,51.939115298],[4.847030035,51.939115676],[4.8470015,51.939116865],[4.846944432,51.939120078],[4.846801762,51.939128929],[4.846773234,51.939130521],[4.846744713,51.939131823],[4.84673046,51.939132281],[4.846716214,51.93913254],[4.846701977,51.939132526],[4.846687846,51.939132182],[4.846673724,51.939131569],[4.846659608,51.939130759],[4.846631389,51.939128757],[4.846589078,51.939125273],[4.846448076,51.939112933],[4.846391317,51.939107814],[4.845448933,51.939020045],[4.845391871,51.939014559],[4.845349211,51.939009992],[4.845306807,51.939004649],[4.845264532,51.938998882],[4.844940803,51.938953416],[4.844856299,51.938941704],[4.844828082,51.93893794],[4.844787381,51.938932767],[4.844624303,51.938912859],[4.84458375,51.938907445],[4.844556972,51.938903309],[4.844543723,51.938900954],[4.844530434,51.938898311],[4.844517251,51.938895452],[4.844491097,51.938889301],[4.844452148,51.938879493],[4.844361572,51.938855994],[4.84432259,51.938846326],[4.84429637,51.938840444],[4.84428313,51.938837821],[4.844269758,51.938835516],[4.844256161,51.938833587],[4.844242434,51.938831978],[4.84422861,51.938830603],[4.844200773,51.938828312],[4.844158779,51.938825464],[4.844060548,51.938819403],[4.844018485,51.938816666],[4.843976517,51.938813549],[4.843948535,51.938811002],[4.843920534,51.938808046],[4.843878623,51.938803238],[4.843613537,51.93877137],[4.843557694,51.938764823],[4.843515708,51.938760354],[4.84350167,51.938759057],[4.843473196,51.938756835],[4.843444642,51.938754964],[4.843387435,51.938751658],[4.84307261,51.938734263],[4.843001048,51.938730557],[4.842471492,51.938707155],[4.842428555,51.938705449],[4.84239993,51.938704596],[4.842385617,51.938704336],[4.842371306,51.938704242],[4.842342677,51.93870463],[4.842299735,51.938706064],[4.842242481,51.938708561],[4.841927582,51.938722958],[4.841884634,51.938724661],[4.841855993,51.938725495],[4.841841665,51.938725743],[4.841827206,51.938725841],[4.841798276,51.938725691],[4.841754865,51.938725012],[4.841450927,51.938718442],[4.841393041,51.938717318],[4.841349657,51.938716932],[4.841320774,51.938717274],[4.841292344,51.93871838],[4.841249759,51.938720927],[4.841207201,51.938723921],[4.841093735,51.938732254],[4.841051185,51.938735031],[4.841022819,51.938736412],[4.841008636,51.938736835],[4.840994456,51.938736988],[4.840980113,51.938736808],[4.840965771,51.938736353],[4.84095143,51.938735699],[4.840922748,51.938734004],[4.840894067,51.938732025],[4.840506885,51.938703368],[4.840436111,51.938697888],[4.840183498,51.938677713],[4.840127437,51.938673036],[4.840099534,51.938670374],[4.840085652,51.938668868],[4.840071842,51.93866718],[4.840058129,51.938665249],[4.840044291,51.938662976],[4.840030555,51.938660449],[4.84001689,51.938657738],[4.839989706,51.938651957],[4.839908515,51.938633692],[4.839881386,51.938627783],[4.839854095,51.938622287],[4.839840348,51.93861981],[4.839826496,51.938617606],[4.839812963,51.938615788],[4.839799334,51.938614228],[4.839771875,51.938611627],[4.839744261,51.938609428],[4.839675032,51.938604429],[4.839647386,51.938602287],[4.839619853,51.938599818],[4.83960616,51.938598371],[4.839592538,51.938596715],[4.839578478,51.938594726],[4.839550567,51.938590136],[4.839508984,51.938582423],[4.839439899,51.938568949],[4.839412231,51.938563689],[4.839384472,51.938558755],[4.839370531,51.938556509],[4.839356525,51.938554491],[4.839342431,51.938552785],[4.839328927,51.938551517],[4.839315342,51.938550537],[4.839288009,51.938549157],[4.839246789,51.938547868],[4.839150405,51.938545551],[4.839122945,51.938544551],[4.839095606,51.938543043],[4.839082011,51.938541974],[4.839067778,51.938540553],[4.839053604,51.93853888],[4.839039472,51.938537027],[4.839011292,51.938532968],[4.838969125,51.938526445],[4.8388287,51.938504126],[4.83864607,51.938475357],[4.838604075,51.938468441],[4.838576267,51.938463471],[4.838562468,51.938460784],[4.83854929,51.938458029],[4.838536185,51.938455132],[4.838510124,51.93844906],[4.838471231,51.938439571],[4.83838069,51.938417038],[4.838341754,51.938407664],[4.838315615,51.938401804],[4.838302444,51.938399092],[4.838289171,51.938396597],[4.838275599,51.938394337],[4.838261924,51.938392298],[4.838234364,51.938388667],[4.838192745,51.938383818],[4.83809534,51.938373135],[4.838053823,51.938368151],[4.838040096,51.938366287],[4.838026464,51.938364251],[4.838012968,51.938361975],[4.837999653,51.93835937],[4.837986442,51.938356339],[4.837973415,51.938352976],[4.837960524,51.938349371],[4.837947729,51.938345591],[4.837922323,51.938337702],[4.837859229,51.938317224],[4.837745985,51.938279911],[4.837671106,51.938254394],[4.837322502,51.938134422],[4.83728504,51.938121697],[4.837259923,51.938113384],[4.837234755,51.938105403],[4.837196882,51.938093982],[4.837133393,51.938075371],[4.837082493,51.938060644],[4.837044135,51.93804997],[4.837018301,51.938043379],[4.837005237,51.938040385],[4.836992022,51.938037691],[4.836978233,51.938035302],[4.836964286,51.938033231],[4.836950224,51.938031391],[4.836921878,51.938028161],[4.836893364,51.938025268],[4.836778998,51.938014332],[4.836750565,51.938011288],[4.83673643,51.938009601],[4.836722384,51.938007742],[4.836708459,51.938005643],[4.8366947,51.938003214],[4.836681662,51.938000499],[4.83666878,51.937997476],[4.836656013,51.937994227],[4.836630704,51.937987283],[4.836593029,51.937976294],[4.836391102,51.937915925],[4.835920344,51.937776125],[4.835625843,51.937688328],[4.835484909,51.937646572],[4.835446704,51.937634973],[4.835421603,51.937626906],[4.835409272,51.937622673],[4.835397165,51.937618236],[4.835385367,51.93761352],[4.835373814,51.937608401],[4.835362575,51.937602997],[4.835351564,51.937597385],[4.83534072,51.937591623],[4.835308754,51.937573821],[4.835235032,51.937531494],[4.835203164,51.937513578],[4.835181518,51.937501963],[4.83517047,51.93749634],[4.835159193,51.937490903],[4.835148152,51.937485915],[4.835136902,51.937481097],[4.835113977,51.937471809],[4.83509072,51.937462792],[4.83502049,51.937436112],[4.834997311,51.937427025],[4.834985855,51.937422368],[4.834974536,51.937417597],[4.834963402,51.937412672],[4.83495238,51.937407506],[4.834941545,51.937402183],[4.834920251,51.937391223],[4.834878395,51.937368688],[4.8348473,51.937351562],[4.834826749,51.937340038],[4.834806511,51.937328337],[4.834796594,51.937322373],[4.834786885,51.937316292],[4.834777455,51.937310054],[4.834768212,51.937303511],[4.834759258,51.937296805],[4.83474193,51.937283065],[4.834725051,51.937269071],[4.834683384,51.937233805],[4.834666485,51.937219859],[4.834657867,51.937212998],[4.834649069,51.937206257],[4.834640016,51.937199684],[4.834630611,51.937193345],[4.83462073,51.937187323],[4.834610358,51.937181733],[4.834599512,51.937176455],[4.83458832,51.937171409],[4.834576874,51.937166531],[4.834565247,51.937161773],[4.834541649,51.937152485],[4.834470239,51.937125036],[4.834446917,51.937115581],[4.83443553,51.937110679],[4.834424426,51.937105595],[4.834413713,51.937100261],[4.834403532,51.937094589],[4.834393692,51.9370883],[4.83438441,51.937081654],[4.834375537,51.937074749],[4.834366954,51.937067656],[4.834358577,51.937060434],[4.834342197,51.937045749],[4.83423784,51.93694895],[4.834060732,51.936785487],[4.834028274,51.936755891],[4.834011682,51.936741264],[4.833994515,51.93672691],[4.833985758,51.936720019],[4.83396773,51.93670648],[4.83393998,51.936686507],[4.833865073,51.936633676],[4.833846599,51.936620355],[4.833828553,51.936606842],[4.833819808,51.936599962],[4.833811341,51.936592957],[4.833803413,51.936585981],[4.833788282,51.936571705],[4.83377373,51.936557171],[4.833759465,51.936542507],[4.833731262,51.936513034],[4.833703339,51.936483462],[4.833682971,51.936461108],[4.833670125,51.93644598],[4.833663854,51.93643802],[4.833651932,51.936421909],[4.833629296,51.936389313],[4.833568357,51.936299267],[4.833507128,51.936209295],[4.833490766,51.93618469],[4.833480347,51.936168189],[4.833475419,51.93615988],[4.833470779,51.936151513],[4.833466465,51.936143032],[4.833458628,51.936125911],[4.833451406,51.936108664],[4.833444485,51.936091356],[4.833410573,51.93600467],[4.833396393,51.935970226],[4.833370149,51.935910864],[4.83333971,51.935843093],[4.833324244,51.935809256],[4.833312059,51.93578399],[4.833303598,51.935767692],[4.833285876,51.93573525],[4.833240758,51.935654302],[4.833227779,51.935629916],[4.833219731,51.93561355],[4.833212422,51.935596965],[4.833205651,51.935580281],[4.833195989,51.935555165],[4.833177125,51.935504852],[4.833167285,51.935479798],[4.833160083,51.935463257],[4.83315611,51.93545508],[4.833151757,51.935446998],[4.83314689,51.935439045],[4.833141389,51.935431234],[4.833135372,51.935423553],[4.833128975,51.935415967],[4.833122301,51.935408451],[4.833101314,51.935386145],[4.833050714,51.935334507],[4.833029219,51.935312315],[4.833015252,51.935297411],[4.833008476,51.935289897],[4.833001905,51.935282321],[4.832995616,51.935274659],[4.832989624,51.935266837],[4.832978409,51.935250961],[4.832962609,51.93522683],[4.832921919,51.935162025],[4.832912033,51.935145786],[4.832902632,51.935129495],[4.83289827,51.935121312],[4.832894264,51.935113091],[4.832890749,51.935104815],[4.832887909,51.935096464],[4.832885839,51.935087776],[4.832884477,51.93507901],[4.832883632,51.935070186],[4.832882941,51.935052428],[4.832882999,51.935034586],[4.832885311,51.934954067],[4.832885509,51.934927296],[4.832884725,51.934909559],[4.832883791,51.934900755],[4.832882298,51.934892021],[4.832880037,51.934883379],[4.832876839,51.934874856],[4.832872875,51.934866426],[4.832868356,51.934858062],[4.832858252,51.93484146],[4.8328418,51.9348167],[4.832785354,51.934734286],[4.832773632,51.934718045],[4.832767497,51.934710067],[4.83276106,51.934702243],[4.832754191,51.93469464],[4.832746717,51.934687346],[4.832738406,51.934680477],[4.832729211,51.934674217],[4.832719199,51.934668373],[4.832708589,51.934662832],[4.832697546,51.934657512],[4.832686195,51.934652349],[4.832674629,51.934647296],[4.8326511,51.93463739],[4.832579647,51.934608115],[4.832556109,51.934598213],[4.832533162,51.934588005],[4.832522087,51.934582694],[4.832511428,51.934577168],[4.832501345,51.934571344],[4.832492044,51.934565115],[4.832483722,51.934558412],[4.83247618,51.934551306],[4.832469206,51.934543905],[4.832462643,51.934536293],[4.832456368,51.934528529],[4.832450295,51.934520662],[4.832438511,51.93450474],[4.832380954,51.934424416],[4.832305659,51.934320273],[4.832288707,51.934296139],[4.832266526,51.93426291],[4.832087252,51.933986382],[4.832050403,51.933929209],[4.831761812,51.933479157],[4.831644664,51.93329689],[4.831586511,51.933205179],[4.831513025,51.933088138],[4.831502254,51.933071514],[4.831490981,51.933055068],[4.831485001,51.933046966],[4.831478665,51.933038991],[4.831471839,51.933031188],[4.831464465,51.933023649],[4.831456605,51.93301628],[4.831439927,51.933001884],[4.831422514,51.932987746],[4.831404759,51.932973731],[4.831270238,51.932869094],[4.831243962,51.932847942],[4.831227251,51.932833554],[4.831219361,51.932826193],[4.831211941,51.932818664],[4.831205073,51.932810903],[4.83119868,51.932802971],[4.831192631,51.932794916],[4.831181196,51.93277857],[4.831164867,51.932753758],[4.83111154,51.932670656],[4.831047201,51.932571058],[4.830810713,51.932206047],[4.830794763,51.932181122],[4.830784407,51.932164446],[4.830774541,51.932147664],[4.830769991,51.932139392],[4.830761323,51.932122756],[4.830752999,51.932106045],[4.830720728,51.932038974],[4.83067291,51.931938189],[4.830660687,51.931913079],[4.830652015,51.93189651],[4.830647356,51.931888332],[4.830642358,51.931880265],[4.830636888,51.931872353],[4.830630775,51.931864652],[4.830623782,51.931857111],[4.830616128,51.931849787],[4.830607996,51.93184262],[4.830590801,51.931828592],[4.830563841,51.931807933],[4.830453978,51.931725977],[4.830417669,51.931698537],[4.830399856,51.931684671],[4.830391135,51.93167766],[4.830382603,51.931670568],[4.830374331,51.931663365],[4.830366603,51.931656242],[4.830359122,51.931649014],[4.830337568,51.93162695],[4.830309681,51.931597159],[4.830275211,51.931559771],[4.830261682,51.93154475],[4.830248603,51.931529617],[4.830242364,51.931521974],[4.830236431,51.931514253],[4.830230919,51.931506426],[4.830225736,51.931498163],[4.830220999,51.931489788],[4.830216586,51.931481329],[4.830208389,51.931464254],[4.830200652,51.931447062],[4.830155736,51.931343526],[4.830114299,51.931248686],[4.829948285,51.930869404],[4.829925225,51.930817761],[4.829917263,51.930800937],[4.829905062,51.93077626],[4.829846649,51.930661368],[4.829825955,51.930619703],[4.829715287,51.930389652],[4.829703111,51.93036407],[4.82969123,51.930338437],[4.829679836,51.930312591],[4.82965774,51.930260782],[4.829569932,51.930053437],[4.829522862,51.929940981],[4.829511801,51.929915085],[4.829503954,51.929897958],[4.829499731,51.929889479],[4.829495191,51.929881092],[4.829490206,51.929872832],[4.829484609,51.929864746],[4.829478313,51.929856933],[4.829471412,51.929849292],[4.829464073,51.929841777],[4.829448539,51.929826991],[4.829424175,51.929805117],[4.829325026,51.929718103],[4.829144074,51.929558354],[4.82912738,51.929543944],[4.8291104,51.929529659],[4.829084435,51.929508448],[4.829058216,51.929487352],[4.828742789,51.929234556],[4.828716365,51.929213562],[4.828689477,51.929192812],[4.828680295,51.929186009],[4.828661578,51.929172711],[4.828632839,51.929153109],[4.828467878,51.929043114],[4.828448356,51.929030251],[4.828428621,51.929017532],[4.82840845,51.929005108],[4.828398087,51.928999083],[4.828387504,51.928993242],[4.828376717,51.928987537],[4.828354742,51.928976399],[4.828310033,51.928954635],[4.828118762,51.928863005],[4.828096083,51.928852375],[4.828061912,51.928836749],[4.827901303,51.928764779],[4.827855505,51.928744105],[4.827638588,51.928644891],[4.827580217,51.928618679],[4.827241065,51.928467146],[4.827205862,51.928451582],[4.827170291,51.928436368],[4.827146476,51.928426818],[4.827110625,51.928413361],[4.827074401,51.928400258],[4.826989604,51.928369945],[4.826953523,51.92835673],[4.826929828,51.92834761],[4.826918181,51.928342876],[4.826906736,51.928337969],[4.826895518,51.928332842],[4.826884502,51.928327541],[4.826873635,51.928322112],[4.826852192,51.928311001],[4.826820403,51.928294011],[4.826746566,51.928254073],[4.826703985,51.928231556],[4.826682287,51.928220616],[4.826671039,51.928215184],[4.826648242,51.928204557],[4.826613642,51.928188932],[4.826474402,51.928127087],[4.826416754,51.928101169],[4.826175898,51.927991675],[4.826107163,51.92796027],[4.826015657,51.927918182],[4.825981198,51.927902621],[4.825957948,51.927892677],[4.825946149,51.927887973],[4.825934167,51.927883551],[4.825921932,51.927879522],[4.82590935,51.927876031],[4.825896467,51.92787322],[4.825883242,51.927870937],[4.825869766,51.927869044],[4.82585611,51.927867429],[4.825828452,51.927864735],[4.825786546,51.927861343],[4.825674393,51.927852934],[4.825604388,51.92784751],[4.825562447,51.927844064],[4.825520697,51.927840235],[4.825465438,51.927834477],[4.82529987,51.927816367],[4.825244764,51.927810117],[4.825217319,51.927806723],[4.82519004,51.927802909],[4.825176125,51.927800699],[4.825148453,51.927795878],[4.825120907,51.927790741],[4.825052241,51.927777399],[4.824832693,51.927734164],[4.82480522,51.927728859],[4.824777686,51.927723759],[4.824750025,51.927719103],[4.824736109,51.927717065],[4.824722106,51.927715323],[4.824708084,51.927713947],[4.824693974,51.927712862],[4.824679805,51.927711991],[4.824651345,51.927710659],[4.824608503,51.927709181],[4.824465487,51.927705007],[4.824408306,51.927703211],[4.824365466,51.927701587],[4.824336957,51.927700165],[4.824322503,51.927699269],[4.824293639,51.927697198],[4.824235992,51.927692522],[4.823856697,51.927660321],[4.823760644,51.927652287],[4.82356376,51.92763677],[4.823521553,51.927633766],[4.8234934,51.927632164],[4.823479315,51.927631593],[4.823465219,51.927631252],[4.823451165,51.927631192],[4.823423034,51.927631699],[4.823380801,51.927633319],[4.823268137,51.927638855],[4.823239976,51.92764012],[4.823211822,51.927641136],[4.823197751,51.92764148],[4.823183687,51.927641659],[4.82316963,51.927641611],[4.823155174,51.927641275],[4.823140726,51.927640702],[4.823111848,51.927639091],[4.823082982,51.927637127],[4.823025264,51.92763281],[4.822924283,51.927624995],[4.822881059,51.927621439],[4.822823997,51.927616229],[4.822624505,51.927597038],[4.822553203,51.927590364],[4.822396225,51.927576092],[4.822367655,51.927573676],[4.822339046,51.927571507],[4.822310612,51.927569805],[4.822268206,51.92756804],[4.822069948,51.92756212],[4.822027515,51.927560482],[4.821999122,51.92755899],[4.821970617,51.927557146],[4.821942139,51.927555115],[4.821714498,51.927537853],[4.821530012,51.927524368],[4.821487406,51.927521114],[4.821459075,51.927518659],[4.82143107,51.92751579],[4.821403283,51.927512492],[4.821389523,51.927510652],[4.821375901,51.927508637],[4.821362475,51.927506387],[4.821349322,51.927503815],[4.821336549,51.927500802],[4.82132429,51.927497193],[4.82131288,51.927492948],[4.821301966,51.927488128],[4.821291422,51.927482886],[4.821281142,51.927477337],[4.821271052,51.927471571],[4.821261094,51.927465653],[4.821241417,51.927453543],[4.82119263,51.927422775],[4.821163174,51.927404429],[4.82114327,51.927392385],[4.821112253,51.927374388],[4.821070328,51.927350784],[4.820933517,51.927274493],[4.820768213,51.927180907],[4.82071648,51.927151818],[4.820519657,51.927043032],[4.820285261,51.926915143],[4.820047563,51.92678388],[4.819869769,51.926686664],[4.819693063,51.926590283],[4.819662221,51.926573097],[4.819642028,51.926561412],[4.819632133,51.926555443],[4.81961213,51.926542725],[4.819582925,51.92652315],[4.819544531,51.92649671],[4.819314974,51.92633756],[4.819285974,51.92631787],[4.819266217,51.926305029],[4.819256092,51.926298774],[4.819245717,51.926292685],[4.819235365,51.926286976],[4.819224777,51.926281425],[4.819203125,51.926270643],[4.819170012,51.926254896],[4.819092037,51.92621863],[4.819058795,51.926202959],[4.819036898,51.926192323],[4.819026095,51.926186899],[4.819004681,51.926175564],[4.818983577,51.926163655],[4.818962797,51.926151513],[4.8188806,51.92610228],[4.818829539,51.92607131],[4.81880953,51.926058905],[4.81878008,51.926040305],[4.81864359,51.925952938],[4.818614676,51.925934026],[4.818595536,51.925921115],[4.818567048,51.925901285],[4.818538816,51.925881309],[4.818294934,51.92570773],[4.818266617,51.925687803],[4.818247521,51.925674642],[4.81822815,51.925661737],[4.818198609,51.925642801],[4.818098833,51.925580429],[4.81806868,51.925561864],[4.818048339,51.92554965],[4.81802758,51.925537725],[4.818016963,51.925531928],[4.817995343,51.925520597],[4.817973416,51.925509477],[4.817873773,51.925460102],[4.817851783,51.925449038],[4.817830097,51.925437785],[4.817819455,51.925432033],[4.817809021,51.925426154],[4.817798871,51.925420099],[4.817788853,51.925413693],[4.817779129,51.925407105],[4.817760259,51.925393574],[4.817741828,51.925379771],[4.817650961,51.925309943],[4.817614246,51.925282196],[4.817586482,51.925261818],[4.817521205,51.925214522],[4.817493825,51.925193976],[4.817484986,51.925186997],[4.817476392,51.925179907],[4.817460605,51.925165855],[4.817445549,51.925151478],[4.817423835,51.925129574],[4.817409983,51.925114781],[4.81740335,51.925107307],[4.817397007,51.925099759],[4.817391056,51.925092112],[4.817385636,51.925084332],[4.817380728,51.925076163],[4.817376376,51.925067855],[4.817372429,51.925059445],[4.817368774,51.925050963],[4.817362027,51.925033859],[4.817352606,51.925008025],[4.817331229,51.924947598],[4.817321394,51.924921909],[4.817317775,51.924913452],[4.817313855,51.924905089],[4.817309506,51.924896861],[4.817304567,51.924888817],[4.817298815,51.924881028],[4.817291967,51.924873438],[4.817284289,51.924866109],[4.817276006,51.924858969],[4.817267293,51.924851964],[4.817249054,51.924838208],[4.817220731,51.924817876],[4.816972889,51.92464242],[4.816954281,51.924628774],[4.816945232,51.924621867],[4.816936457,51.92461487],[4.816928076,51.924607743],[4.816920244,51.924600435],[4.816913171,51.924592877],[4.816907032,51.924585028],[4.81690165,51.924576929],[4.816896819,51.924568649],[4.816892386,51.924560238],[4.816888233,51.924551735],[4.816880448,51.924534557],[4.816854445,51.924474022],[4.816846355,51.92445694],[4.816841942,51.924448519],[4.816837142,51.924440221],[4.816831807,51.924432099],[4.816825736,51.924424214],[4.816818894,51.924416749],[4.816811341,51.924409515],[4.816803266,51.924402449],[4.816794814,51.924395506],[4.8167861,51.924388648],[4.816768176,51.924375091],[4.816593873,51.924247612],[4.816556861,51.924220973],[4.816537998,51.924207814],[4.816509418,51.924188232],[4.816394405,51.924110281],[4.816337108,51.924071738],[4.815960091,51.92382121],[4.815772302,51.923696027],[4.815575139,51.923564375],[4.815430023,51.92346669],[4.815410469,51.923453835],[4.815390552,51.923441229],[4.815380355,51.923435088],[4.815369919,51.923429115],[4.81535933,51.923423415],[4.81533751,51.923412457],[4.815315186,51.923401844],[4.815281289,51.923386205],[4.815224481,51.923360356],[4.815190259,51.923344986],[4.815167248,51.923334942],[4.815155622,51.923330044],[4.815143873,51.923325274],[4.815131952,51.923320678],[4.81511971,51.923316257],[4.815107294,51.923312013],[4.81508212,51.923303876],[4.815056683,51.923296004],[4.815018332,51.923284396],[4.81491578,51.92325378],[4.814877011,51.923242809],[4.814863955,51.923239363],[4.814850788,51.923236096],[4.814837591,51.923233067],[4.814824285,51.923230215],[4.814810896,51.923227492],[4.814783956,51.923222301],[4.814729754,51.923212416],[4.814621071,51.923193044],[4.814594066,51.923188019],[4.814567377,51.923182654],[4.81455425,51.923179738],[4.814541351,51.923176578],[4.814528767,51.92317308],[4.814516613,51.92316912],[4.814505148,51.923164669],[4.814494102,51.923159767],[4.814483366,51.923154533],[4.814472854,51.92314906],[4.814452262,51.923137652],[4.814421908,51.923119968],[4.814361587,51.923084177],[4.814331281,51.923066395],[4.814300606,51.923048884],[4.814279642,51.923037474],[4.814247425,51.923020749],[4.814203989,51.922998791],[4.814127698,51.922960568],[4.814083765,51.922939025],[4.814061413,51.922928594],[4.814050041,51.922923551],[4.814038578,51.922918697],[4.814015261,51.92290933],[4.813967841,51.92289129],[4.813860429,51.922851333],[4.813836773,51.922842276],[4.813813437,51.922832951],[4.813801975,51.922828117],[4.813790719,51.922823113],[4.813779439,51.922817772],[4.813757463,51.922806607],[4.81373594,51.922795063],[4.813714637,51.922783334],[4.813640591,51.922741871],[4.813609137,51.922723925],[4.8135885,51.92271176],[4.81357837,51.92270556],[4.81355896,51.922693115],[4.813539954,51.922680422],[4.813511813,51.922661154],[4.813446519,51.922615974],[4.813427702,51.922603177],[4.8134086,51.922590577],[4.81338893,51.922578367],[4.81337874,51.922572506],[4.813367972,51.922566727],[4.813356933,51.922561133],[4.81333432,51.922550315],[4.813299706,51.922534566],[4.813125005,51.922456941],[4.812880749,51.92234804],[4.812752883,51.922290912],[4.812636795,51.922238794],[4.812613491,51.922228472],[4.812590008,51.92221837],[4.812578137,51.922213472],[4.812566132,51.922208737],[4.812553939,51.922204228],[4.812541486,51.92220003],[4.812528631,51.922196187],[4.812515514,51.922192659],[4.812502207,51.92218936],[4.812475225,51.922183202],[4.812434298,51.922174513],[4.812269875,51.922140615],[4.811845565,51.922052533],[4.811804639,51.922043814],[4.811777553,51.92203771],[4.811764127,51.922034489],[4.811750818,51.922031098],[4.811738066,51.922027614],[4.811725425,51.922023968],[4.811700369,51.922016347],[4.811663088,51.922004472],[4.811551698,51.921968189],[4.81151433,51.921956521],[4.811489105,51.921949307],[4.811476314,51.921946018],[4.811463347,51.921943047],[4.811450013,51.921940433],[4.8114365,51.921938143],[4.811422853,51.921936091],[4.811409112,51.921934209],[4.811367562,51.921929159],[4.811256153,51.921916762],[4.811214469,51.921911872],[4.811186804,51.9219083],[4.811173038,51.921906343],[4.811145063,51.921901904],[4.811117239,51.921897085],[4.811061773,51.921886974],[4.810978729,51.921871445],[4.810937354,51.921863408],[4.810909925,51.92185774],[4.810869017,51.921848777],[4.810814643,51.921836501],[4.810760379,51.921824056],[4.810719932,51.921814394],[4.810693314,51.921807501],[4.810680203,51.921803797],[4.810667242,51.921799855],[4.810654425,51.921795723],[4.810629074,51.92178709],[4.810591401,51.921773674],[4.810428521,51.921714823],[4.810391283,51.921701021],[4.81037909,51.921696274],[4.810367099,51.921691392],[4.810355398,51.921686317],[4.8103441,51.921680972],[4.810333362,51.921675253],[4.810323581,51.921669255],[4.810314331,51.921662901],[4.81030547,51.921656285],[4.810288513,51.921642546],[4.810272126,51.921628426],[4.810191768,51.921556745],[4.810150789,51.921520873],[4.81009279,51.921470816],[4.81005912,51.921442461],[4.810041508,51.921428163],[4.810014743,51.921406874],[4.809933805,51.921343316],[4.809906302,51.921322437],[4.809887322,51.921308903],[4.809877466,51.921302353],[4.809867468,51.921296114],[4.809857209,51.921290031],[4.809846761,51.921284061],[4.809825492,51.92127234],[4.809793122,51.921255035],[4.809641232,51.921174775],[4.809608966,51.92115739],[4.809577268,51.921139651],[4.80954629,51.921121489],[4.809505389,51.921096999],[4.809352517,51.921004735],[4.809240734,51.920936565],[4.809220231,51.920924428],[4.809209859,51.920918534],[4.809199351,51.920912836],[4.809188646,51.920907421],[4.809177666,51.920902406],[4.8091663,51.920897949],[4.809154406,51.920894255],[4.809141781,51.920891478],[4.809128624,51.920889472],[4.809115075,51.920888029],[4.809101248,51.920886988],[4.809087224,51.92088623],[4.809073064,51.920885666],[4.809044497,51.920884879],[4.808929378,51.920882598],[4.808814252,51.920879719],[4.808785716,51.920879277],[4.808771591,51.92087926],[4.808757624,51.920879472],[4.808743885,51.920880018],[4.808730469,51.920881036],[4.808717501,51.920882716],[4.808705149,51.920885304],[4.808693697,51.920888941],[4.808682847,51.920893465],[4.808672439,51.92089864],[4.80866235,51.920904285],[4.80865249,51.920910264],[4.808642787,51.920916475],[4.808623654,51.920929303],[4.808585533,51.920955281],[4.80856602,51.920967798],[4.80855598,51.92097375],[4.808545641,51.920979382],[4.808534894,51.920984575],[4.808523588,51.92098917],[4.808511455,51.920993083],[4.808498754,51.920996387],[4.808485638,51.920999246],[4.808472223,51.921001786],[4.808458599,51.9210041],[4.808430958,51.921008309],[4.80826303,51.92103137],[4.808109391,51.921053113],[4.808081467,51.921056934],[4.808053534,51.921060429],[4.808039557,51.921061949],[4.808025574,51.921063229],[4.808011577,51.921064171],[4.807997564,51.921064653],[4.807983518,51.92106457],[4.807969456,51.921064026],[4.80795538,51.921063145],[4.807941297,51.921062024],[4.80791311,51.921059326],[4.807870808,51.92105474],[4.807729786,51.92103886],[4.807701629,51.921035603],[4.807673544,51.921032173],[4.807645596,51.921028385],[4.807631819,51.9210263],[4.807604394,51.921021805],[4.807563423,51.921014618],[4.807440722,51.92099253],[4.807399628,51.920985678],[4.807372146,51.920981665],[4.807344609,51.920978131],[4.807316975,51.920974849],[4.807136911,51.920954684],[4.807095418,51.920949837],[4.807067093,51.920946351],[4.806996384,51.920937307],[4.806586496,51.920884129],[4.806360374,51.920854454],[4.806317958,51.920849135],[4.806289646,51.920846026],[4.806275469,51.920844735],[4.806261271,51.920843716],[4.806247045,51.920843072],[4.806232771,51.920842887],[4.806218467,51.920843077],[4.806204143,51.920843542],[4.806189802,51.920844202],[4.806161092,51.920845901],[4.806046144,51.920854108],[4.806003059,51.920856809],[4.80598871,51.920857501],[4.80597437,51.920858012],[4.805960044,51.920858271],[4.805945738,51.920858184],[4.805932056,51.920857704],[4.805918392,51.920856903],[4.805904741,51.920855865],[4.805877465,51.920853328],[4.805850207,51.92085044],[4.805795712,51.920844282],[4.805741248,51.920837967],[4.80570049,51.920833019],[4.80567344,51.920829424],[4.805646483,51.920825323],[4.805619618,51.920820712],[4.805592861,51.920815832],[4.805526143,51.920803195],[4.805459588,51.920790254],[4.805419934,51.920782028],[4.805393485,51.920775945],[4.805366991,51.920769314],[4.805327513,51.920758931],[4.805078371,51.920691707],[4.80499952,51.920670739],[4.804947382,51.920657391],[4.804816723,51.920624473],[4.804764395,51.920611417],[4.804738149,51.920605035],[4.804711766,51.920598897],[4.804698488,51.92059598],[4.804672087,51.920590606],[4.804632164,51.920583113],[4.80451182,51.920561656],[4.804471837,51.920554292],[4.804445378,51.920549066],[4.804432259,51.920546275],[4.80441925,51.920543307],[4.804406249,51.920540094],[4.804380554,51.920533176],[4.804355104,51.920525862],[4.80431714,51.920514544],[4.804228782,51.920487767],[4.804190784,51.920476548],[4.804165252,51.920469457],[4.804152371,51.920466138],[4.804139373,51.92046305],[4.804126214,51.920460275],[4.804112698,51.920457856],[4.804099017,51.920455757],[4.804085217,51.920453891],[4.804071332,51.920452194],[4.804043399,51.920449121],[4.804001303,51.920444896],[4.80362191,51.920407918],[4.803579921,51.920403457],[4.803552145,51.92040002],[4.803538381,51.920398034],[4.803524742,51.92039578],[4.803511546,51.920393257],[4.803498472,51.920390474],[4.803472564,51.920384388],[4.803434027,51.920374567],[4.803344475,51.920350858],[4.803306017,51.920340827],[4.80328026,51.920334343],[4.803254308,51.920328192],[4.803240994,51.920325257],[4.803214188,51.920319693],[4.803173733,51.920311762],[4.803051956,51.920288682],[4.802997716,51.920278688],[4.802956717,51.920271689],[4.802901424,51.920263182],[4.802416173,51.920192017],[4.80237462,51.920185824],[4.802333166,51.920179396],[4.802291185,51.92017242],[4.802249307,51.920165204],[4.801844874,51.920094492],[4.80181694,51.920089731],[4.801788939,51.920085154],[4.801760803,51.920080943],[4.80174693,51.920079086],[4.801719066,51.920075699],[4.801677109,51.920071059],[4.801550982,51.92005783],[4.801494972,51.920051794],[4.801453578,51.920047028],[4.801398829,51.920040402],[4.801289411,51.920026883],[4.801234769,51.920019929],[4.80117952,51.920012367],[4.801096445,51.920000427],[4.800985759,51.919984292],[4.800917336,51.91997387],[4.800700097,51.91993954],[4.800447229,51.919899301],[4.800377078,51.919888398],[4.800125857,51.919850582],[4.799773281,51.919797954],[4.799591149,51.919770489],[4.799522985,51.919759671],[4.799362465,51.919733184],[4.799308829,51.91972473],[4.799281872,51.919720901],[4.79926774,51.919719093],[4.799239371,51.919715787],[4.799196673,51.919711241],[4.799068347,51.919698264],[4.799011386,51.91969228],[4.798982999,51.919689017],[4.798968852,51.919687246],[4.798940775,51.919683371],[4.7989128,51.919679195],[4.798870923,51.919672675],[4.798187565,51.919564378],[4.798131709,51.919555728],[4.798076067,51.919547632],[4.797853438,51.919516886],[4.797565537,51.919477544],[4.797359894,51.919448429],[4.797304949,51.919440997],[4.797277364,51.919437658],[4.797263574,51.919436167],[4.797235916,51.919433457],[4.797194312,51.919429771],[4.797097113,51.919421602],[4.797055572,51.919417816],[4.797028041,51.919414882],[4.797014367,51.919413185],[4.797000785,51.919411257],[4.796987411,51.919409066],[4.79697413,51.919406646],[4.796960915,51.919404058],[4.796934618,51.91939855],[4.796895346,51.919389853],[4.79680385,51.919369208],[4.796764465,51.919360767],[4.796738,51.919355634],[4.796724652,51.919353337],[4.796710865,51.919351229],[4.79669699,51.919349326],[4.79666907,51.919345926],[4.796612903,51.919339897],[4.796444043,51.919322651],[4.79626119,51.91930374],[4.796218968,51.919299511],[4.796190782,51.919296888],[4.796162534,51.9192946],[4.796148692,51.919293671],[4.796120948,51.919292108],[4.796079255,51.91929018],[4.795954065,51.919285001],[4.795912464,51.919282816],[4.795884886,51.919280795],[4.795871184,51.919279476],[4.795856978,51.919277809],[4.79584284,51.919275899],[4.795814696,51.919271604],[4.795758656,51.919262125],[4.795604782,51.919235205],[4.79539486,51.91919878],[4.795352978,51.919191305],[4.79532519,51.919186074],[4.795297725,51.919180461],[4.795257065,51.919171378],[4.795135804,51.919142766],[4.79509533,51.919133359],[4.795068225,51.91912737],[4.7950409,51.919121887],[4.795027098,51.919119467],[4.795013296,51.919117352],[4.794985418,51.919113758],[4.794943226,51.919109226],[4.794858541,51.919100889],[4.794830461,51.919097831],[4.79481651,51.919096133],[4.794802651,51.919094255],[4.794788922,51.91909213],[4.794775371,51.919089665],[4.794762043,51.919086789],[4.794748891,51.919083574],[4.794735869,51.919080112],[4.794722939,51.919076473],[4.794697257,51.919068856],[4.794658943,51.919057024],[4.794480446,51.919001238],[4.794340037,51.918957681],[4.794276338,51.91893834],[4.794149565,51.918900724],[4.794124358,51.918893048],[4.794099385,51.918885124],[4.794087052,51.918881001],[4.794074869,51.918876716],[4.794062515,51.9188721],[4.794050321,51.918867315],[4.794038244,51.918862407],[4.794014316,51.918852351],[4.793931302,51.918816379],[4.793895484,51.918801215],[4.79387122,51.918791514],[4.793858872,51.918786891],[4.793846721,51.918782606],[4.79382201,51.918774468],[4.793796971,51.918766674],[4.793658013,51.918725112],[4.793607342,51.918709555],[4.793543856,51.918689538],[4.793404404,51.918645219],[4.793214408,51.918584446],[4.793189012,51.91857647],[4.793163476,51.918568784],[4.793150611,51.918565142],[4.793137644,51.918561711],[4.793124532,51.918558574],[4.793111224,51.918555841],[4.793097733,51.918553606],[4.793084047,51.918551775],[4.793070218,51.918550235],[4.793056285,51.918548909],[4.793028223,51.918546665],[4.793000013,51.918544723],[4.7928869,51.918537512],[4.792858748,51.91853545],[4.79284474,51.918534276],[4.792830806,51.918532953],[4.792816972,51.918531419],[4.792803281,51.918529593],[4.792789781,51.918527369],[4.792776463,51.91852465],[4.792763336,51.918521531],[4.792750353,51.918518119],[4.79273747,51.918514498],[4.792724658,51.918510728],[4.792699168,51.918502915],[4.792534227,51.918450577],[4.79233102,51.918386548],[4.792293286,51.918374165],[4.792268545,51.918365477],[4.792244882,51.918356437],[4.792221571,51.91834703],[4.792163895,51.918322883],[4.792025513,51.918264195],[4.791368552,51.917983546],[4.791332948,51.917968054],[4.791309528,51.917957474],[4.7912869,51.917946622],[4.791254241,51.917929859],[4.791211332,51.917907],[4.791147332,51.917872433],[4.791115566,51.917854991],[4.79109451,51.917843119],[4.791042301,51.917812732],[4.790813776,51.917678215],[4.790782725,51.917659809],[4.790762235,51.917647417],[4.79074213,51.917634806],[4.790732322,51.91762836],[4.790713938,51.917615556],[4.790687243,51.917595845],[4.790617427,51.917542502],[4.790590962,51.917522674],[4.790572863,51.917509736],[4.790563557,51.917503424],[4.790553995,51.917497269],[4.790544096,51.917491284],[4.790533941,51.917485455],[4.790513116,51.917474113],[4.790491895,51.917463014],[4.79045974,51.917446566],[4.790297065,51.91736418],[4.789950051,51.917189764],[4.789927763,51.917178446],[4.789905679,51.917166995],[4.789884014,51.91715527],[4.789873449,51.917149233],[4.789863199,51.917143085],[4.789853144,51.91713681],[4.789833419,51.917124008],[4.789804335,51.917104476],[4.78968891,51.917025748],[4.78965961,51.917006343],[4.78963959,51.916993711],[4.789618938,51.916981472],[4.789597865,51.916969495],[4.789565904,51.916951745],[4.789490952,51.916910554],[4.789469445,51.916898868],[4.789447761,51.916887341],[4.789425692,51.91687616],[4.789414404,51.916870798],[4.789402859,51.916865666],[4.789391007,51.916860819],[4.789378898,51.916856203],[4.789354172,51.916847428],[4.789329057,51.916839001],[4.788695147,51.916633762],[4.788657236,51.916621331],[4.788632198,51.916612822],[4.788607589,51.91660391],[4.788595557,51.916599195],[4.788583739,51.916594238],[4.788572121,51.916589091],[4.788549286,51.916578422],[4.788515545,51.916561933],[4.78838155,51.916495064],[4.788202691,51.916406092],[4.78815833,51.916383594],[4.788136448,51.916372064],[4.788114792,51.916360305],[4.788071848,51.916336521],[4.787911327,51.916246944],[4.787879455,51.916228884],[4.787858501,51.916216659],[4.787837948,51.916204079],[4.787817801,51.91619114],[4.787778186,51.916164833],[4.787699521,51.916111861],[4.787679652,51.916098774],[4.787659414,51.916085971],[4.787649044,51.916079761],[4.787638416,51.916073752],[4.787627429,51.916068018],[4.787616084,51.916062658],[4.787604387,51.916057569],[4.787592434,51.916052678],[4.78756803,51.916043278],[4.787530807,51.916029652],[4.787380954,51.915975889],[4.787119159,51.915881473],[4.786885126,51.915798106],[4.786848039,51.91578509],[4.786797308,51.915767666],[4.786403043,51.915633794],[4.786364787,51.91562097],[4.786339146,51.915612623],[4.786313266,51.915604632],[4.786300178,51.915600861],[4.786286945,51.915597312],[4.78627432,51.91559421],[4.786223306,51.915582743],[4.786210712,51.915579729],[4.786198312,51.915576486],[4.786186195,51.915572907],[4.786173876,51.915568703],[4.786161878,51.915564115],[4.786150113,51.915559247],[4.786138517,51.915554174],[4.786115652,51.915543637],[4.786081755,51.915527345],[4.786003029,51.915488878],[4.785957906,51.915467021],[4.785923751,51.915450898],[4.785900869,51.91544056],[4.785877931,51.915430583],[4.785843252,51.915415848],[4.785715556,51.915362264],[4.785680517,51.915347891],[4.785656877,51.915338625],[4.785644897,51.915334172],[4.785632755,51.915329901],[4.785620077,51.915325742],[4.785607229,51.915321773],[4.785581201,51.91531421],[4.785554919,51.915306932],[4.784907253,51.91513287],[4.784854582,51.915118416],[4.784828496,51.915110882],[4.784815582,51.915106958],[4.784802794,51.915102896],[4.784777472,51.915094455],[4.784727329,51.915076963],[4.784315245,51.914930682],[4.784103986,51.914855293],[4.784066604,51.914842112],[4.784041532,51.914833506],[4.784016196,51.914825222],[4.784003415,51.914821277],[4.783964635,51.914809974],[4.783912488,51.914795437],[4.783820997,51.914770282],[4.783781696,51.914759644],[4.783755376,51.914752735],[4.783742148,51.914749385],[4.783715149,51.914742861],[4.78367439,51.914733471],[4.783497125,51.914693786],[4.783428785,51.91467881],[4.783373711,51.914667357],[4.783194262,51.914630952],[4.783125524,51.914616842],[4.782619966,51.914511243],[4.782538021,51.914493527],[4.782115007,51.914400798],[4.782046685,51.91438602],[4.782019248,51.914380308],[4.781978776,51.91437231],[4.781789105,51.914336483],[4.781748589,51.914328588],[4.781721744,51.914323039],[4.78169504,51.914317005],[4.781655261,51.91430711],[4.781615736,51.914296775],[4.781536858,51.914275803],[4.781497318,51.914265566],[4.781470789,51.914259158],[4.781457422,51.914256202],[4.781443952,51.9142535],[4.781430338,51.914251148],[4.781416453,51.914249211],[4.781402424,51.914247626],[4.781388291,51.914246298],[4.781359823,51.914244137],[4.781316867,51.914241506],[4.781230742,51.914236814],[4.78118767,51.914234701],[4.781158943,51.914233589],[4.781130067,51.91423298],[4.781086522,51.914232945],[4.781028427,51.914233556],[4.780897697,51.914235335],[4.780854152,51.914235654],[4.780825166,51.914235495],[4.780810698,51.9142352],[4.780796257,51.914234685],[4.78078209,51.914233919],[4.780767947,51.914232939],[4.780739712,51.91423056],[4.780697423,51.914226443],[4.78044387,51.914200222],[4.78013386,51.914168617],[4.780091635,51.914164189],[4.780063577,51.914161014],[4.780035686,51.914157432],[4.780021846,51.914155383],[4.780007914,51.914153072],[4.779980269,51.914147919],[4.779952792,51.914142355],[4.779911715,51.914133673],[4.779569892,51.914060044],[4.779528804,51.91405143],[4.779501293,51.914046082],[4.779487463,51.914043648],[4.779473558,51.914041463],[4.77945955,51.91403962],[4.779445868,51.914038236],[4.779432087,51.914037176],[4.779404328,51.914035703],[4.779376418,51.914034732],[4.779334431,51.914033679],[4.779166319,51.914029968],[4.779124318,51.914028845],[4.779096334,51.914027935],[4.779067331,51.914026779],[4.779023846,51.914024788],[4.778864453,51.914016952],[4.778835497,51.914015811],[4.778821029,51.914015389],[4.778806575,51.914015125],[4.778792139,51.914015082],[4.778777726,51.914015344],[4.778763619,51.914015962],[4.778749536,51.914016876],[4.778721417,51.914019292],[4.778679299,51.914023694],[4.778553033,51.914038048],[4.77851093,51.914042364],[4.778496889,51.914043579],[4.778482842,51.914044603],[4.778468786,51.914045358],[4.77845472,51.914045748],[4.778440755,51.914045696],[4.778426778,51.914045283],[4.778412792,51.914044605],[4.778384808,51.914042736],[4.778342813,51.914039273],[4.778244799,51.914030542],[4.778202773,51.914026946],[4.778160692,51.914023748],[4.778132649,51.914022101],[4.778104628,51.914020867],[4.778062534,51.91401939],[4.777922092,51.914015038],[4.777879981,51.914013882],[4.777851957,51.914013386],[4.777837973,51.91401331],[4.777824021,51.914013414],[4.777810111,51.914013768],[4.777796261,51.914014463],[4.777782623,51.91401556],[4.777769044,51.914016994],[4.777755506,51.914018673],[4.777741997,51.914020529],[4.777715039,51.914024583],[4.777661219,51.914033287],[4.777594026,51.914044468],[4.777553865,51.914051438],[4.777527292,51.914056436],[4.777514116,51.914059133],[4.777500723,51.91406208],[4.777487417,51.91406518],[4.777460971,51.91407168],[4.777421523,51.914081825],[4.777303512,51.914112843],[4.777250974,51.914126474],[4.777211339,51.914136309],[4.777184626,51.914142416],[4.777157659,51.914148136],[4.777116994,51.91415635],[4.776899486,51.914199127],[4.776736431,51.914231379],[4.776681996,51.914241912],[4.77665466,51.914246876],[4.776627136,51.914251359],[4.77661351,51.91425329],[4.776586091,51.914256723],[4.776530919,51.914262738],[4.776392636,51.914276879],[4.776337384,51.914282756],[4.776281372,51.914289152],[4.776113435,51.914308853],[4.776071591,51.914314027],[4.776043919,51.914317865],[4.776030217,51.914320016],[4.776016652,51.914322407],[4.776003276,51.914325126],[4.775990388,51.914328178],[4.775977681,51.914331549],[4.775965109,51.914335152],[4.775940229,51.914342817],[4.77590325,51.914354906],[4.775780412,51.914395963],[4.775743254,51.914407861],[4.775718162,51.914415364],[4.775691821,51.914422542],[4.77566519,51.914429331],[4.77562499,51.914439174],[4.775490645,51.914471518],[4.775450576,51.914481545],[4.775424126,51.914488593],[4.775398855,51.914495863],[4.775373803,51.914503437],[4.775249242,51.914542256],[4.775224128,51.914549725],[4.77519873,51.914556785],[4.775185698,51.914560127],[4.775159373,51.914566435],[4.775066356,51.914587255],[4.775039907,51.914593405],[4.775013491,51.914600002],[4.774987115,51.914607056],[4.774947796,51.914618014],[4.774895535,51.914632873],[4.774791104,51.914662731],[4.774739014,51.914677826],[4.774713062,51.914685552],[4.774674261,51.914697391],[4.774558197,51.914733375],[4.7745193,51.914744954],[4.774506228,51.914748602],[4.774493062,51.914752063],[4.774479763,51.914755263],[4.774466284,51.914758104],[4.774452657,51.914760492],[4.774438851,51.914762523],[4.774424914,51.914764297],[4.774410882,51.914765886],[4.774382644,51.914768714],[4.774325862,51.914773768],[4.774268983,51.914778495],[4.774240524,51.914780622],[4.774212032,51.91478235],[4.774197762,51.914782954],[4.774183632,51.914783323],[4.774169483,51.914783502],[4.774141151,51.914783485],[4.774098602,51.914782949],[4.773999267,51.914781125],[4.773956824,51.914780732],[4.773942744,51.914780811],[4.773928725,51.914781077],[4.773914789,51.914781605],[4.773900972,51.914782498],[4.773887317,51.914783887],[4.773874055,51.914785847],[4.77386095,51.914788291],[4.77384796,51.914791091],[4.773835055,51.91479415],[4.773809405,51.91480076],[4.773745572,51.914818279],[4.773719947,51.91482513],[4.773694113,51.914831542],[4.77368106,51.914834464],[4.773667873,51.914837104],[4.773654021,51.914839483],[4.773640023,51.914841561],[4.773625922,51.914843421],[4.77359752,51.914846718],[4.773568968,51.914849701],[4.773339895,51.91487214],[4.772924898,51.914913255],[4.772810376,51.914924757],[4.772652803,51.914940951],[4.772624274,51.914943464],[4.77261008,51.914944469],[4.772595964,51.914945196],[4.77258196,51.914945529],[4.772568108,51.914945309],[4.772554472,51.914944326],[4.772541199,51.91494243],[4.772528136,51.91493978],[4.772515227,51.914936583],[4.772502427,51.914932995],[4.772489705,51.914929131],[4.772477036,51.914925078],[4.772451791,51.914916636],[4.772288125,51.914860266],[4.771947853,51.914744495],[4.771771576,51.914684202],[4.771746275,51.914675806],[4.771720752,51.914667803],[4.771707843,51.914664069],[4.771694782,51.914660611],[4.771681509,51.914657533],[4.771667869,51.914654901],[4.771654016,51.914652652],[4.771640009,51.914650684],[4.771611695,51.914647285],[4.771583161,51.914644281],[4.771353972,51.91462191],[4.771010495,51.914587722],[4.770967522,51.914583681],[4.77093882,51.914581295],[4.770924441,51.914580276],[4.770910195,51.914579423],[4.770881646,51.914578059],[4.770824434,51.914575997],[4.770595399,51.914568834],[4.770337752,51.914560529],[4.770294818,51.914559442],[4.770266202,51.914559095],[4.7702519,51.914559133],[4.770223655,51.914559734],[4.77019542,51.914560785],[4.770167187,51.914562065],[4.769926943,51.914573791],[4.769898913,51.914575528],[4.769885033,51.91457661],[4.769871302,51.914577921],[4.769857777,51.914579556],[4.769844539,51.914581644],[4.769831697,51.914584349],[4.76981904,51.914587898],[4.769806792,51.914592091],[4.769794841,51.914596752],[4.769783104,51.914601745],[4.769760032,51.914612364],[4.769725901,51.914629053],[4.769578749,51.914702999],[4.7695447,51.91471986],[4.769521846,51.914730528],[4.769510317,51.914735479],[4.769498679,51.914740014],[4.769486886,51.914743955],[4.769474872,51.914747062],[4.769462556,51.914749021],[4.769449991,51.914749577],[4.769437128,51.914749004],[4.76942405,51.914747607],[4.769410816,51.914745623],[4.769397474,51.914743225],[4.769370589,51.914737669],[4.769343565,51.914731598],[4.769262313,51.914712805],[4.769194584,51.914697398],[4.769126736,51.914682293],[4.769031451,51.914661489],[4.76900442,51.914655436],[4.768977899,51.914649065],[4.768965014,51.914645645],[4.768952537,51.91464197],[4.768940641,51.914637931],[4.768929554,51.914633384],[4.768919582,51.914628138],[4.768911028,51.914622085],[4.768903574,51.914615341],[4.768896924,51.914608093],[4.768890851,51.914600484],[4.768885186,51.914592619],[4.768874616,51.914576413],[4.76886457,51.914559881],[4.768810747,51.914468106],[4.768790853,51.914434925],[4.768780345,51.914418637],[4.768774756,51.914410671],[4.768768805,51.914402897],[4.768762344,51.914395395],[4.768755173,51.91438827],[4.768747029,51.914381662],[4.768737566,51.914375608],[4.768727109,51.914370082],[4.768715929,51.91436494],[4.768704233,51.914360072],[4.768692175,51.914355397],[4.768679869,51.914350854],[4.768654817,51.914342001],[4.768515342,51.914294209],[4.768351315,51.914237297],[4.768061493,51.914136335],[4.767885286,51.914074327],[4.767859979,51.914065838],[4.767847244,51.914061815],[4.767834422,51.914058034],[4.767821474,51.914054596],[4.767808351,51.91405164],[4.767794985,51.91404935],[4.767781389,51.914047876],[4.767767552,51.914047062],[4.767753541,51.914046726],[4.767739406,51.914046734],[4.767710898,51.914047394],[4.767682222,51.914048516],[4.767538453,51.914055187],[4.767279776,51.914066626],[4.767121098,51.914074299],[4.767092521,51.914075354],[4.767078428,51.914075642],[4.767064553,51.914075661],[4.767050996,51.914075288],[4.76703789,51.914074358],[4.767025416,51.914072649],[4.767013812,51.914069869],[4.767003248,51.914065771],[4.766993558,51.914060598],[4.766984501,51.914054644],[4.766975896,51.914048132],[4.76696761,51.914041227],[4.766959542,51.914034053],[4.76695162,51.914026699],[4.766936026,51.914011685],[4.766881954,51.913958509],[4.766835375,51.913913227],[4.766780807,51.913860651],[4.766749399,51.913830727],[4.766733487,51.913815851],[4.766709219,51.913793746],[4.766635299,51.913727878],[4.766610959,51.913705834],[4.766595292,51.913690965],[4.766587794,51.913683427],[4.766580646,51.91367578],[4.766573976,51.913667986],[4.766567963,51.913660109],[4.766562417,51.913652088],[4.766557214,51.91364396],[4.766547474,51.913627498],[4.766529206,51.913594201],[4.766412869,51.913377022],[4.766398814,51.91335216],[4.766388601,51.913335852],[4.766383007,51.913327851],[4.766376924,51.913320004],[4.766370224,51.913312321],[4.766363029,51.913304794],[4.766347662,51.913290048],[4.766323328,51.913268333],[4.766256797,51.913210943],[4.766232174,51.913189302],[4.766216224,51.913174704],[4.76620851,51.913167309],[4.766201057,51.913159818],[4.766193805,51.913152085],[4.766180029,51.91313635],[4.766166821,51.913120404],[4.766153891,51.913104358],[4.766032522,51.912951373],[4.765956065,51.912854654],[4.765936384,51.91283072],[4.765929541,51.912822863],[4.765922448,51.912815117],[4.765915002,51.912807522],[4.765907073,51.912800138],[4.765898906,51.912793296],[4.765890289,51.912786648],[4.765881339,51.912780146],[4.76587215,51.912773747],[4.765853311,51.912761147],[4.765814826,51.912736297],[4.765756623,51.912699255],[4.765727205,51.912680951],[4.765707194,51.912669015],[4.765696826,51.912663092],[4.765675754,51.912651467],[4.76563293,51.912628664],[4.765525203,51.9125721],[4.76550399,51.912560597],[4.765493548,51.912554751],[4.765483279,51.912548805],[4.765473249,51.912542723],[4.765463549,51.912536453],[4.765454388,51.912530058],[4.765445545,51.912523481],[4.765436935,51.912516771],[4.765411916,51.91249617],[4.7653793,51.912468264],[4.765339072,51.912433164],[4.765323541,51.912418966],[4.765316077,51.912411781],[4.76530893,51.912404507],[4.765302217,51.912397106],[4.7652961,51.912389534],[4.765290644,51.912381659],[4.765285796,51.912373609],[4.765281397,51.912365429],[4.765273476,51.912348817],[4.76526274,51.912323569],[4.765235369,51.912255882],[4.765228045,51.912239114],[4.765224121,51.912230813],[4.765219922,51.9122226],[4.765215335,51.912214511],[4.765210216,51.912206592],[4.765204368,51.912198906],[4.765197477,51.912191339],[4.765189832,51.912184013],[4.765181639,51.912176862],[4.765173054,51.912169836],[4.765164193,51.912162899],[4.765136704,51.912142376],[4.765071185,51.912094948],[4.765033395,51.912068054],[4.764985235,51.912035111],[4.764742418,51.911871607],[4.764713591,51.911851824],[4.764694715,51.911838454],[4.764667237,51.911818014],[4.76464026,51.911797309],[4.764381507,51.911596085],[4.764354346,51.911575495],[4.764335742,51.911562051],[4.764326162,51.911555487],[4.764316379,51.911549097],[4.764296263,51.91153663],[4.764265351,51.911518354],[4.7638792,51.911295734],[4.763848212,51.911277495],[4.763827946,51.911265105],[4.763818034,51.91125878],[4.763808231,51.911252282],[4.763789072,51.911239024],[4.763760929,51.911218789],[4.763455017,51.910994007],[4.763436157,51.9109806],[4.76342656,51.910974011],[4.763416786,51.910967543],[4.763406765,51.910961243],[4.763396403,51.910955176],[4.763385693,51.91094943],[4.763374649,51.910943912],[4.763363358,51.910938563],[4.763340302,51.910928185],[4.763281541,51.910902999],[4.763198892,51.910868001],[4.763163339,51.910853157],[4.763139408,51.910843509],[4.763115066,51.9108343],[4.763102535,51.910829911],[4.763077086,51.910821546],[4.763051335,51.910813502],[4.763025437,51.910805615],[4.762856588,51.910754898],[4.762791902,51.910735088],[4.762766588,51.910727022],[4.762741776,51.91071889],[4.762606026,51.910673289],[4.762568841,51.910661103],[4.762543798,51.910653355],[4.762531132,51.910649695],[4.762518323,51.910646249],[4.762505071,51.910643001],[4.762491672,51.910639975],[4.762464577,51.910634362],[4.762423552,51.910626512],[4.76198413,51.91054551],[4.761956587,51.910540619],[4.76191497,51.910533534],[4.761761889,51.910508511],[4.761734136,51.910503859],[4.761706573,51.910498951],[4.761692925,51.910496319],[4.761679418,51.910493497],[4.761666108,51.910490412],[4.761653067,51.910486963],[4.761640536,51.910483129],[4.76162827,51.910478941],[4.761616198,51.910474493],[4.761604264,51.910469857],[4.761592431,51.91046509],[4.761568948,51.910455305],[4.761464022,51.910410277],[4.761428826,51.910395513],[4.761405064,51.910386003],[4.761393016,51.910381433],[4.761380799,51.910377048],[4.761368368,51.910372884],[4.761355767,51.910368906],[4.761330236,51.910361316],[4.761278541,51.910346833],[4.761122772,51.910304127],[4.760954249,51.910257505],[4.760915189,51.910247118],[4.760888903,51.910240716],[4.760875621,51.910237817],[4.760862197,51.910235222],[4.760848843,51.910233035],[4.760835354,51.910231142],[4.760808099,51.910227945],[4.760780631,51.910225203],[4.760739257,51.910221458],[4.760670178,51.910215509],[4.760628703,51.910212116],[4.760587153,51.910209183],[4.76057276,51.910208375],[4.760543929,51.910207029],[4.760500608,51.910205393],[4.760399431,51.910202057],[4.76035627,51.910200243],[4.760341994,51.910199418],[4.760327819,51.910198392],[4.76031379,51.91019708],[4.760299962,51.910195369],[4.760286414,51.910193108],[4.760273512,51.91019025],[4.760260876,51.910186865],[4.760248437,51.910183092],[4.760236142,51.91017904],[4.760223945,51.91017479],[4.760199745,51.910165918],[4.76010356,51.910129164],[4.760067226,51.910115706],[4.760042665,51.910107157],[4.7600302,51.910103108],[4.760017408,51.910099212],[4.760004479,51.910095484],[4.759978349,51.910088363],[4.759952011,51.910081498],[4.759740225,51.910027874],[4.759581548,51.909987201],[4.759541782,51.909977403],[4.759528472,51.909974349],[4.759515109,51.909971485],[4.759501676,51.909968894],[4.759488142,51.909966679],[4.759474471,51.909964985],[4.7594607,51.909963927],[4.759446792,51.909963384],[4.759432784,51.909963219],[4.759418705,51.909963327],[4.759390404,51.909964068],[4.759362002,51.909965196],[4.759262443,51.909969721],[4.759234094,51.909970672],[4.759219976,51.909970954],[4.759205917,51.909971032],[4.75919194,51.909970821],[4.75917808,51.909970211],[4.759164374,51.909969057],[4.759151158,51.909967285],[4.759138092,51.909964992],[4.759125139,51.909962312],[4.759112264,51.909959352],[4.759086673,51.909952894],[4.759061197,51.909946038],[4.758984932,51.909924876],[4.758946716,51.909914428],[4.758921121,51.909907667],[4.758895327,51.909901233],[4.758868091,51.909895011],[4.758840649,51.909889125],[4.758799311,51.909880581],[4.75871646,51.909863792],[4.758674967,51.909855551],[4.758647218,51.909850256],[4.758619312,51.909845313],[4.758605733,51.90984312],[4.758578437,51.909839043],[4.758551029,51.909835219],[4.758441073,51.909820645],[4.758399975,51.909814967],[4.758372807,51.909810802],[4.75835936,51.909808496],[4.758346051,51.909805963],[4.75833293,51.90980312],[4.758319979,51.909799884],[4.75830722,51.909796336],[4.758282079,51.909788619],[4.758244867,51.909776226],[4.758121609,51.909733609],[4.758084503,51.909720978],[4.758059522,51.90971267],[4.758009053,51.909696305],[4.757869868,51.909651761],[4.757831793,51.90963977],[4.757793412,51.909628208],[4.757780474,51.909624553],[4.75775383,51.909617539],[4.757726919,51.909610892],[4.757699877,51.909604429],[4.757374463,51.90952808],[4.757333716,51.909518687],[4.757306426,51.909512674],[4.75727892,51.909507102],[4.757265237,51.909504608],[4.757237676,51.909500014],[4.75719607,51.909493654],[4.756736892,51.909426765],[4.756532843,51.909397634],[4.756492306,51.909391636],[4.75646548,51.909387308],[4.756452184,51.90938495],[4.756439007,51.909382395],[4.756425992,51.909379573],[4.756412944,51.909376367],[4.756400064,51.909372885],[4.756387305,51.909369202],[4.756374635,51.909365372],[4.756349461,51.909357437],[4.756311904,51.909345197],[4.756061973,51.909262833],[4.756036903,51.909254705],[4.756011713,51.909246758],[4.755986279,51.909239182],[4.755973405,51.909235634],[4.755960376,51.909232324],[4.755947411,51.90922936],[4.755934294,51.909226629],[4.755921064,51.909224071],[4.755880948,51.90921703],[4.75580031,51.909203714],[4.755773918,51.909198893],[4.755761004,51.909196245],[4.755748392,51.909193348],[4.7557362,51.9091901],[4.755724588,51.90918637],[4.755713761,51.909181986],[4.755703754,51.909176732],[4.755694552,51.909170808],[4.755685943,51.909164392],[4.755677763,51.909157619],[4.755669889,51.909150593],[4.755662228,51.909143388],[4.755647292,51.909128661],[4.755610349,51.909091449],[4.755595,51.909076936],[4.755586991,51.909069901],[4.755578636,51.909063093],[4.755569805,51.909056599],[4.755560328,51.90905053],[4.755549852,51.90904487],[4.755538711,51.909039648],[4.755527084,51.909034747],[4.755515106,51.909030074],[4.755502883,51.909025565],[4.755477983,51.909016843],[4.755326185,51.908966097],[4.755149565,51.908906578],[4.755124211,51.908898246],[4.755098663,51.908890167],[4.755072671,51.908882532],[4.75504623,51.908875342],[4.754992865,51.908861594],[4.754725115,51.908794038],[4.754698209,51.908787545],[4.754671106,51.908781431],[4.754657428,51.908778619],[4.754630805,51.908773789],[4.754590426,51.908767411],[4.754427849,51.908743925],[4.754400822,51.908739846],[4.754373891,51.908735544],[4.754346986,51.908730899],[4.754306798,51.90872354],[4.754199905,51.908703236],[4.754159793,51.908695753],[4.754132984,51.908691043],[4.754119537,51.908688857],[4.754106049,51.908686846],[4.754092502,51.908685075],[4.754078874,51.908683633],[4.754064756,51.908682563],[4.754050555,51.908681837],[4.754036292,51.908681364],[4.754021984,51.908681073],[4.753993284,51.908680841],[4.753906969,51.908681017],[4.753878271,51.908680864],[4.753863973,51.908680629],[4.75384973,51.908680221],[4.753835569,51.908679571],[4.753821519,51.908678582],[4.753807623,51.908677129],[4.753793913,51.908675109],[4.753780355,51.908672626],[4.753766909,51.908669807],[4.75375354,51.908666747],[4.753726946,51.908660178],[4.753687228,51.908649784],[4.753634499,51.908635525],[4.753608402,51.908628136],[4.753595511,51.908624293],[4.753582784,51.908620292],[4.753570292,51.908616067],[4.753558121,51.90861153],[4.753546948,51.908606879],[4.753536069,51.908601943],[4.753525408,51.908596798],[4.753504517,51.90858609],[4.753483962,51.908575062],[4.753433217,51.908546927],[4.753403209,51.908529747],[4.753393354,51.908523926],[4.753373255,51.908511658],[4.753343594,51.908492944],[4.753255422,51.908436302],[4.753225592,51.908417792],[4.753215434,51.908411799],[4.753205092,51.908405957],[4.753194496,51.908400327],[4.753183548,51.908394985],[4.753172163,51.908389988],[4.753160429,51.908385279],[4.753148437,51.908380782],[4.753136261,51.908376439],[4.753099088,51.90836394],[4.752998765,51.908331597],[4.75296136,51.90831926],[4.752936731,51.908310739],[4.752924589,51.908306314],[4.752912618,51.908301723],[4.752900818,51.908296918],[4.752877688,51.908286857],[4.752843621,51.908271158],[4.752618536,51.908164457],[4.752596105,51.908153741],[4.752573891,51.908142888],[4.752552138,51.908131742],[4.752541563,51.908125978],[4.75253129,51.908120022],[4.752521147,51.908113678],[4.752511319,51.908107133],[4.752501721,51.908100444],[4.752482962,51.908086786],[4.752455364,51.908065954],[4.752336527,51.907975162],[4.752226082,51.907891656],[4.75220811,51.907877609],[4.752199386,51.907870506],[4.75219095,51.907863319],[4.752182926,51.907856007],[4.752175476,51.907848524],[4.752168822,51.907840801],[4.752163203,51.907832887],[4.752158363,51.907824738],[4.75215409,51.907816421],[4.752150222,51.90780798],[4.752143254,51.907790872],[4.752133719,51.907764933],[4.752106015,51.907686846],[4.752040785,51.907504843],[4.752031264,51.907478898],[4.752024424,51.907461731],[4.752020693,51.907453229],[4.752016635,51.907444813],[4.752012119,51.907436517],[4.752006978,51.907428386],[4.752001214,51.907420637],[4.751994845,51.907413046],[4.751988034,51.907405572],[4.751980901,51.907398181],[4.751973541,51.907390852],[4.751958391,51.907376306],[4.75190411,51.907325718],[4.751881155,51.907303922],[4.751866296,51.907289234],[4.751859103,51.907281806],[4.75184493,51.907266316],[4.751831294,51.907250635],[4.751811301,51.907226945],[4.751686021,51.907076441],[4.751659813,51.907044709],[4.751640643,51.907020764],[4.751622446,51.906996752],[4.751598827,51.906964543],[4.75145817,51.906770969],[4.7514408,51.90674672],[4.751429504,51.906730481],[4.75141336,51.90670578],[4.751397975,51.906680816],[4.751312469,51.906538901],[4.751297645,51.906513816],[4.751288236,51.906497019],[4.751283819,51.906488577],[4.751279697,51.906480089],[4.75127598,51.906471538],[4.751272877,51.906463245],[4.751270154,51.906454892],[4.751267711,51.906446496],[4.751263379,51.90642962],[4.751248239,51.906361766],[4.751244196,51.906344831],[4.751239657,51.90632796],[4.751237078,51.906319563],[4.751230933,51.906302275],[4.751224079,51.906285077],[4.751213182,51.906259356],[4.751119861,51.906045339],[4.751101372,51.90600251],[4.751094197,51.905985348],[4.751087353,51.905968136],[4.751080999,51.905950842],[4.751074975,51.905933502],[4.750991439,51.905681498],[4.75098296,51.905655409],[4.750974835,51.905629235],[4.750954672,51.905559026],[4.750882803,51.905304366],[4.750851072,51.905190101],[4.750843353,51.905163817],[4.750837526,51.905146442],[4.750834203,51.905137844],[4.750830452,51.905129338],[4.750826117,51.905120958],[4.750821154,51.905112869],[4.750815624,51.905104903],[4.750809676,51.905097028],[4.750803429,51.905089216],[4.750790363,51.905073718],[4.750770072,51.905050621],[4.750694701,51.90496615],[4.750660687,51.904927695],[4.750640818,51.904904476],[4.750628251,51.904888809],[4.750622344,51.904880873],[4.750616732,51.904872787],[4.750606269,51.904856405],[4.750591594,51.904831551],[4.750445677,51.904573163],[4.750431314,51.904548221],[4.750416241,51.904523459],[4.750410886,51.904515291],[4.750399373,51.904498974],[4.750381072,51.904474765],[4.750336907,51.90441866],[4.750324045,51.904402708],[4.750310896,51.904386851],[4.75030414,51.904378984],[4.750290238,51.904363491],[4.75027594,51.90434813],[4.750254153,51.904325202],[4.750034916,51.904096394],[4.749889118,51.903943707],[4.749866928,51.903920945],[4.749851671,51.903905975],[4.749843776,51.903898608],[4.749835612,51.903891361],[4.749827012,51.903884169],[4.749809054,51.90387012],[4.749790502,51.903856334],[4.749771648,51.903842679],[4.749695605,51.903788338],[4.749676925,51.903774631],[4.749667777,51.903767705],[4.749658838,51.903760703],[4.749650196,51.903753591],[4.74964197,51.903746326],[4.749634312,51.90373885],[4.749627632,51.903731447],[4.749621484,51.903723848],[4.749615728,51.903716104],[4.749604992,51.903700329],[4.749589914,51.903676286],[4.749550849,51.90361175],[4.749540621,51.903595808],[4.749535259,51.903587941],[4.749529637,51.903580183],[4.749523652,51.903572576],[4.749517167,51.903565177],[4.749510004,51.903558063],[4.74950178,51.9035511],[4.749492847,51.903544436],[4.749483396,51.903537988],[4.749473573,51.903531696],[4.749453224,51.903519405],[4.749421857,51.903501322],[4.749337434,51.903453423],[4.749263832,51.903411397],[4.749062729,51.90329573],[4.749020544,51.903271218],[4.748999883,51.903258756],[4.748989797,51.903252408],[4.748979969,51.903245937],[4.748970493,51.903239297],[4.748961503,51.903232425],[4.748953356,51.903225502],[4.748945653,51.903218367],[4.748938256,51.903211086],[4.748909634,51.903181495],[4.748902253,51.903174204],[4.748894573,51.903167054],[4.748886463,51.903160107],[4.748877625,51.903153278],[4.748868323,51.903146667],[4.748858681,51.90314022],[4.748838724,51.903127641],[4.748818259,51.903115302],[4.748797561,51.903103075],[4.748683182,51.90303607],[4.748548524,51.902956549],[4.748517261,51.902938365],[4.748496074,51.902926534],[4.748485276,51.902920795],[4.748474264,51.902915236],[4.74846296,51.902909927],[4.748451413,51.902904969],[4.74843958,51.902900255],[4.74841534,51.902891314],[4.748390661,51.902882747],[4.748365777,51.902874356],[4.748215885,51.902824506],[4.747752621,51.902669855],[4.7477022,51.902653359],[4.747676754,51.902645423],[4.74766391,51.902641614],[4.747650917,51.902637936],[4.747624688,51.9026309],[4.74758502,51.902620774],[4.747146815,51.90251185],[4.747053965,51.902488596],[4.746975738,51.902468284],[4.746768177,51.902413436]]}}],"crs":{"type":"name","properties":{"name":"EPSG:4326"}}}