{"type":"FeatureCollection","features":[{"type":"Feature","properties":{"__OBJECTID":1,"id":1,"id_0":1,"soort":"buk","layerid":"legger","objectid":1,"layername":"Buitenkruinlijn SAFE WSRL","layercolor":"#F15E0F","layerstyle":"id,id,2,uit","shape__len":39391.8929379,"shape_leng":39391.8934935},"geometry":{"type":"LineString","coordinates":[[5.094801249,51.99692579],[5.094729663,51.996919698],[5.09465981,51.996913745],[5.094556792,51.996904672],[5.094412518,51.996891513],[5.094211622,51.99687346],[5.094189324,51.996871714],[5.094067397,51.996862162],[5.093968825,51.996854438],[5.093821221,51.99684288],[5.093661206,51.996830348],[5.093566143,51.996822894],[5.093532903,51.996820293],[5.093517521,51.996819132],[5.093497197,51.996820904],[5.093308377,51.996808597],[5.093259873,51.996804494],[5.093221815,51.99680128],[5.093176601,51.996797456],[5.093144875,51.99679477],[5.093102816,51.996791212],[5.093062766,51.996787824],[5.093031798,51.996785202],[5.092956531,51.996778714],[5.092905191,51.996774262],[5.09285756,51.996770143],[5.09282093,51.996766969],[5.092780196,51.996763425],[5.092724319,51.996758171],[5.092688418,51.996754799],[5.092641619,51.996750395],[5.092430553,51.996726508],[5.092426449,51.996725993],[5.092423087,51.996725723],[5.092419583,51.996725329],[5.092414577,51.996724669],[5.092408992,51.996723936],[5.092388362,51.996721215],[5.092373797,51.99671929],[5.092362641,51.996717536],[5.092342876,51.996714261],[5.092329784,51.996712097],[5.092318498,51.996710228],[5.092302906,51.996707644],[5.092292461,51.996705919],[5.092281117,51.99670404],[5.092270993,51.99670237],[5.092249467,51.996698801],[5.092230951,51.996695743],[5.092206703,51.996691727],[5.092185293,51.996688186],[5.092167505,51.996685034],[5.09215209,51.996682153],[5.092133185,51.996678627],[5.092108024,51.996673927],[5.092049875,51.996661709],[5.091891178,51.99662837],[5.091892047,51.996626648],[5.091892534,51.996625713],[5.091815102,51.996609997],[5.091850793,51.996542971],[5.091734278,51.996525151],[5.091740214,51.996510448],[5.091740215,51.996510444],[5.09170515,51.996504107],[5.091660138,51.996495979],[5.091629246,51.996490399],[5.09159885,51.996484903],[5.09159854,51.996485711],[5.09155036,51.996476369],[5.091499328,51.996449268],[5.091505335,51.996439406],[5.091450654,51.996426737],[5.091428844,51.99642439],[5.091414144,51.996421037],[5.091394851,51.996416629],[5.091377696,51.99641272],[5.091353576,51.996407213],[5.091333861,51.996402715],[5.091317826,51.996399052],[5.091300087,51.99639501],[5.09128491,51.996391546],[5.091267329,51.996387529],[5.091247093,51.996382913],[5.091231899,51.99637945],[5.091211661,51.996374824],[5.091197206,51.996371524],[5.091199864,51.996366435],[5.091186937,51.996363695],[5.091165534,51.996359167],[5.091145394,51.99635491],[5.09112825,51.99635128],[5.091110541,51.996347532],[5.091084733,51.996342074],[5.091062483,51.996337372],[5.091043348,51.996333323],[5.091015968,51.996327573],[5.090995831,51.996323345],[5.090975968,51.996319169],[5.090959376,51.996315685],[5.09093697,51.996310972],[5.090920655,51.996307544],[5.090896967,51.996302566],[5.09087498,51.996297945],[5.090855688,51.996293888],[5.090830589,51.996288621],[5.090808735,51.996284025],[5.090785615,51.996279168],[5.090774419,51.996276813],[5.090751722,51.996272045],[5.090737106,51.996268971],[5.090719529,51.996265277],[5.090702922,51.996261792],[5.090684776,51.996257972],[5.090666894,51.996254225],[5.090653282,51.996251359],[5.090633143,51.996247128],[5.090612859,51.996242861],[5.090594422,51.996238986],[5.090570299,51.996233919],[5.090527186,51.996224858],[5.090498671,51.996218872],[5.090459382,51.996210612],[5.090432002,51.996204862],[5.090398109,51.996197739],[5.090364492,51.99619067],[5.090335556,51.996184279],[5.090309584,51.996178532],[5.090308602,51.996178315],[5.090267008,51.996249566],[5.090176808,51.996229512],[5.090155684,51.996224596],[5.090121512,51.996226244],[5.090113967,51.996226819],[5.09007088,51.99623141],[5.090031466,51.996237575],[5.089998543,51.996244252],[5.089967888,51.996251789],[5.089950907,51.996256562],[5.089929733,51.996263115],[5.089913083,51.996268798],[5.089888764,51.996277967],[5.089883435,51.996280121],[5.089867068,51.996287091],[5.089844954,51.996297424],[5.089809737,51.996316336],[5.089781415,51.996334196],[5.089714638,51.996362844],[5.089627039,51.996393732],[5.089610636,51.99639707],[5.089474817,51.996424671],[5.089442943,51.996429174],[5.089408131,51.99643313],[5.089369829,51.996436334],[5.089330664,51.99643839],[5.089291794,51.996439226],[5.089272924,51.996439072],[5.089226254,51.996437182],[5.089172745,51.996432382],[5.08912407,51.9964255],[5.089095245,51.99642024],[5.089064115,51.996413509],[5.089025943,51.996403707],[5.088996511,51.996395434],[5.088959569,51.99638505],[5.088913338,51.996372053],[5.088882888,51.996363491],[5.088849011,51.996353967],[5.088811004,51.996343283],[5.088771983,51.996332309],[5.088738104,51.996322785],[5.088711959,51.996315437],[5.088671465,51.996304055],[5.088622111,51.996290385],[5.088577293,51.996278866],[5.088537062,51.996268525],[5.088488655,51.996256089],[5.088444452,51.996244734],[5.088403098,51.996234103],[5.088360955,51.996223273],[5.088320285,51.996212823],[5.08829261,51.996205707],[5.088244031,51.996193225],[5.088211614,51.996184891],[5.088177646,51.996176168],[5.088133603,51.99616642],[5.088101197,51.996159282],[5.088060995,51.996150424],[5.088020678,51.996141542],[5.087991976,51.99613522],[5.087967042,51.996129721],[5.087938065,51.996123335],[5.087905337,51.996116126],[5.087878788,51.996110279],[5.087813708,51.996095939],[5.087760872,51.99608429],[5.087703952,51.996071751],[5.087652557,51.99606042],[5.087597506,51.9960483],[5.087537945,51.99603472],[5.087478768,51.996019595],[5.087415536,51.996003435],[5.087355926,51.995988192],[5.087272053,51.995966749],[5.087194983,51.995947047],[5.087129195,51.995930234],[5.087114561,51.995925757],[5.087081421,51.995912962],[5.087038941,51.995893923],[5.087006858,51.995877252],[5.086959486,51.995848187],[5.086949457,51.995841215],[5.086914025,51.995813692],[5.086891982,51.995793745],[5.086867431,51.995768002],[5.086847401,51.995743127],[5.08683738,51.99572881],[5.086820905,51.995701165],[5.086810122,51.995678611],[5.086800239,51.995651965],[5.086792663,51.9956217],[5.086790667,51.995609515],[5.086788434,51.995584135],[5.086789051,51.995554648],[5.086793917,51.995521548],[5.086802142,51.995491665],[5.086817876,51.995459679],[5.086826881,51.995441367],[5.086836948,51.995420881],[5.086847502,51.995399417],[5.086857644,51.99538082],[5.08687176,51.995356118],[5.086888556,51.995326708],[5.086924298,51.995264126],[5.086943919,51.995229893],[5.086955614,51.995210321],[5.086968777,51.995188287],[5.086987213,51.995157422],[5.087008108,51.99512245],[5.087023587,51.995096558],[5.087044084,51.995062249],[5.087077083,51.995006777],[5.08709691,51.994955423],[5.087104529,51.994906681],[5.087104542,51.9948851],[5.087100713,51.994852554],[5.087091006,51.994816809],[5.087081725,51.994794046],[5.087075259,51.994780988],[5.087061322,51.994757385],[5.087044705,51.994734268],[5.086996784,51.994695463],[5.086952043,51.994664402],[5.086936008,51.994654277],[5.086917663,51.994643245],[5.086896631,51.994631291],[5.086872749,51.994618548],[5.086849197,51.994606768],[5.086830864,51.994598102],[5.086809947,51.994588727],[5.086791928,51.994581059],[5.086761274,51.994568847],[5.086727424,51.994553437],[5.086696709,51.994538966],[5.086658378,51.994520909],[5.086629074,51.99450711],[5.086604139,51.994495362],[5.086576518,51.994482358],[5.086547582,51.994467508],[5.086521609,51.994454165],[5.086477483,51.994431511],[5.086443587,51.994414103],[5.086414362,51.994399099],[5.086386241,51.994384664],[5.086357032,51.994369659],[5.086322265,51.994351812],[5.086283423,51.994331865],[5.086249774,51.994314585],[5.086216979,51.994297747],[5.086182229,51.994279897],[5.086155209,51.994266032],[5.086133736,51.994255002],[5.086102829,51.994239132],[5.086076828,51.994225591],[5.086050289,51.994211707],[5.086025682,51.994198828],[5.086001337,51.994186092],[5.085975904,51.994172779],[5.085939802,51.994153883],[5.085900948,51.994133559],[5.085846247,51.994104936],[5.085805507,51.994083611],[5.085763925,51.994061851],[5.085723993,51.994040959],[5.085681061,51.994018486],[5.085644135,51.993999166],[5.085598737,51.993975402],[5.085570025,51.993960381],[5.085535841,51.993942488],[5.08550398,51.993925814],[5.08547663,51.993911507],[5.085444623,51.993894761],[5.08541427,51.993878872],[5.085381857,51.99386191],[5.085351779,51.993846166],[5.085319856,51.99382996],[5.085293821,51.993817398],[5.085261849,51.993801955],[5.085228745,51.99378597],[5.085182375,51.993763597],[5.085136357,51.993741378],[5.0850955,51.993721911],[5.085056415,51.993703314],[5.085020422,51.99368618],[5.084984938,51.993669289],[5.084945911,51.993650718],[5.08490552,51.993631496],[5.084887953,51.993623749],[5.084864028,51.993613468],[5.084831869,51.9936001],[5.084813224,51.993592601],[5.084774056,51.993577373],[5.084728364,51.993560528],[5.084687025,51.993546079],[5.084647104,51.993532834],[5.084604724,51.993519494],[5.084561972,51.993506855],[5.084522139,51.993495606],[5.084471423,51.993481284],[5.084433509,51.993470581],[5.084391525,51.993458726],[5.084353045,51.993447868],[5.08431632,51.993437499],[5.084304361,51.993434187],[5.084253432,51.993420907],[5.084193147,51.993406867],[5.08415181,51.993398237],[5.084114541,51.993391142],[5.084086022,51.99338614],[5.084073503,51.993384051],[5.084058201,51.993381602],[5.084044209,51.993379454],[5.084027177,51.993376948],[5.08401311,51.993374978],[5.084002492,51.993373541],[5.083989736,51.99337189],[5.083978693,51.993370477],[5.08396777,51.993368642],[5.0839566,51.993366744],[5.08394738,51.993365165],[5.08393758,51.993363594],[5.083931119,51.993362697],[5.083922218,51.993361459],[5.083908996,51.993359628],[5.083896995,51.993357961],[5.083881167,51.993355774],[5.083867365,51.993353733],[5.083857258,51.993351918],[5.083846905,51.993349654],[5.083814211,51.993342324],[5.083779119,51.993334119],[5.083740134,51.993324616],[5.083704075,51.993315436],[5.083677315,51.993308383],[5.083662839,51.993304481],[5.083641812,51.993298692],[5.083613707,51.993290765],[5.083596806,51.993286055],[5.08356844,51.993277937],[5.083537111,51.993268644],[5.083504987,51.993258745],[5.083473036,51.993248542],[5.08344523,51.993239347],[5.083411733,51.993227882],[5.083375568,51.993215007],[5.083340784,51.993202137],[5.08330535,51.993188509],[5.083271387,51.993174939],[5.083243395,51.993163362],[5.083211166,51.993149607],[5.083179562,51.99313564],[5.083151522,51.993122839],[5.083124963,51.993112226],[5.083082251,51.993093917],[5.083059023,51.99308396],[5.083031252,51.993072051],[5.083009968,51.993062925],[5.082988409,51.993053685],[5.082960638,51.993041776],[5.082926288,51.993027045],[5.08235564,51.99282692],[5.082182213,51.992759338],[5.081023596,51.992305848],[5.080768197,51.992205883],[5.080151116,51.991964344],[5.080050324,51.991929872],[5.080002546,51.991909839],[5.079894653,51.991872417],[5.079850007,51.99185693],[5.079805851,51.991841617],[5.079761333,51.991826166],[5.079724454,51.991813315],[5.079692208,51.991802033],[5.079654199,51.991788944],[5.079618247,51.991776769],[5.079587187,51.991766425],[5.079559764,51.991757411],[5.079542228,51.991751701],[5.079527166,51.991746845],[5.079512841,51.991742243],[5.079491382,51.991735427],[5.079476347,51.991730685],[5.079459305,51.991725348],[5.079437206,51.991718503],[5.079414469,51.991711523],[5.079394113,51.991705349],[5.079376302,51.99169999],[5.079358329,51.991694632],[5.079336473,51.991688173],[5.079319403,51.991683178],[5.079303403,51.991678534],[5.079290605,51.99167485],[5.079271699,51.991669444],[5.079254071,51.991664446],[5.079239264,51.991660281],[5.079225574,51.991656462],[5.079214155,51.991653294],[5.079202166,51.991649982],[5.079187852,51.991646071],[5.079174684,51.991642488],[5.079163236,51.991639382],[5.079150053,51.991635842],[5.079138007,51.991632629],[5.079123647,51.991628816],[5.079113298,51.991626094],[5.079099433,51.991622542],[5.079088403,51.991619844],[5.079072703,51.991616019],[5.079056978,51.991612183],[5.079033155,51.99160637],[5.079008706,51.991600408],[5.07898317,51.991594176],[5.078956962,51.99158779],[5.078931396,51.991581547],[5.078906351,51.991575442],[5.078883692,51.991569918],[5.078857544,51.99156354],[5.078824387,51.991555455],[5.078765291,51.991541042],[5.07841431,51.991471049],[5.07835104,51.991459944],[5.078319151,51.991454351],[5.078246631,51.991441622],[5.078194095,51.991432029],[5.078137503,51.991421426],[5.078051032,51.991404831],[5.078013521,51.991397479],[5.077929905,51.991380749],[5.077875966,51.991369714],[5.077807318,51.991355377],[5.077722215,51.991337177],[5.077633568,51.991317682],[5.077540604,51.991296657],[5.077454271,51.991277365],[5.077367174,51.991258979],[5.077253345,51.991234178],[5.077206043,51.991223601],[5.077136183,51.991207714],[5.077062426,51.991190567],[5.07699622,51.991174834],[5.076991001,51.991173599],[5.076939763,51.9911615],[5.076868674,51.991144109],[5.076800195,51.991126214],[5.076728397,51.991106204],[5.076657581,51.991085174],[5.076626057,51.991075393],[5.076606619,51.991069255],[5.076557938,51.991053686],[5.076520981,51.991041698],[5.076472275,51.991025677],[5.076431505,51.991012079],[5.076381292,51.990995084],[5.076336963,51.990979849],[5.076298823,51.990966571],[5.076250982,51.990949683],[5.076197247,51.990930405],[5.076147667,51.990912333],[5.076088971,51.99089057],[5.076024786,51.990866302],[5.075965153,51.990843323],[5.075935126,51.990831595],[5.075918806,51.990825171],[5.075894485,51.990815544],[5.075869092,51.99080541],[5.075850247,51.990797838],[5.075826727,51.990788327],[5.075812238,51.990782429],[5.075794586,51.990775209],[5.075779705,51.990769095],[5.075757886,51.990760084],[5.075743948,51.990754286],[5.075733687,51.990750006],[5.075718717,51.99074374],[5.075701283,51.990736403],[5.075686244,51.990730045],[5.075673265,51.990724527],[5.075658795,51.990718359],[5.075647618,51.990713567],[5.075622382,51.990703792],[5.075596229,51.990693854],[5.075561773,51.990680757],[5.075534024,51.990670221],[5.075502046,51.990658092],[5.075468229,51.990645266],[5.075440322,51.990634676],[5.075411977,51.990623941],[5.07538398,51.990613333],[5.075363783,51.990605684],[5.07533644,51.990595337],[5.075307992,51.990584576],[5.075281306,51.990574483],[5.075253947,51.990564147],[5.075217194,51.990550261],[5.075188081,51.990539272],[5.075161288,51.990529159],[5.075122256,51.990514443],[5.075092472,51.990503209],[5.07505793,51.990490202],[5.075027131,51.990478605],[5.075000326,51.990468513],[5.074966013,51.990455604],[5.074931959,51.990442805],[5.074901219,51.990431255],[5.074873311,51.990420772],[5.074850731,51.9904123],[5.074830647,51.990404758],[5.074812494,51.990397952],[5.074785168,51.990387705],[5.074751317,51.990375021],[5.074721636,51.990363896],[5.074697143,51.990354725],[5.074668621,51.990344055],[5.07464302,51.990334475],[5.074615082,51.99032403],[5.074591819,51.99031533],[5.074566786,51.990305978],[5.074542507,51.990296908],[5.07451448,51.990286443],[5.074498043,51.990280315],[5.074482128,51.99027434],[5.074469714,51.9902693],[5.074449375,51.990261023],[5.074434944,51.990255141],[5.074419962,51.990249016],[5.074401627,51.990241516],[5.074386427,51.990235283],[5.074368587,51.990227955],[5.074351164,51.99022079],[5.074331044,51.990212486],[5.074315451,51.990206054],[5.074294925,51.990197551],[5.074278305,51.990190656],[5.074262554,51.990184106],[5.074246296,51.990177333],[5.074223605,51.99016787],[5.074199812,51.990157919],[5.07417531,51.990147644],[5.074146539,51.990135542],[5.074124255,51.990126143],[5.074095035,51.990113769],[5.074068499,51.990102518],[5.074042461,51.990091429],[5.074017928,51.990080955],[5.073994805,51.99007106],[5.073978982,51.990064277],[5.073961275,51.990056672],[5.073940633,51.99004779],[5.073920805,51.990039224],[5.073905797,51.990032732],[5.07388748,51.990024799],[5.073869611,51.99001705],[5.073850815,51.990008875],[5.073837621,51.990003123],[5.073819944,51.989995409],[5.073802963,51.989987984],[5.073782219,51.989978896],[5.073761231,51.989969681],[5.073735849,51.989958504],[5.073711233,51.989947634],[5.073685484,51.989936249],[5.073659186,51.989924629],[5.073632291,51.989912738],[5.07361145,51.989903533],[5.073588936,51.989893586],[5.073563579,51.989882381],[5.073535541,51.989869994],[5.0735149,51.989860878],[5.073491359,51.989850469],[5.07314744,51.989725255],[5.073116836,51.989713273],[5.073062766,51.989692069],[5.073016627,51.989673942],[5.072970137,51.989655643],[5.072932766,51.98964092],[5.072890343,51.989624179],[5.072843069,51.9896055],[5.072809214,51.989592108],[5.072772481,51.989577557],[5.072733065,51.989561919],[5.072690891,51.989545168],[5.072661666,51.989533542],[5.072634123,51.989522574],[5.072605755,51.989511272],[5.072580784,51.989501318],[5.072487058,51.989463866],[5.072399135,51.989428621],[5.072312351,51.989393731],[5.07221883,51.989356027],[5.072129619,51.989319944],[5.072059241,51.989291404],[5.071972616,51.989256352],[5.071910281,51.989230758],[5.07183419,51.989199068],[5.071781033,51.989176635],[5.071697962,51.989141106],[5.071632011,51.989112482],[5.071547773,51.989075361],[5.071478939,51.989044561],[5.071396135,51.989006928],[5.071328687,51.988975821],[5.071253268,51.988935224],[5.071170602,51.988890125],[5.071105472,51.988854123],[5.071007765,51.988799338],[5.070936003,51.9887585],[5.070863766,51.988716859],[5.07078385,51.988670158],[5.070716724,51.988630412],[5.070671422,51.988603326],[5.070618551,51.988571418],[5.070569254,51.988540799],[5.070515007,51.988506605],[5.070459048,51.988470805],[5.070403108,51.988434461],[5.070348929,51.988398711],[5.070303936,51.988368615],[5.07025876,51.988338015],[5.0702084,51.988303417],[5.070175702,51.98828069],[5.070135955,51.988252772],[5.070105965,51.988231487],[5.070059731,51.988198315],[5.070023364,51.988171898],[5.069981769,51.988141315],[5.069939422,51.988109795],[5.069874984,51.988061051],[5.069819311,51.988018135],[5.069763266,51.987974167],[5.069705449,51.98792799],[5.069648832,51.987882365],[5.069578665,51.987826863],[5.069536276,51.987793204],[5.069463779,51.98773543],[5.06939341,51.987679082],[5.069333787,51.98763112],[5.069271022,51.987580439],[5.069206667,51.987528248],[5.069148435,51.987480813],[5.069106386,51.987446463],[5.069053095,51.987402762],[5.069008516,51.987366077],[5.068996693,51.987356348],[5.068938381,51.987308175],[5.068881443,51.98726094],[5.068819415,51.987209279],[5.068765969,51.987164578],[5.068716126,51.987123008],[5.068675026,51.98708875],[5.068620425,51.987042797],[5.068562791,51.98699372],[5.06851448,51.986952128],[5.068461825,51.986906325],[5.068417742,51.986867565],[5.068372928,51.986827777],[5.068322834,51.986782851],[5.06827938,51.986743475],[5.068221484,51.986690421],[5.06816015,51.98663345],[5.068099648,51.986578223],[5.068040681,51.986526184],[5.067986221,51.986476781],[5.067939901,51.986433691],[5.067782264,51.986278926],[5.06769729,51.986197531],[5.067622627,51.986109244],[5.067571965,51.986033668],[5.067551497,51.985998981],[5.067522506,51.985948846],[5.067494345,51.985898931],[5.067464123,51.985843883],[5.067434815,51.985788976],[5.067411007,51.985743135],[5.067395344,51.985712379],[5.067377703,51.985677089],[5.067359738,51.985640438],[5.067339284,51.985597772],[5.067321188,51.985559118],[5.067286747,51.985503898],[5.067259555,51.985461033],[5.067240778,51.985431805],[5.067215651,51.985393131],[5.067188074,51.985351252],[5.067155924,51.985303151],[5.067137976,51.985276622],[5.067114477,51.985242258],[5.067079562,51.985191866],[5.067057387,51.985160284],[5.067014317,51.98505947],[5.067002334,51.985031422],[5.066988014,51.984997893],[5.066974816,51.984967],[5.066963303,51.984940048],[5.066943655,51.984894075],[5.066918258,51.984634542],[5.066913306,51.984594269],[5.066908337,51.984553952],[5.066903426,51.984513969],[5.06689634,51.984456405],[5.066890568,51.984426766],[5.066883716,51.984391557],[5.066878639,51.98436245],[5.06687417,51.984333989],[5.066869782,51.984302176],[5.066866282,51.98427272],[5.066862829,51.984238045],[5.066860439,51.984208152],[5.066858067,51.984167114],[5.066857033,51.984138791],[5.066856523,51.984114133],[5.066856423,51.98408166],[5.066856653,51.984059207],[5.066857226,51.984031955],[5.066857982,51.984007663],[5.066859228,51.983977825],[5.066860291,51.983957425],[5.066861348,51.983939855],[5.066862362,51.983924471],[5.066863875,51.983903936],[5.066866374,51.983874093],[5.066869032,51.983846283],[5.066870985,51.983827564],[5.066873753,51.983803259],[5.06687684,51.983778243],[5.066880035,51.98375473],[5.066882807,51.983737543],[5.066886708,51.983713385],[5.066897864,51.983641392],[5.06690396,51.983563848],[5.066904345,51.983483459],[5.066901571,51.983433773],[5.066892438,51.983355002],[5.066886332,51.983319069],[5.066879835,51.983286962],[5.066869222,51.983242567],[5.066857367,51.983200363],[5.066851576,51.983181722],[5.066842471,51.983154374],[5.066834093,51.983131037],[5.066826263,51.98310821],[5.066816287,51.983078209],[5.066811086,51.983062564],[5.066800654,51.98303139],[5.066791716,51.983004725],[5.066779785,51.982969289],[5.066768867,51.982936989],[5.066759713,51.982910028],[5.066750946,51.98288428],[5.066742519,51.98285961],[5.066736431,51.982841789],[5.066727816,51.982816724],[5.066720773,51.982796257],[5.066713114,51.982774071],[5.066704614,51.98274951],[5.066695399,51.982722977],[5.066686326,51.982696886],[5.066680738,51.982680882],[5.066672561,51.982657509],[5.066664945,51.982635799],[5.066654843,51.982607117],[5.066644257,51.982577139],[5.066634597,51.982549869],[5.06662258,51.982516078],[5.066610109,51.982481133],[5.066597992,51.982447313],[5.066588742,51.982421625],[5.066583987,51.982408428],[5.066574583,51.982382391],[5.066565278,51.98235672],[5.066554312,51.982326563],[5.066541062,51.982290258],[5.066534723,51.982272928],[5.066526471,51.982250462],[5.066517961,51.982227314],[5.06650985,51.982205332],[5.066502708,51.982186007],[5.066495783,51.982167347],[5.066486072,51.982141164],[5.066477017,51.982116873],[5.066466877,51.982089708],[5.066455692,51.982059865],[5.066446066,51.982033997],[5.066437997,51.982012196],[5.066429814,51.9819899],[5.066423762,51.981973344],[5.066413982,51.981946363],[5.066403278,51.981916646],[5.066393147,51.981888206],[5.066382306,51.981857509],[5.066371491,51.981826622],[5.066362677,51.981801206],[5.066353109,51.981773397],[5.066346678,51.981754586],[5.066338822,51.981731401],[5.066331853,51.981710728],[5.066326138,51.981693652],[5.066318956,51.98167207],[5.066309553,51.981643587],[5.06630193,51.981620314],[5.066294311,51.981596825],[5.06628769,51.981576313],[5.06628047,51.981553751],[5.066275386,51.981537774],[5.066271672,51.981526044],[5.066265623,51.981506836],[5.066260859,51.981491571],[5.066256646,51.98147806],[5.066252676,51.981465267],[5.066248122,51.981450513],[5.066239733,51.981423123],[5.066232164,51.981398167],[5.066224561,51.981372881],[5.066219332,51.981354844],[5.066214434,51.981337422],[5.06621002,51.981321726],[5.066204698,51.981302844],[5.066197994,51.981279025],[5.066194092,51.981265181],[5.066185475,51.98123458],[5.066179029,51.981211661],[5.066171946,51.981186492],[5.066165616,51.981164021],[5.066160373,51.981143918],[5.066156763,51.981129869],[5.066153441,51.981117932],[5.066148848,51.981102659],[5.066142979,51.981084809],[5.066135829,51.981065006],[5.06612682,51.981042304],[5.066118313,51.981022698],[5.066109583,51.981004012],[5.06610073,51.980986318],[5.066090373,51.98096683],[5.066078665,51.980945431],[5.066069739,51.98092941],[5.066060713,51.980913467],[5.066048448,51.980892177],[5.066036758,51.980872289],[5.066019811,51.980844091],[5.066004401,51.98081909],[5.065991866,51.980799173],[5.065974763,51.980772557],[5.065959039,51.980748632],[5.065947879,51.980731937],[5.065935246,51.980713343],[5.065922438,51.980694784],[5.065912627,51.980680787],[5.065898909,51.980661461],[5.065888258,51.980646674],[5.065869618,51.98062124],[5.06585242,51.980598255],[5.065841777,51.980584231],[5.065828882,51.980567479],[5.065817531,51.980552904],[5.065807758,51.980539636],[5.065797737,51.980524428],[5.065783943,51.980503305],[5.065769288,51.98048065],[5.065751713,51.980453134],[5.065735304,51.980427123],[5.065715807,51.980395763],[5.065698427,51.980367403],[5.065683912,51.980343427],[5.065674793,51.980328194],[5.065664708,51.980311231],[5.065652859,51.980291131],[5.065639704,51.980268542],[5.065622264,51.980238194],[5.065605662,51.980208883],[5.065592123,51.980184633],[5.065578848,51.980160274],[5.065569429,51.980142873],[5.065558423,51.980122557],[5.06554756,51.980102519],[5.065535336,51.980079943],[5.065524088,51.980059186],[5.065512123,51.980037097],[5.065496608,51.98000848],[5.065479384,51.979976678],[5.065468395,51.979956397],[5.065456041,51.979933585],[5.065446386,51.979915765],[5.065436313,51.979897175],[5.065422667,51.979871979],[5.065414061,51.97985611],[5.065407282,51.979843606],[5.065395906,51.97982258],[5.065388048,51.979808105],[5.06537667,51.979787105],[5.06536565,51.979766761],[5.065356083,51.979749099],[5.06534883,51.979735705],[5.065340252,51.97971988],[5.065332494,51.979705558],[5.065324034,51.979689931],[5.065316522,51.979676079],[5.065306494,51.97965757],[5.065298709,51.979643195],[5.065295659,51.979638243],[5.065282781,51.979617392],[5.065271256,51.979598709],[5.065258952,51.979578767],[5.065246896,51.979559238],[5.065236595,51.979542536],[5.065227516,51.979527825],[5.065219673,51.979515112],[5.065207099,51.979494737],[5.065194495,51.97947431],[5.065183127,51.979455896],[5.065166048,51.979428228],[5.065151011,51.979403866],[5.065137213,51.979381493],[5.065125546,51.979362574],[5.065113502,51.979343064],[5.065103491,51.979326831],[5.065095361,51.97931367],[5.065086828,51.97929983],[5.065078281,51.979286],[5.065068411,51.979269991],[5.065058526,51.979253985],[5.065049463,51.979239291],[5.065041059,51.979225668],[5.065032529,51.979211838],[5.065022497,51.979195588],[5.065014775,51.979183082],[5.065007255,51.979172106],[5.064998659,51.979161098],[5.064990565,51.979151044],[5.064981126,51.979139676],[5.064972092,51.979129153],[5.06496034,51.979115926],[5.064948465,51.979103048],[5.064933384,51.979087342],[5.06491727,51.979071306],[5.064901972,51.979056722],[5.064881542,51.979038105],[5.064868912,51.97902706],[5.064851349,51.979012245],[5.064836589,51.979000241],[5.06482048,51.978987586],[5.064803066,51.978974406],[5.064787805,51.978963228],[5.064778521,51.978956614],[5.064761548,51.978944811],[5.064741124,51.978931129],[5.064720928,51.978918111],[5.064701176,51.978905871],[5.064680406,51.978893455],[5.064662145,51.978882925],[5.064641441,51.978871389],[5.064621055,51.978860449],[5.064600117,51.978849597],[5.06458283,51.978840939],[5.064565481,51.978832504],[5.064544766,51.978822758],[5.064527866,51.978815055],[5.064516187,51.978809953],[5.064495914,51.978801385],[5.064478659,51.978794021],[5.064459204,51.978785654],[5.064438961,51.978776861],[5.064420955,51.978768965],[5.064405285,51.978762046],[5.064385884,51.978753402],[5.064371247,51.978746827],[5.064357493,51.978740605],[5.064339866,51.978732566],[5.064320515,51.978723678],[5.064303526,51.978715792],[5.064284002,51.978706661],[5.064261009,51.978695795],[5.06424446,51.978687893],[5.064225182,51.978678618],[5.064207022,51.978669796],[5.064188384,51.978660667],[5.064171531,51.978652333],[5.064153433,51.978643312],[5.064141236,51.978637194],[5.064127631,51.978630326],[5.064116742,51.978624786],[5.064105168,51.978618867],[5.06409074,51.978611458],[5.064080978,51.978606406],[5.064072598,51.978602051],[5.064064492,51.978597795],[5.064056796,51.978593504],[5.064049981,51.978589683],[5.064043646,51.978586106],[5.064034907,51.978581139],[5.064009468,51.978566446],[5.06398838,51.978553993],[5.0639707,51.978543348],[5.063944268,51.978527104],[5.06392123,51.978512606],[5.063895733,51.978496161],[5.063871987,51.978480464],[5.063845031,51.978462188],[5.06382005,51.978444791],[5.063804136,51.978433458],[5.063788556,51.978424327],[5.063754931,51.978400237],[5.063726075,51.978379205],[5.063704733,51.978363651],[5.063681407,51.978346644],[5.063665031,51.978334707],[5.063643546,51.978319044],[5.063621232,51.978302786],[5.063597749,51.978285662],[5.063577493,51.978270902],[5.063555339,51.978254752],[5.063531552,51.978237411],[5.063513071,51.978224641],[5.06348839,51.978207739],[5.063467753,51.978193598],[5.063452183,51.97818293],[5.06343573,51.978171668],[5.063422334,51.978162275],[5.063405367,51.978149429],[5.063389018,51.978137689],[5.063369871,51.978124702],[5.063346401,51.978109781],[5.063329126,51.978099434],[5.0633076,51.978087222],[5.063285547,51.978075476],[5.063270739,51.978067966],[5.063247002,51.978055596],[5.063233367,51.978048941],[5.063210375,51.978038605],[5.063188574,51.978029764],[5.063168008,51.978022193],[5.063148203,51.978015559],[5.063131966,51.978010572],[5.063109493,51.978004309],[5.063084955,51.977998263],[5.063062706,51.977993464],[5.06304077,51.977989342],[5.063018573,51.977985757],[5.062995657,51.977982674],[5.062971151,51.977980036],[5.062947454,51.977978118],[5.062924628,51.977976851],[5.062893426,51.977976047],[5.062870736,51.977976119],[5.062837673,51.977977098],[5.062811575,51.977977465],[5.062791094,51.97797776],[5.062749652,51.977978346],[5.062699695,51.977979062],[5.062647538,51.977979798],[5.062598483,51.9779805],[5.062506689,51.977984059],[5.062505815,51.977984092],[5.062485068,51.977984897],[5.062457319,51.977985972],[5.062434941,51.977986934],[5.062413641,51.977987857],[5.062377302,51.977989399],[5.062338997,51.977990984],[5.062303181,51.977992413],[5.062265428,51.977993882],[5.062232815,51.977995113],[5.062202346,51.977996232],[5.062174041,51.977997252],[5.062113363,51.977999331],[5.062054884,51.978001227],[5.062007145,51.978002695],[5.061943513,51.978004542],[5.061879838,51.978006255],[5.061818887,51.978007775],[5.061778416,51.978008715],[5.061730932,51.978009753],[5.061659166,51.97801119],[5.061591679,51.978012379],[5.061522318,51.978013462],[5.061459157,51.978014304],[5.061401633,51.978014962],[5.061351415,51.978015453],[5.061296931,51.978015893],[5.061257223,51.978016154],[5.061199379,51.978016442],[5.061144815,51.978016534],[5.061076773,51.978016435],[5.061011624,51.978016111],[5.060950513,51.978015618],[5.060893447,51.978014984],[5.060839395,51.97801423],[5.060795576,51.978013517],[5.060752075,51.978012702],[5.060715566,51.978011947],[5.060668736,51.978010882],[5.060623813,51.978009751],[5.060570173,51.978008263],[5.060526723,51.978006957],[5.060491348,51.978005814],[5.06043962,51.978004035],[5.060415566,51.978003169],[5.060389257,51.978002179],[5.060345183,51.978000438],[5.060312385,51.97799908],[5.060256772,51.977996651],[5.060214228,51.97799469],[5.060161532,51.977992126],[5.06010617,51.977989284],[5.060061258,51.97798686],[5.059995106,51.977983097],[5.059973805,51.977981843],[5.059952331,51.977980551],[5.059930682,51.977979224],[5.059904844,51.977977606],[5.05985928,51.977974675],[5.059836876,51.977973193],[5.059781275,51.977969407],[5.059734608,51.977966105],[5.059680027,51.977962096],[5.059634698,51.977958644],[5.059575217,51.977953958],[5.059526022,51.977949948],[5.059490623,51.977946397],[5.059443532,51.977940999],[5.059395092,51.977935211],[5.059353168,51.977929989],[5.059313296,51.977924853],[5.059262026,51.977917994],[5.059209696,51.977910695],[5.059172447,51.977905325],[5.059130764,51.977899122],[5.059076419,51.977890757],[5.059019633,51.977881664],[5.058966428,51.977872815],[5.058932281,51.977866968],[5.058886363,51.977858893],[5.058848176,51.977852001],[5.058812084,51.97784533],[5.058767915,51.977836964],[5.05873604,51.977830781],[5.05869725,51.977823096],[5.058641327,51.977811703],[5.058594719,51.97780193],[5.058560424,51.97779458],[5.058514635,51.97778453],[5.058473122,51.9777752],[5.05842145,51.9777633],[5.058376321,51.977752629],[5.058331878,51.977741873],[5.058294815,51.977732708],[5.058256215,51.977722993],[5.058218255,51.977713233],[5.058164987,51.977699136],[5.05811198,51.977684613],[5.058057105,51.977669063],[5.057993869,51.977650471],[5.057964579,51.977641607],[5.057929436,51.977630758],[5.057899827,51.977621445],[5.057872457,51.977612676],[5.057844026,51.977603492],[5.057805487,51.977591042],[5.057780004,51.97758281],[5.057748945,51.977572773],[5.057725699,51.977565211],[5.057700333,51.977556845],[5.057681414,51.977550599],[5.057666952,51.977545821],[5.057628614,51.977538056],[5.057416872,51.977466591],[5.057371312,51.977447551],[5.057304896,51.977423879],[5.057255076,51.977405943],[5.057211297,51.977390064],[5.057181803,51.977379303],[5.05715402,51.977369113],[5.057118499,51.977356016],[5.057078799,51.977341289],[5.057022323,51.977320179],[5.056958388,51.977296038],[5.056913467,51.977278914],[5.056877386,51.97726508],[5.056810882,51.977239357],[5.056763022,51.977220662],[5.056716305,51.977202283],[5.056669634,51.977183783],[5.056640712,51.97717224],[5.056590907,51.977152245],[5.056548244,51.977134984],[5.056504012,51.977116964],[5.056448686,51.977094231],[5.056395429,51.977072482],[5.056335408,51.977048556],[5.056283034,51.977027476],[5.056231926,51.977006713],[5.05618346,51.976986857],[5.056152596,51.976974124],[5.056111216,51.976956938],[5.056072416,51.976940714],[5.056036013,51.976925385],[5.055997864,51.976909225],[5.055963842,51.976894712],[5.05592364,51.976877458],[5.055875414,51.976856596],[5.055843889,51.976842863],[5.05580827,51.976827257],[5.055769028,51.976810123],[5.055722618,51.976792079],[5.055686698,51.9767781],[5.055646395,51.976762427],[5.05561071,51.976748557],[5.05557238,51.976733645],[5.055526636,51.976715863],[5.055480382,51.976697873],[5.055437819,51.976681322],[5.055392088,51.976663531],[5.055357459,51.976650068],[5.055321003,51.97663589],[5.055282049,51.976620913],[5.055250201,51.976609644],[5.055210497,51.976595842],[5.055186675,51.976587703],[5.055140635,51.976572273],[5.055100998,51.976559283],[5.055060093,51.97654618],[5.055023474,51.976534688],[5.054977179,51.976520498],[5.054926643,51.976505419],[5.054888952,51.976494445],[5.054851163,51.976483687],[5.054817263,51.976474226],[5.054780937,51.976464299],[5.054746784,51.976455161],[5.054715437,51.97644693],[5.054685733,51.976439276],[5.05466125,51.976433068],[5.054629044,51.97642504],[5.054589119,51.976415311],[5.054552014,51.976406496],[5.054538924,51.976403457],[5.05438088,51.976367847],[5.054185457,51.976320826],[5.053633097,51.976169129],[5.053080905,51.9759892],[5.052680672,51.975843612],[5.052457304,51.975762192],[5.052125557,51.975625668],[5.051979217,51.975553121],[5.051868345,51.975498157],[5.051689983,51.975406875],[5.051526455,51.975323185],[5.051290326,51.975203077],[5.051074345,51.975089953],[5.050871868,51.974977947],[5.05075578,51.974912495],[5.050565016,51.974804925],[5.050364301,51.974692672],[5.050228009,51.974615715],[5.049719722,51.974328696],[5.049454448,51.974180296],[5.04904833,51.973947977],[5.048887627,51.973848033],[5.048658221,51.973704712],[5.048495283,51.973577275],[5.048225367,51.9733716],[5.048076937,51.973265471],[5.047910963,51.973101072],[5.047671636,51.972861753],[5.047525267,51.972722453],[5.047399776,51.972579951],[5.047271073,51.972413989],[5.0471336,51.972185821],[5.047091187,51.97210571],[5.047011141,51.971954502],[5.04672113,51.971436155],[5.046591868,51.971212423],[5.046433575,51.971022941],[5.04628614,51.970875618],[5.046075749,51.970713293],[5.045869469,51.970554049],[5.045716789,51.970440283],[5.045602992,51.970359463],[5.04539816,51.970222921],[5.045181106,51.970091268],[5.045022946,51.96999485],[5.044840293,51.969862127],[5.044629361,51.969710797],[5.044433059,51.969569056],[5.044336972,51.969482732],[5.044139188,51.969317904],[5.044005506,51.969206481],[5.043863904,51.969072603],[5.043806652,51.969016096],[5.043662807,51.96886736],[5.043614934,51.968815529],[5.043412383,51.968371042],[5.043382816,51.968306151],[5.043302163,51.968147704],[5.043227476,51.968051581],[5.043080127,51.967872984],[5.042860705,51.967629639],[5.042597297,51.967331482],[5.042482031,51.967199098],[5.041708625,51.966362897],[5.041578642,51.966233821],[5.041570029,51.966229886],[5.041514363,51.966178229],[5.041495857,51.966149393],[5.041479642,51.966129122],[5.041286922,51.965931595],[5.04119393,51.965834823],[5.040998978,51.965638064],[5.040969503,51.965614904],[5.040839535,51.965499552],[5.040714513,51.965371648],[5.040582499,51.965268864],[5.04056074,51.965252839],[5.04041769,51.965147434],[5.040361046,51.965109051],[5.040295217,51.965064443],[5.040011667,51.964864885],[5.039956492,51.964825047],[5.039886794,51.964776143],[5.039812214,51.964730227],[5.03971629,51.964674639],[5.039599858,51.9646292],[5.03950277,51.964598255],[5.03942991,51.964579999],[5.039303554,51.964559188],[5.039147918,51.964548506],[5.039029155,51.964550555],[5.038872384,51.96456031],[5.038608483,51.96458057],[5.038414672,51.964596832],[5.038277376,51.964606051],[5.038213043,51.964617877],[5.038157444,51.964634548],[5.038119334,51.964653678],[5.038102608,51.964677069],[5.038081666,51.964741336],[5.038051025,51.964802573],[5.038018512,51.964852369],[5.0379861,51.964890754],[5.037924334,51.964948291],[5.037844108,51.965001563],[5.037714244,51.965055878],[5.037594244,51.965093399],[5.037467554,51.965115268],[5.037317539,51.965131656],[5.037090587,51.965154434],[5.036879186,51.965179653],[5.036691117,51.965209752],[5.036480562,51.965251208],[5.036138362,51.965326542],[5.03587417,51.965381671],[5.03559924,51.965442168],[5.035338948,51.965494897],[5.034991864,51.965570815],[5.034779308,51.965620674],[5.034531661,51.965675247],[5.034466266,51.965699705],[5.034289694,51.965750877],[5.034095551,51.965808608],[5.033935211,51.965853555],[5.033814498,51.965872033],[5.033731291,51.965877777],[5.033625954,51.965878314],[5.033511025,51.965865977],[5.03334908,51.965838958],[5.033238368,51.965818078],[5.033115237,51.965790312],[5.033039951,51.96577352],[5.03294591,51.965821476],[5.032805838,51.965833045],[5.032729484,51.965848221],[5.032651653,51.965875382],[5.032505754,51.965922886],[5.032354323,51.965968656],[5.032126916,51.965989959],[5.032063568,51.965995894],[5.032002454,51.966005156],[5.03196422,51.966008222],[5.031937498,51.966010902],[5.031902462,51.966012233],[5.031871565,51.966014926],[5.0318244,51.966017209],[5.031785302,51.966017254],[5.031732713,51.966015622],[5.031679912,51.966014635],[5.031626589,51.966012371],[5.031542343,51.966007758],[5.031422096,51.966000328],[5.031343006,51.965993699],[5.031253143,51.96598761],[5.031157985,51.965981436],[5.03105526,51.965973449],[5.030924786,51.965965278],[5.030840531,51.96596043],[5.030774611,51.965953606],[5.030727341,51.96595101],[5.030674694,51.965947317],[5.030609386,51.965943991],[5.030545978,51.965941867],[5.030510987,51.965942883],[5.030467345,51.965941691],[5.03007753,51.965916995],[5.029892898,51.965897712],[5.029675967,51.965883766],[5.02951376,51.965871797],[5.029173694,51.965850835],[5.028826833,51.9658232],[5.028174093,51.965778936],[5.027878983,51.965759313],[5.027623983,51.965736792],[5.027372891,51.965714883],[5.027130159,51.965694222],[5.027012676,51.965688497],[5.026826466,51.96567803],[5.02658818,51.965665336],[5.026387214,51.965660182],[5.026170921,51.965653748],[5.026055342,51.96564861],[5.026039221,51.965648228],[5.025963851,51.965644437],[5.02581434,51.965640581],[5.025642888,51.965634976],[5.025417286,51.965626651],[5.025035258,51.965618698],[5.024531091,51.965615869],[5.02424298,51.965616255],[5.024086575,51.965617463],[5.023856728,51.965623116],[5.023681071,51.965630197],[5.023429904,51.965641285],[5.023202063,51.965654143],[5.022969437,51.965664864],[5.022800641,51.965670697],[5.02260097,51.965676432],[5.022406124,51.965681339],[5.022175633,51.965681468],[5.022121431,51.965683421],[5.021993972,51.965684471],[5.021854624,51.965685245],[5.021742746,51.965686721],[5.021615078,51.965699052],[5.021461823,51.965721002],[5.021369369,51.965747382],[5.021267954,51.9657895],[5.021193047,51.965830488],[5.021040182,51.965923966],[5.020709661,51.966142961],[5.020429519,51.966321513],[5.020270362,51.966426153],[5.020049139,51.966561517],[5.019993497,51.966593342],[5.019854489,51.966674945],[5.019714174,51.966763653],[5.019565957,51.966846816],[5.019529242,51.966870097],[5.019433697,51.966925139],[5.019355694,51.966975993],[5.019127651,51.967101485],[5.018990349,51.967184082],[5.018851073,51.967257474],[5.018661392,51.967360668],[5.018541042,51.967420288],[5.01848681,51.96744515],[5.018354081,51.967511094],[5.018290215,51.967535611],[5.018215595,51.967567457],[5.018131608,51.967605961],[5.01804942,51.967636002],[5.017691557,51.967759267],[5.017564164,51.967806234],[5.017509167,51.967822925],[5.017477012,51.96783121],[5.01746417,51.967839197],[5.017418596,51.96785507],[5.017310161,51.967889702],[5.017103551,51.967959315],[5.017063688,51.967970612],[5.01688202,51.96803472],[5.016741948,51.968078223],[5.016400324,51.968197654],[5.016293687,51.968245044],[5.016182848,51.968287407],[5.016170169,51.968294827],[5.016121642,51.968326242],[5.016093014,51.968342671],[5.015990284,51.968412582],[5.015968402,51.968429483],[5.015954182,51.96844924],[5.015885704,51.968526277],[5.015833499,51.968588807],[5.015809665,51.968627299],[5.01579413,51.96864218],[5.015766939,51.968673131],[5.015732833,51.968727124],[5.015682826,51.968786117],[5.015659605,51.968810204],[5.015616295,51.968868717],[5.015611265,51.968880349],[5.015607654,51.968885768],[5.015586017,51.968904862],[5.01555243,51.968940178],[5.015422462,51.969095517],[5.015383793,51.969139967],[5.015368623,51.969163631],[5.015323148,51.969223251],[5.015286054,51.969269198],[5.015263635,51.969296524],[5.015225712,51.969349163],[5.015172879,51.969408258],[5.015102544,51.969496516],[5.015065668,51.969540414],[5.015015526,51.969606436],[5.014973324,51.96966133],[5.01492137,51.969724695],[5.014849748,51.969817174],[5.014803937,51.969875038],[5.014788302,51.969889649],[5.014727201,51.969948976],[5.014676596,51.97001987],[5.014606845,51.970107786],[5.014568402,51.970161782],[5.0145449,51.970191406],[5.01450877,51.970244944],[5.014464933,51.970295093],[5.01441748,51.970354382],[5.014388172,51.970391079],[5.014374233,51.970413415],[5.014348824,51.970460955],[5.014299786,51.970518163],[5.014250056,51.970588705],[5.014175232,51.970673885],[5.014112717,51.97074908],[5.014071028,51.970803041],[5.014035733,51.970847241],[5.013957238,51.970941558],[5.013925896,51.970977511],[5.013824618,51.971111474],[5.013709316,51.971246039],[5.013703577,51.971257374],[5.013662268,51.97130915],[5.013601703,51.971385438],[5.013549198,51.971460603],[5.013476645,51.971561159],[5.013392086,51.971670429],[5.013315292,51.971775097],[5.013239656,51.971880406],[5.013194039,51.971933778],[5.013112661,51.972043607],[5.013024762,51.972153452],[5.012947997,51.972250785],[5.012892272,51.972319197],[5.012799917,51.972425738],[5.012766578,51.972470628],[5.012745874,51.972499701],[5.012711701,51.972543643],[5.012689113,51.972563122],[5.012673391,51.972582909],[5.012631014,51.972631104],[5.01257251,51.972692632],[5.012512428,51.972752572],[5.012455573,51.97280285],[5.012335893,51.972911712],[5.012260861,51.97297726],[5.012208835,51.973030934],[5.012090211,51.973133723],[5.012024421,51.973192251],[5.01198252,51.973227513],[5.011935046,51.973274343],[5.011857674,51.973334436],[5.011818437,51.973364205],[5.011735122,51.973421256],[5.011611729,51.973500338],[5.011573409,51.973523047],[5.01148697,51.97357065],[5.011365936,51.973643221],[5.011280596,51.97369127],[5.011222891,51.973717494],[5.011142382,51.97375193],[5.011086475,51.973770304],[5.011004574,51.973792027],[5.01094184,51.973803251],[5.0108676,51.97381238],[5.010761395,51.973820236],[5.01070835,51.973821506],[5.010495427,51.973813265],[5.010366602,51.973810928],[5.010173785,51.97379174],[5.009937013,51.973783089],[5.009814792,51.973782869],[5.009725015,51.973784386],[5.009570333,51.973792017],[5.009328265,51.973814455],[5.009174694,51.973828118],[5.008997481,51.973846353],[5.00885346,51.973863651],[5.008765306,51.973872561],[5.008696952,51.973880413],[5.007927485,51.973960304],[5.007897705,51.973962246],[5.007853743,51.973966817],[5.007798853,51.973972948],[5.007698689,51.973983871],[5.00761548,51.973986576],[5.007578477,51.973988882],[5.007502347,51.97399573],[5.007431512,51.974001342],[5.007360365,51.974005797],[5.007277967,51.974008713],[5.007200612,51.974012401],[5.00713412,51.974012186],[5.007006042,51.974012842],[5.006689961,51.97400648],[5.006635118,51.97400695],[5.006512541,51.974009484],[5.006418032,51.974009276],[5.006319523,51.974008651],[5.006156459,51.974009094],[5.006020108,51.974008956],[5.005892625,51.974008194],[5.005744503,51.974009214],[5.005627615,51.974009996],[5.00548517,51.974011177],[5.00540733,51.974013478],[5.005317086,51.974016565],[5.005224532,51.974019204],[5.00510714,51.974022714],[5.004988148,51.974027872],[5.004855873,51.974034518],[5.004730966,51.974038893],[5.004603109,51.974044438],[5.004479815,51.974048782],[5.004349293,51.974052941],[5.004236398,51.974054757],[5.00414229,51.974058585],[5.003973179,51.974063553],[5.003839312,51.974070461],[5.003729297,51.974077877],[5.003579397,51.974086151],[5.003442429,51.974096321],[5.003276745,51.974110502],[5.003123863,51.974123926],[5.002989567,51.97413501],[5.002850557,51.97414777],[5.002748982,51.974155383],[5.002674159,51.974160532],[5.002560808,51.974168511],[5.002447967,51.974175808],[5.00229838,51.974183058],[5.002191257,51.974185585],[5.002082224,51.974188464],[5.001942197,51.974189227],[5.001819658,51.974190463],[5.001675491,51.974188416],[5.001526181,51.974185787],[5.00137741,51.974182622],[5.001228773,51.974177163],[5.001072163,51.974171967],[5.000919635,51.974162674],[5.000763971,51.974151999],[5.000614273,51.974138248],[5.000462978,51.974122561],[5.000313196,51.974106736],[5.000185228,51.974091384],[5.000044862,51.974072326],[4.999901415,51.974049148],[4.999755794,51.974018594],[4.999626071,51.973988865],[4.999587227,51.973978698],[4.999266528,51.97386205],[4.999205793,51.973845374],[4.999068608,51.973798749],[4.998913708,51.973748955],[4.998793891,51.973711437],[4.998616008,51.973662099],[4.998457607,51.973618377],[4.998265406,51.973570481],[4.998090419,51.973527927],[4.997946533,51.973488952],[4.997816754,51.973449362],[4.997708724,51.973415621],[4.997609888,51.973384069],[4.997520598,51.973352908],[4.997426988,51.97331802],[4.99732465,51.9732657],[4.997254434,51.973230008],[4.997210039,51.973205611],[4.997090271,51.973116159],[4.9970688,51.973086731],[4.997047804,51.973062564],[4.997009619,51.973013838],[4.996972422,51.972953241],[4.996939357,51.972891391],[4.996907239,51.972830793],[4.996877368,51.97277494],[4.996846237,51.972709455],[4.996796705,51.972615084],[4.996753196,51.972537569],[4.996692401,51.972451565],[4.996638964,51.972379013],[4.996580786,51.972318301],[4.996516327,51.972253524],[4.99645796,51.972202843],[4.996383616,51.972144819],[4.996301728,51.972079508],[4.996204832,51.972006059],[4.996086209,51.971911087],[4.99604148,51.971877055],[4.995988969,51.971837105],[4.995941793,51.97180521],[4.995767494,51.971674417],[4.995733536,51.971642108],[4.995658539,51.971584134],[4.995614346,51.971555298],[4.995424622,51.971438339],[4.995388749,51.97140818],[4.995316391,51.971363465],[4.99517221,51.97128068],[4.995089423,51.971236989],[4.994971208,51.971182127],[4.994846353,51.971122953],[4.994694601,51.971059636],[4.9945643,51.971009021],[4.994402105,51.970954756],[4.994228621,51.970893505],[4.994068648,51.970842959],[4.993931202,51.970794242],[4.993767727,51.970736899],[4.993610045,51.970681066],[4.993567892,51.970663828],[4.993412178,51.970559312],[4.99339447,51.970542401],[4.993299358,51.970457367],[4.993223036,51.970385618],[4.993130249,51.970299406],[4.993036729,51.970203916],[4.992901401,51.970078309],[4.992807363,51.969992137],[4.992709939,51.969907374],[4.992602686,51.96981661],[4.992508283,51.969728919],[4.992401735,51.969639244],[4.992304707,51.969560567],[4.992199532,51.969470223],[4.99217869,51.96945099],[4.992138066,51.969413939],[4.99207045,51.969345212],[4.992022146,51.969291101],[4.991945221,51.969190641],[4.991906484,51.969137471],[4.991854983,51.969040295],[4.991817536,51.968952867],[4.991772274,51.968856233],[4.991731371,51.968776442],[4.991652403,51.968676604],[4.991582458,51.968598602],[4.991505096,51.968531351],[4.991421852,51.968467695],[4.991327992,51.968401883],[4.991192855,51.968308487],[4.991047215,51.968214904],[4.990904897,51.968127947],[4.99082138,51.968078788],[4.990711116,51.96802171],[4.990541229,51.967932404],[4.990360597,51.967838732],[4.990202694,51.967753608],[4.990085635,51.967696569],[4.989991486,51.967648676],[4.989878061,51.96758878],[4.98979506,51.967549258],[4.989689012,51.96749291],[4.989635303,51.967470115],[4.989594825,51.967457789],[4.989394769,51.967348095],[4.989213929,51.967253824],[4.988992611,51.967142708],[4.98878262,51.967036005],[4.988626706,51.966956596],[4.988536642,51.966898344],[4.988466534,51.966842449],[4.988385527,51.966760301],[4.98831736,51.966671086],[4.988162668,51.966427129],[4.988088152,51.966302559],[4.988028273,51.966214298],[4.987922046,51.966042818],[4.987840675,51.965918638],[4.98777736,51.965824072],[4.987720763,51.96574339],[4.987662438,51.965686321],[4.987569468,51.965608239],[4.987553988,51.965596708],[4.987434239,51.965511136],[4.9871898,51.965334117],[4.987061192,51.965240461],[4.986964514,51.965162295],[4.986930548,51.965133415],[4.986759112,51.964991294],[4.986726177,51.964962759],[4.986520066,51.964760486],[4.986442424,51.964677494],[4.986349726,51.964564293],[4.986259827,51.964454096],[4.986168038,51.96433725],[4.986081542,51.964233751],[4.986013586,51.964175724],[4.985948486,51.964130128],[4.985890627,51.964098525],[4.985800061,51.964056135],[4.985693341,51.964014835],[4.985549342,51.963961952],[4.985401932,51.963908265],[4.985223974,51.963839282],[4.985043452,51.963763801],[4.984852675,51.963675449],[4.984715233,51.963605409],[4.98457433,51.96353073],[4.984422657,51.963446627],[4.984310197,51.963382982],[4.984112667,51.96327103],[4.983957207,51.963182294],[4.983793687,51.963090601],[4.983721386,51.963048791],[4.983688649,51.963034287],[4.983437342,51.962894457],[4.983406175,51.962872195],[4.983317517,51.962817636],[4.983222201,51.962766992],[4.983139678,51.96271978],[4.982929722,51.96260018],[4.982722893,51.962482235],[4.982499327,51.962353523],[4.982288154,51.962227176],[4.982144088,51.962139467],[4.981952207,51.962021401],[4.981754975,51.961901643],[4.981590748,51.961802107],[4.981453811,51.961717799],[4.981293045,51.961625258],[4.981150608,51.961544267],[4.981001856,51.96146026],[4.980906106,51.961410306],[4.980776242,51.961337311],[4.980611023,51.961251378],[4.980455285,51.96116795],[4.980094326,51.960987922],[4.979884261,51.960885142],[4.979796336,51.960843912],[4.979473988,51.960692432],[4.979409657,51.960660955],[4.979164999,51.960543753],[4.978917215,51.960429487],[4.978720507,51.960336816],[4.978536975,51.960254575],[4.978391814,51.960194055],[4.978098096,51.960069507],[4.97798142,51.960007989],[4.977893063,51.959970802],[4.97780376,51.959929558],[4.977717662,51.959884551],[4.9776586,51.95985026],[4.977591924,51.959806741],[4.977533142,51.959764129],[4.977478254,51.959723616],[4.977417916,51.959673054],[4.977354352,51.959610767],[4.97729279,51.959548821],[4.977233991,51.959485832],[4.97716379,51.959405124],[4.977087701,51.95932028],[4.977005398,51.959226027],[4.976911542,51.959119727],[4.976820331,51.9590119],[4.976719785,51.958897236],[4.976625998,51.958791016],[4.976531251,51.958681622],[4.976433853,51.958577744],[4.976361162,51.958492667],[4.976286328,51.958402973],[4.976210641,51.958323862],[4.976144377,51.958251778],[4.976095316,51.958198358],[4.976186753,51.958166582],[4.976132275,51.958113296],[4.976075053,51.958061135],[4.97601513,51.958010144],[4.975952575,51.957960362],[4.975910066,51.957926777],[4.975902108,51.957920286],[4.975894463,51.957913653],[4.975887145,51.957906886],[4.97587907,51.957898868],[4.975871465,51.957890689],[4.975864314,51.957882348],[4.975857638,51.957873859],[4.975851435,51.957865226],[4.975845738,51.957856478],[4.975840521,51.957847598],[4.975835805,51.95783862],[4.975831609,51.957829545],[4.975827909,51.95782039],[4.975824736,51.957811159],[4.975822088,51.957801863],[4.975819962,51.957792519],[4.975818344,51.957783128],[4.975817283,51.957773714],[4.975816729,51.957764283],[4.975816712,51.957754845],[4.975817233,51.957745408],[4.975818281,51.957735993],[4.975819851,51.957726606],[4.975821945,51.957717256],[4.975824577,51.957707954],[4.975827715,51.957698714],[4.975831381,51.95768955],[4.975835551,51.957680479],[4.975840229,51.957671487],[4.975845418,51.957662617],[4.9758511,51.957653847],[4.975857261,51.957645212],[4.975863912,51.957636714],[4.97587103,51.957628371],[4.975878628,51.957620173],[4.975903849,51.957594006],[4.97617936,51.957308153],[4.976199135,51.957287001],[4.976217955,51.957265521],[4.976235829,51.957243742],[4.976252731,51.957221661],[4.976273941,51.957193298],[4.97627436,51.957192688],[4.976312988,51.957136107],[4.97633018,51.957104744],[4.976177074,51.957090699],[4.976149454,51.957027864],[4.976143206,51.957018782],[4.976128097,51.957005309],[4.976097474,51.95698336],[4.976041225,51.956956963],[4.975988296,51.95693819],[4.975936212,51.956923897],[4.975899041,51.956920607],[4.975891469,51.956919938],[4.975694841,51.956919582],[4.975538776,51.956920348],[4.975355467,51.956923553],[4.975194535,51.956930171],[4.975018003,51.956936798],[4.974817675,51.956941675],[4.974609794,51.956954529],[4.974410898,51.956961542],[4.974157452,51.956977639],[4.973900943,51.95699165],[4.973681119,51.957005823],[4.973481896,51.957021655],[4.97329115,51.957033377],[4.97311905,51.957045516],[4.973036309,51.957050753],[4.97298494,51.957056999],[4.972943303,51.95706496],[4.972891997,51.957073748],[4.972794769,51.957083545],[4.972627569,51.957092366],[4.972523307,51.957088978],[4.97242109,51.95709234],[4.972251705,51.957101619],[4.972034729,51.957114794],[4.971793646,51.957129404],[4.971513732,51.957147568],[4.971246054,51.957163673],[4.970944256,51.957181741],[4.970634205,51.957198924],[4.970559398,51.9572022],[4.970328561,51.957213229],[4.97006021,51.957225041],[4.969803891,51.957232203],[4.969532311,51.957244001],[4.969282752,51.957253334],[4.96908136,51.95725945],[4.968873153,51.95727105],[4.968668832,51.957288641],[4.968427245,51.957312067],[4.968177861,51.957339671],[4.967930607,51.957366924],[4.967725203,51.957391285],[4.96750968,51.957413546],[4.967312872,51.957438334],[4.967088537,51.95746146],[4.966897319,51.95748297],[4.966882905,51.957484193],[4.966834094,51.957491974],[4.966598709,51.95751762],[4.96637675,51.957538945],[4.966146837,51.957565753],[4.965924361,51.957589252],[4.965799896,51.957603834],[4.965741749,51.957609683],[4.965607158,51.95762715],[4.964500521,51.957784725],[4.964362829,51.957802404],[4.964346728,51.957805062],[4.964305927,51.95780894],[4.964258671,51.957816931],[4.964217275,51.95782525],[4.963812139,51.957881282],[4.963719752,51.957898916],[4.96363026,51.957922135],[4.963577245,51.95794117],[4.963524716,51.957960494],[4.963424832,51.958004626],[4.963322972,51.958046881],[4.96315393,51.958124022],[4.963068242,51.958164992],[4.962988961,51.9582029],[4.962841335,51.958275524],[4.962629364,51.958377011],[4.962547952,51.958418251],[4.96239879,51.95850249],[4.962312075,51.958562831],[4.962269238,51.95859719],[4.962235857,51.958628862],[4.962168012,51.958698491],[4.962078717,51.958791567],[4.962011977,51.958841436],[4.961949457,51.958869513],[4.961896199,51.958882786],[4.961846929,51.958888009],[4.961768295,51.95888475],[4.961620675,51.958873581],[4.961489881,51.958865685],[4.96119413,51.958844722],[4.960959483,51.958826703],[4.960754961,51.958817234],[4.960740039,51.958816353],[4.960568247,51.958799515],[4.960368184,51.958784488],[4.96011528,51.958768272],[4.959959658,51.958753649],[4.959829819,51.958748125],[4.959766315,51.958743579],[4.959653948,51.958738156],[4.959356602,51.958722963],[4.95928217,51.95871675],[4.959203322,51.95871588],[4.959116638,51.958717676],[4.958975821,51.958722251],[4.958842317,51.958728847],[4.95873018,51.958742218],[4.958612027,51.95875473],[4.95850239,51.958768164],[4.958356904,51.958787892],[4.958202694,51.958806962],[4.958114056,51.958819662],[4.957985061,51.958838686],[4.957889946,51.958856351],[4.957786819,51.958876674],[4.957705033,51.95889412],[4.957608162,51.958915948],[4.957491559,51.958942864],[4.957370661,51.95897595],[4.957265745,51.959008625],[4.957163925,51.959041033],[4.95707922,51.95907327],[4.956956255,51.959121439],[4.956821872,51.959177266],[4.956684035,51.959241048],[4.956577292,51.95928949],[4.956466798,51.959343231],[4.956410541,51.95937506],[4.956399314,51.959380591],[4.956277747,51.959434444],[4.956147109,51.959496037],[4.956041,51.959546064],[4.955918003,51.959606483],[4.955820811,51.959654089],[4.955712483,51.959709572],[4.95559596,51.959767316],[4.955480066,51.959824218],[4.955352236,51.959889418],[4.955188775,51.959975816],[4.955025854,51.960062028],[4.954850462,51.960155706],[4.954728029,51.960222649],[4.954603635,51.96029187],[4.95443141,51.960387689],[4.95425668,51.960489487],[4.95410789,51.960578094],[4.953949872,51.96066815],[4.95368445,51.960829457],[4.953556871,51.960910394],[4.953449008,51.960980294],[4.953303887,51.961068112],[4.953168228,51.961153704],[4.953074092,51.96121116],[4.952974909,51.961272724],[4.952850779,51.961348404],[4.952786532,51.961387573],[4.952699968,51.961442432],[4.952602645,51.961498304],[4.952502869,51.961554742],[4.952407159,51.961600138],[4.952295271,51.961652756],[4.952193681,51.961696729],[4.952006372,51.961771789],[4.951856376,51.9618259],[4.951689586,51.96188225],[4.951505864,51.961943537],[4.951355217,51.961994714],[4.951218809,51.962035529],[4.951080787,51.96207613],[4.950840837,51.962147505],[4.950710255,51.962184655],[4.950597115,51.962220647],[4.950459442,51.962244575],[4.950330744,51.962259989],[4.950243152,51.962266323],[4.950113283,51.962271845],[4.949972051,51.96226546],[4.949895837,51.962258166],[4.949820947,51.962248018],[4.949690794,51.962226041],[4.949600949,51.962209537],[4.949491382,51.962189329],[4.949383152,51.962173104],[4.949328309,51.962164884],[4.949215153,51.962152103],[4.949095111,51.96214506],[4.949054437,51.962144333],[4.948866457,51.962154265],[4.948834509,51.962149516],[4.948795509,51.962145588],[4.948742191,51.962143519],[4.948653897,51.96214238],[4.948548076,51.962139426],[4.948505086,51.962136001],[4.94850531,51.962134033],[4.948383384,51.96213335],[4.94831863,51.962132987],[4.948242659,51.962132209],[4.948154371,51.962132194],[4.948122445,51.962134098],[4.948094017,51.96214129],[4.94807054,51.962153802],[4.948016169,51.962188161],[4.947951776,51.962227568],[4.947946552,51.962230769],[4.947940139,51.962234697],[4.947920265,51.962255404],[4.947887306,51.962273742],[4.947866705,51.962283724],[4.947828274,51.962294887],[4.947768618,51.962304146],[4.947717964,51.962302978],[4.947657961,51.962300084],[4.947551751,51.962286088],[4.947451185,51.962269632],[4.9473698,51.962240457],[4.947275735,51.962187037],[4.94722881,51.962124761],[4.947207457,51.962063209],[4.947181372,51.962022647],[4.947145141,51.961975664],[4.947139601,51.96196875],[4.947108256,51.961929622],[4.946836086,51.961781177],[4.946790595,51.961759955],[4.946734643,51.961737069],[4.946688777,51.961721444],[4.946674386,51.961715459],[4.9465887,51.961690716],[4.946563207,51.961684942],[4.946344625,51.961619567],[4.94633134,51.961613972],[4.946286203,51.961601155],[4.946227764,51.961587132],[4.946141211,51.961563104],[4.946063261,51.961534057],[4.945971981,51.961505473],[4.945931608,51.961491017],[4.945882075,51.961473281],[4.945807933,51.961444763],[4.945705839,51.961403239],[4.945604464,51.961353925],[4.945499356,51.961299196],[4.945470244,51.961288796],[4.94521446,51.961138097],[4.945200192,51.961131769],[4.945185403,51.961122088],[4.945133066,51.961092805],[4.94499444,51.961012674],[4.944874446,51.960946445],[4.944778201,51.960897887],[4.944688624,51.960860483],[4.944553374,51.960805683],[4.944506879,51.960788953],[4.944402464,51.960749962],[4.944216995,51.960688611],[4.944042231,51.960632529],[4.943829415,51.960567784],[4.943636229,51.960505844],[4.943472972,51.960454192],[4.943317868,51.960409602],[4.943113502,51.960346971],[4.942868034,51.960269697],[4.942658037,51.960201095],[4.942558514,51.960166852],[4.942395094,51.960106846],[4.942281595,51.960064281],[4.942149158,51.960006444],[4.942054829,51.959967436],[4.941866274,51.959877917],[4.941682072,51.959785194],[4.941596443,51.959738644],[4.941481867,51.959673035],[4.94139087,51.959620838],[4.94126307,51.959546377],[4.941195272,51.95950526],[4.941144273,51.959475017],[4.941102573,51.959453143],[4.94101312,51.959398028],[4.940943054,51.95935513],[4.940922626,51.959342624],[4.940837345,51.959296431],[4.940688752,51.959213787],[4.940553761,51.959132101],[4.940413054,51.95904481],[4.940373471,51.95901968],[4.940301453,51.958972865],[4.940282507,51.958958734],[4.940213632,51.958908912],[4.940155031,51.958865229],[4.940079773,51.958804856],[4.939999967,51.95873217],[4.939890329,51.958622607],[4.939833974,51.958554665],[4.939737823,51.958427196],[4.939632747,51.958270155],[4.939564158,51.958161332],[4.93950622,51.958074599],[4.939454165,51.957992598],[4.93937103,51.957861699],[4.939241707,51.9576665],[4.939165762,51.957558585],[4.939097773,51.957456972],[4.939030415,51.957359201],[4.938967526,51.957274272],[4.938906761,51.957188085],[4.938867501,51.95713642],[4.938842228,51.957103162],[4.938797971,51.957039023],[4.938764944,51.956985577],[4.938681898,51.956881097],[4.938655589,51.956847997],[4.938599283,51.956759659],[4.938472715,51.956573297],[4.938400974,51.956462944],[4.938354156,51.956397663],[4.938271381,51.956270835],[4.938235234,51.956222278],[4.938185673,51.95613882],[4.938166826,51.956110534],[4.938081081,51.955985205],[4.938007611,51.955888237],[4.937989334,51.955860763],[4.937965313,51.955835088],[4.937888812,51.955745649],[4.937835344,51.955689278],[4.937817072,51.95566173],[4.937798328,51.955640616],[4.937694776,51.955540342],[4.93763477,51.955486371],[4.937557563,51.955411024],[4.937422731,51.955287753],[4.937266779,51.955174569],[4.937148767,51.955096368],[4.937094289,51.95506283],[4.936995292,51.95500632],[4.936918462,51.954970468],[4.936841356,51.954934471],[4.93673617,51.954885943],[4.936673338,51.954858576],[4.936609179,51.95482697],[4.936382168,51.954710797],[4.936225986,51.954610741],[4.936128296,51.954543143],[4.936066111,51.954496435],[4.935988835,51.954433994],[4.935921056,51.954374768],[4.935694911,51.954155529],[4.935586573,51.954062011],[4.935516428,51.953997915],[4.935466171,51.953951576],[4.935431607,51.953922445],[4.935394374,51.953894124],[4.935323729,51.953843878],[4.935269896,51.953808473],[4.935206749,51.953770596],[4.935133897,51.953730092],[4.935073257,51.953699201],[4.935010645,51.953670277],[4.934945602,51.953643071],[4.934862527,51.953611087],[4.934584405,51.953521291],[4.934496045,51.953501041],[4.934341116,51.95346104],[4.934139682,51.953400465],[4.93405852,51.953371974],[4.934006698,51.953359542],[4.933821087,51.953276428],[4.933811873,51.953273858],[4.933696018,51.953203814],[4.933615799,51.953145431],[4.933551885,51.953101708],[4.933509846,51.953069654],[4.933364226,51.95296809],[4.93323128,51.952867599],[4.933143622,51.952805449],[4.933018048,51.952708114],[4.93288436,51.952609005],[4.932743486,51.952497435],[4.932680805,51.952445437],[4.932593623,51.952360889],[4.932534239,51.952293669],[4.932473312,51.952212349],[4.932401193,51.952022352],[4.932396262,51.95200068],[4.932383657,51.951953928],[4.932374372,51.9519229],[4.932349445,51.95184892],[4.932318838,51.951696826],[4.93231458,51.951666276],[4.93230806,51.951639003],[4.932298599,51.95159944],[4.932289803,51.951561835],[4.932270075,51.951494677],[4.932239707,51.951393567],[4.932225868,51.951326352],[4.932157482,51.951153051],[4.932087591,51.951011944],[4.932023754,51.950876143],[4.931998611,51.950816723],[4.931948304,51.950672452],[4.931921188,51.950581773],[4.931905048,51.950532715],[4.931825994,51.950292528],[4.93177597,51.950123117],[4.931756588,51.950069104],[4.931728769,51.950003668],[4.931695365,51.949932845],[4.931610383,51.949775354],[4.931582488,51.949729253],[4.9315555,51.949689645],[4.931439428,51.94953988],[4.931415805,51.949512921],[4.931389464,51.949486808],[4.931314651,51.949414044],[4.931275273,51.949378656],[4.931106683,51.949241569],[4.931038601,51.949196508],[4.930926373,51.949118169],[4.930738178,51.949008382],[4.93067636,51.948976782],[4.930673544,51.948974946],[4.930543596,51.948890256],[4.930327763,51.948787868],[4.930174752,51.948724058],[4.930085773,51.948691794],[4.930012802,51.948665337],[4.929846829,51.948607721],[4.929699941,51.948555495],[4.929538929,51.948493486],[4.929385577,51.948432065],[4.92930755,51.948395592],[4.929203667,51.948338461],[4.92908166,51.948262996],[4.92895407,51.948171403],[4.928878133,51.948115062],[4.928829052,51.948078648],[4.928702335,51.947988775],[4.928459052,51.94781622],[4.928325636,51.947722937],[4.92819267,51.947632535],[4.928070934,51.947546168],[4.927940397,51.947459108],[4.927811047,51.947367883],[4.927682355,51.947279465],[4.927554149,51.947190428],[4.927400074,51.947085353],[4.927290814,51.94700991],[4.927105045,51.94688197],[4.926961182,51.946782535],[4.926833847,51.946696647],[4.926685036,51.946593381],[4.926530773,51.946486858],[4.926377087,51.946381199],[4.9262226,51.94627392],[4.926069962,51.946165335],[4.925911853,51.946054356],[4.925775662,51.945954499],[4.925639802,51.945852551],[4.925508191,51.945744793],[4.925381628,51.945643636],[4.925278055,51.945553238],[4.925152436,51.945445825],[4.925104962,51.945402602],[4.925028526,51.945333002],[4.924896263,51.945212352],[4.924791978,51.945116244],[4.924673322,51.9449982],[4.924543335,51.944876966],[4.924416737,51.944762962],[4.924272724,51.94463991],[4.924145514,51.944537579],[4.924004831,51.944418738],[4.92388762,51.944325534],[4.923749687,51.944219422],[4.923604555,51.944113443],[4.923447675,51.944002644],[4.923269265,51.943878467],[4.923091674,51.943749934],[4.922945578,51.943644598],[4.92292222,51.943627759],[4.922745917,51.943505361],[4.922561025,51.943376913],[4.9224535,51.94330965],[4.922261905,51.943182561],[4.922104297,51.943091255],[4.921902105,51.942977928],[4.921681588,51.942864664],[4.921445326,51.942744121],[4.921222706,51.94263759],[4.920988755,51.942524235],[4.920784685,51.942434196],[4.920540949,51.942334861],[4.920318753,51.942256534],[4.920055472,51.942170072],[4.919816139,51.942093608],[4.919532906,51.94200143],[4.919274044,51.941919315],[4.919149324,51.941884177],[4.91906308,51.941857777],[4.918891774,51.941807425],[4.918705501,51.94176015],[4.918515544,51.941716447],[4.918333157,51.941677356],[4.918123943,51.941640657],[4.917911267,51.941608259],[4.917708716,51.941582398],[4.917518872,51.941561066],[4.917318539,51.941540195],[4.9170952,51.94151656],[4.916871665,51.941494769],[4.916643271,51.941467735],[4.916460996,51.941450134],[4.916258208,51.941431846],[4.916055606,51.941411189],[4.915901684,51.94139566],[4.915659506,51.941374034],[4.915502191,51.941360243],[4.915078757,51.941317016],[4.914672186,51.941276949],[4.914276254,51.941239176],[4.913996832,51.941210629],[4.91373508,51.941186322],[4.913461374,51.941159297],[4.913265931,51.941142473],[4.913046417,51.941127459],[4.912835737,51.941116066],[4.912625601,51.941106426],[4.912419348,51.941095554],[4.912228874,51.941082201],[4.912029691,51.941064469],[4.91178783,51.941043501],[4.911557973,51.941020514],[4.911292207,51.940996265],[4.911080298,51.940977377],[4.91089115,51.940960962],[4.910625715,51.940941334],[4.910367443,51.940925303],[4.910116773,51.940910695],[4.90987401,51.940896506],[4.909608197,51.940882429],[4.909359005,51.940867384],[4.909097679,51.940852362],[4.908844997,51.940837088],[4.908574849,51.940823161],[4.908391861,51.940811873],[4.908203306,51.94079576],[4.907715914,51.940741173],[4.907526104,51.940710747],[4.907337292,51.940678086],[4.907150892,51.940641505],[4.906959518,51.94060371],[4.906752212,51.940558685],[4.906628345,51.940529057],[4.90654614,51.940512298],[4.906343496,51.940473082],[4.906106205,51.940426368],[4.905898382,51.940390417],[4.905672642,51.940350213],[4.905515166,51.940323653],[4.905335482,51.940293014],[4.905133542,51.94025882],[4.904765348,51.940196404],[4.904366938,51.940128596],[4.904179136,51.940095782],[4.903986995,51.94006337],[4.903759201,51.940023686],[4.903366153,51.939959059],[4.902993847,51.939899542],[4.902789198,51.939871724],[4.902602342,51.939849787],[4.902402854,51.93982864],[4.902203799,51.939806797],[4.901993851,51.939780754],[4.901799224,51.93975649],[4.901594041,51.939730035],[4.901410183,51.939702571],[4.901201262,51.93966366],[4.901003327,51.939621556],[4.900707737,51.939551302],[4.900585855,51.939516527],[4.90051477,51.939500358],[4.900352509,51.939458466],[4.900241041,51.93942871],[4.900034597,51.93937494],[4.899811247,51.939317711],[4.899533279,51.939255105],[4.899248024,51.939204521],[4.899043215,51.93917703],[4.898864168,51.939155675],[4.89881046,51.939150382],[4.898631594,51.939131014],[4.898472808,51.939120153],[4.898268228,51.939115814],[4.898097851,51.939122252],[4.897891694,51.939142642],[4.89768218,51.939173408],[4.897470601,51.939210926],[4.897275355,51.939242883],[4.89708687,51.939256066],[4.896934603,51.93925802],[4.896664884,51.93924991],[4.896550855,51.939240832],[4.8962476,51.939188925],[4.896003663,51.939130426],[4.89573657,51.939059163],[4.895497873,51.938991112],[4.895429881,51.938971728],[4.895219428,51.938912818],[4.895067036,51.938867097],[4.894973016,51.93883889],[4.89474214,51.938768793],[4.894565088,51.938715568],[4.894367039,51.938651809],[4.894181862,51.938594217],[4.893997561,51.938534148],[4.893813419,51.938472173],[4.893637281,51.938411686],[4.893455466,51.938351278],[4.893297629,51.938296892],[4.893133775,51.938239306],[4.892968505,51.938179485],[4.892809445,51.938123744],[4.892643641,51.93806384],[4.892479357,51.938007314],[4.892411618,51.937983388],[4.892284499,51.937935285],[4.89209099,51.937870348],[4.891924853,51.937810405],[4.891679802,51.937724953],[4.891609848,51.937695311],[4.891440263,51.93763432],[4.89123408,51.937561184],[4.891138602,51.937527267],[4.89103698,51.937491169],[4.890833072,51.937421186],[4.89063125,51.937353729],[4.890310765,51.937256288],[4.890138654,51.937209395],[4.890092884,51.937196925],[4.889976566,51.937163894],[4.889894561,51.937138316],[4.889812619,51.937112757],[4.889701207,51.937081851],[4.889574335,51.937047338],[4.889535348,51.937036737],[4.889355504,51.93699144],[4.889180868,51.936953585],[4.889018145,51.936916951],[4.888831827,51.936883703],[4.888458228,51.936823998],[4.888088758,51.93676584],[4.887825801,51.936730216],[4.887427784,51.936673731],[4.88718721,51.936639387],[4.886937535,51.936605032],[4.886673422,51.936569194],[4.886625992,51.936562715],[4.886414814,51.936533864],[4.886195147,51.936503643],[4.885945977,51.936467382],[4.885688034,51.936432513],[4.885422793,51.936401423],[4.88489088,51.936347574],[4.884630056,51.936320824],[4.884355968,51.936293153],[4.884104847,51.936267217],[4.883843672,51.936240679],[4.883361737,51.936190212],[4.883269083,51.936179398],[4.883176786,51.936165348],[4.882978647,51.93613116],[4.882851447,51.936112367],[4.882719296,51.936096419],[4.882530059,51.936071294],[4.882236312,51.936038447],[4.882088041,51.936027438],[4.881945797,51.936018224],[4.881781586,51.936006156],[4.881109739,51.935989396],[4.881066333,51.935989262],[4.880739614,51.935988258],[4.880716175,51.935988346],[4.880675656,51.935988497],[4.880561264,51.935990727],[4.880389397,51.935985779],[4.880238239,51.935975294],[4.880087022,51.93595873],[4.879934588,51.935941553],[4.879777064,51.935919372],[4.879608678,51.935893128],[4.879512174,51.935877277],[4.879290198,51.935839781],[4.878839003,51.935759361],[4.878590493,51.935718044],[4.878337643,51.93567589],[4.8781958,51.935650775],[4.878111759,51.935635894],[4.877929896,51.935605741],[4.877894102,51.935600067],[4.877722938,51.935572916],[4.877504315,51.935535258],[4.877251423,51.935491881],[4.877121088,51.935463819],[4.87695169,51.935419517],[4.876544087,51.93527466],[4.87645901,51.935244872],[4.876193682,51.935172636],[4.876153492,51.935162126],[4.876072392,51.935148443],[4.875950729,51.935131483],[4.875715831,51.935107361],[4.875695841,51.935106969],[4.87549108,51.935111416],[4.875362214,51.935112851],[4.875042579,51.935132328],[4.874723127,51.935152553],[4.87459913,51.935160452],[4.87447615,51.935169928],[4.87443357,51.935176638],[4.874312936,51.935186807],[4.874192897,51.935197114],[4.874023515,51.935218],[4.873901692,51.935236642],[4.873766892,51.935262657],[4.873735643,51.935280211],[4.873682308,51.935321845],[4.87365376,51.935344128],[4.873644441,51.935347746],[4.873629965,51.935353371],[4.87358586,51.935413554],[4.873472021,51.935401453],[4.873040315,51.935460425],[4.872877431,51.935476261],[4.87279032,51.935483179],[4.872697741,51.935490522],[4.87250642,51.935498148],[4.872387381,51.935494689],[4.87225228,51.935489405],[4.872115118,51.935482548],[4.871980469,51.935474363],[4.871876398,51.93546703],[4.871640417,51.935449421],[4.871602806,51.935475465],[4.87140336,51.935613579],[4.871146003,51.935616214],[4.871094507,51.935616743],[4.870728286,51.935617776],[4.8707156,51.935627015],[4.870681753,51.935708886],[4.870675454,51.935717729],[4.870581647,51.935943349],[4.870571866,51.935966874],[4.870414363,51.936351731],[4.870799264,51.936463296],[4.870844723,51.936788526],[4.870875267,51.937007016],[4.870882726,51.937055109],[4.870859968,51.937052808],[4.870706567,51.937037303],[4.870289483,51.936995156],[4.870145035,51.936980553],[4.870139352,51.93697998],[4.869527764,51.93691986],[4.869521069,51.936919202],[4.869514432,51.93688293],[4.869480462,51.936699983],[4.868448284,51.936695468],[4.868136731,51.9366941],[4.868067275,51.936693218],[4.868065457,51.936693263],[4.867858161,51.936698335],[4.86784406,51.936698103],[4.867692496,51.936696559],[4.867317146,51.936692734],[4.867239193,51.936863071],[4.867208036,51.936933094],[4.866818777,51.936973699],[4.866769655,51.93697882],[4.866411274,51.937016206],[4.865689408,51.937089614],[4.865719985,51.937040169],[4.86574728,51.936996347],[4.865876531,51.936788784],[4.865941532,51.936686227],[4.866101032,51.936434593],[4.866590645,51.936292993],[4.866611708,51.935932282],[4.866612126,51.935923456],[4.866612433,51.935919603],[4.866626385,51.935741829],[4.866595676,51.935568413],[4.866350231,51.935491976],[4.866088335,51.935433748],[4.866043333,51.935422195],[4.86596039,51.935365659],[4.865703427,51.935190503],[4.865615638,51.935169467],[4.865327092,51.935149814],[4.865296882,51.935147757],[4.865275075,51.935146365],[4.865257577,51.935145407],[4.86522402,51.93514391],[4.865185599,51.935142767],[4.865140295,51.935142216],[4.865102982,51.9351424],[4.865080875,51.935142779],[4.865044873,51.935143833],[4.864999726,51.935145914],[4.864963755,51.935148191],[4.864929873,51.935150826],[4.86489492,51.935154068],[4.864865714,51.935157175],[4.864833273,51.935161057],[4.864793352,51.93516648],[4.86476569,51.935170652],[4.864721938,51.935177972],[4.864685723,51.935184707],[4.86465424,51.935191064],[4.864624167,51.935197583],[4.864596918,51.935203888],[4.864569997,51.935210482],[4.864536333,51.935219268],[4.864511563,51.935226123],[4.864479126,51.935235606],[4.864449383,51.93524483],[4.864430074,51.9352511],[4.864415242,51.935256066],[4.86436159,51.935274273],[4.864303977,51.935300558],[4.864186665,51.935353439],[4.864186494,51.935353518],[4.864051715,51.935414282],[4.863383142,51.935749413],[4.863250592,51.935817402],[4.862587095,51.936142548],[4.862225159,51.936314219],[4.861840505,51.93649581],[4.861475218,51.936667609],[4.861175139,51.936802655],[4.860634395,51.937051883],[4.860285261,51.93721557],[4.859955918,51.937371561],[4.85963327,51.937527017],[4.859339302,51.937664747],[4.858967055,51.937846527],[4.858694255,51.937978266],[4.858412232,51.938118477],[4.858214852,51.938217361],[4.857729677,51.938459633],[4.857498819,51.938574193],[4.857354607,51.938645603],[4.856961037,51.938841133],[4.856717355,51.938957864],[4.856505768,51.939068131],[4.85635513,51.939172058],[4.856281036,51.939220306],[4.856212855,51.939260195],[4.856155865,51.939290651],[4.856126123,51.939305599],[4.856077541,51.939328721],[4.856036635,51.939347018],[4.855995609,51.939364361],[4.855952608,51.939381505],[4.85590887,51.939397925],[4.855864287,51.939413642],[4.855434738,51.939560351],[4.855018979,51.93973839],[4.854950416,51.939782221],[4.854867094,51.939854049],[4.854609576,51.939955341],[4.854588217,51.939963747],[4.85452378,51.939948705],[4.854307324,51.940035865],[4.854206296,51.940062777],[4.854082439,51.940079652],[4.853968009,51.940090135],[4.853911175,51.940080376],[4.853630632,51.940032237],[4.853205257,51.9399318],[4.852726301,51.93981689],[4.852543687,51.93977428],[4.852506808,51.939765675],[4.852371485,51.93974026],[4.852191865,51.939710042],[4.852013906,51.939689249],[4.851803348,51.93966288],[4.851562198,51.939638978],[4.851296772,51.939615181],[4.85088319,51.939581465],[4.850824722,51.939577609],[4.850540526,51.939558868],[4.850304808,51.939545218],[4.849699339,51.939512393],[4.84964191,51.939508777],[4.849443309,51.939495816],[4.849232968,51.939487159],[4.849131152,51.939482406],[4.84910499,51.93948118],[4.849012595,51.939476919],[4.848950794,51.939475089],[4.848781349,51.939468669],[4.848539009,51.939461402],[4.848275701,51.9394566],[4.848009809,51.939449986],[4.84787736,51.939447051],[4.847820121,51.939445782],[4.84764251,51.939443682],[4.847492282,51.939437599],[4.847288391,51.939436913],[4.847078368,51.939430546],[4.846909873,51.939426185],[4.846784107,51.939423875],[4.846648658,51.939421389],[4.846478228,51.939418034],[4.846238431,51.939411278],[4.846094323,51.93940444],[4.845950286,51.939397602],[4.845851956,51.939389931],[4.845749339,51.939381737],[4.84563711,51.939372222],[4.845489306,51.939358401],[4.84535868,51.939342096],[4.84527494,51.939331533],[4.845225339,51.939325275],[4.845159311,51.939315918],[4.845067328,51.939300286],[4.844933625,51.939277037],[4.844751083,51.939242532],[4.844534671,51.939201984],[4.844309573,51.939159337],[4.844103139,51.939120893],[4.843861671,51.939075644],[4.843671864,51.939044286],[4.843541605,51.939026274],[4.843456487,51.9390154],[4.843313095,51.939000156],[4.843216068,51.938992814],[4.843118951,51.938986997],[4.842998796,51.938982593],[4.842916435,51.938979661],[4.842812352,51.938978406],[4.842691947,51.938980409],[4.842558584,51.938984654],[4.842334706,51.938997719],[4.842065632,51.939011663],[4.841866624,51.939014748],[4.841715902,51.939012601],[4.841528921,51.939003625],[4.841338683,51.938992343],[4.840955494,51.938971561],[4.840773874,51.938961737],[4.840685231,51.938958764],[4.84058564,51.93895548],[4.840423861,51.938951401],[4.840145395,51.938947274],[4.839952635,51.938943554],[4.839788532,51.938938151],[4.83967011,51.938931147],[4.839548051,51.938921814],[4.839433826,51.938910711],[4.839323465,51.938897308],[4.839214866,51.938882637],[4.839097028,51.9388648],[4.838935669,51.938835977],[4.8388611,51.938821167],[4.838745925,51.938796164],[4.838577833,51.938756523],[4.838497773,51.938736607],[4.838372271,51.93870546],[4.838197898,51.938662284],[4.837776534,51.938559025],[4.837649736,51.938527951],[4.837557435,51.938504132],[4.837316067,51.938441836],[4.837063654,51.938373044],[4.837012027,51.938358471],[4.836901529,51.93832728],[4.836395825,51.93817645],[4.835860216,51.938017791],[4.835369647,51.937871152],[4.835150658,51.937805929],[4.835026443,51.937768861],[4.834893106,51.937728686],[4.834818473,51.937698296],[4.834756902,51.937674654],[4.83466562,51.93763801],[4.834598457,51.937608976],[4.834537213,51.937582451],[4.834490611,51.93756181],[4.834437833,51.937536269],[4.834407264,51.937519838],[4.834345815,51.937488529],[4.834277241,51.937451408],[4.834178714,51.937395018],[4.834119598,51.937358607],[4.83403677,51.937305267],[4.833956841,51.937251462],[4.833901703,51.937212076],[4.83378563,51.937121033],[4.833700048,51.937044373],[4.833615286,51.936965046],[4.833537744,51.936882913],[4.833470437,51.936802005],[4.83341318,51.936730331],[4.833400718,51.936716143],[4.833364629,51.936662896],[4.833275412,51.936515478],[4.833134561,51.936291253],[4.833052059,51.936083005],[4.833000274,51.935948833],[4.832994685,51.935930381],[4.832842054,51.93565621],[4.832735053,51.935464004],[4.832579358,51.935207098],[4.832470744,51.935052883],[4.832429212,51.935001453],[4.832384669,51.934958098],[4.8319677,51.934575469],[4.83191496,51.934518816],[4.83187267,51.934469628],[4.831839407,51.934425653],[4.831555098,51.933987021],[4.831143191,51.933343296],[4.830735039,51.932720037],[4.830676541,51.93263544],[4.830483548,51.932362678],[4.830468717,51.93234748],[4.830112533,51.931833901],[4.829620349,51.931150242],[4.829335137,51.930738567],[4.829304977,51.930689885],[4.829280893,51.930657414],[4.829267321,51.930638023],[4.829207971,51.930598193],[4.829186702,51.930573518],[4.829164505,51.930527122],[4.829129868,51.930466589],[4.829097809,51.930375053],[4.82908793,51.930327682],[4.829048139,51.930136878],[4.829035137,51.930074542],[4.829026332,51.930042437],[4.828997758,51.930001711],[4.828940477,51.929931328],[4.828783914,51.929796504],[4.828592528,51.929655078],[4.828449928,51.929528561],[4.828092419,51.929242071],[4.827963835,51.929157724],[4.827896238,51.929117098],[4.82770464,51.929032745],[4.827627253,51.928997503],[4.827537036,51.928956446],[4.827445084,51.928915019],[4.827353731,51.92887216],[4.827279128,51.928838367],[4.827217196,51.928814343],[4.826913599,51.928675911],[4.826748195,51.928601777],[4.826524371,51.928502196],[4.826424862,51.928459313],[4.826272515,51.928392234],[4.825931442,51.928238602],[4.825923607,51.928235068],[4.825730486,51.928156998],[4.825608088,51.928120459],[4.82550006,51.928097318],[4.825403338,51.928080677],[4.825276326,51.92806434],[4.824424929,51.927998697],[4.823636054,51.927931996],[4.822818765,51.927870548],[4.822699636,51.927863235],[4.822628805,51.927850465],[4.822402466,51.927832892],[4.822109784,51.927802606],[4.821877953,51.927786031],[4.821661972,51.927769172],[4.821423021,51.927752112],[4.821345782,51.927743561],[4.821272865,51.92772667],[4.821199651,51.92771014],[4.821146989,51.927689661],[4.821081032,51.927662379],[4.821002998,51.9276247],[4.820829109,51.927532899],[4.820723596,51.927471898],[4.820621225,51.927415678],[4.820510945,51.927352677],[4.820391583,51.927283339],[4.820201971,51.927181655],[4.820136699,51.927146653],[4.819806362,51.92696385],[4.819603116,51.926852851],[4.819458627,51.926773935],[4.819328139,51.926702673],[4.81926402,51.926668477],[4.819183768,51.926622517],[4.819109436,51.926579645],[4.819028604,51.926533322],[4.818958598,51.926493434],[4.818840961,51.926425991],[4.81872881,51.926361811],[4.818659534,51.926321568],[4.818615095,51.926294747],[4.818574118,51.926270099],[4.818522192,51.92623749],[4.818493352,51.926218654],[4.818444323,51.926187138],[4.818403364,51.926160961],[4.818376836,51.926143307],[4.818336456,51.926117493],[4.818307589,51.926100905],[4.818256808,51.92606974],[4.818220608,51.926046553],[4.818169111,51.926014665],[4.818129903,51.925988229],[4.818103384,51.925969764],[4.818063572,51.925945124],[4.818028378,51.925923021],[4.817987995,51.925897297],[4.817945907,51.925868691],[4.817908415,51.92584442],[4.817867437,51.925819772],[4.817829936,51.92579622],[4.817776419,51.925763244],[4.817738199,51.925738878],[4.817690311,51.925708896],[4.817636056,51.925676633],[4.817574452,51.925639211],[4.817526409,51.925610217],[4.817480819,51.925582401],[4.817450834,51.925562481],[4.817405247,51.925534575],[4.817355197,51.925503053],[4.817316976,51.925479138],[4.8172812,51.925457033],[4.817251782,51.925438104],[4.817218339,51.92541574],[4.817188964,51.925393307],[4.817160163,51.925371595],[4.817141891,51.925356675],[4.817113564,51.925331819],[4.81707627,51.925292089],[4.817052192,51.925264557],[4.817026621,51.925217694],[4.816994731,51.925164418],[4.816967927,51.925122581],[4.816956613,51.925097718],[4.816946952,51.925080053],[4.816787515,51.924943676],[4.816758837,51.924919146],[4.816733518,51.92489808],[4.81668911,51.924869102],[4.816664331,51.924851005],[4.816618192,51.924821028],[4.816585347,51.924797139],[4.816554802,51.924775419],[4.816521973,51.924750452],[4.8164943,51.924731532],[4.8164754,51.924720384],[4.816451587,51.924705224],[4.816232401,51.924565679],[4.816139635,51.924497997],[4.815969562,51.924381758],[4.815787348,51.924260427],[4.815522667,51.924084764],[4.815240127,51.923896428],[4.814993916,51.923732001],[4.814737365,51.923557814],[4.814513682,51.923405719],[4.814370643,51.9233137],[4.81427603,51.923254634],[4.814195807,51.923207144],[4.814102265,51.923155273],[4.814001147,51.923104805],[4.813920828,51.923064864],[4.813777977,51.922995928],[4.813746287,51.922980959],[4.81364739,51.92293877],[4.813332881,51.922795936],[4.813137496,51.922705458],[4.813095296,51.922685836],[4.813087189,51.922682921],[4.812990587,51.922643493],[4.812925797,51.922617056],[4.812807718,51.922574413],[4.812700472,51.922548722],[4.812570586,51.922520043],[4.812489935,51.922505276],[4.812268873,51.922468248],[4.812109242,51.92244658],[4.811934696,51.922411226],[4.811715383,51.922367341],[4.811501907,51.922321804],[4.811487259,51.922319153],[4.811196971,51.922266614],[4.810931727,51.922220137],[4.810775655,51.922190834],[4.810637203,51.922161391],[4.810512545,51.922132025],[4.81041039,51.922106347],[4.810320597,51.922080065],[4.810240677,51.922050244],[4.81018646,51.922027283],[4.810104373,51.921995195],[4.810019724,51.921963546],[4.809958007,51.921931325],[4.809913659,51.921903701],[4.80986093,51.921876916],[4.809796322,51.921843127],[4.809750699,51.921815479],[4.809735062,51.921802602],[4.809696085,51.921766682],[4.809370276,51.921511598],[4.809222671,51.921402794],[4.809134469,51.921352691],[4.809061579,51.921326724],[4.809014534,51.921311436],[4.808957223,51.921301493],[4.80888227,51.921295057],[4.80884977,51.921292308],[4.808801455,51.921292071],[4.808781821,51.921292765],[4.808739779,51.921297502],[4.808706456,51.921302057],[4.808655834,51.921311461],[4.808606996,51.921322456],[4.808580045,51.921326934],[4.808538139,51.921335717],[4.808177193,51.92141124],[4.808132958,51.92141787],[4.808088161,51.921424393],[4.808019413,51.921430237],[4.807976837,51.921434414],[4.80786817,51.921433878],[4.807820932,51.921433186],[4.807721002,51.921432362],[4.80764329,51.921428725],[4.807584468,51.92142349],[4.807532939,51.92141885],[4.807448016,51.921409785],[4.807006183,51.921360182],[4.807004413,51.921359994],[4.806194532,51.921272814],[4.805740371,51.921221358],[4.805599395,51.921205381],[4.805331572,51.921175068],[4.805252141,51.921163879],[4.805176726,51.921149132],[4.805084395,51.921137441],[4.805022183,51.921129266],[4.804902882,51.921107778],[4.804837289,51.921094528],[4.804788523,51.921085297],[4.804701086,51.921060488],[4.804572441,51.921028553],[4.804024036,51.920892417],[4.803751498,51.92083354],[4.803530537,51.920792435],[4.803416145,51.920772541],[4.802904633,51.920674057],[4.802716852,51.920639193],[4.802482897,51.920604654],[4.80231061,51.920578962],[4.802104835,51.920556376],[4.801859927,51.920527067],[4.801583005,51.920499171],[4.801275797,51.920466407],[4.801068539,51.920439414],[4.801002972,51.920430881],[4.800758697,51.920394392],[4.800191847,51.920304141],[4.799415298,51.920188471],[4.79885064,51.920095412],[4.798796765,51.920087888],[4.798508508,51.920048048],[4.798326174,51.92002284],[4.79830454,51.920019935],[4.797887381,51.919963905],[4.797644139,51.919929985],[4.79733167,51.919887539],[4.797231179,51.919873175],[4.797016899,51.919842177],[4.796546496,51.91976875],[4.795754727,51.919634627],[4.794977925,51.919499718],[4.794718806,51.919457775],[4.794651471,51.919445822],[4.794571791,51.919429737],[4.794501613,51.91941626],[4.794413818,51.919398451],[4.794268396,51.919365611],[4.794170001,51.919342303],[4.794073326,51.919315497],[4.794073036,51.919315423],[4.79397222,51.919288596],[4.793850028,51.919251136],[4.79374487,51.919218498],[4.79362572,51.919178545],[4.793528488,51.9191446],[4.79334658,51.919074255],[4.793318615,51.919063076],[4.792921656,51.918904383],[4.79274986,51.918835705],[4.792462482,51.918721578],[4.792030652,51.918550081],[4.791808284,51.918455465],[4.791679308,51.918408297],[4.791507344,51.918353855],[4.791243021,51.918248823],[4.79116089,51.918216192],[4.791017968,51.918164055],[4.790819982,51.918077121],[4.790372556,51.917815443],[4.790217464,51.91771884],[4.789771109,51.917440806],[4.789749724,51.917427924],[4.789513567,51.917285615],[4.789409741,51.917223246],[4.789279445,51.917161822],[4.789189865,51.917121458],[4.789059782,51.917066326],[4.788968331,51.917035299],[4.788799236,51.916984102],[4.78857799,51.916920058],[4.788440479,51.916876753],[4.788198259,51.916794084],[4.788117721,51.916773359],[4.78802474,51.91677001],[4.787971713,51.916778727],[4.787925581,51.916793594],[4.787728427,51.91671055],[4.787728127,51.916697373],[4.787728234,51.916695827],[4.787729322,51.916679698],[4.787729528,51.916664265],[4.787727586,51.916646278],[4.787724197,51.916627834],[4.787718137,51.916610275],[4.787700623,51.916579932],[4.787564975,51.916505985],[4.787109289,51.91630621],[4.7868491,51.916198071],[4.786682472,51.916141187],[4.786525026,51.916084653],[4.786329243,51.916034369],[4.786135111,51.915986637],[4.786011304,51.915951551],[4.785883455,51.915892922],[4.785757217,51.915822617],[4.785605052,51.915751727],[4.785471198,51.915689921],[4.785312143,51.915627986],[4.785096114,51.91555062],[4.785072215,51.91554329],[4.784833876,51.915470179],[4.784762281,51.9154439],[4.784545803,51.915364438],[4.784387909,51.915306102],[4.784120286,51.915194029],[4.783862142,51.915096977],[4.783697072,51.915050136],[4.783475723,51.914990728],[4.782948096,51.914883752],[4.782421854,51.914773526],[4.782305788,51.914749218],[4.78195564,51.914684946],[4.781768036,51.91465626],[4.781581787,51.914635833],[4.781350688,51.914617412],[4.78076987,51.914577708],[4.780708054,51.914574549],[4.780600627,51.914565005],[4.780360964,51.914537065],[4.780155761,51.914510577],[4.77987479,51.914467781],[4.779639459,51.914427016],[4.779455861,51.914399874],[4.779230357,51.914369946],[4.779057041,51.914351072],[4.778841259,51.914338397],[4.778637012,51.914333484],[4.778402755,51.914337153],[4.778159708,51.914345654],[4.778141424,51.914346584],[4.777956032,51.914360006],[4.777562239,51.914399061],[4.776992122,51.914487013],[4.776757749,51.914528743],[4.776658737,51.914546376],[4.776594148,51.914557878],[4.776505532,51.914570514],[4.776397711,51.914589989],[4.77630601,51.914614681],[4.776205173,51.914640097],[4.776139818,51.914656074],[4.776106417,51.91466424],[4.775994313,51.914694218],[4.775884251,51.914725482],[4.775771636,51.914760852],[4.775676966,51.91479118],[4.775573081,51.91482582],[4.775532305,51.914838938],[4.775491327,51.914852109],[4.77541756,51.914871753],[4.775303846,51.91489684],[4.775160994,51.914927179],[4.775052003,51.914941756],[4.774932113,51.914962704],[4.774810978,51.914984157],[4.774678209,51.91500504],[4.77455086,51.915026209],[4.774381036,51.915053826],[4.774239172,51.915073384],[4.774110939,51.91509736],[4.773982344,51.915116986],[4.77382221,51.915135403],[4.773674214,51.915147216],[4.773524988,51.915156711],[4.773457633,51.915160395],[4.773362077,51.915165623],[4.773211235,51.91517305],[4.773057487,51.915180473],[4.772923264,51.91518644],[4.772757266,51.915195614],[4.772250773,51.915211608],[4.772249402,51.915211683],[4.772149603,51.915216481],[4.771868143,51.915218937],[4.771607609,51.915217915],[4.771276061,51.915203594],[4.770982992,51.915190149],[4.770266288,51.915148406],[4.769807119,51.915112524],[4.769551218,51.915092529],[4.769162897,51.915057338],[4.768891813,51.915031763],[4.768547962,51.914999159],[4.76810124,51.914930294],[4.767693892,51.91486479],[4.767575869,51.914834272],[4.767437454,51.914792196],[4.767309793,51.914735579],[4.767200083,51.914679946],[4.76708397,51.914616415],[4.76700055,51.914552597],[4.766887417,51.914455374],[4.766735791,51.914329052],[4.766609649,51.914231003],[4.766519006,51.914150304],[4.766403715,51.914040034],[4.76626343,51.913884352],[4.766104231,51.913703742],[4.765948959,51.913540787],[4.765801671,51.91337856],[4.765612088,51.913188457],[4.765545558,51.91312489],[4.765493663,51.913081319],[4.765129204,51.912794681],[4.764792756,51.912557403],[4.764618417,51.912433904],[4.76444867,51.912307509],[4.76429752,51.912188735],[4.764036133,51.911937481],[4.763944061,51.911848976],[4.763835025,51.911745499],[4.763827062,51.911737943],[4.763800741,51.911698244],[4.763773156,51.91167001],[4.763726771,51.91163381],[4.763672618,51.911583645],[4.763609173,51.911547355],[4.763521223,51.911482846],[4.763430242,51.911428432],[4.763292947,51.911345459],[4.763142246,51.911261958],[4.763032151,51.911209914],[4.762842507,51.911130151],[4.762593862,51.911034333],[4.76232269,51.910963798],[4.762272916,51.910951033],[4.762043568,51.910892206],[4.761683315,51.910801411],[4.761244999,51.910706731],[4.761108185,51.910681248],[4.760641554,51.910585067],[4.760416714,51.910533534],[4.759467493,51.91031868],[4.758336526,51.910089721],[4.757690717,51.909961868],[4.757545129,51.909938796],[4.757357866,51.909902917],[4.756602079,51.909741928],[4.756120426,51.909640471],[4.755858834,51.909578126],[4.755691892,51.909529179],[4.755648972,51.909516595],[4.75537185,51.909421985],[4.755296542,51.909390345],[4.755207148,51.909352788],[4.754886088,51.909199695],[4.754735521,51.909126308],[4.754513597,51.909069671],[4.754390828,51.909043744],[4.754215107,51.909006636],[4.753868163,51.908941902],[4.753867802,51.908941837],[4.753790183,51.90892735],[4.753605745,51.908883213],[4.753484864,51.908849897],[4.753216083,51.908776541],[4.753058005,51.908709137],[4.752821469,51.908608279],[4.752583246,51.908515014],[4.752308879,51.90839084],[4.752239828,51.908349013],[4.752187348,51.908317224],[4.75211171,51.908270821],[4.752067586,51.908240328],[4.752012263,51.908195832],[4.751961785,51.908150915],[4.75189417,51.908084789],[4.751811366,51.908014681],[4.75168938,51.90788848],[4.75158082,51.907754864],[4.751481634,51.907575303],[4.751390616,51.907434591],[4.751322495,51.90731917],[4.751241531,51.907204435],[4.751029692,51.906975576],[4.750924369,51.906870441],[4.75083811,51.906753124],[4.750761138,51.906612191],[4.7506515,51.906350178],[4.750618828,51.906275549],[4.750484764,51.90596928],[4.750442464,51.905872658],[4.750284528,51.905327102],[4.75026536,51.905244303],[4.750240014,51.905186946],[4.750226863,51.90514088],[4.750214439,51.905112051],[4.750195656,51.905087077],[4.750124881,51.904989024],[4.750001155,51.904866408],[4.749889486,51.904748207],[4.749792249,51.90463697],[4.749674647,51.904476041],[4.749460921,51.904176761],[4.749301472,51.90399538],[4.749180447,51.903871131],[4.749083783,51.903770979],[4.748973126,51.903667909],[4.748727626,51.903509135],[4.748656634,51.903476983],[4.748561886,51.903395573],[4.748561021,51.903371606],[4.748552562,51.903353133],[4.74853331,51.903327554],[4.748482686,51.903276198],[4.748424711,51.903231993],[4.748344406,51.903190659],[4.74824701,51.903142185],[4.748224537,51.903133677],[4.748132557,51.903098858],[4.74789092,51.903001888],[4.747852741,51.90298899],[4.747491825,51.902864532],[4.747373095,51.902834763],[4.747281499,51.902818086],[4.747219326,51.902816668],[4.746935889,51.902761553],[4.74685613,51.902729839],[4.746778,51.902706404],[4.746571565,51.90266149]]}},{"type":"Feature","properties":{"__OBJECTID":2,"id":1,"id_0":2,"soort":"buk","layerid":"legger","objectid":1,"layername":"Buitenkruinlijn SAFE WSRL","layercolor":"#F15E0F","layerstyle":"id,id,2,uit","shape__len":39391.8929379,"shape_leng":39391.8934935},"geometry":{"type":"LineString","coordinates":[[5.173713475,51.962915913],[5.173708151,51.962917709],[5.173687661,51.962924619],[5.173369478,51.963038794],[5.173145835,51.963113844],[5.172407008,51.963364953],[5.171530426,51.963667296],[5.171426278,51.963703056],[5.171310395,51.963740711],[5.171192717,51.963776207],[5.171036007,51.963819385],[5.17091464,51.963849749],[5.170792051,51.96387817],[5.170668651,51.963905257],[5.170444604,51.963950703],[5.170235303,51.963988915],[5.169939484,51.964036121],[5.169824683,51.964054246],[5.169707195,51.964064663],[5.169605614,51.964068682],[5.169497027,51.964065667],[5.169418252,51.964058843],[5.169352981,51.964050129],[5.169285758,51.964038132],[5.169162621,51.96400747],[5.169047966,51.963968454],[5.168670257,51.963833289],[5.168513607,51.963785808],[5.168390368,51.963758554],[5.168263455,51.963738732],[5.168134061,51.963726546],[5.16800335,51.963722041],[5.167874585,51.963723933],[5.16777342,51.963735373],[5.167708665,51.963747963],[5.167628898,51.963769789],[5.167554222,51.963797649],[5.167485818,51.963831101],[5.16742478,51.96386961],[5.167372086,51.963912566],[5.167325448,51.963958157],[5.167280681,51.964004452],[5.167217028,51.964075134],[5.167157631,51.964147226],[5.167129949,51.964184154],[5.167102606,51.964220628],[5.167068372,51.964270232],[5.167033271,51.964319585],[5.166988677,51.964365909],[5.166934707,51.964408249],[5.16687229,51.964445901],[5.166802462,51.96447821],[5.166726437,51.964504646],[5.166604894,51.964534672],[5.166481621,51.964561963],[5.166357381,51.964587526],[5.166232244,51.964611354],[5.166106259,51.964633442],[5.16597424,51.964654578],[5.16586024,51.964671927],[5.165364684,51.96474734],[5.165153921,51.964782293],[5.164861159,51.96483629],[5.164612195,51.964886514],[5.164459157,51.964917898],[5.164336083,51.964945536],[5.164212904,51.964973015],[5.16418522,51.964979437],[5.164017513,51.965018341],[5.163927928,51.965041055],[5.163808679,51.965074463],[5.163661802,51.96511945],[5.163536982,51.965160773],[5.163233159,51.965267111],[5.163121511,51.965304981],[5.163004443,51.965341224],[5.162886102,51.965375838],[5.162725485,51.965418163],[5.162604502,51.965449102],[5.16248294,51.965479178],[5.162360122,51.965507258],[5.162277746,51.96552512],[5.162153487,51.965550653],[5.162028433,51.965574647],[5.161902613,51.965597084],[5.161786152,51.965616304],[5.161776094,51.965617964],[5.161615767,51.965642033],[5.161477152,51.96566074],[5.161357381,51.96567534],[5.161228446,51.96568951],[5.160712168,51.965744238],[5.16041115,51.96577668],[5.160079079,51.965818078],[5.159908843,51.965842045],[5.159569088,51.965894788],[5.159399974,51.965921649],[5.159272801,51.965940952],[5.159102422,51.965964531],[5.158877689,51.965992186],[5.158764802,51.966006076],[5.158551932,51.966035801],[5.158383577,51.966064388],[5.158175451,51.966104996],[5.157801388,51.966179194],[5.157651385,51.966209876],[5.157479646,51.966248216],[5.157415743,51.966258742],[5.157353014,51.966270395],[5.157291185,51.966281716],[5.157269133,51.966285673],[5.157203927,51.966297544],[5.157118666,51.966313063],[5.157055542,51.96632466],[5.15703393,51.966328607],[5.156995172,51.966335633],[5.156913726,51.966350458],[5.156890176,51.966354689],[5.156840408,51.966363706],[5.156816727,51.966367508],[5.156787005,51.966372319],[5.156736403,51.966379897],[5.156643128,51.966394258],[5.156565335,51.966406213],[5.156508135,51.966414989],[5.156484498,51.966418682],[5.15634984,51.966439415],[5.156325591,51.96644316],[5.156279809,51.966450217],[5.156257847,51.966453553],[5.156177184,51.966466015],[5.156137281,51.966472183],[5.156122865,51.966474213],[5.156088137,51.966478792],[5.155908959,51.966503984],[5.155887987,51.966507198],[5.155825204,51.966516997],[5.155766795,51.966526131],[5.155713869,51.966535023],[5.155691198,51.966537962],[5.155638729,51.966546164],[5.155603743,51.966552855],[5.155582783,51.966556849],[5.155542625,51.966564563],[5.155472958,51.966577908],[5.15542683,51.966586761],[5.155405739,51.966590781],[5.155258279,51.966618849],[5.155236937,51.966622916],[5.15518759,51.966632272],[5.155069482,51.96665479],[5.155009979,51.966666088],[5.154931959,51.966679523],[5.154847509,51.96668147],[5.154769531,51.966670099],[5.154732408,51.966664685],[5.15465348,51.966631427],[5.154554235,51.966582028],[5.154533452,51.966574571],[5.154479335,51.966552327],[5.154410439,51.966531768],[5.15433072,51.96651679],[5.154263537,51.966510572],[5.1542022,51.966509192],[5.154137568,51.966513639],[5.154135258,51.966504889],[5.15409076,51.966510535],[5.154044385,51.966519179],[5.153991258,51.966532701],[5.153941963,51.966549349],[5.153912857,51.966561156],[5.153921055,51.966568585],[5.153707953,51.966658191],[5.153538832,51.966729311],[5.153530649,51.96672188],[5.153484334,51.966741517],[5.153461707,51.966751619]]}},{"type":"Feature","properties":{"__OBJECTID":3,"id":1,"id_0":3,"soort":"buk","layerid":"legger","objectid":1,"layername":"Buitenkruinlijn SAFE WSRL","layercolor":"#F15E0F","layerstyle":"id,id,2,uit","shape__len":39391.8929379,"shape_leng":39391.8934935},"geometry":{"type":"LineString","coordinates":[[5.153461707,51.966751619],[5.153436187,51.966763012],[5.153366242,51.966796479],[5.153263503,51.966853684],[5.153269859,51.966859636],[5.153181593,51.966912654],[5.15298998,51.967033032],[5.152863519,51.967107408],[5.15276663,51.967161828],[5.152637693,51.967230996],[5.152479405,51.967314037],[5.152414595,51.967350167],[5.152166152,51.967501725],[5.151647092,51.967828228],[5.151059171,51.968189609],[5.150543312,51.968480449],[5.150107884,51.968725157],[5.149263422,51.969214966],[5.148958101,51.969392057],[5.148373997,51.969742662],[5.14778346,51.970102297],[5.147652712,51.970182989],[5.147570606,51.970237677],[5.147485425,51.970299118],[5.147404421,51.970362679],[5.147327714,51.970428236],[5.147255451,51.970495698],[5.147193675,51.970558597],[5.147145193,51.970612024],[5.147085333,51.97068397],[5.147030326,51.970757372],[5.146964189,51.970857195],[5.146787893,51.97113309],[5.146586955,51.97144751],[5.14657244,51.971470224]]}},{"type":"Feature","properties":{"__OBJECTID":4,"id":1,"id_0":4,"soort":"buk","layerid":"legger","objectid":1,"layername":"Buitenkruinlijn SAFE WSRL","layercolor":"#F15E0F","layerstyle":"id,id,2,uit","shape__len":39391.8929379,"shape_leng":39391.8934935},"geometry":{"type":"LineString","coordinates":[[5.14657244,51.971470224],[5.146547462,51.971509314],[5.146243919,51.971984296],[5.146145016,51.972139066]]}},{"type":"Feature","properties":{"__OBJECTID":5,"id":1,"id_0":5,"soort":"buk","layerid":"legger","objectid":1,"layername":"Buitenkruinlijn SAFE WSRL","layercolor":"#F15E0F","layerstyle":"id,id,2,uit","shape__len":39391.8929379,"shape_leng":39391.8934935},"geometry":{"type":"LineString","coordinates":[[5.146145016,51.972139066],[5.146002115,51.972362683],[5.145841821,51.972613494],[5.145729619,51.972789066],[5.145649468,51.972914467],[5.145568085,51.973042176],[5.145522054,51.973117905],[5.145464253,51.973219678],[5.145410523,51.973322302],[5.145337386,51.97347765],[5.145224459,51.973738112],[5.145159427,51.973904307],[5.145070385,51.974158875],[5.145021184,51.974317786],[5.144956074,51.974557099],[5.144879991,51.974849967],[5.14482472,51.975016388],[5.144793533,51.975094953],[5.144716959,51.975260135],[5.1446396,51.975414708],[5.144523561,51.975646563],[5.144433298,51.975826905],[5.144397656,51.975904732],[5.144367584,51.975983462],[5.144343123,51.976062931],[5.144324354,51.976142975],[5.144311271,51.976223457],[5.144300822,51.976304096],[5.144272965,51.976519127],[5.144241617,51.976761035],[5.144229857,51.976841598],[5.144214912,51.976921959],[5.144196753,51.97700207],[5.144167576,51.977108412],[5.144132774,51.977214096],[5.144102975,51.97729287],[5.144070037,51.977371161],[5.144034,51.977448935],[5.143981119,51.977551723],[5.143891615,51.977703859],[5.143805413,51.977842156],[5.143797515,51.977854849],[5.143677032,51.97806914],[5.143518441,51.978364453],[5.143417012,51.978551564],[5.143367005,51.978633929],[5.143321485,51.97870219],[5.143267929,51.978776009],[5.143203164,51.978857719],[5.143128308,51.978943871],[5.143029805,51.979052011],[5.142922506,51.979169426],[5.142810921,51.979285304],[5.142717694,51.979376512],[5.142597103,51.979488893],[5.142478007,51.979601896],[5.142345481,51.979732203],[5.142242836,51.979836675],[5.142028299,51.980064115],[5.141944339,51.980153877],[5.141912802,51.980187595]]}},{"type":"Feature","properties":{"__OBJECTID":6,"id":1,"id_0":6,"soort":"buk","layerid":"legger","objectid":1,"layername":"Buitenkruinlijn SAFE WSRL","layercolor":"#F15E0F","layerstyle":"id,id,2,uit","shape__len":39391.8929379,"shape_leng":39391.8934935},"geometry":{"type":"LineString","coordinates":[[5.141840003,51.980265427],[5.141766222,51.980344307],[5.141591496,51.980531106],[5.141397086,51.980742014],[5.141332857,51.980812516],[5.141268629,51.980883022],[5.141044418,51.981129181],[5.140766106,51.98143471],[5.140427926,51.98180376],[5.140370191,51.981860005],[5.140296609,51.981921122],[5.140208991,51.981985529],[5.140119058,51.98204433],[5.140023439,51.982099603],[5.139922486,51.982151137],[5.139816575,51.982198732],[5.13970632,51.982242398],[5.139149617,51.982455535],[5.138964041,51.982526581],[5.138854317,51.98257076],[5.138747913,51.982617948],[5.138645073,51.982668039],[5.13858392,51.982699926],[5.138516955,51.982737203],[5.138453911,51.982774521],[5.138392721,51.982812997],[5.138333418,51.982852583],[5.138281594,51.982889046],[5.138214765,51.982931671],[5.138148976,51.982967115],[5.138078809,51.982999208],[5.138004719,51.983027732],[5.137927169,51.98305251],[5.137846659,51.983073382],[5.137763799,51.983090382],[5.137680877,51.983107321],[5.137598822,51.983125788],[5.137517705,51.983145758],[5.137397925,51.983178519],[5.137193929,51.983243933],[5.137131516,51.983266559],[5.137056972,51.98329466],[5.136962948,51.983330134],[5.136870564,51.983364865],[5.136755643,51.983403666],[5.136636644,51.98343747],[5.13651415,51.983466105],[5.136388729,51.983489432],[5.136261011,51.983507362],[5.136135132,51.983519514],[5.136070317,51.9835237],[5.136001069,51.983526644],[5.135913764,51.983528112],[5.135826458,51.983527099],[5.135739313,51.983523595],[5.135652515,51.983517612],[5.135523401,51.983504016],[5.1354383,51.983491906],[5.135318107,51.983472215],[5.135311673,51.983471161],[5.135227262,51.983457301],[5.135142865,51.98344343],[5.135057811,51.983431239],[5.134971235,51.98342434],[5.134883963,51.983422894],[5.134796905,51.983426924],[5.134710954,51.983436393],[5.134647441,51.983447069],[5.134585317,51.983461875],[5.134522646,51.983478044],[5.134457585,51.983500242],[5.134385446,51.9835306],[5.134330759,51.983558597],[5.134258026,51.983604012],[5.13421437,51.983637489],[5.134170028,51.983679648],[5.134157133,51.983691907],[5.134122272,51.983740646],[5.134086677,51.98379042],[5.13405722,51.983841184],[5.134013019,51.983917346],[5.133969326,51.983993598],[5.133944812,51.984045353],[5.133918178,51.984124527],[5.133903937,51.984204906],[5.133901392,51.984258802],[5.13390441,51.984312693],[5.133913,51.984366353],[5.133927095,51.984419558],[5.133948809,51.984477173],[5.133967672,51.984516493],[5.133973472,51.984518161],[5.134037057,51.984502369],[5.134053523,51.984502404],[5.134065473,51.984509835],[5.134119798,51.984593229],[5.134119447,51.984603797],[5.13410769,51.984610767],[5.13404454,51.984626458],[5.134042246,51.984630148],[5.134077897,51.984671597],[5.134123041,51.984717534],[5.134173014,51.984761765],[5.134227438,51.984803929],[5.134286111,51.984843863],[5.134348788,51.984881407],[5.134415217,51.984916407],[5.134484458,51.984949282],[5.134551413,51.984983903],[5.134614936,51.9850209],[5.134674822,51.985060147],[5.134757329,51.985122944],[5.134803796,51.985164003],[5.134873843,51.985236823],[5.134912614,51.985285145],[5.134946693,51.985334789],[5.134975337,51.985384439],[5.135008773,51.985451903],[5.135036933,51.985557567],[5.135044726,51.98561127],[5.135046684,51.985638212],[5.135046746,51.985692133],[5.135041777,51.985745018],[5.135034803,51.985794402],[5.134997812,51.986056392],[5.13495609,51.986351881],[5.134918158,51.986620502],[5.13487445,51.986930089],[5.134825128,51.987279302],[5.134791,51.987521066],[5.134779615,51.987601657],[5.134763609,51.987709059],[5.134750498,51.987762367],[5.134732223,51.987815098],[5.134723591,51.987834285],[5.134708853,51.987867044],[5.134680486,51.987918046],[5.134647217,51.987967904],[5.134609167,51.988016439],[5.134566478,51.988063472],[5.134521179,51.988109584],[5.134479882,51.988157097],[5.134443287,51.98820605],[5.134411499,51.988256279],[5.134384655,51.988307589],[5.134362845,51.988359798],[5.134346141,51.988412722],[5.134334616,51.988466178],[5.134321741,51.988554756],[5.134314014,51.98860847],[5.134302436,51.988689052],[5.134292165,51.98874259],[5.134274266,51.988795358],[5.134245939,51.988851707],[5.134196619,51.988921053],[5.134153056,51.988967779],[5.134102859,51.989011894],[5.134046417,51.989053029],[5.134016041,51.989072403],[5.133923139,51.989129452],[5.133802734,51.989200522],[5.133673699,51.989273238],[5.133508562,51.989361434],[5.133349826,51.989441411],[5.133235235,51.989495766],[5.133163506,51.989526542],[5.133089922,51.989555586],[5.132991614,51.989590265],[5.132814198,51.989645258],[5.132762242,51.989659886],[5.132710988,51.989676583],[5.132650903,51.989697621],[5.132588919,51.989722383],[5.132512737,51.989757391],[5.132413584,51.989810079],[5.132285206,51.989881942],[5.132154094,51.989955343],[5.132057218,51.990009584],[5.131914029,51.990089772],[5.131814615,51.990149867],[5.131730483,51.990205565],[5.131681553,51.990241026],[5.131636237,51.990275944],[5.131626255,51.990285136]]}},{"type":"Feature","properties":{"__OBJECTID":7,"id":1,"id_0":7,"soort":"buk","layerid":"legger","objectid":1,"layername":"Buitenkruinlijn SAFE WSRL","layercolor":"#F15E0F","layerstyle":"id,id,2,uit","shape__len":39391.8929379,"shape_leng":39391.8934935},"geometry":{"type":"LineString","coordinates":[[5.141912802,51.980187595],[5.141840003,51.980265427]]}},{"type":"Feature","properties":{"__OBJECTID":8,"id":1,"id_0":8,"soort":"buk","layerid":"legger","objectid":1,"layername":"Buitenkruinlijn SAFE WSRL","layercolor":"#F15E0F","layerstyle":"id,id,2,uit","shape__len":39391.8929379,"shape_leng":39391.8934935},"geometry":{"type":"LineString","coordinates":[[5.131626255,51.990285136],[5.131539907,51.990364637],[5.131444364,51.990452606],[5.131316053,51.990588633],[5.131315662,51.990589048],[5.131252498,51.990656006],[5.131043815,51.990877227],[5.130980986,51.990944269],[5.130972694,51.990953122],[5.130915223,51.991010782],[5.130824576,51.991082572],[5.130762135,51.991130442],[5.130700429,51.991174269],[5.130629086,51.991221158],[5.130531944,51.991282469],[5.130440314,51.991340298],[5.13037976,51.991379165],[5.130291011,51.991438681],[5.130176678,51.991520225],[5.130009624,51.991644868],[5.129893519,51.991725462],[5.129742332,51.991822734],[5.129553202,51.991934718],[5.129328531,51.992062731],[5.129143319,51.992172027],[5.128987933,51.992266772],[5.128684344,51.992460611],[5.12854404,51.992550318],[5.128390286,51.992634515],[5.128321822,51.992668018],[5.128251563,51.992700058],[5.128179578,51.992730612],[5.128105958,51.992759635],[5.127992637,51.992800229],[5.12783787,51.992850276],[5.127489116,51.992962255],[5.126907828,51.99314887],[5.126636426,51.993235788],[5.126441102,51.993296106],[5.126283817,51.993343063],[5.126102446,51.993395457],[5.125983139,51.993428908],[5.125863397,51.993461755],[5.125743351,51.993494195],[5.125622841,51.993525963],[5.125501873,51.993557062],[5.125339891,51.99359749],[5.125177346,51.993637028],[5.124975895,51.993689088],[5.124856267,51.993722105],[5.124737622,51.993756446],[5.12444685,51.993847584],[5.124331932,51.993886454],[5.124218161,51.993926593],[5.124105583,51.993967984],[5.124031206,51.993996274],[5.123920689,51.994039738],[5.123629399,51.994158879],[5.123411069,51.99424838],[5.123264917,51.994307484],[5.1231899,51.994335116],[5.12311332,51.994361054],[5.123035281,51.994385281],[5.122955868,51.994407762],[5.122875214,51.994428481],[5.122753604,51.994458597],[5.122591459,51.994498777],[5.122495661,51.994524638],[5.122417418,51.994548459],[5.122345099,51.994572764],[5.122270156,51.994600458],[5.122196602,51.994629549],[5.122123361,51.994658956],[5.121829324,51.994780964],[5.121755696,51.994809974],[5.121679551,51.994836379],[5.121601104,51.994860103],[5.121520622,51.994881062],[5.121405647,51.994906869],[5.121324758,51.994924914],[5.121118078,51.994971015],[5.120871665,51.995026122],[5.120565771,51.995096059],[5.120402353,51.995134213],[5.120239224,51.995172861],[5.119994854,51.995231323],[5.119739507,51.995292547],[5.11958796,51.995329395],[5.119425577,51.99536921],[5.119263378,51.995409794],[5.119100835,51.995449538],[5.11893936,51.995490731],[5.118680845,51.995560583],[5.11856083,51.995593053],[5.118436828,51.995627545],[5.118284251,51.995673485],[5.118129953,51.995724069],[5.117978609,51.995777959],[5.117830403,51.995835072],[5.117685509,51.995895348],[5.117544124,51.995958707],[5.11726977,51.996092308],[5.117133194,51.996159577],[5.117030167,51.996209556],[5.116958559,51.996240438],[5.116860911,51.996276958],[5.116696999,51.996325748],[5.116647057,51.996337784],[5.116644008,51.996338525],[5.116573852,51.996353346],[5.116489863,51.996368146],[5.116173809,51.996413358],[5.115808411,51.996470417],[5.115415826,51.996527315],[5.1152209,51.996520088],[5.114876247,51.996497682],[5.114230175,51.99644394],[5.114122444,51.996435647],[5.114043077,51.996433153],[5.113938208,51.996435551],[5.113681452,51.996448032],[5.113266104,51.996476828],[5.113094641,51.996497326],[5.112395873,51.996690066],[5.112206673,51.996742252],[5.111809397,51.996845946],[5.111484721,51.996996789],[5.111415556,51.996999414],[5.111393939,51.997000236],[5.111236865,51.997006195],[5.111126135,51.997019337],[5.111076955,51.997025181],[5.110512709,51.997101784],[5.110507433,51.997102482],[5.110433162,51.997111386],[5.110379973,51.997118011],[5.11032786,51.997124683],[5.1102915,51.997129336],[5.110241735,51.997135707],[5.110187216,51.997143435],[5.11014833,51.997149275],[5.110089551,51.997158107],[5.110033455,51.997166064],[5.109984393,51.997171998],[5.109925098,51.997179157],[5.109846644,51.997188625],[5.10978499,51.997196075],[5.10973396,51.997202237],[5.109689702,51.997207527],[5.109668065,51.99721011],[5.109646207,51.997212719],[5.109610214,51.997217009],[5.109543794,51.997224935],[5.10945613,51.997235388],[5.109385006,51.997243929],[5.109325011,51.997251446],[5.109251652,51.997260638],[5.109186149,51.997268843],[5.109116449,51.997277578],[5.109056456,51.997285092],[5.109008759,51.997291003],[5.108949947,51.997297982],[5.108891398,51.997304917],[5.108821308,51.997313227],[5.108752252,51.997321414],[5.108693437,51.997328385],[5.108630443,51.997335858],[5.108567701,51.997343296],[5.108519363,51.997349023],[5.108452159,51.997356989],[5.108378873,51.997366335],[5.108323932,51.997373529],[5.108257245,51.997382252],[5.10817928,51.997392459],[5.108096111,51.997403353],[5.107996186,51.997416436],[5.107928188,51.997425335],[5.107824614,51.997438886],[5.107710055,51.997453886],[5.107615625,51.997466245],[5.107524629,51.997478163],[5.107469939,51.997485161],[5.10741397,51.997491301],[5.10734663,51.99749738],[5.107282155,51.997501873],[5.107191004,51.997506043],[5.107148596,51.997507111],[5.107070835,51.997507663],[5.107009275,51.997506796],[5.106947696,51.997504781],[5.106894519,51.997502102],[5.106839659,51.99749843],[5.106797527,51.99749512],[5.106737373,51.997490708],[5.106658167,51.997485395],[5.106599024,51.997481786],[5.106526798,51.997477802],[5.106454726,51.997474286],[5.106362838,51.997470472],[5.106259798,51.997467062],[5.106214925,51.997465878],[5.106197108,51.997465394],[5.106170609,51.997464801],[5.106096848,51.99746396],[5.106036636,51.997464167],[5.105983702,51.997465001],[5.105934491,51.997466342],[5.105875271,51.997468652],[5.105816321,51.997471738],[5.10575259,51.997475936],[5.105691564,51.997480815],[5.105650243,51.997484608],[5.105612944,51.997488349],[5.105561229,51.997494076],[5.105527831,51.997498202],[5.105497735,51.997501923],[5.105468579,51.997505521],[5.105431636,51.99751008],[5.105390018,51.99751522],[5.105340849,51.997521294],[5.105290516,51.997527511],[5.105238304,51.997533957],[5.105193158,51.997539538],[5.105159509,51.997543691],[5.105105196,51.9975504],[5.105054616,51.997556643],[5.105000756,51.9975633],[5.104966554,51.997567525],[5.104854363,51.997581375],[5.104762291,51.997592669],[5.104680789,51.997602629],[5.104577208,51.997615297],[5.104528068,51.997621301],[5.104435679,51.997632601],[5.104359788,51.997641883],[5.104272365,51.997652567],[5.10418464,51.997663287],[5.104100657,51.997673555],[5.104014532,51.997682336],[5.103937015,51.997690167],[5.103875427,51.997696383],[5.103826687,51.997701308],[5.103772921,51.997706733],[5.103678187,51.997716052],[5.103656669,51.997717473],[5.10362648,51.997725031],[5.103608192,51.997734012],[5.10336955,51.997745193],[5.103321498,51.997747594],[5.103280335,51.997749212],[5.103232233,51.997750589],[5.103181218,51.997751444],[5.103134373,51.997751692],[5.103077981,51.997751286],[5.103052561,51.997750883],[5.103024358,51.997750348],[5.102996053,51.997749588],[5.102961495,51.997748354],[5.102929409,51.99774691],[5.102903921,51.997745563],[5.102891083,51.997744812],[5.102869833,51.997743467],[5.102857344,51.997742619],[5.102829952,51.997740594],[5.102810334,51.997739017],[5.102790438,51.997737308],[5.10276618,51.997735065],[5.102730209,51.997731428],[5.102706634,51.997728836],[5.102683324,51.997726118],[5.102646717,51.997721528],[5.102607554,51.997716175],[5.10254209,51.997706183],[5.10248945,51.997697193],[5.102424513,51.997684903],[5.102364717,51.997672381],[5.102286768,51.997650071],[5.102236621,51.99763573],[5.102184602,51.997620848],[5.102136507,51.997607087],[5.102083147,51.997591813],[5.102026097,51.997575496],[5.101965896,51.997558272],[5.101915014,51.997542842],[5.101868538,51.997528538],[5.101820449,51.997513733],[5.101776865,51.997500316],[5.10174395,51.997490179],[5.101713198,51.997480792],[5.10168202,51.997472063],[5.101622496,51.997455396],[5.101568585,51.99744029],[5.101510399,51.997423998],[5.101448889,51.997406772],[5.101386387,51.997389273],[5.101334178,51.997374648],[5.101272344,51.997357339],[5.101223344,51.997343612],[5.101177398,51.997330746],[5.101099098,51.997308822],[5.101048095,51.997294534],[5.101021537,51.997287097],[5.101001175,51.997281395],[5.100978582,51.997275597],[5.100944328,51.997267443],[5.10091294,51.997260022],[5.100868115,51.997249506],[5.100824629,51.997239404],[5.10076792,51.997226368],[5.100711185,51.997213496],[5.100638281,51.997197175],[5.1005888,51.997186249],[5.100542385,51.997176115],[5.100501668,51.997167305],[5.100446443,51.997155486],[5.100396726,51.997144966],[5.100341873,51.997133508],[5.100285714,51.99712192],[5.100227697,51.997111146],[5.10000453,51.997066577],[5.099952777,51.997055369],[5.099893116,51.997042442],[5.0998026,51.997022834],[5.099760939,51.997013807],[5.099727962,51.997006661],[5.099694869,51.996999489],[5.099201162,51.996919671],[5.099128656,51.996907099],[5.099035527,51.996890953],[5.098930731,51.996872784],[5.098869712,51.996862415],[5.098795096,51.996849774],[5.098741148,51.996840627],[5.098664379,51.996827622],[5.098603538,51.996817316],[5.098552587,51.996808679],[5.098515409,51.996802377],[5.098463685,51.99679362],[5.098433677,51.996788981],[5.098384083,51.996784492],[5.09835365,51.996781739],[5.098299618,51.996776851],[5.098086468,51.996703496],[5.098085126,51.996681104],[5.098082961,51.996662079],[5.098076872,51.996628836],[5.098070563,51.996604569],[5.098061395,51.996576838],[5.09805906,51.996570664],[5.098053959,51.996558059],[5.098052796,51.996555425],[5.098048863,51.996546489],[5.098044139,51.996536446],[5.098045949,51.996508586],[5.098048552,51.99646838],[5.098051591,51.996421387],[5.098056789,51.996355886],[5.098060078,51.996315608],[5.098062292,51.996288399],[5.098065454,51.996249467],[5.098067764,51.996221079],[5.098070928,51.996182061],[5.098073782,51.996145567],[5.098076924,51.996105423],[5.098079731,51.996069487],[5.09808221,51.996037989],[5.098083605,51.996020033],[5.098085682,51.995993488],[5.098087777,51.995966843],[5.098089333,51.995947064],[5.098089909,51.995934114],[5.098089605,51.995913737],[5.098088102,51.995898318],[5.098083461,51.995884051],[5.098076852,51.995863713],[5.098069326,51.995842717],[5.098059971,51.995823799],[5.098048961,51.995801528],[5.098038468,51.995780281],[5.098018054,51.995734966],[5.097998549,51.995691261],[5.097978095,51.995645434],[5.09795691,51.995597987],[5.097942734,51.995565658],[5.0979268,51.995523347],[5.097907904,51.99547312],[5.097905813,51.995471964],[5.097888924,51.995471689],[5.097858162,51.9954712],[5.097834094,51.995470817],[5.097803289,51.995470318],[5.09775852,51.995469597],[5.09771541,51.995468907],[5.097665051,51.995468099],[5.097630355,51.995467548],[5.09759959,51.995467058],[5.09759926,51.99548018],[5.097570838,51.995479895],[5.097533727,51.995477377],[5.097532313,51.995470686],[5.097533369,51.995451697],[5.097534721,51.995427182],[5.09753627,51.995399204],[5.09753734,51.995379882],[5.097538445,51.995360039],[5.097517972,51.995359926],[5.097484939,51.995359205],[5.0974637,51.99535874],[5.097451369,51.995358476],[5.097432587,51.995358061],[5.097413352,51.995357642],[5.097406529,51.995357494],[5.097384431,51.995357008],[5.097363974,51.995356444],[5.097363659,51.995362593],[5.097362977,51.995375777],[5.09736236,51.995387703],[5.097361461,51.995405263],[5.097360447,51.995425071],[5.097359745,51.99543874],[5.097359545,51.995442514],[5.097359263,51.995448052],[5.097359014,51.995452769],[5.09735878,51.99545747],[5.097358547,51.995461836],[5.097358314,51.995466554],[5.097358281,51.995467149],[5.097358179,51.995468944],[5.097358112,51.995470518],[5.09735809,51.995471831],[5.097357926,51.995472432],[5.097357633,51.99547271],[5.097357033,51.995472916],[5.09735607,51.995473236],[5.097355066,51.995473441],[5.097354105,51.995473484],[5.097352733,51.995473481],[5.097290076,51.995472176],[5.097291279,51.995459397],[5.097254618,51.995458812],[5.097206313,51.995458037],[5.097162183,51.995457327],[5.097124375,51.995456722],[5.097086041,51.995456105],[5.097050295,51.995455532],[5.097025112,51.995455083],[5.096998832,51.99545456],[5.096978931,51.99545416],[5.096966598,51.995458724],[5.096958413,51.995467592],[5.096951975,51.995474884],[5.096945594,51.995482401],[5.096939034,51.995490482],[5.096931984,51.995499579],[5.096926226,51.995507385],[5.096921716,51.995513783],[5.096919038,51.995517693],[5.096914821,51.995524056],[5.096910186,51.995531335],[5.096904902,51.995540085],[5.096900114,51.995551389],[5.096896786,51.995559248],[5.096889049,51.995577492],[5.096882486,51.995593006],[5.096876734,51.995606574],[5.096869077,51.995624666],[5.096861165,51.99564336],[5.096854643,51.995658731],[5.096846481,51.995678027],[5.096838941,51.995695805],[5.096832376,51.995711339],[5.096824007,51.995731083],[5.09681571,51.995750685],[5.096806189,51.99577315],[5.096799224,51.995789616],[5.096797005,51.995794851],[5.096794877,51.995799863],[5.096793044,51.995804198],[5.096792152,51.995806731],[5.096791142,51.995809793],[5.096790207,51.995812802],[5.096789224,51.995816162],[5.096788223,51.995819871],[5.096787193,51.995824031],[5.096786235,51.995828242],[5.096785301,51.995832923],[5.096784636,51.995836642],[5.096784105,51.995839994],[5.096783704,51.995842897],[5.096783276,51.995846264],[5.096782859,51.995850454],[5.096782556,51.995854147],[5.096782361,51.995857373],[5.09678213,51.995863486],[5.096782096,51.995868662],[5.096780327,51.995883803],[5.096778202,51.995899437],[5.096776382,51.995912879],[5.09677444,51.995927175],[5.096772422,51.995942018],[5.096770296,51.995957571],[5.09676805,51.995974105],[5.096764928,51.99599707],[5.096761965,51.99601884],[5.096759089,51.996040046],[5.096756018,51.996062642],[5.096753755,51.996079275],[5.096752499,51.9960887],[5.096747122,51.996114259],[5.096743652,51.996130708],[5.096739609,51.996149943],[5.096736064,51.996166759],[5.096732789,51.996182355],[5.096729681,51.996197097],[5.096727111,51.996209278],[5.096723567,51.99622615],[5.096719975,51.996243191],[5.09671613,51.996261454],[5.096712029,51.996280949],[5.096708467,51.996297883],[5.096705463,51.99631214],[5.096702548,51.996326504],[5.096701432,51.996336533],[5.096699962,51.99634992],[5.0966973,51.996373967],[5.096694966,51.996395193],[5.096692292,51.996419364],[5.096688872,51.996450328],[5.096685563,51.996480333],[5.096683334,51.996500533],[5.096680932,51.996513981],[5.096680249,51.996527507],[5.096679264,51.996546847],[5.096678176,51.996568497],[5.096676707,51.996597508],[5.09667544,51.996617971],[5.096673718,51.996643133],[5.096671935,51.996669061],[5.096670357,51.996692228],[5.096668524,51.996718947],[5.096667019,51.996742517],[5.096665732,51.996767655],[5.096664634,51.996789305],[5.096663932,51.996803234],[5.096662773,51.996824523],[5.096661875,51.996839965],[5.096660495,51.996863564],[5.096659202,51.996885591],[5.096658105,51.996904554],[5.096656846,51.996926193],[5.096655977,51.996940941],[5.096524246,51.996931537],[5.09649328,51.996931004],[5.09646579,51.996930522],[5.096423494,51.996929787],[5.096382059,51.996929066],[5.096338004,51.996928301],[5.096293494,51.996927526],[5.096259484,51.996926928],[5.096218484,51.996926216],[5.09618797,51.996925682],[5.096162665,51.996925244],[5.096135628,51.996924781],[5.09611207,51.996924364],[5.096082413,51.99692385],[5.096053195,51.996923336],[5.096021352,51.99692279],[5.095989088,51.996922226],[5.095951132,51.996921565],[5.095927574,51.996921157],[5.095901862,51.996920708],[5.095877884,51.996920288],[5.095849977,51.996919248],[5.095836522,51.996919403],[5.095537213,51.996917438],[5.095417169,51.996916649],[5.095405967,51.996917026],[5.095399002,51.996917683],[5.095378805,51.996920097],[5.095340729,51.996924648],[5.095302373,51.996929234],[5.095277439,51.99693239],[5.095253105,51.996935108],[5.095223281,51.996937927],[5.095170052,51.996941598],[5.095131569,51.996943183],[5.095060464,51.996943754],[5.095009975,51.996942316],[5.094916261,51.996935575],[5.094801249,51.99692579]]}}],"crs":{"type":"name","properties":{"name":"EPSG:4326"}}}