{"type":"FeatureCollection","features":[{"type":"Feature","properties":{"__OBJECTID":1,"id":1,"rid":"SAFE","id_0":1,"soort":"but","layerid":"kniklijnen","objectid":1,"layername":"Buitenteen aanpassing prio","layercolor":"#E6D426","layerstyle":"id,id,3,uit","shape__len":31758.9918686,"shape_leng":39643.9488839},"geometry":{"type":"LineString","coordinates":[[5.173855055,51.963082171],[5.173466217,51.963192296],[5.173427596,51.963203602],[5.173402178,51.963211507],[5.173389651,51.963215665],[5.173364813,51.96322459],[5.173328248,51.963238756],[5.17311129,51.96332646],[5.173074821,51.963340762],[5.173062552,51.963345415],[5.173037985,51.963354411],[5.172975899,51.963376219],[5.17262685,51.96349695],[5.172564796,51.963518801],[5.172503162,51.963541448],[5.172171778,51.963665266],[5.17209782,51.963692656],[5.171622224,51.963865109],[5.171559498,51.963887637],[5.17152176,51.96390073],[5.171458928,51.963921588],[5.171282418,51.963979364],[5.171244467,51.963991563],[5.17121898,51.963999437],[5.171193173,51.964006861],[5.1711803,51.964010259],[5.171167323,51.964013509],[5.171141158,51.964019719],[5.17108843,51.964031578],[5.170956181,51.964060606],[5.170916409,51.964069132],[5.17087606,51.96407747],[5.170673739,51.964118103],[5.170619606,51.964128682],[5.17051102,51.964149401],[5.170415954,51.964167427],[5.170361515,51.964177485],[5.17030588,51.964187209],[5.170166494,51.964210918],[5.170124598,51.964217749],[5.170096561,51.964221924],[5.170082482,51.964223791],[5.170068339,51.964225433],[5.170054611,51.964226758],[5.170026994,51.964228829],[5.169999247,51.964230442],[5.169929676,51.964233739],[5.169818267,51.964238564],[5.169776474,51.964240007],[5.169762535,51.964240343],[5.169734113,51.964240714],[5.169677232,51.964240788],[5.169520735,51.964240261],[5.169478094,51.964239921],[5.169449732,51.964239374],[5.169435591,51.964238908],[5.169421491,51.964238242],[5.169407448,51.964237301],[5.16939361,51.964236042],[5.169379828,51.964234513],[5.169366084,51.964232789],[5.169338676,51.96422896],[5.169297655,51.964222742],[5.169229396,51.96421197],[5.169188638,51.964205185],[5.169161741,51.964200234],[5.169148449,51.96419751],[5.169135315,51.964194535],[5.169122263,51.964191225],[5.16910937,51.964187662],[5.169083903,51.964180028],[5.169058678,51.964172009],[5.169033566,51.964163811],[5.168845565,51.964101783],[5.168808232,51.964089129],[5.168783691,51.964080352],[5.168771616,51.964075772],[5.168759509,51.964070939],[5.168747549,51.964065962],[5.168723924,51.964055718],[5.168688867,51.964039974],[5.168630688,51.964013492],[5.168595553,51.963997848],[5.168571767,51.963987807],[5.168559662,51.963983012],[5.168547346,51.963978445],[5.168534835,51.963974178],[5.168522112,51.963970136],[5.168509238,51.963966259],[5.168483193,51.963958819],[5.168456927,51.963951613],[5.168417348,51.963941002],[5.168377625,51.963930601],[5.168350992,51.963923923],[5.168324097,51.963917704],[5.168296673,51.963912156],[5.168268982,51.963907076],[5.16822721,51.963899895],[5.168199284,51.963895335],[5.168171301,51.963891084],[5.168157278,51.963889163],[5.168143227,51.963887458],[5.168129131,51.963886054],[5.16811498,51.963885067],[5.168100921,51.963884592],[5.168086806,51.963884524],[5.168072649,51.963884753],[5.168058462,51.963885192],[5.168030029,51.963886471],[5.167987339,51.96388892],[5.167944798,51.963891867],[5.167916726,51.963894394],[5.167902867,51.963895989],[5.16788919,51.963897924],[5.167875766,51.963900332],[5.167863089,51.963903204],[5.167850647,51.963906522],[5.167838378,51.963910165],[5.167826233,51.963914044],[5.167802179,51.963922256],[5.167766405,51.963935152],[5.167730903,51.963948396],[5.167707545,51.963957483],[5.167696055,51.963962174],[5.167684762,51.963967014],[5.167673747,51.963972066],[5.167663097,51.96397737],[5.16765277,51.963982905],[5.167642741,51.963988639],[5.167633012,51.963994556],[5.167623614,51.964000656],[5.167614613,51.964006963],[5.167606106,51.964013512],[5.16759784,51.964020645],[5.167590091,51.964028022],[5.167582732,51.964035579],[5.167575675,51.96404327],[5.167568865,51.964051065],[5.167555885,51.964066898],[5.167544296,51.964082187],[5.167527641,51.96410535],[5.167461949,51.964198575],[5.167366101,51.964332537],[5.167343497,51.964363655],[5.167315196,51.96440205],[5.167297982,51.964425004],[5.167286193,51.96444019],[5.16727384,51.964455163],[5.167267305,51.964462512],[5.16726041,51.964469726],[5.167253166,51.964476699],[5.167245567,51.964483538],[5.167237703,51.964490275],[5.167229638,51.964496934],[5.167213085,51.964510089],[5.167196133,51.964523079],[5.167169603,51.96454274],[5.167133815,51.964568755],[5.167106728,51.964588089],[5.167088341,51.964600727],[5.167078946,51.964606893],[5.167069341,51.964612899],[5.167059446,51.964618685],[5.167049157,51.964624172],[5.167038287,51.964629341],[5.167027017,51.964634208],[5.167015451,51.964638851],[5.166991746,51.964647705],[5.166955458,51.96466044],[5.166906635,51.964677071],[5.166869859,51.964689323],[5.166845158,51.964697194],[5.166832696,51.964700953],[5.166820116,51.96470453],[5.166807376,51.964707859],[5.16679387,51.964711012],[5.166780188,51.964713898],[5.166752487,51.964719141],[5.166710504,51.964726335],[5.166541801,51.964753887],[5.16644381,51.964770139],[5.16626346,51.964800663],[5.166221942,51.964807912],[5.166194373,51.964812964],[5.166167363,51.964818222],[5.166127009,51.964826434],[5.165912307,51.964871275],[5.165885368,51.964876643],[5.16585829,51.964881692],[5.165844665,51.964884014],[5.165831087,51.96488614],[5.165817444,51.964888118],[5.165790035,51.964891784],[5.165734973,51.96489855],[5.165610871,51.964913274],[5.165555837,51.964920121],[5.165528455,51.964923874],[5.165514831,51.964925914],[5.165487238,51.964930496],[5.165459794,51.964935447],[5.165432428,51.964940586],[5.165186589,51.964987954],[5.165145571,51.964995752],[5.16510445,51.965003331],[5.16506304,51.965010532],[5.165021527,51.965017514],[5.16464754,51.965079566],[5.16460611,51.965086709],[5.164578628,51.965091749],[5.164538311,51.965099828],[5.164498197,51.96510831],[5.164244652,51.965163145],[5.164204504,51.96517147],[5.164177615,51.965176616],[5.164164102,51.965178962],[5.16415052,51.965181084],[5.164136848,51.965182902],[5.164122685,51.965184402],[5.164065718,51.965189008],[5.164051625,51.965190456],[5.164037698,51.965192312],[5.164024166,51.965194664],[5.164010806,51.965197449],[5.163997573,51.965200551],[5.163971355,51.965207378],[5.163945322,51.965214678],[5.163906424,51.965226003],[5.163867642,51.965237529],[5.163829123,51.965249339],[5.16380382,51.965257606],[5.163791379,51.965261964],[5.163779514,51.965266373],[5.163767799,51.96527094],[5.163744664,51.96528039],[5.163710364,51.965294988],[5.163642093,51.965324517],[5.163607663,51.96533891],[5.163584292,51.965347986],[5.163572371,51.965352234],[5.163560217,51.965356193],[5.163547418,51.965359903],[5.163534373,51.965363309],[5.16352115,51.965366493],[5.163494356,51.96537243],[5.163467301,51.965378042],[5.163372101,51.965397062],[5.163331424,51.965405399],[5.163304497,51.965411241],[5.163277889,51.965417562],[5.163251332,51.965424708],[5.163225099,51.965432339],[5.16318603,51.965444205],[5.163056179,51.965484339],[5.163017008,51.965496088],[5.16299077,51.965503594],[5.162964441,51.965510816],[5.162924771,51.965521414],[5.162792212,51.965556299],[5.162739069,51.965570075],[5.16268598,51.965583286],[5.162526355,51.965621736],[5.162459646,51.96563742],[5.162432634,51.965643442],[5.162405337,51.965649285],[5.162227226,51.965686104],[5.162186217,51.965694765],[5.162159001,51.965700749],[5.162132045,51.965706981],[5.162105195,51.965713399],[5.161957961,51.965749441],[5.16193107,51.965755632],[5.16191756,51.965758539],[5.16190398,51.965761248],[5.161890305,51.965763677],[5.161876497,51.965765724],[5.161862935,51.965767265],[5.161849249,51.965768442],[5.16183547,51.965769351],[5.161807728,51.965770639],[5.161779847,51.965771519],[5.161681974,51.965773765],[5.16164013,51.965775011],[5.161612396,51.965776313],[5.161598627,51.965777235],[5.161584952,51.965778431],[5.161571407,51.965779999],[5.16155748,51.965782107],[5.161543692,51.965784614],[5.161530006,51.965787408],[5.161516392,51.965790408],[5.161502829,51.965793554],[5.161475798,51.965800113],[5.161381463,51.965823855],[5.161340954,51.965833891],[5.161313825,51.96584035],[5.16130019,51.965843451],[5.161273206,51.965849133],[5.161246467,51.965854226],[5.161219587,51.965859062],[5.161098144,51.965879941],[5.161057565,51.965886573],[5.161030407,51.965890615],[5.161016768,51.965892418],[5.161003069,51.965894003],[5.160989406,51.965895311],[5.160975684,51.965896404],[5.160961917,51.965897337],[5.160934297,51.965898892],[5.160892756,51.965900824],[5.160726399,51.965907848],[5.160526877,51.965916572],[5.160484144,51.9659188],[5.160455806,51.965920761],[5.160441725,51.965922016],[5.160427732,51.965923546],[5.160413858,51.965925413],[5.160400072,51.965927557],[5.16038635,51.965929903],[5.160359033,51.965934985],[5.160304625,51.965945861],[5.159978588,51.966012423],[5.159937713,51.966020344],[5.159910304,51.966025094],[5.159896506,51.966027164],[5.159882618,51.966028926],[5.159868843,51.966030295],[5.15985498,51.966031362],[5.159841049,51.966032209],[5.159827069,51.966032893],[5.159799017,51.966033951],[5.159700508,51.966036588],[5.159658406,51.966037999],[5.159630547,51.966039464],[5.159616738,51.966040503],[5.159603054,51.966041854],[5.159589538,51.966043628],[5.159575792,51.966046],[5.159562223,51.966048819],[5.159548784,51.966051963],[5.159535437,51.966055337],[5.159508912,51.966062517],[5.159469321,51.966073796],[5.159390334,51.966096774],[5.159351077,51.966108516],[5.159325225,51.966116699],[5.159312484,51.966120996],[5.159300401,51.966125299],[5.159288443,51.966129745],[5.159264786,51.966138933],[5.159229645,51.966153137],[5.159136419,51.966191646],[5.159113025,51.96620092],[5.159101272,51.966205335],[5.159089457,51.966209509],[5.159077553,51.966213335],[5.159065528,51.966216676],[5.159053332,51.966219347],[5.159040907,51.966221106],[5.159027737,51.966221762],[5.159014323,51.96622145],[5.159000733,51.966220431],[5.158987016,51.966218909],[5.15897321,51.96621703],[5.158945438,51.966212619],[5.158917557,51.966207757],[5.15883378,51.966192725],[5.15879183,51.966185719],[5.158777811,51.966183614],[5.158763758,51.966181707],[5.158749656,51.966180073],[5.158735489,51.96617881],[5.1587214,51.966178007],[5.158707247,51.966177566],[5.158693045,51.966177388],[5.158678806,51.966177399],[5.158650264,51.966177776],[5.158578759,51.966179528],[5.158521605,51.966181323],[5.158493144,51.966182592],[5.158478976,51.966183436],[5.158464872,51.966184496],[5.158450855,51.966185857],[5.158436917,51.966187588],[5.158423065,51.966189622],[5.158395537,51.966194286],[5.158354471,51.966202051],[5.157999487,51.966272326],[5.15794477,51.966282885],[5.157903509,51.966290297],[5.157875876,51.966294726],[5.157848119,51.966298874],[5.157681039,51.966322555],[5.157653274,51.966326689],[5.157625623,51.966331085],[5.157597953,51.966335904],[5.157570399,51.966340987],[5.157433067,51.966367418],[5.157391809,51.96637521],[5.157364205,51.96638017],[5.157336437,51.966384729],[5.157309361,51.966388567],[5.157282125,51.966392017],[5.15724111,51.966396828],[5.157158944,51.966406118],[5.157131694,51.966409396],[5.157104716,51.966413043],[5.157091413,51.966415117],[5.157078304,51.966417452],[5.157065462,51.966420146],[5.157052981,51.966423327],[5.15704058,51.96642722],[5.15702856,51.966431625],[5.157016817,51.966436405],[5.157005274,51.966441453],[5.156993871,51.966446688],[5.156971326,51.966457512],[5.156937808,51.966474148],[5.156781798,51.966552291],[5.156759375,51.966563292],[5.156736724,51.966574034],[5.15672524,51.966579226],[5.156713591,51.966584228],[5.156701712,51.966588967],[5.156689515,51.966593345],[5.156676943,51.96659728],[5.156664055,51.966600855],[5.156650936,51.966604167],[5.156624252,51.966610283],[5.156597236,51.966616021],[5.156420412,51.966651931],[5.156311756,51.966674238],[5.156245191,51.966688188],[5.156059828,51.966727395],[5.156019913,51.966735355],[5.155993093,51.96674018],[5.155979298,51.966742397],[5.155951532,51.966746432],[5.155909653,51.966751955],[5.155489641,51.966804449],[5.155433533,51.966811042],[5.155405384,51.966813931],[5.155377166,51.9668165],[5.155320614,51.966821209],[5.15502336,51.96684516],[5.154952437,51.966851114],[5.154838764,51.966860938],[5.154810589,51.966863024],[5.154796662,51.966863825],[5.154782913,51.966864356],[5.154769422,51.966864494],[5.154756297,51.966864077],[5.154743682,51.966862887],[5.154731764,51.966860638],[5.154720513,51.966857025],[5.154709982,51.966852319],[5.154699973,51.966846822],[5.154690337,51.966840758],[5.154680961,51.966834298],[5.154662691,51.966820645],[5.154644746,51.966806491],[5.15452899,51.96671273],[5.154511111,51.966698431],[5.154493083,51.966684561],[5.154483952,51.966677958],[5.154474692,51.966671728],[5.154465245,51.96666604],[5.154455528,51.966661125],[5.154445435,51.966657291],[5.154434822,51.966654943],[5.154423821,51.966654409],[5.154412321,51.966655308],[5.154400454,51.966657254],[5.154388324,51.966659953],[5.154376008,51.966663182],[5.15436356,51.966666773],[5.154351019,51.966670601],[5.154300302,51.966686619],[5.154287493,51.966690485],[5.154274609,51.966694173],[5.154261619,51.966697601],[5.154248483,51.966700669],[5.154235145,51.966703251],[5.154222682,51.966705106],[5.154210047,51.966706552],[5.154197285,51.966707705],[5.154184433,51.966708658],[5.154132621,51.966711957],[5.154104735,51.966714274],[5.154062953,51.966718433],[5.154007289,51.966724511],[5.15396587,51.966729426],[5.153938883,51.966733176],[5.153925788,51.966735348],[5.153913122,51.966737833],[5.153901057,51.966740762],[5.153889824,51.966744303],[5.153879723,51.966748679],[5.153870726,51.966754267],[5.153862929,51.96676074],[5.153856005,51.966767854],[5.153849706,51.966775427],[5.153843846,51.966783323],[5.15383829,51.966791442],[5.153832941,51.966799709],[5.153822602,51.966816503],[5.153797331,51.966858891],[5.153787048,51.966875757],[5.153776357,51.966892423],[5.153770727,51.966900623],[5.153764792,51.966908681],[5.15375843,51.966916543],[5.15375147,51.966924132],[5.153743692,51.966931347],[5.15373528,51.966937846],[5.153726105,51.966943998],[5.153716369,51.966949894],[5.153706228,51.966955604],[5.153685161,51.966966668],[5.153663517,51.966977464],[5.153641601,51.966988125],[5.153608457,51.967003929],[5.153586137,51.967014261],[5.153563449,51.967024254],[5.153551526,51.967029204],[5.153527324,51.967038778],[5.153478247,51.967057298],[5.153305498,51.9671212],[5.15318163,51.967166616],[5.153157,51.967175777],[5.153132785,51.967185161],[5.153120981,51.967190016],[5.153109509,51.967195047],[5.153098506,51.967200329],[5.153088159,51.967205961],[5.153078711,51.967212074],[5.153070517,51.967218637],[5.153063194,51.967225667],[5.153056513,51.967233039],[5.153050296,51.967240661],[5.153044413,51.967248462],[5.153038764,51.967256391],[5.153027906,51.967272489],[5.152991235,51.967329594],[5.152980519,51.967345727],[5.152969234,51.967361425],[5.152963194,51.967368965],[5.152956732,51.967376178],[5.152949677,51.967382931],[5.152941808,51.967389047],[5.152932826,51.967394298],[5.152922551,51.967398474],[5.152911176,51.96740179],[5.15289899,51.967404475],[5.152886218,51.967406702],[5.152873026,51.9674086],[5.152859541,51.967410269],[5.152845852,51.967411776],[5.152818115,51.967414508],[5.15272021,51.967423411],[5.152692537,51.967426261],[5.152678866,51.967427861],[5.152665371,51.967429646],[5.152652123,51.967431695],[5.152639216,51.967434111],[5.15262678,51.967437032],[5.152614979,51.967440638],[5.152603893,51.967445099],[5.152593449,51.96745025],[5.152583477,51.967455909],[5.152573844,51.967461934],[5.152564456,51.967468219],[5.152546136,51.96748128],[5.152492294,51.967521693],[5.152464982,51.967541652],[5.15244613,51.967554502],[5.152436345,51.967560678],[5.152426204,51.967566605],[5.15241573,51.967572184],[5.152404905,51.967577521],[5.152393822,51.967582678],[5.152371145,51.967592637],[5.152336463,51.967607113],[5.152254956,51.96764048],[5.152220512,51.967655141],[5.152198152,51.967665364],[5.152187299,51.96767072],[5.152176296,51.96767653],[5.152154985,51.967688671],[5.152134219,51.967701218],[5.152113715,51.967713961],[5.151981358,51.967797472],[5.151834375,51.96788974],[5.15179562,51.967914588],[5.1517767,51.967927268],[5.151767476,51.967933703],[5.151749359,51.967946758],[5.151722643,51.967966598],[5.151652049,51.968019864],[5.15162525,51.968039634],[5.151606931,51.968052534],[5.151597516,51.968058825],[5.151587847,51.968064958],[5.151577869,51.968070901],[5.15155722,51.968082354],[5.151536016,51.968093462],[5.15150373,51.968109826],[5.151406417,51.96815865],[5.151374489,51.968175275],[5.151353448,51.96818685],[5.151332592,51.968198875],[5.151311984,51.968211069],[5.151168835,51.968297208],[5.151148176,51.968309378],[5.151116237,51.968327755],[5.150718605,51.968551976],[5.15033096,51.968769914],[5.150288034,51.968794193],[5.150245822,51.968818368],[5.150035053,51.96894002],[5.149239379,51.969401461],[5.14909257,51.969486878],[5.149072129,51.969499269],[5.149062195,51.969505574],[5.149052575,51.969511996],[5.149043397,51.969518586],[5.149034837,51.969525409],[5.149027127,51.969532552],[5.149020481,51.969540054],[5.14901468,51.969547875],[5.149009499,51.969555931],[5.149004764,51.969564156],[5.149000346,51.969572504],[5.148996156,51.969580938],[5.148988189,51.96959797],[5.148961439,51.969658032],[5.148953341,51.969674931],[5.148948996,51.969683212],[5.148944327,51.969691307],[5.148939192,51.969699132],[5.148933399,51.969706576],[5.148926691,51.969713492],[5.148918732,51.969719683],[5.148909397,51.969724918],[5.148898843,51.969729445],[5.148887394,51.969733454],[5.148875299,51.969737088],[5.148862746,51.969740456],[5.148849872,51.969743637],[5.148823544,51.969749657],[5.148716436,51.969772709],[5.148689892,51.969778706],[5.148676739,51.969781826],[5.148663706,51.969785074],[5.148650838,51.969788497],[5.148638193,51.969792163],[5.148625849,51.969796156],[5.148613501,51.969800689],[5.148601468,51.969805566],[5.148589664,51.969810692],[5.148566499,51.969821429],[5.148532309,51.969838136],[5.148441572,51.969883202],[5.148418633,51.969894248],[5.148395355,51.969905006],[5.148372257,51.969915055],[5.148348831,51.969924827],[5.148230401,51.969972585],[5.148207006,51.969982309],[5.148195486,51.969987283],[5.148184159,51.969992378],[5.148173101,51.969997642],[5.148162418,51.97000314],[5.148152244,51.970008957],[5.148142691,51.970015164],[5.14813365,51.97002169],[5.148124981,51.970028449],[5.148108382,51.970042429],[5.148092334,51.970056755],[5.148037244,51.970107574],[5.148013307,51.970129189],[5.147996856,51.970143345],[5.147988354,51.970150282],[5.14797958,51.970157079],[5.147970499,51.970163689],[5.147961148,51.970170161],[5.147941901,51.970182828],[5.147912313,51.97020146],[5.147842478,51.97024453],[5.147812725,51.970263089],[5.147793141,51.970275606],[5.147773716,51.970288507],[5.147754456,51.970301796],[5.147725938,51.970321944],[5.147678727,51.970355704],[5.147641177,51.970382822],[5.147622645,51.9703965],[5.147604512,51.970410369],[5.147595688,51.97041741],[5.147578402,51.970431668],[5.147552954,51.970453288],[5.147519329,51.970482262],[5.147469325,51.970525906],[5.147453082,51.970540623],[5.147445158,51.97054806],[5.147437567,51.970555415],[5.14742277,51.970570278],[5.147393918,51.970600301],[5.147351182,51.970645548],[5.147330113,51.970668269],[5.14731643,51.970683532],[5.14730322,51.970699124],[5.147290496,51.970715049],[5.147253682,51.970763261],[5.147217385,51.970811633],[5.147199621,51.97083592],[5.147182635,51.970860466],[5.147160905,51.970893475],[5.147075847,51.971025238],[5.146701512,51.971611321],[5.146674438,51.971653024],[5.146663102,51.971669563],[5.146657189,51.971677766],[5.146645293,51.971693306],[5.146626577,51.971716374],[5.146575245,51.971777497],[5.146556366,51.971800492],[5.146544417,51.971815956],[5.14653881,51.971823765],[5.14653358,51.971831653],[5.146528857,51.971839648],[5.146524694,51.971847892],[5.146521054,51.971856245],[5.146517797,51.97186468],[5.146514819,51.971873172],[5.146509398,51.97189027],[5.146489776,51.971959093],[5.146481816,51.971984776],[5.146478839,51.971993269],[5.146475587,51.972001705],[5.14647195,51.97201006],[5.146467794,51.972018305],[5.146463076,51.972026301],[5.146457853,51.972034191],[5.146452257,51.972042003],[5.146446389,51.972049758],[5.146434135,51.972065159],[5.146415109,51.972088126],[5.146344489,51.972172156],[5.146242217,51.972294467],[5.146217275,51.972325218],[5.146205421,51.972340767],[5.146199803,51.972348581],[5.146183755,51.97237225],[5.146168301,51.972396086],[5.146033119,51.972607937],[5.145813936,51.972950622],[5.145798135,51.972975732],[5.145787955,51.972992545],[5.145778401,51.973009485],[5.145774072,51.973017862],[5.145765969,51.973034729],[5.145758308,51.973051685],[5.145717761,51.973145272],[5.145710149,51.973162244],[5.145702192,51.973179151],[5.145693704,51.973196013],[5.145684876,51.973212811],[5.145643968,51.973288182],[5.1456207,51.973329935],[5.14560592,51.973354695],[5.145584976,51.973387144],[5.145547302,51.973443699],[5.145531438,51.973467983],[5.145521355,51.973484259],[5.145516606,51.973492448],[5.145512152,51.973500689],[5.145508103,51.973509001],[5.145504597,51.973517271],[5.145501485,51.973525611],[5.145498665,51.973534002],[5.145491262,51.973559359],[5.145475888,51.973618858],[5.145468958,51.973644291],[5.145463703,51.973661123],[5.145460711,51.973669468],[5.145457352,51.973677742],[5.145453493,51.973685918],[5.14544903,51.97369398],[5.145444068,51.973701945],[5.145433135,51.973717678],[5.145415369,51.973741014],[5.145372471,51.97379518],[5.145360678,51.973810724],[5.145355054,51.973818536],[5.145349718,51.973826392],[5.145344782,51.973834307],[5.145340396,51.973842303],[5.145336759,51.973850412],[5.145334024,51.973858659],[5.145332038,51.973867017],[5.145330601,51.973875456],[5.145329567,51.973883955],[5.145328819,51.973892498],[5.145327871,51.973909662],[5.145326177,51.973969984],[5.145324816,51.973995771],[5.14532297,51.974012864],[5.145321527,51.974021355],[5.145319568,51.974029793],[5.145316887,51.97403845],[5.145313661,51.974047048],[5.145310038,51.974055607],[5.145302021,51.974072641],[5.145289034,51.974098092],[5.14525337,51.974165858],[5.145235927,51.97419981],[5.145223305,51.974225441],[5.145194464,51.974285367],[5.145178224,51.974319642],[5.145170441,51.974336817],[5.145163267,51.974354061],[5.145160082,51.974362726],[5.145157306,51.974371437],[5.145155105,51.974379883],[5.145151749,51.974396891],[5.145149221,51.974413991],[5.1451471,51.974431138],[5.145142386,51.974474071],[5.145139033,51.97450842],[5.145137825,51.974525582],[5.145137392,51.974542727],[5.145137668,51.974551289],[5.145138411,51.974560136],[5.145140941,51.974577809],[5.145146154,51.974604291],[5.14516008,51.97466605],[5.145163844,51.974683685],[5.145167069,51.974701298],[5.145168307,51.974710089],[5.14516915,51.974718865],[5.145169445,51.974727618],[5.145168985,51.97473634],[5.145167603,51.974745032],[5.145165467,51.974753692],[5.145162783,51.974762331],[5.145156356,51.974779564],[5.145149148,51.974796766],[5.145133928,51.974831139],[5.145106886,51.974891246],[5.145094899,51.97491692],[5.145077996,51.974950697],[5.145025599,51.975051701],[5.145012698,51.975076987],[5.145004337,51.975093888],[5.144988529,51.975127659],[5.144938864,51.975237729],[5.14492328,51.975271544],[5.144907248,51.975304847],[5.144870506,51.975379667],[5.144857958,51.975404532],[5.144849179,51.975421001],[5.144839663,51.975437279],[5.14483444,51.975445298],[5.144828775,51.97545325],[5.144822765,51.975461114],[5.144816503,51.975468912],[5.144803479,51.975484379],[5.144790071,51.975499747],[5.144742472,51.97555336],[5.144722719,51.975576482],[5.144710462,51.975592102],[5.14470485,51.975600027],[5.144699753,51.975608069],[5.144695346,51.975616131],[5.144691442,51.975624307],[5.144687909,51.975632566],[5.144681574,51.975649248],[5.144673012,51.975674482],[5.144653953,51.975733572],[5.144645479,51.975758849],[5.144636239,51.975784006],[5.144629302,51.975800691],[5.144621926,51.975817309],[5.144610473,51.975842176],[5.144563611,51.975941475],[5.144547487,51.97597443],[5.14451048,51.976048409],[5.144498403,51.9760731],[5.144490773,51.976089614],[5.144487205,51.976097902],[5.14448389,51.976106221],[5.144480915,51.976114584],[5.144478327,51.976123094],[5.144476089,51.976131647],[5.144474107,51.976140233],[5.144470638,51.976157467],[5.144463176,51.976200706],[5.144450534,51.97627862],[5.144444193,51.976323105],[5.144433509,51.976403745],[5.144430422,51.976430621],[5.144429013,51.976448529],[5.144428686,51.97645748],[5.144428744,51.976466425],[5.144429253,51.97647511],[5.144431274,51.976492466],[5.144435684,51.976518485],[5.144450984,51.976596514],[5.144453846,51.976613842],[5.144454994,51.976622501],[5.144455848,51.976631154],[5.144456296,51.976639799],[5.14445619,51.976648433],[5.14445542,51.976656981],[5.144454104,51.976665518],[5.144450382,51.976682571],[5.14444581,51.976699607],[5.144417666,51.976793255],[5.144412803,51.976810308],[5.144408289,51.976827391],[5.144404207,51.976844827],[5.144400477,51.976862296],[5.144381484,51.976958514],[5.144374268,51.976993473],[5.144368055,51.977019682],[5.144358425,51.977054672],[5.144330364,51.977150748],[5.144322419,51.977176914],[5.144316806,51.977194318],[5.1443108,51.977211587],[5.144298109,51.977246041],[5.144275373,51.977306269],[5.144261972,51.977340606],[5.144254759,51.977357674],[5.144250878,51.977366155],[5.144246723,51.977374581],[5.144242218,51.977382963],[5.144237435,51.977391291],[5.144227318,51.977407839],[5.144216772,51.977424302],[5.144173539,51.97748995],[5.144157617,51.977514626],[5.144147453,51.977531167],[5.144138054,51.977547861],[5.14412986,51.977564639],[5.144122424,51.97758157],[5.144111937,51.977607098],[5.144088206,51.977666813],[5.144077777,51.977692355],[5.144070443,51.977709311],[5.144062456,51.977726139],[5.144053368,51.977743025],[5.144043623,51.977759783],[5.144023328,51.977793148],[5.143997521,51.977834765],[5.143981688,51.977859632],[5.143970646,51.977876066],[5.143964843,51.977884198],[5.14395875,51.977892246],[5.143952441,51.977900028],[5.143939055,51.977915366],[5.143925052,51.977930522],[5.143867266,51.977990627],[5.143846071,51.978013259],[5.143832807,51.97802853],[5.143826686,51.978036272],[5.143821083,51.978044124],[5.14381619,51.978052126],[5.143812183,51.978060258],[5.143808876,51.97806854],[5.143806086,51.978076929],[5.14380367,51.978085396],[5.143801521,51.97809392],[5.143797725,51.978111072],[5.143785952,51.978171428],[5.143780492,51.97819724],[5.143776215,51.978214357],[5.143773721,51.978222864],[5.143770876,51.978231323],[5.143767647,51.978239624],[5.143760251,51.978256093],[5.143747877,51.978280618],[5.143712928,51.978345739],[5.14369953,51.978370094],[5.14369031,51.97838626],[5.143680586,51.978402303],[5.143675417,51.978410282],[5.143664613,51.978426126],[5.143647771,51.978449737],[5.143579206,51.978543895],[5.143562642,51.978567583],[5.1435516,51.978584189],[5.143519652,51.978634311],[5.143477573,51.978701274],[5.143456742,51.978734804],[5.14343159,51.978776784],[5.143377388,51.97886933],[5.143362098,51.978894427],[5.143351249,51.978910975],[5.143345454,51.978919146],[5.143333345,51.97893472],[5.143320467,51.978950077],[5.143286961,51.978988108],[5.143205422,51.979079053],[5.143101586,51.979192438],[5.143059564,51.979237615],[5.143037981,51.97926004],[5.143008871,51.979289817],[5.1429431,51.97935672],[5.14291361,51.979386355],[5.14289863,51.979401055],[5.142875851,51.979422947],[5.14280688,51.979488385],[5.142783631,51.979510074],[5.142767791,51.979524365],[5.142751346,51.979538357],[5.142742743,51.979545164],[5.142733849,51.979551769],[5.142715302,51.979564606],[5.142696139,51.979577139],[5.142676654,51.979589514],[5.142607947,51.979632566],[5.142588717,51.979645022],[5.142579332,51.979651339],[5.142570189,51.979657752],[5.142561386,51.979664299],[5.142553052,51.979671028],[5.142545355,51.979678006],[5.142538402,51.979685316],[5.142532091,51.979692875],[5.14252625,51.979700619],[5.142515496,51.97971647],[5.142500555,51.979740709],[5.142471655,51.979789577],[5.142461844,51.979805815],[5.142451694,51.97982195],[5.1424464,51.979829953],[5.14244089,51.979837891],[5.142435083,51.979845742],[5.142428752,51.979853692],[5.142422114,51.979861552],[5.142408229,51.979877089],[5.142386611,51.979900163],[5.142284033,51.98000743],[5.142159867,51.980139214],[5.141774101,51.980551661],[5.141637425,51.980699378],[5.141515766,51.9808319],[5.141415808,51.980941459],[5.14125899,51.981113869],[5.141230136,51.981145084],[5.141215276,51.981160523],[5.141207622,51.981168156],[5.141200106,51.981175387],[5.141184657,51.981189687],[5.141160905,51.981210914],[5.141096724,51.981267191],[5.141072826,51.981288362],[5.141057162,51.981302582],[5.141041949,51.981316979],[5.141034636,51.981324241],[5.141020413,51.981338925],[5.140999611,51.981361164],[5.14095857,51.981405867],[5.140931731,51.981435803],[5.140918958,51.981450923],[5.14091292,51.981458567],[5.140907238,51.981466294],[5.140902035,51.981474136],[5.140897219,51.981482481],[5.140892923,51.98149095],[5.140889008,51.981499509],[5.140881916,51.981516805],[5.14087538,51.981534234],[5.140856672,51.981586735],[5.140850237,51.981604181],[5.140843311,51.981621492],[5.140839509,51.981630054],[5.140835347,51.981638519],[5.140830689,51.981646846],[5.140825344,51.981654987],[5.140819416,51.981662595],[5.140812847,51.981670028],[5.140805808,51.981677332],[5.140790809,51.981691688],[5.140775116,51.981705855],[5.140759109,51.981719937],[5.140702403,51.981768994],[5.140685944,51.981782874],[5.1406691,51.981796556],[5.140660428,51.981803272],[5.140651225,51.9818101],[5.140632284,51.981823489],[5.140603164,51.981843213],[5.140495152,51.981914897],[5.140466308,51.981934754],[5.140447769,51.981948336],[5.140430471,51.981962085],[5.140405536,51.981983214],[5.140332599,51.982047542],[5.140308097,51.982068879],[5.140291382,51.982082896],[5.140282803,51.982089783],[5.140273995,51.982096545],[5.140264877,51.982103138],[5.140255336,51.982109558],[5.14024548,51.982115808],[5.140235398,51.982121933],[5.140214791,51.982133942],[5.140183327,51.982151655],[5.140109338,51.982192668],[5.140077485,51.982210132],[5.140056046,51.982221616],[5.14003424,51.982232818],[5.140022926,51.982238352],[5.139999945,51.98224915],[5.139965011,51.982264993],[5.139789173,51.982343311],[5.139625323,51.98241668],[5.139589924,51.982432069],[5.139565913,51.982441852],[5.139553666,51.982446467],[5.139541178,51.982450802],[5.139528674,51.98245471],[5.139515936,51.982458349],[5.139503026,51.982461789],[5.13948999,51.982465084],[5.139463678,51.982471396],[5.139344285,51.982498662],[5.139318013,51.982505006],[5.139305016,51.982508333],[5.139292162,51.98251182],[5.139279507,51.982515527],[5.139267122,51.982519535],[5.139254818,51.982524001],[5.139242793,51.982528779],[5.139230972,51.982533782],[5.139219297,51.982538948],[5.139196223,51.982549585],[5.139070701,51.982609658],[5.139036154,51.982625778],[5.139012767,51.982636338],[5.138953794,51.982662308],[5.13883538,51.982713853],[5.13877749,51.982738772],[5.138674811,51.982782558],[5.138652145,51.982792385],[5.138629772,51.9828024],[5.138618782,51.982807536],[5.138608,51.982812805],[5.1385975,51.982818256],[5.138587383,51.982823954],[5.138577671,51.982829992],[5.138568348,51.98283628],[5.138559312,51.982842753],[5.138550483,51.98284936],[5.138533231,51.982862835],[5.138465708,51.982917704],[5.138439885,51.982937995],[5.138421982,51.98295112],[5.138412655,51.982957465],[5.138402807,51.982963737],[5.13838234,51.982975835],[5.138350613,51.982993388],[5.138232248,51.983056596],[5.138210558,51.983067931],[5.138188592,51.983079003],[5.138177421,51.98308436],[5.138166054,51.983089533],[5.13815442,51.983094452],[5.138142294,51.983099124],[5.138129897,51.983103535],[5.138117298,51.98310776],[5.13809172,51.983115848],[5.13806586,51.983123674],[5.137974823,51.983150585],[5.137922692,51.983165772],[5.137896471,51.983173088],[5.137869972,51.98317992],[5.137856543,51.983183024],[5.137843183,51.983185805],[5.137829694,51.983188362],[5.137802458,51.983193031],[5.137761256,51.98319944],[5.137664837,51.983213875],[5.137637501,51.983218312],[5.137623946,51.983220698],[5.13761051,51.983223258],[5.137597237,51.983226061],[5.137584188,51.983229191],[5.137571688,51.983232641],[5.137559403,51.983236407],[5.137547276,51.983240406],[5.137535264,51.983244573],[5.137499625,51.983257666],[5.137417196,51.983289271],[5.13738205,51.983302992],[5.137358802,51.983312303],[5.137335745,51.983321931],[5.137301526,51.983336925],[5.13718855,51.983387868],[5.137165717,51.983397769],[5.137142497,51.983407216],[5.137130641,51.983411647],[5.137118538,51.983415788],[5.137105655,51.983419713],[5.137092511,51.983423328],[5.137079174,51.983426718],[5.137065701,51.983429947],[5.1370385,51.983436101],[5.13688756,51.983468406],[5.136860208,51.983474428],[5.136832981,51.983480651],[5.13680698,51.983486909],[5.136768176,51.983496621],[5.136626377,51.983532996],[5.136587596,51.983542709],[5.13656159,51.983548893],[5.136548498,51.983551821],[5.136535319,51.983554583],[5.136521876,51.983557175],[5.136508344,51.983559599],[5.136481102,51.983564114],[5.136426285,51.983572512],[5.13628889,51.983592825],[5.136247588,51.983598671],[5.136219881,51.983602309],[5.136150141,51.983610637],[5.136052345,51.983621898],[5.136010417,51.983626595],[5.135982445,51.9836295],[5.135968445,51.98363081],[5.135954432,51.983631971],[5.1359404,51.983632924],[5.135926341,51.98363359],[5.135912324,51.983633907],[5.135898279,51.983633939],[5.135884215,51.983633767],[5.135856047,51.983633022],[5.135813739,51.983631416],[5.13571496,51.983627187],[5.135672739,51.9836251],[5.135644769,51.983623276],[5.135630887,51.983622105],[5.13561711,51.983620666],[5.135603479,51.983618859],[5.135590076,51.983616616],[5.135576816,51.983614007],[5.135563661,51.983611131],[5.13553756,51.983604855],[5.13549867,51.983594775],[5.135395262,51.983567135],[5.135356405,51.983556897],[5.135317363,51.98354695],[5.135276861,51.983537233],[5.135168272,51.983512158],[5.13511383,51.983499974],[5.135086461,51.983494357],[5.135072693,51.983491817],[5.135058837,51.983489554],[5.135044863,51.983487678],[5.135031076,51.983486301],[5.135017175,51.983485294],[5.135003189,51.983484554],[5.134975051,51.983483596],[5.134932637,51.983482822],[5.134890179,51.983482436],[5.134861952,51.983482464],[5.134847896,51.983482646],[5.134833904,51.983483008],[5.13482,51.983483625],[5.134806219,51.983484599],[5.134792603,51.98348606],[5.134779046,51.98348814],[5.13476566,51.983490718],[5.134752397,51.983493658],[5.134739221,51.983496856],[5.134726108,51.983500236],[5.134699995,51.983507331],[5.134673963,51.983514655],[5.134609088,51.983533353],[5.134570543,51.983545016],[5.134545086,51.983553394],[5.134507259,51.983566882],[5.134444825,51.983590104],[5.134407757,51.983604306],[5.134383659,51.983614116],[5.134371999,51.983619237],[5.134360756,51.983624592],[5.1343501,51.983630272],[5.134340255,51.983636403],[5.134331616,51.983642911],[5.134323755,51.98364985],[5.134316456,51.983657105],[5.134309563,51.983664586],[5.134302955,51.983672227],[5.134296544,51.983679979],[5.134284091,51.983695685],[5.134265957,51.98371948],[5.134254286,51.983735431],[5.134243326,51.983751488],[5.134238323,51.983759588],[5.134233814,51.983767764],[5.13422998,51.983776044],[5.134227003,51.983784358],[5.134224689,51.983792775],[5.134222865,51.983801267],[5.134221395,51.983809814],[5.134220176,51.9838184],[5.134218211,51.983835641],[5.134213498,51.983887541],[5.134210824,51.983913457],[5.134208476,51.983930672],[5.134206984,51.983939246],[5.134205174,51.983947784],[5.134202936,51.983956276],[5.134200222,51.983964589],[5.13419709,51.983972857],[5.134189969,51.983989301],[5.134182163,51.984005673],[5.134157815,51.984054643],[5.134150399,51.984070939],[5.134147117,51.984079078],[5.134144288,51.984087207],[5.134142088,51.984095323],[5.134140748,51.98410342],[5.134140573,51.98411149],[5.134141845,51.984119687],[5.134144321,51.984127857],[5.134147685,51.984136006],[5.134151691,51.984144143],[5.134156157,51.984152269],[5.134160939,51.984160388],[5.134191478,51.98420906],[5.134196215,51.984217176],[5.134200612,51.984225297],[5.13420452,51.984233424],[5.134207743,51.984241559],[5.134210021,51.984249706],[5.134211019,51.984257868],[5.134210463,51.984266066],[5.134208619,51.984274279],[5.134205829,51.984282505],[5.134202347,51.984290738],[5.134198372,51.984298979],[5.13419405,51.984307226],[5.134184794,51.984323724],[5.134170486,51.984348452],[5.13416146,51.98436487],[5.134157376,51.984373032],[5.134153767,51.984381145],[5.134150833,51.984389186],[5.134148847,51.984397127],[5.134148162,51.984404929],[5.134149243,51.984412544],[5.134152497,51.98441999],[5.134157528,51.984427247],[5.134163844,51.98443437],[5.134171066,51.984441402],[5.134178892,51.984448375],[5.134203741,51.984469229],[5.134211849,51.98447625],[5.134219546,51.984483359],[5.1342266,51.984490599],[5.134232726,51.984498024],[5.134237567,51.984505701],[5.134240846,51.984513718],[5.134242823,51.984521988],[5.134243848,51.984530444],[5.134244197,51.98453903],[5.13424409,51.984547702],[5.134242692,51.984573881],[5.134242361,51.984582551],[5.134242364,51.984591127],[5.134242902,51.98459956],[5.134244228,51.984607783],[5.134246673,51.984615711],[5.134250658,51.984623235],[5.134256546,51.984630288],[5.134263992,51.984636933],[5.134272576,51.984643278],[5.134281981,51.984649408],[5.134291969,51.984655384],[5.134313022,51.984667053],[5.134367704,51.984695756],[5.134389275,51.984707432],[5.134399794,51.984713401],[5.134410034,51.984719509],[5.134419893,51.984725807],[5.134429233,51.984732366],[5.134437868,51.984739176],[5.134445996,51.984746243],[5.134453748,51.984753498],[5.134468511,51.98476838],[5.134482707,51.984783543],[5.134524581,51.984829373],[5.134538999,51.984844403],[5.134546481,51.984851775],[5.134554247,51.984858996],[5.134562406,51.984866011],[5.134571101,51.984872744],[5.134580537,51.984879192],[5.134590516,51.984885354],[5.134600894,51.984891308],[5.134622421,51.984902807],[5.134655687,51.98491954],[5.134745512,51.984963579],[5.134779006,51.984980222],[5.13481201,51.984997201],[5.134833296,51.985008864],[5.134853955,51.985020807],[5.134884504,51.985039038],[5.134965481,51.985088052],[5.134995526,51.985106563],[5.135014989,51.985119122],[5.135024367,51.985125538],[5.135033374,51.9851321],[5.135041865,51.985138861],[5.135049652,51.985145899],[5.135056758,51.985153476],[5.135063125,51.985161341],[5.135068956,51.985169415],[5.135074404,51.985177639],[5.135079585,51.985185966],[5.135094252,51.985211287],[5.135127255,51.985270843],[5.135146351,51.985304806],[5.135161161,51.985330155],[5.135171359,51.985346599],[5.13518179,51.985362614],[5.135197859,51.985386534],[5.135246951,51.985458098],[5.135263109,51.985481987],[5.135273461,51.985497981],[5.135278383,51.98550602],[5.135283037,51.985514102],[5.135287325,51.985522243],[5.13529111,51.985530465],[5.13529431,51.985538848],[5.135297003,51.985547314],[5.135299328,51.98555584],[5.135303264,51.985573011],[5.135309904,51.985607581],[5.135321013,51.985668244],[5.135323983,51.985685541],[5.135326417,51.985702761],[5.135327239,51.985711316],[5.135327634,51.985719812],[5.135327428,51.985728227],[5.135326386,51.985736529],[5.135324203,51.985744678],[5.135320517,51.985752856],[5.135315633,51.985760873],[5.135309876,51.985768772],[5.135303492,51.985776587],[5.135296665,51.985784343],[5.135282182,51.985799742],[5.135267109,51.985815064],[5.135221249,51.985860941],[5.135206482,51.98587629],[5.135199422,51.985883997],[5.135192718,51.985891742],[5.135186527,51.985899541],[5.13518106,51.985907414],[5.135176602,51.985915393],[5.135173529,51.985923515],[5.135172147,51.985931815],[5.13517215,51.985940258],[5.135173162,51.985948806],[5.1351749,51.985957429],[5.135177151,51.985966105],[5.135182607,51.985983553],[5.135204402,51.986044908],[5.135210022,51.986062406],[5.135212443,51.986071133],[5.13521445,51.986079837],[5.135215873,51.986088509],[5.135216482,51.986097136],[5.135215982,51.986105703],[5.135214124,51.986114196],[5.135211157,51.986122627],[5.13520738,51.986131016],[5.135203024,51.986139372],[5.135198259,51.986147706],[5.135193211,51.986156022],[5.135182604,51.986172629],[5.135149741,51.986222395],[5.135139102,51.986239029],[5.135129065,51.986255747],[5.135124443,51.986264162],[5.135120221,51.986272636],[5.135116552,51.986281189],[5.135113665,51.986289474],[5.135111289,51.986297832],[5.135107559,51.986314698],[5.135104631,51.98633168],[5.135100892,51.986357248],[5.135086814,51.986459656],[5.135068816,51.986585044],[5.135066777,51.986602936],[5.135066035,51.986611873],[5.135065587,51.986620799],[5.13506555,51.986629711],[5.135066083,51.986638602],[5.135067301,51.986647419],[5.135069083,51.986656216],[5.135071279,51.986664998],[5.135073773,51.986673771],[5.135082299,51.986700056],[5.135103701,51.98676133],[5.13510919,51.986778801],[5.135111559,51.986787518],[5.135113519,51.986796212],[5.135114903,51.986804876],[5.135115482,51.986813497],[5.135114954,51.986822058],[5.135113075,51.986830547],[5.13511009,51.986838975],[5.135106298,51.986847361],[5.135101931,51.986855715],[5.135097156,51.986864047],[5.135092098,51.986872362],[5.13508148,51.986888967],[5.135043231,51.986947043],[5.135032838,51.986963711],[5.135027922,51.986972086],[5.1350233,51.986980502],[5.135019078,51.986988975],[5.135015408,51.986997529],[5.135012522,51.987005814],[5.135010144,51.987014172],[5.135008143,51.987022585],[5.135004883,51.987039519],[5.135000949,51.987065058],[5.134982008,51.987202859],[5.134940078,51.98750006],[5.134917604,51.987653811],[5.134914132,51.987679454],[5.134912221,51.987696556],[5.134910992,51.987713669],[5.134910761,51.98772256],[5.134910774,51.987731456],[5.134911283,51.987749254],[5.134913236,51.987784871],[5.134918461,51.987865027],[5.13491953,51.987891702],[5.134919326,51.987909427],[5.134918691,51.987918254],[5.134917519,51.987927047],[5.134915712,51.987935708],[5.134913376,51.987944337],[5.134907662,51.987961523],[5.13489774,51.987987217],[5.134858912,51.988081269],[5.134847846,51.988106818],[5.134839865,51.988123728],[5.134835531,51.988132114],[5.134830956,51.988140326],[5.134821131,51.988156617],[5.134805458,51.988180866],[5.13477331,51.988229188],[5.13476296,51.98824534],[5.134753312,51.988261583],[5.13474895,51.988269765],[5.134745064,51.98827801],[5.134741817,51.988286337],[5.134739311,51.988294931],[5.134737467,51.988303612],[5.134736107,51.988312354],[5.134734314,51.988329963],[5.13473173,51.988374249],[5.134730409,51.988391951],[5.13472826,51.988409585],[5.13472665,51.988418356],[5.134724599,51.988426953],[5.134719448,51.98844406],[5.134713466,51.988461096],[5.134707064,51.988478097],[5.134690407,51.988520539],[5.134676692,51.988554433],[5.134669512,51.988571326],[5.134657727,51.988597255],[5.134554856,51.98881214],[5.134506005,51.98891493],[5.134497505,51.988931948],[5.134493043,51.988940389],[5.134488352,51.988948759],[5.134483335,51.988957024],[5.134477861,51.988965145],[5.134471757,51.988973067],[5.134464968,51.988980656],[5.134457561,51.98898805],[5.134449705,51.988995302],[5.134441526,51.989002451],[5.13442455,51.989016552],[5.134407129,51.989030513],[5.134318907,51.989099952],[5.134284022,51.989127885],[5.134267002,51.989142024],[5.134258708,51.989149184],[5.134250631,51.989156432],[5.134242734,51.989163868],[5.134227538,51.989178988],[5.134212812,51.989194303],[5.134112047,51.989302466],[5.134090202,51.98932555],[5.134075577,51.989340627],[5.13403877,51.989377503],[5.133957053,51.989458357],[5.13393441,51.989480253],[5.133918895,51.989494666],[5.133910905,51.989501771],[5.13390241,51.989509037],[5.133884924,51.989523352],[5.133858043,51.989544539],[5.133585832,51.989754925],[5.133540602,51.989790052],[5.13351386,51.989811311],[5.133487957,51.989832973],[5.133446075,51.989869686],[5.132673351,51.990555445],[5.132590376,51.990629262],[5.132499419,51.990710684],[5.132482574,51.99072529],[5.132465161,51.990739524],[5.132456066,51.990746385],[5.132446567,51.99075298],[5.132436509,51.990759206],[5.132426151,51.990764788],[5.132415268,51.990770024],[5.132403998,51.990775007],[5.132392453,51.990779808],[5.132368833,51.990789064],[5.132344823,51.99079806],[5.132320627,51.99080691],[5.132296309,51.990815605],[5.132271818,51.990824015],[5.132259463,51.990828026],[5.13224699,51.990831837],[5.132234355,51.990835366],[5.132221494,51.990838512],[5.132208201,51.99084122],[5.132194677,51.990843536],[5.132180986,51.990845565],[5.132167174,51.990847388],[5.132139323,51.990850643],[5.132083224,51.990856463],[5.131900453,51.990874628],[5.131872416,51.99087754],[5.131844559,51.990880704],[5.131830758,51.990882465],[5.131817095,51.99088442],[5.131803627,51.990886648],[5.13179043,51.990889254],[5.131777602,51.990892378],[5.131765191,51.990896145],[5.131753151,51.990900433],[5.131741384,51.990905101],[5.131729813,51.990910044],[5.131718383,51.990915183],[5.131695785,51.990925826],[5.131617501,51.990964204],[5.131583731,51.990980401],[5.131560839,51.990990757],[5.131549172,51.990995679],[5.131537283,51.991000342],[5.131525088,51.991004652],[5.131512569,51.991008518],[5.131499747,51.991012033],[5.131486702,51.991015292],[5.131460181,51.991021305],[5.131433332,51.99102694],[5.131406332,51.991032399],[5.131257416,51.991061948],[5.131230464,51.991067466],[5.131203722,51.991073233],[5.131190497,51.991076287],[5.131177422,51.991079519],[5.131164556,51.991082997],[5.131151979,51.991086814],[5.131139766,51.991091035],[5.131127839,51.991095592],[5.131116119,51.991100394],[5.131104548,51.991105372],[5.13108168,51.99111566],[5.131047683,51.991131478],[5.130968585,51.991168696],[5.130946202,51.99117943],[5.130924267,51.991190389],[5.130913615,51.991196028],[5.130903295,51.991201837],[5.130893437,51.991207883],[5.130884211,51.991214255],[5.130875662,51.991221102],[5.130867759,51.991228281],[5.130860328,51.991235704],[5.130853238,51.9912433],[5.130839707,51.991258828],[5.130826652,51.991274599],[5.13078167,51.99133016],[5.130768452,51.991345854],[5.130761634,51.991353598],[5.130754594,51.991361235],[5.130747243,51.991368717],[5.130739462,51.991375989],[5.130731089,51.991382972],[5.13072205,51.991389567],[5.130712425,51.991395877],[5.130702375,51.991401977],[5.130692017,51.991407927],[5.130681441,51.991413769],[5.130659883,51.991425254],[5.130594195,51.991459218],[5.130561542,51.991476327],[5.130540136,51.991487958],[5.130519333,51.991499964],[5.130509502,51.991506037],[5.130490363,51.991518511],[5.130462361,51.991537665],[5.13038884,51.991589452],[5.130370657,51.991602496],[5.130352723,51.991615659],[5.13033528,51.991629057],[5.130326587,51.9916361],[5.130301368,51.991657641],[5.130268606,51.991686777],[5.130195534,51.991752639],[5.130171481,51.991774724],[5.130148441,51.991796653],[5.130118712,51.991825932],[5.130067252,51.991877454],[5.130044876,51.991899297],[5.130029366,51.991913433],[5.13002125,51.99192024],[5.130012758,51.991926778],[5.130003748,51.99193294],[5.129994034,51.991938594],[5.129983331,51.991943688],[5.129971909,51.991948261],[5.129959958,51.991952453],[5.129947626,51.99195637],[5.129935022,51.99196009],[5.129909302,51.991967159],[5.129883219,51.991973964],[5.129804548,51.991994074],[5.129778526,51.992000946],[5.129752874,51.992008132],[5.129740296,51.992011934],[5.12972797,51.992015954],[5.129715995,51.992020273],[5.129704495,51.992024998],[5.129693591,51.992030209],[5.129683159,51.992035824],[5.129673074,51.992041737],[5.129663241,51.992047863],[5.129644056,51.992060529],[5.129625219,51.992073492],[5.129569209,51.992112816],[5.12954103,51.992132375],[5.129522003,51.992145263],[5.129502584,51.992157915],[5.129482737,51.992170142],[5.129462504,51.992182136],[5.12938036,51.992229386],[5.129349907,51.992247251],[5.129330253,51.992259459],[5.129320807,51.992265738],[5.129311749,51.992272194],[5.129303218,51.992278892],[5.129295248,51.992285957],[5.129287817,51.992293268],[5.129280778,51.992300761],[5.129274027,51.992308384],[5.129267479,51.9923161],[5.129254769,51.992331709],[5.129205088,51.992394683],[5.129192183,51.992410214],[5.129185477,51.992417865],[5.129178506,51.9924254],[5.129171171,51.992432774],[5.129163341,51.992439927],[5.129154935,51.99244679],[5.129146039,51.992453437],[5.129136781,51.992459923],[5.129117564,51.992472584],[5.129077842,51.992497338],[5.128997367,51.992546354],[5.128966788,51.992564451],[5.12895643,51.992570371],[5.128935,51.99258217],[5.128891366,51.992605242],[5.12871548,51.9926966],[5.128539838,51.992788157],[5.128517673,51.992799411],[5.128495179,51.992810365],[5.128483715,51.992815647],[5.128472034,51.992820729],[5.128460363,51.99282546],[5.128448484,51.99283],[5.128424306,51.9928387],[5.128387491,51.992851255],[5.128251434,51.992896303],[5.128226581,51.992904342],[5.128201569,51.992912171],[5.128175846,51.992919732],[5.128136107,51.992930554],[5.128096079,51.992941001],[5.128002471,51.992965108],[5.127962551,51.992975667],[5.127936218,51.992983033],[5.127923216,51.992986907],[5.127910377,51.992990971],[5.127898216,51.992995101],[5.12788621,51.99299941],[5.127862506,51.993008389],[5.127827365,51.993022337],[5.12774584,51.993055431],[5.127710791,51.9930695],[5.127687259,51.993078703],[5.12766345,51.993087615],[5.12765145,51.993091885],[5.127627204,51.993100165],[5.127578221,51.99311621],[5.12746744,51.99315169],[5.127442699,51.99315941],[5.127417799,51.993166914],[5.127392543,51.993174041],[5.127354056,51.993184069],[5.127315291,51.993193725],[5.127211688,51.993219158],[5.12717299,51.993228902],[5.127147379,51.993235651],[5.127122118,51.993242784],[5.127097203,51.993250298],[5.127060109,51.993261943],[5.126900037,51.993313313],[5.126837933,51.99333304],[5.126662949,51.993388112],[5.126600144,51.99340757],[5.126485646,51.993442054],[5.126358223,51.993480116],[5.12629443,51.993498627],[5.126153822,51.993538777],[5.126115304,51.993549462],[5.126089431,51.993556278],[5.126076387,51.993559517],[5.12605003,51.993565568],[5.126023435,51.993571246],[5.125996714,51.993576727],[5.125902913,51.99359547],[5.125862804,51.993603631],[5.125836224,51.993609303],[5.125823027,51.993612274],[5.125809927,51.993615383],[5.125796955,51.993618678],[5.125784089,51.993622215],[5.125771356,51.993625939],[5.125746147,51.993633764],[5.125708679,51.993645999],[5.125621636,51.993675097],[5.125584221,51.99368742],[5.125559112,51.993695419],[5.125533731,51.993703053],[5.125507432,51.993710289],[5.125480853,51.993717151],[5.125440734,51.993727117],[5.125346879,51.993750051],[5.125306833,51.993760118],[5.125280377,51.993767151],[5.125267285,51.993770849],[5.125254396,51.993774683],[5.125228883,51.993782706],[5.125190949,51.993795201],[5.125140576,51.993812151],[5.125102944,51.993824995],[5.125078106,51.993833741],[5.125053772,51.993842856],[5.125041945,51.993847664],[5.12503047,51.993852727],[5.125019474,51.993858144],[5.125008908,51.993864084],[5.124998838,51.993870389],[5.124989129,51.993876958],[5.124979679,51.993883719],[5.124961276,51.993897609],[5.124907282,51.993940138],[5.12488896,51.993953964],[5.124879564,51.993960635],[5.124869908,51.993967043],[5.124859887,51.993973077],[5.124849356,51.993978587],[5.124838121,51.993983378],[5.124826514,51.993987152],[5.124814252,51.993990253],[5.124801507,51.99399286],[5.124788411,51.993995109],[5.124775069,51.993997101],[5.124761551,51.993998915],[5.124720429,51.99400377],[5.124623745,51.994014362],[5.124582434,51.99401914],[5.124555019,51.994022598],[5.124541374,51.994024475],[5.124527791,51.994026496],[5.124513899,51.994028756],[5.124486281,51.994033685],[5.124445067,51.994041606],[5.124376546,51.994055248],[5.124335642,51.994063671],[5.124308721,51.994069638],[5.124295477,51.994072844],[5.124282463,51.994076283],[5.12426977,51.99408005],[5.124257516,51.994084267],[5.124245919,51.994088982],[5.124234755,51.99409414],[5.124223909,51.994099622],[5.124213291,51.994105341],[5.124192501,51.994117229],[5.124121133,51.994160267],[5.124100523,51.994172329],[5.124090057,51.994178192],[5.124079423,51.994183877],[5.124068551,51.994189311],[5.124057349,51.9941944],[5.1240457,51.994199017],[5.124033291,51.994203125],[5.124020422,51.994206749],[5.124007216,51.99421002],[5.123993769,51.994213036],[5.123980152,51.994215872],[5.123952604,51.994221213],[5.123855264,51.99423894],[5.123813822,51.9942469],[5.123800155,51.994249746],[5.123786618,51.994252758],[5.123773256,51.994256],[5.123760135,51.994259559],[5.123747801,51.994263344],[5.123735692,51.994267423],[5.12372375,51.99427172],[5.123711927,51.994276173],[5.123688513,51.994285385],[5.123653681,51.994299578],[5.123561032,51.994337756],[5.123526128,51.994351912],[5.123502681,51.994361218],[5.123455397,51.994379541],[5.123336711,51.994424897],[5.123313148,51.994434103],[5.123289882,51.99444354],[5.123278446,51.99444841],[5.123267207,51.994453436],[5.12325624,51.99445867],[5.12324546,51.994464233],[5.123234957,51.994470011],[5.123224659,51.994475949],[5.123204465,51.994488142],[5.123184583,51.994500588],[5.123105893,51.99455112],[5.12308612,51.994563601],[5.123066069,51.994575686],[5.123055849,51.994581445],[5.123045419,51.9945869],[5.123034695,51.994591928],[5.123023565,51.994596363],[5.12301188,51.994599989],[5.122999268,51.994602676],[5.122986083,51.994604527],[5.122972479,51.994605768],[5.122958577,51.99460657],[5.122944463,51.994607064],[5.122915846,51.994607476],[5.122886961,51.99460749],[5.122814497,51.994607166],[5.12277118,51.994607376],[5.122756825,51.99460766],[5.122742541,51.994608131],[5.122728358,51.994608867],[5.12271431,51.994609969],[5.122700448,51.99461157],[5.122687149,51.994613719],[5.122674028,51.994616345],[5.122661036,51.994619322],[5.122648137,51.994622551],[5.122622516,51.994629493],[5.122584302,51.994640495],[5.122520833,51.994659311],[5.122483015,51.994670899],[5.122458133,51.994678991],[5.122433237,51.994687739],[5.122396384,51.994701427],[5.122335386,51.994724728],[5.122299131,51.994738935],[5.122275491,51.994748719],[5.122264003,51.994753807],[5.122252866,51.994759101],[5.122242217,51.994764683],[5.122232238,51.994770662],[5.122223182,51.994777047],[5.122214783,51.99478382],[5.12220687,51.994790881],[5.122199306,51.99479815],[5.122191994,51.99480557],[5.12218486,51.994813096],[5.122170922,51.99482835],[5.122129928,51.994874621],[5.122116084,51.99488989],[5.122101781,51.994904771],[5.122094305,51.994911936],[5.122086488,51.994918807],[5.122078188,51.994925267],[5.122069222,51.994931152],[5.122059348,51.994936259],[5.122048504,51.994940373],[5.12203677,51.994943721],[5.122024382,51.994946508],[5.12201152,51.994948887],[5.12199832,51.994950974],[5.121984884,51.994952858],[5.121957578,51.99495625],[5.121833108,51.994970107],[5.121791892,51.994975102],[5.121764743,51.994978926],[5.121751349,51.994981117],[5.121738136,51.99498359],[5.121725166,51.994986444],[5.121712432,51.994989777],[5.121699944,51.994993493],[5.121687634,51.994997491],[5.121663369,51.995006042],[5.12162743,51.995019583],[5.121544045,51.995051918],[5.121508154,51.995065582],[5.121484006,51.99507441],[5.121471807,51.995078666],[5.121459481,51.995082761],[5.121446985,51.995086641],[5.121433831,51.995090383],[5.121420493,51.995093895],[5.121393454,51.99510046],[5.121352392,51.995109695],[5.121269936,51.995127708],[5.121242862,51.995134039],[5.121229574,51.995137404],[5.121216561,51.995140989],[5.121203937,51.995144882],[5.121191855,51.995149209],[5.121180524,51.995154129],[5.121170214,51.995159714],[5.121160642,51.995165884],[5.121151608,51.995172484],[5.12114296,51.995179396],[5.121134589,51.995186531],[5.12112641,51.995193825],[5.121110401,51.995208714],[5.121063147,51.995254007],[5.121047131,51.995268653],[5.121038942,51.995275671],[5.121030553,51.995282351],[5.121021878,51.995288543],[5.1210128,51.995294043],[5.121003163,51.995298578],[5.120992761,51.995301791],[5.120981371,51.995303393],[5.12096921,51.995303662],[5.120956488,51.995302962],[5.120943365,51.995301568],[5.12092996,51.995299685],[5.12091636,51.995297465],[5.12090263,51.995295016],[5.120874945,51.995289722],[5.120763631,51.995267354],[5.120721984,51.995259144],[5.120694313,51.995254017],[5.120680531,51.995251681],[5.120666804,51.995249595],[5.12065316,51.99524787],[5.120639627,51.995246656],[5.120626252,51.995246155],[5.120613091,51.995246634],[5.120600524,51.995248252],[5.12058816,51.995250805],[5.120575948,51.995254046],[5.120563847,51.995257783],[5.120551822,51.995261873],[5.120539852,51.995266209],[5.120516013,51.995275328],[5.120432775,51.995308383],[5.120396777,51.995322121],[5.120372378,51.995330755],[5.12035996,51.995334796],[5.120346969,51.995338705],[5.12032053,51.995345948],[5.120293734,51.99535274],[5.120266764,51.995359312],[5.120009775,51.995420622],[5.119847711,51.995459541],[5.119753185,51.995482491],[5.119564174,51.995528651],[5.119383005,51.995573216],[5.119357298,51.995579666],[5.119331754,51.995586299],[5.119306546,51.995593308],[5.119294157,51.995597054],[5.119281982,51.995601038],[5.119269813,51.99560541],[5.119257866,51.99561003],[5.119234419,51.995619771],[5.119211322,51.995629909],[5.119131262,51.995666264],[5.119096732,51.995681511],[5.119085082,51.995686388],[5.119073308,51.995691085],[5.11906136,51.995695525],[5.119049168,51.995699612],[5.119036648,51.995703215],[5.119023452,51.995706288],[5.119009916,51.995708861],[5.118996131,51.995711069],[5.118982169,51.995713017],[5.118968083,51.995714781],[5.118939678,51.995717971],[5.1188396,51.995728189],[5.118796838,51.995732893],[5.118768522,51.995736482],[5.118754466,51.995738525],[5.118740884,51.995740725],[5.118713913,51.995745595],[5.118687096,51.99575084],[5.118660357,51.995756271],[5.118580281,51.995772903],[5.118513674,51.995786978],[5.118473519,51.995795889],[5.118432791,51.995805411],[5.118365091,51.995821594],[5.118311022,51.99583467],[5.118284103,51.995841353],[5.118257393,51.995848298],[5.118244177,51.995851944],[5.1182311,51.995855768],[5.118218519,51.995859706],[5.118206073,51.995863813],[5.118181449,51.995872364],[5.11814486,51.99588563],[5.118035696,51.99592616],[5.118011567,51.995935292],[5.117987605,51.995944583],[5.117963372,51.995954332],[5.117939312,51.995964246],[5.117843579,51.996004395],[5.117784028,51.996029732],[5.117749084,51.99604521],[5.117715263,51.996060859],[5.117681659,51.996076692],[5.117581099,51.996124406],[5.117525102,51.996151219],[5.11737725,51.996223354],[5.117343506,51.996240258],[5.117321448,51.996251823],[5.117310667,51.996257773],[5.117300177,51.996263833],[5.117289867,51.996270015],[5.117269604,51.996282622],[5.117239687,51.996301855],[5.117150633,51.996360033],[5.117120566,51.996379137],[5.117099989,51.996391472],[5.117089395,51.996397406],[5.117078491,51.996403106],[5.117067232,51.996408508],[5.117055666,51.996413677],[5.117043875,51.996418677],[5.117019864,51.996428353],[5.11698332,51.996442482],[5.116873047,51.996484419],[5.116848399,51.996493465],[5.116835989,51.996497827],[5.116823482,51.996502015],[5.116810836,51.996505951],[5.116797995,51.996509538],[5.116784886,51.996512642],[5.116771693,51.996515118],[5.116758239,51.996517127],[5.116744594,51.996518793],[5.116730811,51.996520209],[5.11671693,51.996521449],[5.116674954,51.99652457],[5.116576504,51.996530924],[5.116534398,51.996533832],[5.11650647,51.996536083],[5.11649259,51.996537391],[5.116478798,51.996538889],[5.116465122,51.996540648],[5.116451608,51.996542761],[5.116437886,51.996545388],[5.116424334,51.996548387],[5.116410905,51.99655166],[5.116397565,51.996555126],[5.116371054,51.996562435],[5.116278795,51.996589173],[5.116252351,51.996596598],[5.116239069,51.996600158],[5.116225719,51.996603553],[5.116212278,51.996606716],[5.116198706,51.996609553],[5.116184955,51.996611943],[5.116171376,51.996613743],[5.116157627,51.996615118],[5.116143754,51.99661618],[5.116129789,51.996617016],[5.116115762,51.996617691],[5.116087584,51.996618737],[5.115988602,51.996621502],[5.115946261,51.996623],[5.115918164,51.99662447],[5.115904187,51.996625468],[5.115890281,51.996626729],[5.115876433,51.99662831],[5.115862656,51.996630155],[5.11584893,51.996632193],[5.115835241,51.99663437],[5.115807938,51.996638995],[5.115753456,51.996648748],[5.115617328,51.996673726],[5.115576486,51.996680909],[5.115549265,51.996685158],[5.115535658,51.99668695],[5.115522058,51.996688397],[5.115508464,51.996689363],[5.115494881,51.996689672],[5.115481567,51.996689199],[5.115468262,51.99668809],[5.115454966,51.996686512],[5.115441674,51.996684594],[5.115415102,51.996680098],[5.115388538,51.996675122],[5.115322093,51.996662247],[5.115295438,51.996657383],[5.115282069,51.996655125],[5.115268658,51.996653044],[5.115255188,51.996651206],[5.11524164,51.996649696],[5.115227528,51.996648549],[5.115213332,51.996647748],[5.115199074,51.996647197],[5.115184773,51.996646826],[5.115156086,51.996646423],[5.11512734,51.996646261],[5.115026637,51.996646221],[5.114997904,51.996646427],[5.11496923,51.996646978],[5.114954933,51.996647482],[5.114940673,51.996648221],[5.114926282,51.99664926],[5.114897608,51.996651993],[5.11485474,51.996656954],[5.114512386,51.996700109],[5.111445161,51.997084631],[5.111402438,51.997090211],[5.111360616,51.997095971],[5.111179686,51.997121775],[5.111109926,51.997131488],[5.110941887,51.997154071],[5.110695068,51.997187013],[5.110654492,51.997192611],[5.110627654,51.997196657],[5.110614365,51.99719887],[5.110601211,51.99720128],[5.110588242,51.997203962],[5.110575523,51.997207013],[5.1105627,51.997210634],[5.110550144,51.997214645],[5.110537781,51.997218942],[5.11052556,51.997223445],[5.110501385,51.997232847],[5.110477408,51.997242537],[5.110393783,51.99727689],[5.110369729,51.997286467],[5.110357607,51.99729112],[5.110345387,51.99729563],[5.110333029,51.997299936],[5.110320477,51.997303961],[5.110307661,51.997307603],[5.110294809,51.997310712],[5.110281705,51.997313452],[5.110268413,51.99731592],[5.110241463,51.997320325],[5.110214238,51.99732433],[5.110186889,51.997328153],[5.110049853,51.997346777],[5.110008803,51.997352113],[5.109940647,51.997360481],[5.109464728,51.997417546],[5.109153562,51.997456278],[5.108988576,51.997476343],[5.108919757,51.997484388],[5.108892152,51.997487271],[5.108878313,51.997488555],[5.108864516,51.997489694],[5.108836848,51.997491658],[5.108795247,51.997494176],[5.108670287,51.997501045],[5.108642546,51.99750269],[5.108614851,51.99750453],[5.108587244,51.997506741],[5.108573127,51.997508092],[5.108544976,51.997511147],[5.10851689,51.997514474],[5.108446773,51.997523219],[5.108376729,51.997532188],[5.108334842,51.997537895],[5.108307089,51.997542107],[5.108280271,51.997546726],[5.1082536,51.997551696],[5.108213729,51.997559466],[5.108120833,51.997577917],[5.108080923,51.997585539],[5.108054182,51.99759023],[5.108040736,51.997592356],[5.108027216,51.997594266],[5.108013606,51.99759591],[5.107986179,51.997598603],[5.10795859,51.997600819],[5.107917065,51.997603733],[5.107792346,51.99761209],[5.107750889,51.997615331],[5.107723305,51.997617943],[5.107695763,51.997620948],[5.107668275,51.997624169],[5.10748986,51.997646137],[5.107434896,51.997652682],[5.107378529,51.997658923],[5.107251555,51.997672547],[5.107180987,51.997679881],[5.107152728,51.997682455],[5.107138583,51.997683555],[5.10712442,51.997684462],[5.107110234,51.997685102],[5.107095937,51.997685419],[5.107081617,51.997685468],[5.10705293,51.997685035],[5.107024207,51.997684197],[5.106851729,51.997677642],[5.1068086,51.99767623],[5.106779836,51.997675536],[5.106751715,51.997675164],[5.106723583,51.997675001],[5.106568839,51.997674867],[5.106540743,51.997674552],[5.106512706,51.997673823],[5.106498721,51.997673198],[5.106484912,51.997672352],[5.106471127,51.997671318],[5.10644361,51.997668874],[5.106402402,51.997664695],[5.106320049,51.997655921],[5.106278854,51.997651926],[5.106251361,51.997649818],[5.106237599,51.997649074],[5.106223823,51.997648638],[5.106209949,51.997648576],[5.106196059,51.997648826],[5.106168249,51.997649952],[5.10612649,51.997652479],[5.106042947,51.99765814],[5.106015133,51.997659685],[5.106001242,51.997660264],[5.10598737,51.997660645],[5.105973522,51.997660752],[5.105959708,51.997660489],[5.105945413,51.997659743],[5.105931153,51.997658601],[5.105916921,51.99765717],[5.105902707,51.997655531],[5.105888505,51.997653747],[5.105860127,51.997649903],[5.105775047,51.997637905],[5.105746679,51.997634325],[5.105732489,51.997632778],[5.105718294,51.99763149],[5.105704091,51.99763056],[5.105689876,51.997630124],[5.105675905,51.997630282],[5.105661923,51.997630918],[5.105647936,51.997631903],[5.105619942,51.997634552],[5.105591937,51.997637707],[5.105409869,51.997660115],[5.105227819,51.997682256],[5.10517176,51.997688882],[5.105129613,51.99769346],[5.105087024,51.997697397],[5.105044337,51.997700965],[5.104360745,51.997755798],[5.10428955,51.997761668],[5.104261111,51.997764219],[5.104233154,51.997766957],[5.104107411,51.997780174],[5.10407952,51.997783208],[5.104051803,51.997786438],[5.104038076,51.997788201],[5.104024497,51.997790131],[5.10401113,51.9977923],[5.103998058,51.997794804],[5.103985399,51.997797775],[5.103973302,51.997801383],[5.103961824,51.997805791],[5.103950917,51.997810844],[5.103940427,51.99781637],[5.103930237,51.997822237],[5.103920264,51.997828348],[5.103900717,51.997841023],[5.103862202,51.997867027],[5.10384282,51.997879889],[5.103832995,51.997886167],[5.103823022,51.997892275],[5.103812831,51.997898138],[5.103802338,51.997903658],[5.103791428,51.997908702],[5.103779946,51.997913097],[5.103767901,51.997916672],[5.103755296,51.997919611],[5.103742282,51.997922084],[5.103728971,51.997924221],[5.103715447,51.99792612],[5.103688008,51.997929473],[5.103660296,51.997932523],[5.103479539,51.997951692],[5.103451776,51.997954329],[5.103437893,51.997955468],[5.103424008,51.997956419],[5.103410118,51.997957107],[5.103396223,51.997957437],[5.103382297,51.99795733],[5.103368365,51.997956861],[5.103354429,51.997956129],[5.103340488,51.997955207],[5.103298651,51.997951785],[5.103131289,51.997936203],[5.10307555,51.997930868],[5.103004726,51.99792361],[5.102863184,51.997908582],[5.102820715,51.997904324],[5.10279239,51.997901894],[5.102778221,51.997900923],[5.102764042,51.997900204],[5.102749853,51.99789983],[5.102736017,51.997899873],[5.102722171,51.997900247],[5.102694459,51.997901659],[5.102652862,51.997904663],[5.102514161,51.997916252],[5.102486421,51.997918455],[5.102458681,51.997920433],[5.102430939,51.997921959],[5.102417068,51.997922433],[5.102403197,51.997922619],[5.102389123,51.997922451],[5.102375047,51.997921988],[5.102360972,51.997921311],[5.102346895,51.997920479],[5.102318738,51.997918526],[5.1021638,51.997906295],[5.102107586,51.997901582],[5.102079682,51.997898801],[5.102065843,51.997897174],[5.102052119,51.997895302],[5.102038552,51.997893096],[5.102024827,51.997890409],[5.10201127,51.997887372],[5.10199783,51.997884081],[5.10197118,51.99787701],[5.101944701,51.997869578],[5.101852326,51.997842916],[5.101812633,51.99783164],[5.101786028,51.997824338],[5.101759352,51.997817413],[5.101732607,51.997810857],[5.101692283,51.997801327],[5.10151697,51.997760839],[5.101407554,51.997736072],[5.101283522,51.997708597],[5.10125645,51.99770225],[5.101243255,51.997698908],[5.101230446,51.997695374],[5.101218204,51.997691561],[5.10120677,51.99768735],[5.101196468,51.997682579],[5.101187728,51.997677037],[5.10118103,51.997670699],[5.101175839,51.997663616],[5.101171748,51.99765599],[5.10116845,51.997647972],[5.101165713,51.997639678],[5.101163365,51.997631192],[5.101161283,51.997622575],[5.101157582,51.997605112],[5.1011376,51.997499262],[5.101134077,51.997481713],[5.101130098,51.997464378],[5.101127764,51.997455872],[5.101125049,51.997447543],[5.101121788,51.997439468],[5.101117755,51.997431754],[5.101112648,51.997424541],[5.101106073,51.997418013],[5.101097801,51.997412373],[5.101088086,51.997407407],[5.101077313,51.997402933],[5.101065778,51.997398815],[5.101053704,51.997394948],[5.101028546,51.997387684],[5.101002694,51.997380744],[5.100911155,51.997357],[5.100858789,51.997343739],[5.100831866,51.997337263],[5.100791348,51.997327806],[5.100696705,51.997306034],[5.100656081,51.997296893],[5.100628884,51.997291086],[5.100615217,51.997288356],[5.100601476,51.997285807],[5.100587633,51.997283506],[5.100574074,51.997281564],[5.100546694,51.997278327],[5.100505266,51.99727435],[5.100449792,51.997269631],[5.100324842,51.997259402],[5.100269194,51.997255212],[5.100115773,51.997244858],[5.100074115,51.997241709],[5.100046629,51.997239073],[5.100033054,51.997237439],[5.10001965,51.997235484],[5.10000648,51.997233092],[5.099993225,51.997230077],[5.099980217,51.997226603],[5.099967386,51.997222794],[5.099954686,51.997218744],[5.099929528,51.997210184],[5.09990455,51.997201292],[5.099829829,51.997174204],[5.099792211,51.997161069],[5.099779543,51.997156894],[5.099766764,51.997152897],[5.099753832,51.997149143],[5.099740687,51.997145723],[5.099727206,51.997142694],[5.099713511,51.997140001],[5.099699661,51.997137553],[5.099671664,51.997133129],[5.099643446,51.997129051],[5.099459256,51.997103754],[5.099289396,51.997080014],[5.099261065,51.997076208],[5.099232684,51.997072689],[5.099218462,51.997071126],[5.099204207,51.997069766],[5.099189905,51.997068688],[5.099176039,51.997067973],[5.099162128,51.997067522],[5.09913422,51.997067149],[5.099106244,51.997067186],[5.099078234,51.997067419],[5.098896053,51.997069659],[5.098824461,51.997070781],[5.09870924,51.997072944],[5.098666123,51.997073524],[5.098637557,51.997073451],[5.098623385,51.997073126],[5.098609331,51.997072497],[5.098595442,51.997071441],[5.09858178,51.997069801],[5.098568607,51.997067489],[5.098555654,51.997064609],[5.098542863,51.997061313],[5.098530187,51.997057716],[5.098517595,51.997053906],[5.098492562,51.997045891],[5.098417786,51.997020918],[5.098392748,51.997012721],[5.098367517,51.997004792],[5.09834182,51.996997299],[5.098302487,51.996986827],[5.098223061,51.996966913],[5.098063605,51.996927627],[5.097929646,51.996895309],[5.09790313,51.996888728],[5.097890126,51.996885329],[5.097877419,51.996881807],[5.097865152,51.996878099],[5.097853522,51.996874123],[5.097842794,51.996869767],[5.097833326,51.99686488],[5.09782558,51.996859268],[5.097819864,51.996852659],[5.09781592,51.996845304],[5.097813261,51.996837409],[5.097811519,51.996829126],[5.09781042,51.996820574],[5.097809761,51.996811835],[5.097809398,51.996802973],[5.097809167,51.996785039],[5.097809294,51.996703843],[5.097808576,51.996632019],[5.097798507,51.995969081],[5.097797873,51.995915332],[5.097798256,51.995852978],[5.09780079,51.99567489],[5.097801933,51.995621234],[5.097804436,51.995540278],[5.097804362,51.995522662],[5.097803896,51.995514109],[5.097802946,51.995505841],[5.097801293,51.995497991],[5.09779864,51.995490733],[5.09779459,51.995484303],[5.097788618,51.995479014],[5.097780274,51.995475107],[5.09777,51.995472346],[5.097758324,51.995470416],[5.097745644,51.995469079],[5.09773226,51.99546816],[5.097718394,51.995467528],[5.097689803,51.99546677],[5.097558313,51.995465013],[5.097442097,51.995462881],[5.097354913,51.995460869],[5.097238237,51.995457739],[5.097209592,51.995457349],[5.097195621,51.99545742],[5.097182045,51.995457793],[5.097169044,51.995458604],[5.097156865,51.99546004],[5.097145834,51.99546235],[5.097136382,51.995465863],[5.097128863,51.995470843],[5.097122924,51.995477027],[5.097118132,51.995484084],[5.09711416,51.995491766],[5.097110764,51.995499885],[5.097107764,51.995508307],[5.097102465,51.995525684],[5.097080924,51.995605632],[5.097066128,51.995658599],[5.097030882,51.995781653],[5.096985186,51.995939719],[5.096980365,51.995957298],[5.096975948,51.995974904],[5.096972335,51.995992562],[5.096970997,51.996001406],[5.096969055,51.996019143],[5.096966601,51.996054711],[5.096957181,51.996232733],[5.096931971,51.996695545],[5.096923887,51.996838614],[5.096922166,51.996874472],[5.096921683,51.996901398],[5.096921871,51.996910381],[5.096922918,51.996927712],[5.096925568,51.996953769],[5.096933476,51.997014798],[5.096935386,51.997032002],[5.096936036,51.997040427],[5.096936337,51.99704865],[5.096936126,51.997056576],[5.09693518,51.997064077],[5.096933205,51.997070978],[5.096929808,51.997077054],[5.096924474,51.997082003],[5.096916444,51.997085703],[5.096906349,51.997088199],[5.096894755,51.997089825],[5.096882091,51.997090828],[5.096868678,51.997091396],[5.096854751,51.997091666],[5.096825993,51.997091679],[5.096708313,51.997090195],[5.096649755,51.997089619],[5.096504114,51.997088622],[5.09621342,51.997087029],[5.096169831,51.99708665],[5.096126268,51.997085889],[5.096097556,51.997084989],[5.096068861,51.997083866],[5.095839215,51.997073535],[5.095549024,51.997061402],[5.094877396,51.997036457],[5.094834542,51.997034768],[5.094791741,51.99703275],[5.0947775,51.997031923],[5.094749797,51.997030006],[5.094722138,51.997027824],[5.094666876,51.997023117],[5.094429784,51.997002195],[5.094271499,51.996987908],[5.094214022,51.996982423],[5.094171782,51.996977875],[5.094130008,51.996972992],[5.093907482,51.996945981],[5.093851823,51.996939343],[5.093809993,51.99693469],[5.093796015,51.996933279],[5.093767921,51.996930743],[5.09372567,51.996927371],[5.093669257,51.996923175],[5.093570494,51.996916022],[5.093513917,51.996912163],[5.093428506,51.996906889],[5.09310099,51.996887281],[5.093044077,51.996883662],[5.093001507,51.996880438],[5.092959426,51.996876377],[5.092889489,51.996868726],[5.092693831,51.996846609],[5.092652032,51.996841517],[5.092638145,51.996839687],[5.092610184,51.996835709],[5.092540567,51.996824951],[5.091817601,51.996710121],[5.091748196,51.996698694],[5.091665,51.996684133],[5.091083136,51.996581027],[5.091041669,51.996573492],[5.091014145,51.996568239],[5.091000453,51.996565485],[5.090986793,51.996562609],[5.09095961,51.996556598],[5.090905516,51.996544078],[5.090568102,51.99646454],[5.09040622,51.996426016],[5.090365706,51.996416543],[5.090338601,51.996410594],[5.090324989,51.99640785],[5.090311311,51.996405352],[5.090297543,51.996403196],[5.090283652,51.996401513],[5.090269922,51.996400425],[5.090256073,51.996399791],[5.090242137,51.996399489],[5.090228137,51.996399426],[5.090200015,51.996399753],[5.08997383,51.996405635],[5.089945665,51.996406536],[5.089917726,51.996407854],[5.089903911,51.996408803],[5.089890258,51.99641006],[5.089876832,51.99641174],[5.089863712,51.996413999],[5.089850885,51.996416987],[5.089838368,51.996420562],[5.089826078,51.996424566],[5.089813954,51.996428881],[5.089801946,51.996433414],[5.089778149,51.996442894],[5.089683722,51.996482261],[5.089648055,51.996496725],[5.089623916,51.996505925],[5.089611643,51.996510276],[5.089599166,51.996514379],[5.089586724,51.9965181],[5.089574087,51.996521584],[5.089561307,51.996524895],[5.089535461,51.996531183],[5.089483243,51.996543136],[5.089457034,51.996548947],[5.089430788,51.996554573],[5.089404481,51.996559791],[5.089391288,51.99656212],[5.089378052,51.996564157],[5.08936476,51.996565788],[5.089351388,51.996566868],[5.089337797,51.996567278],[5.089324125,51.996567125],[5.089310396,51.996566559],[5.089296626,51.996565692],[5.089282828,51.996564608],[5.089255197,51.996562007],[5.08922758,51.996559017],[5.089200068,51.996555669],[5.089186387,51.996553813],[5.089172787,51.996551784],[5.089159297,51.996549523],[5.08914588,51.996546968],[5.089132574,51.99654418],[5.089106183,51.996538147],[5.089066889,51.996528512],[5.08891027,51.996489031],[5.088844497,51.996472935],[5.088434002,51.9963748],[5.088230503,51.996326267],[5.088162593,51.996310216],[5.08808187,51.996291806],[5.087786077,51.996225539],[5.087705367,51.996207306],[5.087328034,51.996121206],[5.087287774,51.996111762],[5.087261191,51.996105136],[5.087248049,51.996101631],[5.087235058,51.996097932],[5.087222136,51.996093959],[5.087209367,51.99608979],[5.087184129,51.996081063],[5.087146649,51.996067483],[5.08698483,51.996007768],[5.086960094,51.99599846],[5.086935677,51.995988905],[5.08692369,51.995983955],[5.086911933,51.995978827],[5.086900494,51.995973452],[5.086889474,51.99596779],[5.086878771,51.995961882],[5.086868293,51.995955797],[5.086857978,51.995949586],[5.086837644,51.995936929],[5.086807494,51.995917663],[5.086777579,51.995898253],[5.086757902,51.995885201],[5.086738763,51.995871927],[5.086729563,51.995865138],[5.086720746,51.995858189],[5.086712463,51.995851019],[5.086705078,51.995843834],[5.086698193,51.995836442],[5.086691676,51.995828896],[5.086685419,51.99582124],[5.086673398,51.995805718],[5.086661719,51.995790046],[5.086615633,51.995727055],[5.086604437,51.99571128],[5.08659389,51.995695442],[5.086589072,51.995687478],[5.086584728,51.995679464],[5.086581046,51.995671383],[5.086578263,51.995663211],[5.086576577,51.995654936],[5.086575787,51.99564657],[5.086575657,51.995638135],[5.086576002,51.995629651],[5.086576687,51.995621131],[5.086578687,51.995604025],[5.086583789,51.99556971],[5.086589617,51.995535429],[5.086593128,51.995518366],[5.086595202,51.995509875],[5.0865976,51.995501422],[5.086600484,51.99549276],[5.086607183,51.995475546],[5.086614608,51.99545842],[5.086626333,51.995432806],[5.086674082,51.995330472],[5.086757071,51.995151327],[5.08677312,51.995117243],[5.086785657,51.995091766],[5.086794502,51.995074839],[5.086826764,51.995015809],[5.086835734,51.994998915],[5.086844048,51.994981951],[5.08684775,51.994973423],[5.086850977,51.994964847],[5.086853547,51.994956208],[5.08685528,51.994947676],[5.086856375,51.994939084],[5.086856996,51.994930449],[5.08685727,51.994921783],[5.086857076,51.99490441],[5.086856097,51.994887058],[5.086855281,51.994878426],[5.086854167,51.994869848],[5.08685265,51.994861353],[5.086850577,51.994852974],[5.086847743,51.994844761],[5.08684387,51.994836772],[5.08683879,51.99482913],[5.086832689,51.994821711],[5.086825843,51.994814454],[5.086818458,51.994807316],[5.086810689,51.994800264],[5.086794414,51.994786334],[5.086768972,51.994765774],[5.086751458,51.994752377],[5.08674246,51.994745846],[5.086733217,51.994739486],[5.086723641,51.994733364],[5.086713607,51.994727564],[5.086703038,51.994722164],[5.086692012,51.994717087],[5.086680652,51.994712245],[5.086657279,51.994703028],[5.086621398,51.994689797],[5.08653698,51.994659451],[5.086513068,51.994650611],[5.086489463,51.994641512],[5.086477849,51.994636801],[5.086466423,51.994631928],[5.086454906,51.994626715],[5.086432404,51.99461583],[5.08641032,51.994604585],[5.086388444,51.994593163],[5.086225263,51.994506735],[5.085953064,51.994362895],[5.0858985,51.99433422],[5.085865273,51.994317022],[5.085081823,51.993917592],[5.084891724,51.993820435],[5.08486926,51.993809093],[5.084846606,51.993797923],[5.084823555,51.993787105],[5.084811774,51.993781922],[5.084799748,51.993776936],[5.084775184,51.993767417],[5.084750225,51.993758249],[5.084725077,51.99374925],[5.084523157,51.993677878],[5.084485045,51.99366485],[5.084459283,51.993656643],[5.084446202,51.993652812],[5.084432963,51.99364923],[5.084419578,51.993645848],[5.084406085,51.99364261],[5.084378895,51.993636414],[5.084337856,51.993627464],[5.084118462,51.993580433],[5.084077411,51.99357148],[5.084036539,51.993562238],[5.08398339,51.993549357],[5.083890817,51.993526105],[5.083838068,51.99351261],[5.083798829,51.993502071],[5.083773247,51.993494599],[5.083735731,51.993482736],[5.083686137,51.99346636],[5.08355007,51.993420914],[5.083487987,51.993400539],[5.083423263,51.993380156],[5.083228417,51.993319807],[5.083189811,51.993307354],[5.083164488,51.993298612],[5.083140547,51.993289617],[5.083105232,51.993275495],[5.082930501,51.993202934],[5.082871959,51.993179036],[5.082848125,51.99316969],[5.08281181,51.993155927],[5.082653561,51.993097146],[5.082617088,51.993083193],[5.082580405,51.993068759],[5.080279557,51.992149406],[5.0801457,51.992095829],[5.080024144,51.992046949],[5.079999764,51.992037264],[5.07997523,51.992027779],[5.079950368,51.992018728],[5.07993772,51.992014488],[5.07992485,51.992010539],[5.07991193,51.992007001],[5.079898795,51.992003746],[5.079885504,51.992000696],[5.079858617,51.991994999],[5.079817903,51.991986954],[5.079463806,51.991918892],[5.079423179,51.99191069],[5.079396347,51.991904827],[5.079383073,51.991901677],[5.079357652,51.991895033],[5.07932003,51.991884276],[5.079195639,51.991846836],[5.079145688,51.99183212],[5.079106641,51.991821282],[5.079066693,51.991810689],[5.078946436,51.991779482],[5.078879418,51.991762462],[5.078826018,51.991749543],[5.078678746,51.991714664],[5.078625438,51.991701612],[5.078574111,51.99168821],[5.078408098,51.99164345],[5.078356878,51.991629881],[5.078303715,51.991616307],[5.078157109,51.991579577],[5.078103874,51.991566104],[5.078038328,51.991548973],[5.077894916,51.991510765],[5.077855608,51.991500706],[5.077829161,51.991494449],[5.077815802,51.99149157],[5.077802267,51.991488904],[5.077788632,51.991486421],[5.077761164,51.991481823],[5.077719703,51.991475404],[5.077608816,51.991458887],[5.077567285,51.991452571],[5.077525898,51.991445936],[5.077497978,51.991441103],[5.077442344,51.991430963],[5.077247953,51.991394728],[5.077039554,51.991356097],[5.076998202,51.991347902],[5.076984563,51.991344962],[5.076971048,51.991341842],[5.076957708,51.991338475],[5.076944672,51.991334833],[5.076931807,51.991330947],[5.076919065,51.991326883],[5.076881275,51.991314069],[5.07663152,51.991225518],[5.076444025,51.991159338],[5.076406664,51.991146422],[5.076344473,51.991125204],[5.07625732,51.991095594],[5.076207397,51.991078822],[5.076169667,51.99106659],[5.076131118,51.991054845],[5.076092293,51.991043431],[5.075975519,51.991009554],[5.075936736,51.990998096],[5.075898326,51.990986197],[5.075872791,51.990977696],[5.075847482,51.990968931],[5.075809708,51.99095556],[5.075483063,51.990838804],[5.075382395,51.990803024],[5.074686372,51.990559699],[5.074636098,51.990541647],[5.074586556,51.990522917],[5.074205294,51.990374983],[5.07413161,51.990346245],[5.074046228,51.990312359],[5.07319357,51.989972393],[5.073157202,51.989957624],[5.073108895,51.989937664],[5.072458143,51.989666887],[5.072399036,51.989642806],[5.072188911,51.989558579],[5.071990827,51.989478653],[5.07192083,51.989450262],[5.071780353,51.989392899],[5.071721898,51.989368922],[5.071686816,51.989354326],[5.071569476,51.98930456],[5.071522704,51.989284525],[5.071488105,51.989269156],[5.071476801,51.989263871],[5.071465689,51.989258448],[5.071454844,51.989252834],[5.071444201,51.989246922],[5.071433831,51.989240815],[5.07141363,51.989228217],[5.071393847,51.98921532],[5.071325528,51.989169523],[5.07129602,51.989150075],[5.071275915,51.989137448],[5.071265604,51.989131337],[5.07125503,51.98912543],[5.071244094,51.989119806],[5.071232643,51.989114494],[5.071220826,51.989109469],[5.071208743,51.98910465],[5.071184059,51.989095417],[5.071146382,51.989082078],[5.071045273,51.989046999],[5.071007862,51.989033417],[5.070995609,51.989028706],[5.070983538,51.989023838],[5.070971719,51.989018756],[5.070960538,51.989013573],[5.070949596,51.989008187],[5.070938828,51.989002651],[5.07091764,51.988991287],[5.070886297,51.988973865],[5.070792697,51.988921219],[5.070771667,51.988909691],[5.070750348,51.988898375],[5.070728372,51.988887251],[5.070706104,51.988876341],[5.070593608,51.988822643],[5.070559999,51.988806436],[5.070537849,51.988795449],[5.070516141,51.988784151],[5.070494908,51.988772287],[5.070463811,51.988753957],[5.070382006,51.988704275],[5.070341619,51.988679165],[5.070322031,51.98866631],[5.070312561,51.988659722],[5.070303419,51.988652969],[5.070294555,51.988645918],[5.070286028,51.988638699],[5.070269637,51.988623928],[5.070253753,51.988608906],[5.070191462,51.988548201],[5.070167829,51.988525563],[5.070151632,51.98851068],[5.07014328,51.988503358],[5.070134673,51.988496155],[5.070125949,51.98848925],[5.070107831,51.988475753],[5.070089182,51.988462505],[5.070060766,51.988442842],[5.069965516,51.988377543],[5.069937216,51.988357806],[5.06991866,51.988344602],[5.069872673,51.988311379],[5.069781075,51.988244732],[5.069744732,51.988217922],[5.069717815,51.988197575],[5.069593431,51.988101995],[5.069540953,51.988061053],[5.069225545,51.98780949],[5.069174577,51.987768541],[5.069081538,51.987693255],[5.069064451,51.987679663],[5.069047084,51.987666232],[5.06902916,51.987653119],[5.06901985,51.987646762],[5.069010043,51.987640463],[5.068999972,51.987634316],[5.068979299,51.987622324],[5.068958207,51.987610569],[5.068883455,51.987569958],[5.068851831,51.987552366],[5.068831469,51.987540304],[5.068821711,51.987534075],[5.068812387,51.987527645],[5.068803655,51.98752094],[5.068795628,51.987513886],[5.068788194,51.987506556],[5.068781196,51.987499025],[5.068774511,51.987491347],[5.068768049,51.987483567],[5.068755542,51.987467813],[5.068706863,51.98740416],[5.068688004,51.987380515],[5.068674655,51.987365042],[5.068667558,51.987357463],[5.068660281,51.987350216],[5.06865271,51.98734308],[5.068636974,51.987329027],[5.068620772,51.987315149],[5.06848858,51.987204937],[5.068339456,51.987078743],[5.068314823,51.987057576],[5.068282204,51.987029157],[5.068160541,51.986922295],[5.068112783,51.986879299],[5.067986354,51.98676432],[5.06785805,51.986648013],[5.067826164,51.986618857],[5.067786184,51.986581608],[5.067706667,51.986506926],[5.067683182,51.98648439],[5.067667985,51.986469201],[5.067653538,51.986453731],[5.067639839,51.986437981],[5.067626545,51.986422086],[5.067600424,51.986390129],[5.06756802,51.986350099],[5.06754881,51.986326017],[5.067530263,51.986301749],[5.067518678,51.98628547],[5.06750749,51.986269078],[5.067485603,51.986236159],[5.067431365,51.986153728],[5.067409983,51.986120682],[5.067399581,51.986104032],[5.067384377,51.986078873],[5.06732458,51.985977998],[5.067308806,51.985953015],[5.067303211,51.985944783],[5.067297332,51.985936631],[5.06729116,51.985928639],[5.067284708,51.985920727],[5.067271249,51.985905061],[5.067250326,51.98588177],[5.067200739,51.985827641],[5.067179951,51.985804322],[5.067166762,51.985788599],[5.06716055,51.985780638],[5.067154724,51.985772576],[5.067149344,51.985764349],[5.067144352,51.985756022],[5.067139644,51.985747619],[5.067130776,51.98573067],[5.067122314,51.985713616],[5.067089197,51.985645197],[5.067076252,51.985619648],[5.067071729,51.985611176],[5.067062204,51.985594234],[5.067047277,51.985568954],[5.066792208,51.985148953],[5.066766546,51.985106989],[5.066750871,51.985082061],[5.066729662,51.985049384],[5.066665456,51.984951472],[5.066643547,51.984918999],[5.066631922,51.984902985],[5.066625757,51.984895094],[5.066619236,51.984887321],[5.066612336,51.984879748],[5.066605081,51.984872292],[5.066589865,51.984857612],[5.066574084,51.984843115],[5.066549911,51.984821523],[5.066501087,51.984778473],[5.066477188,51.98475685],[5.066462163,51.984742268],[5.066455206,51.984734875],[5.066448833,51.984727376],[5.066443267,51.984719732],[5.066438803,51.984711886],[5.066435659,51.984703733],[5.066433633,51.984695378],[5.066432421,51.984686874],[5.066431791,51.984678265],[5.066431574,51.98466958],[5.066431894,51.984652071],[5.066432733,51.984634467],[5.066436164,51.984581562],[5.066438687,51.984555188],[5.066439885,51.984546429],[5.066441389,51.984537694],[5.066443233,51.984529137],[5.066447738,51.984512086],[5.066452886,51.984495087],[5.066463957,51.984461153],[5.066501008,51.984350839],[5.066543302,51.984230376],[5.066552017,51.98420455],[5.066557214,51.984187304],[5.066559446,51.984178664],[5.066561301,51.984170008],[5.066562641,51.984161328],[5.066563353,51.984152573],[5.066563545,51.984143795],[5.066562899,51.984126191],[5.066560595,51.984099725],[5.066546902,51.983976087],[5.066531784,51.983834803],[5.066526524,51.983790684],[5.0665239,51.983773111],[5.06651931,51.983746853],[5.066492483,51.983606919],[5.066476596,51.983519009],[5.066473762,51.983501443],[5.06647153,51.983483922],[5.066470829,51.983475191],[5.066470567,51.983466491],[5.066470914,51.983457835],[5.066472095,51.98344924],[5.06647431,51.983440667],[5.066477373,51.983432155],[5.066481053,51.983423687],[5.066485181,51.983415251],[5.066494293,51.98339844],[5.066518883,51.983356544],[5.066528477,51.983339792],[5.066533002,51.983331411],[5.066537217,51.983323027],[5.066540988,51.983314636],[5.066544129,51.983306235],[5.066546395,51.983297823],[5.066547458,51.983289395],[5.066547053,51.98328092],[5.066545444,51.98327243],[5.066542957,51.983263928],[5.066539844,51.983255416],[5.066532436,51.983238377],[5.066519912,51.983212797],[5.066502458,51.983178701],[5.066489057,51.983153205],[5.066479716,51.983136314],[5.0664698,51.983119816],[5.066453921,51.983095691],[5.06643739,51.983071722],[5.06640392,51.98302389],[5.066387602,51.982999911],[5.066377366,51.98298382],[5.066372625,51.982975714],[5.066368265,51.982967547],[5.066364427,51.982959295],[5.066361119,51.982950644],[5.066358364,51.982941903],[5.06635601,51.982933098],[5.066353944,51.982924246],[5.06634872,51.982897535],[5.066337983,51.982834968],[5.066333019,51.98280819],[5.066329201,51.98279039],[5.066324591,51.982772715],[5.06631632,51.982746405],[5.066307337,51.982720167],[5.066270378,51.982615325],[5.066236233,51.982519355],[5.066217294,51.982467066],[5.066210577,51.982449705],[5.066203281,51.982432443],[5.066195062,51.982415223],[5.066186253,51.982398104],[5.06614463,51.982321405],[5.066131107,51.982295791],[5.066122722,51.982278626],[5.066118897,51.982269993],[5.066115442,51.982261306],[5.066112565,51.982252938],[5.066110031,51.982244522],[5.066105653,51.982227592],[5.066098229,51.982193545],[5.066075894,51.982082645],[5.066053843,51.981970008],[5.066046854,51.981935373],[5.066041006,51.981909458],[5.066038795,51.981900847],[5.066033869,51.981883799],[5.066022853,51.981849823],[5.065996758,51.981773513],[5.065987726,51.981748128],[5.065977921,51.981722867],[5.065970517,51.981706024],[5.065958607,51.981680886],[5.06592145,51.981605701],[5.065909278,51.981580607],[5.065901511,51.981563825],[5.065894342,51.981546951],[5.065891089,51.981538432],[5.065885124,51.98152131],[5.065876895,51.981495518],[5.065858593,51.981435195],[5.065848753,51.981400688],[5.065844559,51.981383398],[5.065842847,51.981374734],[5.06584152,51.981366051],[5.065840658,51.981357264],[5.065840191,51.981348457],[5.065840014,51.981339635],[5.065840232,51.981321961],[5.065840893,51.981304263],[5.065843569,51.981251131],[5.065844254,51.98122466],[5.065844109,51.981215889],[5.065843624,51.981207164],[5.065842663,51.981198508],[5.065841036,51.981189946],[5.065838501,51.981181511],[5.065834873,51.981173267],[5.065830341,51.981165151],[5.065825151,51.981157128],[5.065819488,51.981149173],[5.06581349,51.981141264],[5.065794387,51.981117694],[5.065741816,51.981055036],[5.065709782,51.981015553],[5.065671926,51.980967991],[5.065647024,51.980936203],[5.065634954,51.980920217],[5.06562351,51.980904081],[5.065618182,51.980895918],[5.065613215,51.980887679],[5.065604073,51.980871011],[5.06559144,51.980845747],[5.065563045,51.980786547],[5.065554458,51.980769773],[5.065549899,51.980761465],[5.065545061,51.980753237],[5.06553984,51.980745122],[5.065534091,51.980737162],[5.065527636,51.980729314],[5.065520645,51.980721623],[5.065513261,51.980714048],[5.065497726,51.98069912],[5.065473438,51.980677016],[5.065415887,51.9806257],[5.065399896,51.980610925],[5.065392158,51.980603472],[5.065384699,51.980595949],[5.065377635,51.980588328],[5.065371117,51.980580569],[5.065365352,51.980572622],[5.065360642,51.9805647],[5.065356643,51.9805566],[5.065353168,51.980548369],[5.065350073,51.980540043],[5.06534725,51.980531648],[5.065342117,51.980514732],[5.065321042,51.98043809],[5.065313418,51.98041264],[5.065307602,51.980395794],[5.065304299,51.980387434],[5.06530055,51.980378917],[5.0652965,51.980370449],[5.06528781,51.980353608],[5.065278667,51.980336839],[5.065245661,51.980278312],[5.065221627,51.980236615],[5.065211591,51.980220041],[5.065206363,51.980211806],[5.065195699,51.980195924],[5.065184591,51.980180152],[5.065133027,51.980109566],[5.065116056,51.980085996],[5.065105172,51.980070193],[5.065099982,51.980062239],[5.065095044,51.980054233],[5.06509045,51.980046157],[5.065086272,51.980037993],[5.065082437,51.980029759],[5.065075463,51.980013146],[5.065065942,51.979988031],[5.065044729,51.979929224],[5.065035025,51.979904166],[5.0650277,51.979887661],[5.065023558,51.979879523],[5.065018939,51.979871496],[5.065013523,51.979863294],[5.065007599,51.979855212],[5.065001304,51.979847217],[5.064988,51.979831396],[5.064974172,51.979815698],[5.064854237,51.979682831],[5.064530988,51.979323003],[5.06443975,51.979221259],[5.064355872,51.979127169],[5.064341596,51.979111636],[5.064326782,51.979096373],[5.06431901,51.979088926],[5.064310856,51.979081669],[5.06430218,51.979074675],[5.064292918,51.97906804],[5.064283138,51.979061665],[5.064272982,51.979055479],[5.064262556,51.979049428],[5.064241192,51.979037583],[5.064208544,51.97902012],[5.064055398,51.978939016],[5.063608174,51.97870088],[5.06356478,51.978677492],[5.063543393,51.978665596],[5.063532858,51.978659544],[5.063522637,51.978653503],[5.063502504,51.97864122],[5.063472719,51.978622524],[5.063246062,51.97847808],[5.063197028,51.978446541],[5.063167854,51.978427241],[5.06311967,51.978394623],[5.063052527,51.978348746],[5.062947237,51.978276424],[5.062927788,51.978263545],[5.062917893,51.978257263],[5.062907809,51.978251152],[5.062897461,51.978245283],[5.062886745,51.978239752],[5.062875522,51.978234687],[5.0628635,51.978230126],[5.06285096,51.978226043],[5.062838045,51.978222302],[5.06282486,51.978218806],[5.062811487,51.978215479],[5.062770757,51.978206058],[5.062729659,51.978197065],[5.062702179,51.978191354],[5.062688411,51.978188669],[5.062674609,51.978186169],[5.06266076,51.978183937],[5.062646843,51.978182079],[5.062632827,51.978180742],[5.06261893,51.978180049],[5.062604935,51.978179862],[5.062590871,51.978180044],[5.062576759,51.97818049],[5.062548443,51.978181882],[5.062520061,51.978183632],[5.062349643,51.978195085],[5.062051594,51.978214522],[5.062009006,51.978216913],[5.061980597,51.978218043],[5.061966383,51.97821835],[5.061952206,51.978218426],[5.061938023,51.978218313],[5.061909644,51.978217712],[5.061867057,51.978216317],[5.06172507,51.978211004],[5.061682461,51.978209847],[5.061654211,51.978209514],[5.061626118,51.978209555],[5.06159802,51.978209802],[5.061429401,51.978212173],[5.061373189,51.978212826],[5.061316634,51.978213186],[5.061175239,51.978213693],[5.06113283,51.978213967],[5.061090452,51.978214605],[5.061076339,51.978214983],[5.06104856,51.978216068],[5.060993064,51.978218984],[5.060854393,51.978227089],[5.060812768,51.978229129],[5.06078499,51.978230053],[5.060770789,51.978230301],[5.060742365,51.97823044],[5.060685473,51.978230018],[5.060543202,51.978228158],[5.060500546,51.97822734],[5.060472138,51.978226498],[5.060457903,51.978225925],[5.060429455,51.978224538],[5.060386814,51.978222135],[5.059974749,51.978197409],[5.059917941,51.978193885],[5.059875426,51.978190847],[5.059861294,51.978189664],[5.059833171,51.978186945],[5.059777102,51.978180736],[5.05937119,51.9781332],[5.05930126,51.978124845],[5.059273354,51.978121314],[5.059232543,51.978115773],[5.059042579,51.978088507],[5.059001822,51.978082814],[5.058974588,51.978079201],[5.058919793,51.97807259],[5.058768713,51.978055581],[5.058727588,51.978050756],[5.058700285,51.978047267],[5.058686698,51.978045368],[5.058673177,51.978043314],[5.058659647,51.978041058],[5.058632768,51.978036121],[5.058592688,51.978028141],[5.05849947,51.9780088],[5.058419665,51.977992043],[5.058393148,51.977986316],[5.058366838,51.977980413],[5.058327706,51.977971255],[5.058288679,51.97796192],[5.058132757,51.97792427],[5.058093876,51.977914707],[5.058053742,51.977904579],[5.05768005,51.97780867],[5.057640256,51.977798097],[5.05761404,51.977790666],[5.057601109,51.977786734],[5.057588326,51.977782605],[5.057563113,51.977773914],[5.057525768,51.977760302],[5.057068119,51.977588843],[5.056787922,51.9774843],[5.056751683,51.977470563],[5.056691644,51.977447418],[5.056583769,51.977405565],[5.056536021,51.977386781],[5.056500305,51.97737219],[5.056476364,51.977362027],[5.056440663,51.97734659],[5.055645658,51.976999679],[5.055598084,51.976979072],[5.055574147,51.976968907],[5.05553893,51.9769545],[5.0555039,51.976940656],[5.055303832,51.976862981],[5.055131459,51.976796975],[5.055094228,51.976783145],[5.05506915,51.976774255],[5.055018426,51.976757193],[5.054916288,51.976723823],[5.054877731,51.976711672],[5.054851731,51.976704002],[5.054838563,51.976700409],[5.054825309,51.976697053],[5.054811934,51.976693873],[5.054784941,51.976687865],[5.054744138,51.976679308],[5.054634979,51.976656986],[5.054580632,51.976645428],[5.054553673,51.976639331],[5.054513396,51.976629909],[5.054366113,51.976594686],[5.05432606,51.976584904],[5.054272627,51.976571451],[5.05387277,51.976469171],[5.053806266,51.97645194],[5.053766734,51.976441109],[5.053727798,51.976429475],[5.053689192,51.976417402],[5.053047756,51.976213532],[5.052803732,51.976136324],[5.052778185,51.97612807],[5.052752908,51.976119571],[5.052740452,51.976115155],[5.052728185,51.976110568],[5.052716177,51.976105744],[5.052704528,51.976100651],[5.052693138,51.976095324],[5.052681937,51.976089825],[5.052670869,51.976084205],[5.052648989,51.976072732],[5.052486757,51.975984982],[5.052237792,51.975850623],[5.052108126,51.975780294],[5.052086414,51.975768672],[5.05206448,51.975757269],[5.052053357,51.975751719],[5.052042068,51.975746332],[5.05203055,51.975741169],[5.052018718,51.975736316],[5.052006581,51.97573187],[5.051994133,51.97572773],[5.051981455,51.975723813],[5.051955652,51.975716421],[5.051929508,51.975709362],[5.051824112,51.975681925],[5.051784894,51.975671359],[5.051759234,51.975663871],[5.05174669,51.975659867],[5.051734439,51.975655597],[5.051722588,51.975650961],[5.051711072,51.975645811],[5.051699965,51.975640289],[5.051689157,51.975634495],[5.05167856,51.975628508],[5.051668113,51.975622384],[5.051647498,51.975609886],[5.051576122,51.975565424],[5.051545308,51.975546517],[5.051524451,51.975534132],[5.05151385,51.975528056],[5.051492158,51.975516166],[5.051447837,51.975493024],[5.05129124,51.975413033],[5.051150986,51.975340839],[5.051118422,51.975324373],[5.051096396,51.975313708],[5.051085197,51.975308557],[5.051073808,51.975303593],[5.051062159,51.975298884],[5.051050064,51.975294436],[5.051037704,51.975290247],[5.051012452,51.97528239],[5.050986782,51.975274941],[5.050882977,51.975246235],[5.050844468,51.975235156],[5.050831876,51.975231275],[5.050819504,51.975227226],[5.050807439,51.975222942],[5.050795798,51.975218331],[5.050784741,51.975213274],[5.050774337,51.975207643],[5.050764519,51.975201562],[5.05075513,51.975195153],[5.050746052,51.975188507],[5.050737191,51.975181693],[5.050711346,51.975160693],[5.050660509,51.97511803],[5.050643408,51.975103895],[5.05062601,51.975089931],[5.050608032,51.975076295],[5.050598678,51.975069681],[5.050589285,51.975063431],[5.050579641,51.975057322],[5.050559851,51.975045383],[5.050529502,51.975027846],[5.05047837,51.974998924],[5.050437201,51.974975994],[5.050416335,51.974964764],[5.050405751,51.974959278],[5.050395008,51.974953923],[5.050384051,51.974948746],[5.050372657,51.97494371],[5.050361043,51.974938858],[5.050337371,51.974929522],[5.050301278,51.974916006],[5.050204356,51.97488053],[5.050180348,51.974871477],[5.050156689,51.974862133],[5.050145084,51.974857276],[5.0501337,51.974852233],[5.050122696,51.974847019],[5.05011191,51.974841624],[5.050090777,51.974830468],[5.050049357,51.974807454],[5.049864686,51.974702867],[5.049572016,51.974537723],[5.049529206,51.974513362],[5.049508051,51.974501024],[5.049487298,51.974488437],[5.049477159,51.974482002],[5.04945725,51.974468899],[5.049427901,51.974448915],[5.04936972,51.974408616],[5.049350159,51.974395353],[5.049340253,51.974388843],[5.049330205,51.974382472],[5.049319952,51.974376302],[5.049309406,51.974370419],[5.04929845,51.974364938],[5.04928693,51.97436001],[5.049274929,51.974355825],[5.049262377,51.974352178],[5.049249423,51.974348926],[5.049236178,51.974345958],[5.049222725,51.974343194],[5.049195424,51.974338048],[5.049167835,51.974333177],[5.049098554,51.974321293],[5.049071014,51.974316401],[5.049043891,51.974311174],[5.049030626,51.974308324],[5.049017681,51.974305221],[5.049005183,51.974301763],[5.048993311,51.974297809],[5.048982292,51.974293178],[5.048972204,51.974287655],[5.048962986,51.974281443],[5.048954401,51.974274729],[5.048946268,51.974267658],[5.048938454,51.974260335],[5.048930858,51.974252838],[5.048916055,51.974237539],[5.04886522,51.974183202],[5.048843177,51.974160036],[5.048820516,51.974137139],[5.048805085,51.97412239],[5.048765403,51.974085969],[5.048693121,51.974020777],[5.048668516,51.97399931],[5.048651489,51.973985317],[5.048642626,51.973978499],[5.048633229,51.973971681],[5.048623565,51.973964999],[5.04861371,51.973958417],[5.048593626,51.97394544],[5.048563043,51.973926209],[5.048460547,51.973862381],[5.048400802,51.973824681],[5.048263599,51.973737315],[5.048234587,51.973718381],[5.048215661,51.973705531],[5.048196657,51.973691935],[5.048168804,51.973671186],[5.048068006,51.973594373],[5.048031137,51.973566548],[5.048004237,51.973546612],[5.047922948,51.9734871],[5.047896053,51.973467179],[5.047878466,51.973453752],[5.047869874,51.973446952],[5.047861488,51.973440065],[5.047853382,51.973433056],[5.047845426,51.973425721],[5.04783776,51.97341826],[5.047830309,51.973410708],[5.04781582,51.973395427],[5.047794603,51.973372284],[5.047717514,51.973287121],[5.047696216,51.973263993],[5.047681756,51.973248668],[5.047652847,51.973219252],[5.047593796,51.973160842],[5.047571916,51.973138882],[5.047557877,51.973124115],[5.047551189,51.973116652],[5.047544846,51.97310911],[5.047538979,51.973101456],[5.047533757,51.97309365],[5.047529284,51.973085596],[5.047525468,51.973077386],[5.047522134,51.973069065],[5.04751915,51.973060662],[5.047513862,51.973043695],[5.047509078,51.973026611],[5.047493113,51.972966634],[5.047488161,51.972949584],[5.047485466,51.972941108],[5.04748254,51.972932683],[5.047479294,51.972924328],[5.047475606,51.972916073],[5.047471318,51.972907949],[5.047466138,51.972899747],[5.047460326,51.972891685],[5.047454057,51.972883724],[5.047447461,51.972875836],[5.047433648,51.972860196],[5.047419398,51.972844653],[5.047318408,51.972736103],[5.047232706,51.972642734],[5.0472109,51.9726196],[5.047195697,51.972604536],[5.047187693,51.972597221],[5.047179271,51.97259013],[5.047170276,51.972583349],[5.047160892,51.972577142],[5.047150964,51.972571228],[5.047140634,51.972565529],[5.047130011,51.972559988],[5.047108196,51.972549209],[5.047074736,51.972533428],[5.046973328,51.972486588],[5.046951275,51.972475994],[5.046940534,51.972470593],[5.046930099,51.972465077],[5.046920106,51.972459399],[5.046910731,51.972453493],[5.046902207,51.972447272],[5.046894846,51.972440625],[5.046888848,51.972433395],[5.046884028,51.972425732],[5.046880072,51.972417752],[5.04687674,51.972409542],[5.046873852,51.972401169],[5.04686891,51.972384119],[5.046854077,51.97232352],[5.046849498,51.972306271],[5.046846981,51.972297697],[5.046844225,51.972289176],[5.046841143,51.972280725],[5.046837609,51.972272371],[5.046833465,51.972264149],[5.046828466,51.972255902],[5.046822833,51.972247789],[5.046816738,51.972239775],[5.046810309,51.972231833],[5.046803642,51.972223941],[5.046789868,51.972208253],[5.046747776,51.972161363],[5.046734405,51.972145613],[5.046728103,51.972137667],[5.046722202,51.972129646],[5.046716865,51.972121521],[5.046712298,51.972113251],[5.046708703,51.972104893],[5.046705866,51.972096394],[5.046703579,51.972087792],[5.04670169,51.972079117],[5.046698668,51.972061627],[5.046696188,51.972044035],[5.046687352,51.971973468],[5.046682648,51.971938209],[5.046678557,51.971911807],[5.046673637,51.971885785],[5.046657218,51.971807803],[5.04665338,51.971790505],[5.046649218,51.971773277],[5.046644327,51.971756205],[5.046641394,51.971747775],[5.046637959,51.97173945],[5.046633841,51.971731272],[5.04662889,51.971723272],[5.046623253,51.971715418],[5.046617115,51.971707672],[5.046610618,51.971700003],[5.046603862,51.971692389],[5.04658987,51.971677264],[5.04653225,51.971617112],[5.046503975,51.971586863],[5.046490429,51.97157155],[5.046483763,51.971563624],[5.046464552,51.971539591],[5.046439724,51.971507294],[5.046396786,51.971450618],[5.046378752,51.971426233],[5.046367166,51.971409861],[5.046356672,51.971394142],[5.046346538,51.971378327],[5.046307007,51.971314809],[5.046291882,51.971291073],[5.046281352,51.971275374],[5.046270013,51.971259733],[5.046257856,51.971244153],[5.0462453,51.971228685],[5.046187571,51.971159403],[5.046162199,51.971128512],[5.04613735,51.971096883],[5.046094801,51.971040901],[5.046082465,51.971024999],[5.046069677,51.971009313],[5.046062966,51.971001622],[5.046055921,51.970994089],[5.046048411,51.970986779],[5.046040264,51.970979772],[5.04603144,51.970973207],[5.04602199,51.970966939],[5.046012082,51.970960891],[5.046001841,51.970955002],[5.045980725,51.970943525],[5.045959146,51.970932272],[5.045882928,51.970893197],[5.045850809,51.970876126],[5.045830065,51.970864345],[5.045820056,51.970858236],[5.045810552,51.970852057],[5.04579224,51.970839277],[5.045774491,51.970826161],[5.045757024,51.970812874],[5.045670551,51.970745925],[5.045635793,51.970719232],[5.04550017,51.97061719],[5.045464496,51.970589748],[5.045447075,51.970575701],[5.045429968,51.970561377],[5.045337684,51.970481741],[5.045320633,51.970467401],[5.045303136,51.970453291],[5.045294101,51.970446382],[5.045275174,51.970432834],[5.045255617,51.970419606],[5.045235748,51.970406539],[5.045145378,51.970348226],[5.045115069,51.970328901],[5.04509512,51.970316401],[5.045045834,51.970286143],[5.044966615,51.970237952],[5.044936687,51.970220037],[5.044916457,51.970208292],[5.044895756,51.970196882],[5.04488491,51.970191252],[5.044862771,51.970180312],[5.044817569,51.970159077],[5.044726267,51.970117214],[5.044692609,51.970101232],[5.044681699,51.970095752],[5.044671064,51.970090137],[5.044660823,51.97008433],[5.044651122,51.970078258],[5.044642163,51.970071824],[5.044634007,51.970064857],[5.044626611,51.97005752],[5.044619769,51.970049912],[5.044613323,51.970042108],[5.044607163,51.970034166],[5.04459537,51.970018023],[5.044561321,51.969968943],[5.044543805,51.969944639],[5.044537656,51.969936686],[5.044531233,51.969928866],[5.044524423,51.969921232],[5.044517073,51.969913855],[5.044508988,51.969906834],[5.04450013,51.969900326],[5.044490555,51.969894164],[5.044480453,51.969888254],[5.044469971,51.969882528],[5.04445922,51.969876931],[5.044426061,51.969860575],[5.044358641,51.969828386],[5.04432517,51.969812128],[5.044303215,51.96980105],[5.044292435,51.969795379],[5.044281848,51.969789576],[5.044271362,51.969783534],[5.044250922,51.969771085],[5.044230889,51.969758355],[5.044151642,51.969706723],[5.04412217,51.969687264],[5.044103033,51.96967414],[5.044093807,51.969667477],[5.044084954,51.969660702],[5.044076632,51.969653768],[5.044069049,51.969646613],[5.044062483,51.969639153],[5.044057189,51.969631371],[5.044052902,51.969623287],[5.044049355,51.969614981],[5.044046342,51.969606513],[5.044041346,51.969589267],[5.044037112,51.969571788],[5.044025479,51.969519029],[5.04402113,51.969501636],[5.044018639,51.969493067],[5.044015802,51.96948464],[5.044012466,51.969476415],[5.044008434,51.969468474],[5.04400343,51.96946093],[5.043997101,51.969453927],[5.043989176,51.969447597],[5.043979932,51.969441806],[5.043969723,51.96943641],[5.043958818,51.969431299],[5.043947419,51.96942639],[5.043923703,51.969416952],[5.043899345,51.96940778],[5.043837837,51.969385092],[5.043801418,51.969371185],[5.043789533,51.969366393],[5.043777865,51.969361464],[5.043766503,51.969356344],[5.043755557,51.969350959],[5.043745177,51.969345214],[5.04373534,51.969338931],[5.043726082,51.969332279],[5.043717245,51.969325359],[5.043708711,51.969318248],[5.043700387,51.969311002],[5.043676112,51.969288822],[5.04359667,51.969213986],[5.043573051,51.969191469],[5.043550225,51.969169046],[5.043520565,51.969139114],[5.043439483,51.969056626],[5.043417135,51.96903422],[5.04340207,51.969019439],[5.043379227,51.968997501],[5.043348473,51.968968359],[5.043255595,51.968881115],[5.043232896,51.968859175],[5.043218585,51.968844346],[5.043211916,51.968836813],[5.043205745,51.968829158],[5.043200255,51.968821336],[5.043195636,51.968813398],[5.043191683,51.968805297],[5.043188222,51.968797075],[5.043185112,51.968788767],[5.043179569,51.968771983],[5.043174515,51.968755078],[5.043160218,51.968704168],[5.043153526,51.968678692],[5.043149643,51.968661686],[5.043148039,51.968653167],[5.043146776,51.968644634],[5.043145901,51.968635749],[5.043145393,51.968626846],[5.043145096,51.968609007],[5.043145592,51.968582208],[5.04314795,51.968510697],[5.04314809,51.968483922],[5.043147237,51.968466119],[5.043146282,51.968457245],[5.043144885,51.968448554],[5.043143112,51.968439882],[5.043138822,51.968422575],[5.043133959,51.968405298],[5.043107934,51.968318958],[5.0430981,51.96828432],[5.043089563,51.968250333],[5.043075556,51.96819072],[5.043071086,51.96817389],[5.043068547,51.9681656],[5.043065672,51.968157447],[5.043062319,51.968149489],[5.043058297,51.968141805],[5.04305335,51.968134499],[5.043047151,51.968127705],[5.043039387,51.968121501],[5.043030356,51.968115815],[5.043020394,51.968110509],[5.043009758,51.968105481],[5.042998636,51.968100651],[5.042987178,51.96809596],[5.042963638,51.968086836],[5.042867435,51.96805119],[5.042831847,51.96803752],[5.042808795,51.96802798],[5.042797646,51.968022967],[5.042786874,51.968017709],[5.042776614,51.968012118],[5.042766998,51.96800614],[5.042757887,51.967999833],[5.042749148,51.967993282],[5.042740679,51.967986556],[5.042724249,51.967972768],[5.042692305,51.967944595],[5.042660899,51.967916163],[5.042645616,51.967901823],[5.042631056,51.967887271],[5.042624243,51.967879855],[5.042617902,51.967872297],[5.04261199,51.967864364],[5.042606569,51.967856282],[5.042601509,51.967848091],[5.04259671,51.967839823],[5.042587603,51.967823138],[5.042544271,51.967739053],[5.042535119,51.967722365],[5.042525258,51.967705866],[5.042519879,51.967697734],[5.04251399,51.967689555],[5.042501297,51.96767344],[5.042487895,51.967657511],[5.042460276,51.967625864],[5.042432323,51.967594315],[5.042411012,51.967570798],[5.042396291,51.967555339],[5.042388626,51.967547737],[5.042380649,51.967540266],[5.042372471,51.967533108],[5.042363991,51.967526077],[5.042346425,51.967512267],[5.042319266,51.967491891],[5.042255079,51.967444693],[5.042237121,51.967431081],[5.042228364,51.9674242],[5.042219847,51.967417238],[5.042211668,51.967410163],[5.042203957,51.96740293],[5.042196887,51.967395482],[5.042190549,51.967387706],[5.042184858,51.967379712],[5.04217964,51.967371559],[5.042170123,51.967354945],[5.042156992,51.96732964],[5.04212321,51.967261736],[5.042101661,51.967219548],[5.042079627,51.967178066],[5.042039513,51.9671035],[5.042025801,51.967078726],[5.042016255,51.967062307],[5.042006131,51.967046161],[5.04198995,51.967022383],[5.041973202,51.966998738],[5.041939275,51.96695155],[5.041922044,51.96692805],[5.041910182,51.966912515],[5.041897651,51.966897217],[5.041890965,51.966889716],[5.041883901,51.966882349],[5.041868931,51.966867911],[5.041853292,51.966853709],[5.041829271,51.966832603],[5.041780695,51.966790586],[5.041756214,51.966769672],[5.04173122,51.966749014],[5.041713551,51.966735309],[5.041685486,51.966714874],[5.041647287,51.966688013],[5.041522327,51.966601073],[5.041406425,51.966520942],[5.041387739,51.966507416],[5.041378761,51.966500554],[5.041370182,51.966493585],[5.041362168,51.966486463],[5.041354947,51.966479129],[5.041348816,51.9664715],[5.041344066,51.966463606],[5.041340387,51.966455424],[5.041337493,51.96644703],[5.041335164,51.966438484],[5.041333238,51.966429828],[5.041331596,51.966421095],[5.041328831,51.966403487],[5.041321667,51.966350361],[5.041318829,51.9663328],[5.041317105,51.966324119],[5.041315045,51.966315548],[5.041312508,51.966307134],[5.041309297,51.966298942],[5.041305152,51.966291057],[5.04129973,51.966283592],[5.041292956,51.96627682],[5.041284964,51.96627045],[5.041276075,51.966264376],[5.041266533,51.966258517],[5.041256525,51.966252813],[5.041246188,51.966247217],[5.041224911,51.966236226],[5.04114872,51.966198328],[5.041127144,51.966187399],[5.041105959,51.966176271],[5.041095618,51.966170577],[5.041085529,51.966164748],[5.041075788,51.966158737],[5.041066517,51.966152478],[5.041057773,51.966145891],[5.041049499,51.966139056],[5.041041568,51.966132038],[5.04102638,51.966117645],[5.041011693,51.966102982],[5.040997234,51.966088199],[5.040968561,51.966058512],[5.040947317,51.966036172],[5.040933531,51.966021172],[5.040926865,51.966013607],[5.040920431,51.966005975],[5.040914318,51.965998251],[5.040908622,51.965990455],[5.040903244,51.965982566],[5.04089313,51.965966601],[5.040878828,51.9659424],[5.040846351,51.965885679],[5.040836731,51.965869595],[5.040831724,51.965861621],[5.04082651,51.965853721],[5.040821006,51.965845923],[5.040815104,51.965838265],[5.040808661,51.965830796],[5.040801323,51.965823325],[5.040793415,51.965816055],[5.040785093,51.96580893],[5.040767642,51.965794966],[5.040740455,51.965774373],[5.04067606,51.965726652],[5.040639513,51.965699257],[5.040603455,51.965671618],[5.04051373,51.965602257],[5.040496087,51.965588295],[5.040479032,51.965574166],[5.040470915,51.965566985],[5.040463231,51.965559681],[5.040456147,51.965552206],[5.04044989,51.965544497],[5.040444633,51.965536494],[5.040440206,51.965528256],[5.040436386,51.965519844],[5.040433005,51.965511308],[5.040429936,51.965502682],[5.040424377,51.965485265],[5.040411392,51.965441486],[5.040405618,51.965424201],[5.040402335,51.965415708],[5.040398625,51.965407375],[5.040394312,51.965399271],[5.04038916,51.965391482],[5.04038286,51.965384128],[5.040375466,51.965377548],[5.040366999,51.965371374],[5.040357736,51.965365501],[5.040347894,51.965359846],[5.040337637,51.965354349],[5.040316339,51.965343653],[5.040239447,51.965307059],[5.040217789,51.965296404],[5.040207161,51.965290961],[5.040196734,51.965285399],[5.040186583,51.965279675],[5.0401768,51.965273734],[5.040167085,51.965267273],[5.040157761,51.965260579],[5.040139892,51.965246732],[5.040122618,51.965232534],[5.040105626,51.965218172],[5.04001293,51.965138741],[5.039724794,51.964892607],[5.039707458,51.964878194],[5.039689597,51.964864121],[5.039680308,51.964857321],[5.039670646,51.964850769],[5.03966047,51.964844558],[5.039650112,51.964838997],[5.039639274,51.964833755],[5.039628086,51.964828744],[5.039605015,51.964819179],[5.03956951,51.96480545],[5.039533518,51.964792249],[5.039509268,51.964783991],[5.039497013,51.964780176],[5.039484622,51.96477669],[5.039472048,51.964773658],[5.039459218,51.964771244],[5.039446294,51.964769604],[5.03943312,51.964768567],[5.039419766,51.964767975],[5.03940628,51.964767708],[5.0393927,51.964767674],[5.039365369,51.964768058],[5.039324195,51.964769268],[5.039296754,51.964770388],[5.039269399,51.964771878],[5.039255777,51.964772847],[5.039242214,51.964774037],[5.039228616,51.964775503],[5.039215073,51.964777191],[5.039188106,51.964780997],[5.039134378,51.964789222],[5.039107518,51.964793117],[5.039094068,51.964794872],[5.039080596,51.964796419],[5.039067089,51.964797678],[5.039053538,51.964798547],[5.039039549,51.964798946],[5.039025512,51.964798933],[5.03901144,51.964798619],[5.038997343,51.964798089],[5.038969098,51.964796611],[5.038940818,51.964794832],[5.038756794,51.964782129],[5.038614954,51.964772051],[5.038586653,51.964770292],[5.038572563,51.964769586],[5.038558546,51.964769075],[5.038544637,51.964768848],[5.038530885,51.964769023],[5.038517355,51.964769759],[5.03850413,51.964771265],[5.038491404,51.964773685],[5.038478983,51.964776865],[5.038466792,51.964780603],[5.038454774,51.964784749],[5.038442897,51.964789191],[5.038431147,51.964793851],[5.038408067,51.964803648],[5.038396813,51.964808754],[5.038385843,51.964814011],[5.03837527,51.964819455],[5.03836525,51.964825147],[5.03835599,51.964831171],[5.038347767,51.964837644],[5.038340601,51.964844895],[5.038334528,51.964852618],[5.038329251,51.964860681],[5.03832454,51.964868986],[5.03832023,51.964877458],[5.038316197,51.964886046],[5.038308626,51.964903424],[5.038286979,51.964955954],[5.03827945,51.964973335],[5.038271258,51.964990464],[5.038266707,51.96499886],[5.038261678,51.965007079],[5.038255988,51.965015051],[5.038249385,51.965022685],[5.038241885,51.965029725],[5.038233514,51.965036443],[5.038224509,51.965042925],[5.038215046,51.965049239],[5.038205259,51.965055435],[5.038185085,51.965067607],[5.038060968,51.965139608],[5.038040205,51.965151503],[5.038019195,51.965163148],[5.03800851,51.965168793],[5.037997634,51.965174252],[5.03798649,51.96517945],[5.037974979,51.965184292],[5.037962901,51.96518874],[5.03795045,51.965192825],[5.037937725,51.965196646],[5.037911747,51.965203775],[5.03788538,51.965210528],[5.037686087,51.965259771],[5.037646205,51.965269503],[5.037619493,51.965275717],[5.037606062,51.965278656],[5.037592552,51.965281421],[5.037578933,51.965283948],[5.037565212,51.965286181],[5.037537474,51.965289997],[5.037495472,51.965294855],[5.037270322,51.965318255],[5.037213999,51.965323926],[5.037185586,51.965326588],[5.037142597,51.96533034],[5.036956151,51.965345933],[5.036927539,51.965348578],[5.036899026,51.965351553],[5.036871564,51.965354904],[5.036844194,51.965358569],[5.036803223,51.965364343],[5.036748672,51.965372271],[5.036694291,51.96538058],[5.036667287,51.965385131],[5.036653777,51.965387605],[5.036626891,51.965392844],[5.036600112,51.965398312],[5.036493301,51.965420831],[5.036426717,51.965435197],[5.03638689,51.965444337],[5.036333807,51.965457403],[5.036122349,51.965510834],[5.035912347,51.965562649],[5.035872838,51.965572178],[5.035832916,51.965581466],[5.035792701,51.965590522],[5.035698606,51.965611363],[5.035671907,51.965617486],[5.035645622,51.965623975],[5.035632774,51.965627475],[5.035620238,51.965631245],[5.03560814,51.96563539],[5.035596643,51.965640051],[5.035585831,51.965645367],[5.035575624,51.965651204],[5.035565857,51.965657419],[5.035556405,51.965663906],[5.035547175,51.965670587],[5.035538109,51.965677406],[5.035520331,51.965691311],[5.035503021,51.965705468],[5.035494622,51.96571264],[5.035486491,51.965719893],[5.035478742,51.965727258],[5.035471533,51.965734774],[5.035465077,51.965742497],[5.035459701,51.965750252],[5.035455113,51.965758205],[5.035451189,51.965766299],[5.035447872,51.965774493],[5.035445162,51.965782756],[5.035443128,51.965791062],[5.035441901,51.96579939],[5.035441694,51.965807725],[5.035442662,51.965815961],[5.035444596,51.965824187],[5.035447257,51.965832399],[5.035450472,51.965840595],[5.035454122,51.965848769],[5.035458128,51.965856914],[5.035462456,51.965865023],[5.035467104,51.96587308],[5.035472104,51.965881071],[5.035477516,51.965888971],[5.035483259,51.965896596],[5.035489347,51.965904138],[5.035514928,51.965933917],[5.035521097,51.96594134],[5.035526916,51.965948774],[5.035532203,51.965956226],[5.035536727,51.965963699],[5.035540184,51.965971196],[5.035542188,51.965978713],[5.035542428,51.965986003],[5.035541199,51.965993241],[5.035538756,51.966000352],[5.035535263,51.966007246],[5.035530789,51.966013807],[5.035525323,51.966019895],[5.035518767,51.966025326],[5.035510937,51.966029871],[5.035501315,51.966033455],[5.035490451,51.966036084],[5.03547868,51.966037995],[5.035466254,51.966039369],[5.035453369,51.966040339],[5.035440166,51.966040998],[5.035426753,51.966041406],[5.035413206,51.966041595],[5.03539958,51.966041574],[5.035385919,51.966041329],[5.035371309,51.966040803],[5.035342122,51.966039189],[5.035283991,51.966035019],[5.035168581,51.966026147],[5.035139985,51.966023618],[5.035125783,51.966022171],[5.035111678,51.96602053],[5.035097711,51.966018613],[5.035083927,51.966016317],[5.035070877,51.966013667],[5.035057998,51.966010658],[5.035045248,51.966007387],[5.035032592,51.966003925],[5.034994947,51.965992868],[5.034907473,51.965966203],[5.034882243,51.965958945],[5.034869513,51.965955499],[5.034856668,51.965952237],[5.034843272,51.965949109],[5.034829753,51.965946184],[5.034816139,51.96594342],[5.034788712,51.965938284],[5.03476108,51.965933676],[5.034747184,51.965931629],[5.034733224,51.965929822],[5.034719184,51.965928335],[5.034705436,51.965927257],[5.034691613,51.965926477],[5.034677736,51.965925913],[5.034649876,51.965925201],[5.034593949,51.965924495],[5.034496029,51.965923756],[5.03446822,51.965923897],[5.0344544,51.965924166],[5.034440673,51.965924646],[5.034427072,51.965925426],[5.034413647,51.965926621],[5.034400457,51.965928378],[5.034387085,51.96593092],[5.034373963,51.965934059],[5.034361016,51.965937625],[5.03434819,51.96594149],[5.034335439,51.965945553],[5.034284513,51.96596241],[5.034271646,51.965966506],[5.034258603,51.965970485],[5.034232253,51.96597812],[5.03417903,51.965992718],[5.034072122,51.966021297],[5.034018597,51.966035411],[5.033991714,51.966042174],[5.033978202,51.966045381],[5.033964613,51.9660484],[5.033950918,51.966051159],[5.033937074,51.966053555],[5.033923523,51.96605545],[5.033909831,51.966057005],[5.033896038,51.96605831],[5.03386825,51.966060437],[5.033826311,51.96606303],[5.033728193,51.966068475],[5.033686176,51.966070549],[5.033658213,51.966071531],[5.033644259,51.96607178],[5.033630333,51.96607178],[5.033616441,51.966071437],[5.03360239,51.966070665],[5.033588378,51.966069542],[5.033574392,51.966068164],[5.033560425,51.966066603],[5.033532527,51.966063132],[5.033490724,51.96605751],[5.033309679,51.966032496],[5.033240571,51.966022438],[5.033171826,51.966011948],[5.033061855,51.9659949],[5.033034371,51.965990859],[5.033020635,51.96598898],[5.033006908,51.96598726],[5.032993193,51.965985768],[5.032979492,51.965984597],[5.032965815,51.965983876],[5.03295217,51.965983767],[5.032938411,51.965984414],[5.032924686,51.965985685],[5.032910984,51.96598741],[5.032897297,51.965989462],[5.032869959,51.965994187],[5.032829013,51.966002053],[5.032788197,51.96601036],[5.032761166,51.966016183],[5.032734445,51.966022465],[5.032708764,51.966029277],[5.032670754,51.966040256],[5.032557387,51.966074447],[5.032403957,51.966120288],[5.032352728,51.966135421],[5.032326977,51.966142727],[5.032300989,51.966149575],[5.03228784,51.9661527],[5.032274534,51.966155522],[5.032260856,51.966158008],[5.032247018,51.966160186],[5.032219025,51.966163938],[5.032190793,51.966167236],[5.032148258,51.96617184],[5.032091456,51.966177728],[5.032063052,51.966180481],[5.032034644,51.966182871],[5.032020438,51.966183817],[5.032006226,51.966184504],[5.031992007,51.966184833],[5.031977914,51.966184728],[5.031963813,51.966184269],[5.031949707,51.966183552],[5.031921484,51.966181615],[5.031879138,51.966178067],[5.031737976,51.966165316],[5.031695642,51.966161993],[5.031681538,51.966161107],[5.031667439,51.966160413],[5.031653346,51.966159986],[5.031639266,51.966159921],[5.031625469,51.96616029],[5.031611683,51.966161008],[5.031597904,51.966161987],[5.031570361,51.966164456],[5.031529065,51.966168827],[5.031418968,51.966181241],[5.031377661,51.966185445],[5.031350093,51.966187668],[5.031336294,51.966188455],[5.031322479,51.966188919],[5.031308189,51.966188986],[5.031293883,51.966188713],[5.031265237,51.966187493],[5.031222226,51.966184794],[5.031035744,51.96617136],[5.030834833,51.966157374],[5.030791947,51.966153992],[5.030763589,51.966151184],[5.030749544,51.96614946],[5.030735636,51.966147411],[5.030722207,51.966145027],[5.030708908,51.96614233],[5.030695706,51.966139403],[5.030682575,51.966136309],[5.030656446,51.966129798],[5.030565384,51.966106142],[5.030539243,51.966099778],[5.030526099,51.966096821],[5.030512878,51.9660941],[5.030499552,51.966091703],[5.030486083,51.966089747],[5.03047263,51.966088343],[5.030459037,51.966087369],[5.030445341,51.966086714],[5.030417746,51.966086029],[5.030376094,51.966085811],[5.030264708,51.966086142],[5.030222982,51.966085925],[5.030195213,51.966085382],[5.030181352,51.966084897],[5.030153519,51.966083386],[5.03012574,51.966081405],[5.03009799,51.966079179],[5.029903854,51.96606253],[5.029876089,51.966060308],[5.029834652,51.96605724],[5.029613423,51.966042028],[5.029315333,51.966022118],[5.029089298,51.966006513],[5.028990289,51.965999384],[5.028791575,51.965984102],[5.028720324,51.965978816],[5.028431742,51.965959056],[5.028280121,51.965948333],[5.028252573,51.965946486],[5.028225076,51.965944899],[5.028211365,51.965944288],[5.028197692,51.965943872],[5.028184073,51.965943728],[5.028170529,51.96594396],[5.028157086,51.9659447],[5.028143514,51.965946088],[5.028130044,51.965948004],[5.028116652,51.965950306],[5.028103316,51.965952891],[5.028076748,51.965958607],[5.028050255,51.965964737],[5.027970887,51.965983796],[5.027944441,51.965989976],[5.027918011,51.965995718],[5.02790481,51.965998282],[5.027891623,51.966000518],[5.027878461,51.966002293],[5.027865328,51.966003434],[5.027852239,51.966003708],[5.027838953,51.966002905],[5.027825712,51.966001207],[5.027812502,51.965998857],[5.027799318,51.965996037],[5.02778615,51.965992885],[5.027772995,51.965989501],[5.02774671,51.965982316],[5.027654746,51.965956162],[5.027628386,51.965949101],[5.027615158,51.965945806],[5.027601877,51.965942761],[5.027588522,51.965940065],[5.027575064,51.965937855],[5.027561462,51.965936308],[5.027547675,51.96593557],[5.027533746,51.965935497],[5.027519713,51.965935908],[5.027505605,51.965936668],[5.027491445,51.965937673],[5.02746303,51.965940139],[5.027363276,51.965950129],[5.027320499,51.965954062],[5.027291965,51.965956124],[5.027277689,51.965956838],[5.027263402,51.965957234],[5.027249443,51.965957246],[5.027235473,51.965956955],[5.027221495,51.965956443],[5.027193516,51.965954991],[5.027151521,51.965952274],[5.027095605,51.965948187],[5.02706784,51.965945818],[5.027054075,51.965944451],[5.027040435,51.965942887],[5.027026971,51.965941046],[5.027013752,51.965938818],[5.027000866,51.965936065],[5.026988209,51.965932617],[5.026975895,51.965928628],[5.026963829,51.965924244],[5.026951945,51.965919572],[5.026928521,51.965909681],[5.026893818,51.965894157],[5.02681322,51.965857329],[5.026790048,51.965847094],[5.026778377,51.96584215],[5.026766615,51.965837395],[5.026754719,51.96583291],[5.026742637,51.965828807],[5.026730296,51.965825233],[5.026717602,51.965822384],[5.02670466,51.965820437],[5.026691372,51.965819198],[5.026677831,51.965818477],[5.026664109,51.965818131],[5.026650257,51.965818051],[5.026636314,51.965818156],[5.026608267,51.965818704],[5.026523734,51.965821094],[5.026481473,51.965822093],[5.026453316,51.965822487],[5.026425006,51.965822471],[5.026382312,51.965821745],[5.026339631,51.965820648],[5.026240069,51.96581774],[5.026183234,51.965815756],[5.026154879,51.965814406],[5.026140735,51.965813549],[5.026126596,51.965812524],[5.02609838,51.965810106],[5.026056145,51.965805979],[5.025929559,51.965792895],[5.025901395,51.965790177],[5.025873182,51.965787745],[5.025845079,51.965785838],[5.025817088,51.965784451],[5.025775019,51.96578284],[5.025718873,51.965781008],[5.02555021,51.965775725],[5.025350991,51.965769782],[5.025279831,51.965767834],[5.025222811,51.965766591],[5.025051718,51.965763347],[5.024980133,51.965762288],[5.024805537,51.965761082],[5.024761897,51.965760967],[5.024732818,51.965761102],[5.024703766,51.965761611],[5.024689323,51.965762081],[5.024660461,51.965763363],[5.024617201,51.965765743],[5.024473044,51.965774337],[5.024444193,51.965775819],[5.024415314,51.965776979],[5.02438653,51.96577766],[5.024357718,51.965778022],[5.024170312,51.965778841],[5.024113218,51.965779457],[5.024057813,51.965780561],[5.02393317,51.965783493],[5.023877785,51.965784932],[5.023835655,51.965786271],[5.023763453,51.965789122],[5.023590219,51.965796512],[5.023518619,51.965799943],[5.023347718,51.965808789],[5.023304975,51.965810646],[5.023276457,51.965811475],[5.023247827,51.965811771],[5.023204849,51.965811602],[5.023104524,51.965810397],[5.023004195,51.965808952],[5.022975536,51.965808394],[5.022933489,51.965807318],[5.022807347,51.965803368],[5.022765342,51.965802212],[5.022737412,51.965801783],[5.022723491,51.965801777],[5.022709619,51.965801987],[5.022695812,51.965802498],[5.022682096,51.965803417],[5.022668165,51.965804869],[5.022654327,51.965806748],[5.022640557,51.965808939],[5.022626837,51.965811355],[5.022599486,51.965816621],[5.022572203,51.965822211],[5.022490446,51.965839426],[5.022463187,51.965844918],[5.022449551,51.965847501],[5.02243591,51.965849902],[5.02242226,51.965852044],[5.022408598,51.96585382],[5.02239492,51.965855085],[5.022381223,51.965855653],[5.022367553,51.965855373],[5.022353862,51.965854399],[5.022340157,51.965852917],[5.022326441,51.965851068],[5.022312717,51.965848959],[5.022285254,51.965844249],[5.022202828,51.965828891],[5.022175358,51.965823968],[5.022161626,51.965821671],[5.022147897,51.965819552],[5.022134174,51.96581769],[5.022120459,51.965816188],[5.022106753,51.965815184],[5.022093062,51.965814861],[5.022079332,51.965815369],[5.022065613,51.965816563],[5.022051907,51.965818257],[5.02203821,51.965820308],[5.022024516,51.965822615],[5.021997142,51.965827699],[5.021901341,51.965846868],[5.021860165,51.965854701],[5.021832559,51.96585935],[5.021818666,51.965861356],[5.021804684,51.965863043],[5.02179118,51.965864299],[5.021777595,51.965865261],[5.021750252,51.965866586],[5.021722774,51.965867443],[5.021653965,51.965869107],[5.021626597,51.965870137],[5.021613012,51.965870889],[5.021599531,51.965871886],[5.021586195,51.965873224],[5.021573056,51.965875024],[5.021559499,51.96587752],[5.021546164,51.965880526],[5.021532998,51.965883907],[5.021519964,51.96588757],[5.021507043,51.965891446],[5.021494228,51.965895493],[5.021468969,51.965904051],[5.021456586,51.965908582],[5.021444442,51.96591333],[5.021432619,51.965918363],[5.021421125,51.965923761],[5.02140995,51.965929434],[5.021388221,51.96594131],[5.02136695,51.965953572],[5.021314442,51.965984752],[5.021272829,51.96600991],[5.021252428,51.966022699],[5.021242449,51.966029215],[5.021232699,51.966035854],[5.021214553,51.966049133],[5.021197059,51.966062768],[5.021171398,51.966083536],[5.021120562,51.966125333],[5.021094808,51.966146034],[5.021077143,51.966159551],[5.021068033,51.966166148],[5.021058643,51.966172585],[5.021048861,51.966178859],[5.021038799,51.966184971],[5.021018115,51.966196873],[5.020997001,51.966208527],[5.020964987,51.966225811],[5.020836268,51.966294538],[5.020676589,51.966377779],[5.020645198,51.966394746],[5.02062494,51.966406455],[5.02061518,51.966412528],[5.02060557,51.966418916],[5.020596237,51.96642547],[5.020578127,51.966438906],[5.020551693,51.966459494],[5.020490819,51.966508011],[5.020464512,51.966528685],[5.020446648,51.966542287],[5.020428239,51.96655559],[5.020408905,51.966568525],[5.020378969,51.966587413],[5.020328231,51.96661843],[5.020226316,51.966680209],[5.020176003,51.966710143],[5.020025241,51.966799031],[5.019975168,51.966828912],[5.019855275,51.966900887],[5.019835151,51.96691278],[5.019814814,51.966924523],[5.019794072,51.966935977],[5.019783083,51.966941737],[5.019760715,51.96695298],[5.019726636,51.966969468],[5.019623736,51.96701846],[5.019589936,51.967035155],[5.019568183,51.967046546],[5.019536703,51.967064009],[5.019495313,51.967087719],[5.019227161,51.967242459],[5.019206665,51.967254405],[5.019186547,51.9672665],[5.019176762,51.967272653],[5.019167268,51.96727892],[5.019158188,51.967285348],[5.019149679,51.967291999],[5.019141949,51.967298953],[5.019135231,51.967306202],[5.019129281,51.96731375],[5.019123898,51.967321519],[5.019118926,51.967329448],[5.019109786,51.967345621],[5.019097096,51.967370283],[5.019068409,51.967428189],[5.019059807,51.96744455],[5.019055269,51.967452623],[5.019050478,51.96746058],[5.019045326,51.967468372],[5.019039669,51.967475933],[5.019033322,51.967483176],[5.019026033,51.967489989],[5.019017502,51.96749635],[5.019008012,51.96750227],[5.018997819,51.967507869],[5.018987121,51.967513234],[5.01897606,51.967518434],[5.018964749,51.967523519],[5.018941669,51.967533476],[5.018871366,51.967562863],[5.018836423,51.967577705],[5.018813475,51.967587837],[5.01880219,51.967593038],[5.018791094,51.967598372],[5.018780251,51.96760389],[5.018769493,51.967609752],[5.018758996,51.967615804],[5.018748692,51.967621993],[5.018728459,51.967634641],[5.018698595,51.967653964],[5.018619582,51.967705943],[5.018589647,51.967725179],[5.018569215,51.967737605],[5.018558718,51.967743581],[5.018547928,51.967749311],[5.018536738,51.967754705],[5.018525123,51.967759663],[5.018513112,51.967764288],[5.018500812,51.96776867],[5.018488305,51.967772879],[5.0184629,51.967780965],[5.018424323,51.967792702],[5.018269473,51.967839213],[5.018089296,51.967894022],[5.01805049,51.967905368],[5.018037453,51.967908952],[5.018024328,51.967912361],[5.018011078,51.967915525],[5.017997657,51.967918355],[5.017984241,51.967920742],[5.017970659,51.967922802],[5.017956955,51.967924622],[5.017929308,51.967927794],[5.01790148,51.967930609],[5.017789726,51.967941006],[5.017747907,51.967945101],[5.01772017,51.967948149],[5.017706384,51.967949856],[5.017692681,51.96795175],[5.017679091,51.967953897],[5.017665721,51.967956336],[5.017652463,51.967959027],[5.017639286,51.9679619],[5.017613092,51.967968005],[5.017560998,51.967980872],[5.017496051,51.967997298],[5.017457231,51.968007347],[5.017431544,51.968014295],[5.017418809,51.96801791],[5.0173931,51.968025657],[5.017367635,51.968033726],[5.017329647,51.968046101],[5.017152852,51.968104632],[5.016924791,51.968181725],[5.016728263,51.96824884],[5.016679172,51.968265364],[5.016654453,51.968273424],[5.016616576,51.968285232],[5.016489415,51.968323516],[5.016464325,51.968331461],[5.016451964,51.968335592],[5.016439797,51.968339887],[5.016427895,51.968344413],[5.016416361,51.968349253],[5.016405135,51.968354543],[5.016394284,51.968360154],[5.016383704,51.968365998],[5.016363068,51.968378137],[5.016342825,51.968390613],[5.016322776,51.968403247],[5.016283115,51.96842879],[5.016263725,51.968441786],[5.016254261,51.968448401],[5.016245033,51.968455136],[5.016236428,51.968461754],[5.016228046,51.968468485],[5.016211721,51.968482168],[5.016187823,51.968502992],[5.01616425,51.968523967],[5.016133379,51.968552147],[5.016118524,51.968566449],[5.016111386,51.968573706],[5.016097179,51.968589233],[5.016083657,51.968605009],[5.016063961,51.968628888],[5.016005456,51.968700739],[5.015992112,51.968716586],[5.015978313,51.968732276],[5.01596448,51.968747063],[5.015950223,51.968761704],[5.01586999,51.9688416],[5.015848433,51.968863505],[5.015834485,51.968878257],[5.01582751,51.968885945],[5.015813908,51.968901445],[5.015800576,51.968917041],[5.015761079,51.96896401],[5.015734995,51.96899539],[5.015716079,51.96901908],[5.015704359,51.969035087],[5.015698997,51.96904321],[5.01569409,51.969051425],[5.015685273,51.969068095],[5.015673397,51.969093423],[5.015650979,51.969144402],[5.015639474,51.969169825],[5.015631263,51.969186649],[5.01562685,51.969194991],[5.01562213,51.969203262],[5.01561699,51.969211518],[5.015611539,51.969219702],[5.015600019,51.96923593],[5.015581941,51.969260089],[5.015514137,51.969348319],[5.015482776,51.969388204],[5.015361116,51.969538712],[5.015285679,51.969634471],[5.01526663,51.969658336],[5.015253551,51.969674101],[5.015239783,51.969689605],[5.01523246,51.96969719],[5.015224841,51.969704536],[5.015216907,51.969711763],[5.015200404,51.969725976],[5.015174803,51.969746974],[5.01510561,51.969802622],[5.015088817,51.969816706],[5.015080685,51.969823837],[5.015072831,51.969831061],[5.01506536,51.969838412],[5.015058413,51.969845939],[5.015052156,51.969853614],[5.015046413,51.969861461],[5.015041044,51.969869435],[5.015035941,51.9698775],[5.01502623,51.969893806],[5.014998334,51.969943243],[5.014980248,51.969976239],[5.014972032,51.969992687],[5.014968433,51.970000883],[5.014965379,51.970009051],[5.014963094,51.970017182],[5.014961874,51.970025259],[5.014962109,51.970033265],[5.014964069,51.970041067],[5.014967448,51.970048801],[5.014971878,51.970056483],[5.014977073,51.970064129],[5.014982817,51.970071749],[5.014988944,51.970079351],[5.015028108,51.970124908],[5.015034281,51.970132536],[5.015040085,51.970140188],[5.015045358,51.970147873],[5.015049886,51.970155605],[5.01505339,51.970163398],[5.0150555,51.97017127],[5.015055923,51.970179238],[5.01505495,51.970187282],[5.01505294,51.97019538],[5.015050167,51.970203509],[5.015046827,51.970211648],[5.015043058,51.970219776],[5.015038941,51.970227865],[5.015034513,51.97023588],[5.015029767,51.970243778],[5.015024654,51.970251499],[5.015019072,51.970258965],[5.015012872,51.970266072],[5.015005839,51.970272683],[5.014997687,51.970278621],[5.014988018,51.970283818],[5.014977203,51.970288322],[5.014965553,51.970292316],[5.0149533,51.970295941],[5.014940622,51.970299302],[5.014927647,51.970302476],[5.014901162,51.970308484],[5.014807257,51.970328676],[5.014780953,51.970334819],[5.014768085,51.9703381],[5.014755511,51.970341605],[5.014743349,51.970345418],[5.014731752,51.970349657],[5.01472092,51.970354478],[5.014711167,51.970359907],[5.014702155,51.970365901],[5.014693694,51.970372308],[5.014685629,51.970379017],[5.014677847,51.970385941],[5.014670264,51.970393015],[5.014655467,51.970407442],[5.0146049,51.970458794],[5.014576315,51.970488618],[5.014547679,51.970519534],[5.014462486,51.970612445],[5.01444851,51.970627992],[5.014434886,51.970643643],[5.014421954,51.970659498],[5.014416038,51.970667343],[5.014404819,51.970683214],[5.014388833,51.97070727],[5.014352533,51.970763697],[5.014336635,51.970787772],[5.014325511,51.970803659],[5.014319656,51.970811509],[5.014313505,51.970819268],[5.014306907,51.970827019],[5.014300006,51.970834677],[5.014285606,51.970849803],[5.014263217,51.970872246],[5.014210101,51.970924338],[5.014187537,51.970946732],[5.014165605,51.970969343],[5.014151801,51.970984645],[5.014138704,51.971000136],[5.014125973,51.971015753],[5.014076099,51.971078581],[5.014045292,51.971117958],[5.014033251,51.971133789],[5.014021379,51.971149914],[5.013992425,51.971190434],[5.013728188,51.971563825],[5.013705365,51.971596332],[5.013694207,51.971612647],[5.013683446,51.971629059],[5.013668336,51.971653981],[5.013653914,51.971679071],[5.01362083,51.971737752],[5.013606278,51.971762794],[5.013596025,51.971779333],[5.013590579,51.971787513],[5.013584813,51.971795601],[5.01357885,51.971803337],[5.013572584,51.971810985],[5.013559436,51.971826111],[5.013538893,51.971848565],[5.013489992,51.971900685],[5.013469261,51.971923087],[5.013455815,51.97193813],[5.01344931,51.971945712],[5.013443019,51.971953356],[5.013437024,51.971961084],[5.013431225,51.971969142],[5.013425736,51.971977288],[5.01341537,51.971993754],[5.013400627,51.972018682],[5.013371865,51.972068746],[5.013357251,51.972093717],[5.013347133,51.972110264],[5.013341861,51.972118482],[5.013330603,51.972134776],[5.013324615,51.972142852],[5.013312215,51.972158893],[5.013293064,51.972182808],[5.013118122,51.972397381],[5.013099169,51.972421336],[5.013087216,51.972437464],[5.013081634,51.972445617],[5.013076449,51.972453863],[5.013071792,51.97246214],[5.01306753,51.972470508],[5.013063557,51.972478943],[5.013052672,51.972504489],[5.013032412,51.972555927],[5.013025453,51.972573003],[5.013017945,51.972589908],[5.013013812,51.972598241],[5.01300928,51.972606449],[5.013004197,51.972614485],[5.012998359,51.972622282],[5.012991606,51.972629788],[5.0129841,51.972637056],[5.012976044,51.972644151],[5.01296759,51.97265112],[5.012958856,51.972658003],[5.012931718,51.972678352],[5.012867024,51.972725403],[5.0128395,51.972745654],[5.012812583,51.972766166],[5.012795409,51.972780182],[5.012779383,51.972794483],[5.012756465,51.972816433],[5.012734108,51.972838632],[5.012660204,51.972912897],[5.012630467,51.972942531],[5.012607778,51.972964596],[5.012583785,51.972986744],[5.012542099,51.973023473],[5.012172261,51.97334547],[5.012146807,51.97336731],[5.012129509,51.973381712],[5.012120675,51.973388823],[5.012102748,51.973402662],[5.012084424,51.97341631],[5.012056596,51.973436616],[5.01174889,51.973659232],[5.011600108,51.973767438],[5.011581409,51.973780894],[5.011562465,51.973794181],[5.011542998,51.973807104],[5.011532921,51.973813327],[5.011522496,51.973819308],[5.011511809,51.973824912],[5.011500783,51.973830281],[5.011478059,51.973840554],[5.011443097,51.973855362],[5.011301699,51.973913692],[5.011278107,51.97392335],[5.011254381,51.973932779],[5.011242419,51.973937323],[5.011230347,51.973941684],[5.011218121,51.973945786],[5.011205678,51.973949526],[5.011192942,51.973952774],[5.011179556,51.973955472],[5.011165864,51.973957658],[5.01115195,51.973959472],[5.011137879,51.97396102],[5.011109434,51.973963615],[5.011080776,51.973965855],[5.010951379,51.973975198],[5.010865198,51.973981574],[5.010563792,51.974004445],[5.010520725,51.974007256],[5.010491995,51.974008537],[5.010477623,51.974008843],[5.010463283,51.974008849],[5.010434586,51.974008197],[5.010391515,51.97400633],[5.010190443,51.973995457],[5.010018054,51.973986377],[5.009975039,51.973983828],[5.009946477,51.973981736],[5.009932263,51.973980464],[5.009918117,51.973978963],[5.009904345,51.973977224],[5.00987698,51.973973137],[5.009836174,51.973966164],[5.009754817,51.973951356],[5.009727703,51.9739466],[5.009700572,51.973942277],[5.009686997,51.973940416],[5.009673411,51.973938866],[5.009659811,51.973937748],[5.009646192,51.97393722],[5.009632152,51.973937422],[5.009618091,51.973938243],[5.009604017,51.973939512],[5.009589932,51.973941101],[5.009561741,51.973944881],[5.009533539,51.973949086],[5.009378443,51.973973417],[5.009183338,51.974004832],[5.009141429,51.974011157],[5.009113351,51.974014871],[5.009099235,51.974016447],[5.009085495,51.974017733],[5.009071699,51.974018824],[5.009044,51.974020608],[5.0090023,51.974022744],[5.008904862,51.974027189],[5.008877142,51.974028721],[5.008863349,51.974029637],[5.008849628,51.974030712],[5.008836005,51.974032008],[5.008822517,51.974033609],[5.008809217,51.974035625],[5.008795688,51.974038238],[5.008782357,51.974041291],[5.008769169,51.974044664],[5.008756084,51.974048269],[5.008743074,51.974052036],[5.008717188,51.974059879],[5.008639875,51.974084168],[5.008614048,51.974092135],[5.008588075,51.974099771],[5.00857499,51.974103362],[5.008561799,51.974106715],[5.008548464,51.974109738],[5.00853493,51.974112309],[5.008521639,51.974114265],[5.008508162,51.974115795],[5.008494547,51.974117012],[5.008467047,51.974118826],[5.00843934,51.974120167],[5.008341947,51.974123923],[5.008300267,51.974125786],[5.008272584,51.974127413],[5.008258797,51.974128439],[5.008245067,51.974129673],[5.008231084,51.974131197],[5.008217159,51.974132938],[5.008203275,51.974134838],[5.008175588,51.974138957],[5.008134162,51.974145555],[5.008051404,51.974159111],[5.008009994,51.974165541],[5.007982338,51.974169278],[5.00796848,51.974170819],[5.007954594,51.974172026],[5.007940667,51.974172775],[5.007926668,51.974172966],[5.007912627,51.974172698],[5.007898558,51.974172095],[5.007884467,51.974171252],[5.007856245,51.974169115],[5.007813858,51.974165368],[5.007714935,51.974156105],[5.007672641,51.974151882],[5.007644569,51.974148717],[5.007617056,51.974145024],[5.007603557,51.974142971],[5.007576657,51.974138574],[5.007536433,51.974131568],[5.007442733,51.974114752],[5.007415972,51.9741102],[5.007402596,51.974108083],[5.007389226,51.97410614],[5.007375863,51.974104444],[5.007362511,51.974103095],[5.007349174,51.974102223],[5.007335858,51.974101999],[5.007322286,51.974102579],[5.007308736,51.974103831],[5.007295203,51.974105576],[5.00728168,51.974107675],[5.007268166,51.974110027],[5.00725466,51.974112555],[5.007227658,51.974117932],[5.007146674,51.974134786],[5.007119646,51.974140263],[5.007092553,51.974145434],[5.00707896,51.974147816],[5.007065319,51.974149989],[5.007051613,51.974151874],[5.007037815,51.974153365],[5.007023803,51.974154387],[5.007009698,51.974155012],[5.006995525,51.974155349],[5.006967051,51.974155458],[5.006938481,51.974155148],[5.006795352,51.974152447],[5.006752416,51.974151857],[5.006723892,51.97415168],[5.006667046,51.974151793],[5.006453878,51.974153031],[5.006251427,51.974152885],[5.006193612,51.974153214],[5.006164737,51.974153819],[5.006135771,51.974154953],[5.006092366,51.974157267],[5.005991141,51.974163478],[5.00594778,51.974165934],[5.005918899,51.974167174],[5.005904476,51.974167555],[5.005890069,51.974167689],[5.005875688,51.974167483],[5.005861743,51.974166886],[5.005847821,51.974165965],[5.005820023,51.974163472],[5.005778386,51.974158861],[5.005681305,51.974147191],[5.005653582,51.974144151],[5.005639729,51.974142806],[5.005625882,51.974141644],[5.005612046,51.974140743],[5.005598227,51.974140198],[5.00558443,51.974140141],[5.005570287,51.974140696],[5.005556169,51.974141762],[5.005542067,51.974143197],[5.005527976,51.9741449],[5.005513894,51.974146792],[5.005485747,51.974150926],[5.005387257,51.974166239],[5.005359084,51.974170197],[5.005344979,51.974171945],[5.005330857,51.974173448],[5.005316706,51.974174615],[5.005302522,51.974175319],[5.005288896,51.974175462],[5.005275235,51.974175177],[5.00526155,51.974174574],[5.00523413,51.974172734],[5.005192937,51.974169146],[5.005110504,51.974161347],[5.005083057,51.974159036],[5.00506935,51.97415805],[5.005055659,51.97415724],[5.005041993,51.974156677],[5.005028361,51.974156451],[5.005014773,51.97415668],[5.005000996,51.974157481],[5.004987264,51.974158751],[5.004973567,51.974160367],[5.004959895,51.974162233],[5.004946241,51.974164279],[5.004918966,51.974168705],[5.004823598,51.974185185],[5.004782645,51.974191828],[5.004768955,51.974193826],[5.004755231,51.974195638],[5.004741459,51.974197194],[5.004727624,51.974198404],[5.004713694,51.974199194],[5.004699701,51.974199637],[5.004685659,51.974199825],[5.004657486,51.974199704],[5.004615109,51.974198888],[5.004487826,51.974195748],[5.004445407,51.97419515],[5.004417376,51.97419519],[5.004389591,51.9741956],[5.004361809,51.974196213],[5.004250683,51.974199255],[5.00419516,51.974201034],[5.004167442,51.974202181],[5.004153609,51.97420289],[5.004126069,51.974204737],[5.004112363,51.974205874],[5.004084999,51.97420842],[5.004044016,51.974212599],[5.003921138,51.974225557],[5.003893792,51.974228255],[5.003866395,51.974230722],[5.003837816,51.974232929],[5.003809182,51.974234892],[5.00362281,51.974246476],[5.003579842,51.97424937],[5.003551508,51.974251477],[5.003480744,51.974257113],[5.003310987,51.974271058],[5.003096177,51.974289527],[5.003067499,51.974291774],[5.003038797,51.974293665],[5.003024432,51.974294375],[5.003010052,51.974294848],[5.002995596,51.97429503],[5.002981124,51.974294971],[5.002952152,51.974294377],[5.002923156,51.974293417],[5.002807119,51.974288685],[5.002763646,51.974287259],[5.002734724,51.974286847],[5.002720298,51.97428695],[5.002705906,51.974287367],[5.002691804,51.974288151],[5.002677736,51.974289238],[5.002663693,51.974290549],[5.002635657,51.974293601],[5.002593663,51.974298726],[5.002453729,51.974316447],[5.002411638,51.974321379],[5.002383382,51.974324376],[5.00227005,51.974335404],[5.002199178,51.974341995],[5.002170837,51.974344294],[5.002156671,51.974345257],[5.002142508,51.974346023],[5.002128351,51.974346513],[5.002114201,51.974346627],[5.002100228,51.974346285],[5.002086261,51.974345574],[5.002072301,51.97434459],[5.002058345,51.97434341],[5.002016491,51.974339186],[5.001918857,51.97432821],[5.001876995,51.974323715],[5.00184906,51.974321075],[5.001835076,51.974319961],[5.001821075,51.974319058],[5.00180705,51.974318438],[5.00179311,51.974318165],[5.001779147,51.974318173],[5.001751177,51.97431875],[5.001709159,51.97432036],[5.001611051,51.974324962],[5.001569,51.974326771],[5.001540962,51.974327726],[5.001512917,51.974328266],[5.001484689,51.974328197],[5.001456453,51.974327712],[5.001414094,51.974326617],[5.001272878,51.974322481],[5.00124463,51.974321847],[5.001216377,51.974321459],[5.001187612,51.974321432],[5.00115884,51.974321659],[5.001029337,51.974323594],[5.000986201,51.974324073],[5.000957497,51.974324059],[5.000943178,51.974323851],[5.000928891,51.974323437],[5.000914649,51.974322741],[5.000900349,51.974321689],[5.000886093,51.97432035],[5.000871872,51.974318802],[5.000843494,51.974315303],[5.000801007,51.974309555],[5.000673618,51.974291793],[5.000645261,51.974288008],[5.000616842,51.974284422],[5.000589129,51.974281219],[5.000561354,51.974278204],[5.000380526,51.974259579],[5.000324956,51.974253606],[5.000268444,51.974246982],[5.000141446,51.974231517],[5.000085134,51.974224358],[5.000057146,51.97422042],[5.000043242,51.974218261],[5.000029429,51.974215907],[5.00001572,51.974213316],[5.0000021,51.974210531],[4.999988548,51.974207605],[4.99996157,51.974201482],[4.999907843,51.97418875],[4.999773776,51.974156437],[4.999747068,51.974149826],[4.99972037,51.974142987],[4.999693687,51.974135919],[4.9996405,51.97412152],[4.999255462,51.97401627],[4.999215524,51.974005564],[4.99918874,51.973998699],[4.999161679,51.973992309],[4.999148256,51.973989446],[4.999121165,51.973984143],[4.999080191,51.973976767],[4.998984189,51.973960235],[4.9989432,51.973952908],[4.998916107,51.973947653],[4.998902694,51.973944814],[4.998889415,51.973941763],[4.998876118,51.973938408],[4.998862957,51.973934836],[4.998836908,51.973927262],[4.998811066,51.973919358],[4.998733892,51.973895086],[4.998695197,51.973883103],[4.998669205,51.973875404],[4.998642877,51.9738682],[4.998617042,51.973861953],[4.998590885,51.973856177],[4.998551353,51.973847945],[4.998472015,51.973831892],[4.998432603,51.973823583],[4.998406732,51.973817594],[4.998394032,51.973814338],[4.998381569,51.973810818],[4.998369429,51.973806938],[4.998357141,51.973802411],[4.998345202,51.973797497],[4.998333516,51.973792301],[4.998322013,51.973786902],[4.99829935,51.973775724],[4.998221131,51.973735369],[4.998187402,51.973718252],[4.998164537,51.973707194],[4.998152887,51.973701866],[4.998141017,51.973696739],[4.998129073,51.973691934],[4.998104605,51.973682858],[4.998067128,51.973669953],[4.998016664,51.973653202],[4.997953413,51.973632436],[4.997928035,51.973624239],[4.997902517,51.973616234],[4.997876715,51.973608617],[4.997864029,51.973605137],[4.997838407,51.973598518],[4.997812586,51.973592166],[4.997747718,51.973576713],[4.997669738,51.973558381],[4.997630617,51.973549483],[4.997604365,51.973543892],[4.997577782,51.973538835],[4.997564349,51.973536525],[4.997537339,51.973532187],[4.997496631,51.973526063],[4.99737421,51.973508264],[4.997333638,51.973501946],[4.997306908,51.973497223],[4.997293725,51.973494573],[4.997280721,51.973491636],[4.997267642,51.973488267],[4.99725475,51.973484601],[4.99724199,51.973480717],[4.997216722,51.973472533],[4.997191617,51.973464049],[4.997091212,51.973429577],[4.997053796,51.97341655],[4.997029529,51.973407583],[4.997017848,51.973402908],[4.997006657,51.973398021],[4.996996165,51.973392835],[4.996986644,51.973387231],[4.996978456,51.973381052],[4.99697193,51.973374216],[4.996966724,51.97336681],[4.996962483,51.973358989],[4.996958936,51.97335087],[4.996955879,51.973342538],[4.996953163,51.97333406],[4.996948344,51.973316842],[4.996920104,51.97320367],[4.996911014,51.973168985],[4.996906104,51.973151713],[4.996900589,51.973134548],[4.996897441,51.973126033],[4.996893903,51.973117585],[4.996889963,51.97310937],[4.996881049,51.973093118],[4.996871312,51.973077006],[4.996861169,51.973060965],[4.996809145,51.97298099],[4.996793135,51.972957117],[4.996781981,51.972941343],[4.996776138,51.972933536],[4.996763299,51.97291755],[4.996749835,51.972901747],[4.996729089,51.972878203],[4.996680131,51.97282343],[4.996659544,51.97279985],[4.996646381,51.972783979],[4.996640125,51.972775957],[4.996634197,51.972767846],[4.996628843,51.972759901],[4.996623799,51.972751873],[4.996614332,51.972735649],[4.996600968,51.972711091],[4.996570583,51.972653573],[4.996556909,51.972629101],[4.996546958,51.972613016],[4.996541524,51.972605098],[4.996535584,51.97259716],[4.996522766,51.972581541],[4.996502283,51.972558457],[4.9964529,51.972505028],[4.996410121,51.972459385],[4.99637378,51.972421841],[4.996322314,51.972369505],[4.996299759,51.972347286],[4.99628416,51.972332711],[4.996267998,51.972318591],[4.996242923,51.972297763],[4.99620037,51.972263372],[4.996123366,51.972201647],[4.996080414,51.972167866],[4.99599414,51.972100695],[4.995968124,51.972080614],[4.995941771,51.97206071],[4.995914009,51.97204077],[4.99587563,51.972014383],[4.995604781,51.971830818],[4.995575551,51.97181128],[4.995555782,51.971798427],[4.995545741,51.971792099],[4.995525032,51.97177955],[4.99549337,51.971761096],[4.995215816,51.971603085],[4.995183995,51.971584729],[4.995163072,51.971572318],[4.995142653,51.971559605],[4.995133086,51.971553307],[4.99511439,51.971540448],[4.995086962,51.971520789],[4.995023655,51.971474514],[4.99500532,51.971461486],[4.994996003,51.971455086],[4.994986525,51.971448807],[4.994976823,51.9714427],[4.994966811,51.971436827],[4.994956377,51.971431277],[4.994945295,51.971426054],[4.994933782,51.971421159],[4.994921954,51.971416503],[4.994897688,51.971407658],[4.994860511,51.971394982],[4.994685518,51.97133698],[4.99458584,51.971303554],[4.994561105,51.971295005],[4.99453647,51.971286184],[4.994487527,51.971267869],[4.994110434,51.971123565],[4.994049804,51.971100106],[4.994025935,51.971090618],[4.993990654,51.971076276],[4.993838434,51.971013485],[4.99377968,51.97098953],[4.993720903,51.970966287],[4.99356748,51.970906418],[4.993544146,51.970897002],[4.993521209,51.97088728],[4.993509995,51.970882223],[4.993499038,51.97087697],[4.993488059,51.970871303],[4.993477349,51.970865429],[4.993466835,51.970859405],[4.99343598,51.970840808],[4.993223584,51.970707867],[4.992970266,51.970549917],[4.992940081,51.970530849],[4.992920283,51.970517964],[4.992901053,51.970504774],[4.992891722,51.970497969],[4.992873585,51.970484079],[4.992847079,51.970462869],[4.992350221,51.970056267],[4.992315165,51.970027831],[4.99229735,51.97001376],[4.992279075,51.969999928],[4.992269902,51.969993313],[4.992251145,51.969980293],[4.992212792,51.969954685],[4.992115917,51.96989116],[4.992096943,51.969878302],[4.992087676,51.969871789],[4.992078643,51.969865188],[4.992069939,51.969858461],[4.992061694,51.96985156],[4.992054072,51.969844423],[4.992047043,51.969836803],[4.992040667,51.969828936],[4.992034764,51.969820889],[4.992023879,51.969804446],[4.992013674,51.969787745],[4.991979241,51.969728804],[4.991964119,51.969703649],[4.99195348,51.969687045],[4.991947845,51.969678836],[4.991941894,51.969670719],[4.991935588,51.969662751],[4.991928969,51.969654876],[4.991915112,51.969639308],[4.991893516,51.969616192],[4.991827541,51.969547195],[4.991805742,51.969524133],[4.991784503,51.96950089],[4.991770982,51.969485095],[4.99175801,51.969469031],[4.991739108,51.969444752],[4.991652135,51.969331034],[4.991627832,51.969298415],[4.991616379,51.96928194],[4.991611014,51.969273617],[4.991601209,51.969256762],[4.991592193,51.969239721],[4.991583573,51.969222584],[4.991437179,51.968921645],[4.991424438,51.968895898],[4.99141556,51.96887883],[4.991410889,51.968870354],[4.991405978,51.968861938],[4.991400733,51.968853607],[4.991395145,51.968845471],[4.991383079,51.96882942],[4.991370318,51.968813544],[4.991357223,51.968797752],[4.991297258,51.968726947],[4.991283671,51.968711297],[4.991270085,51.968696128],[4.99123585,51.968659501],[4.991214919,51.96863768],[4.991200698,51.968623266],[4.991186004,51.968609091],[4.991178353,51.968602162],[4.991170392,51.968595389],[4.991162014,51.968588831],[4.991152713,51.96858225],[4.991142964,51.968575899],[4.991132886,51.968569717],[4.991122573,51.968563655],[4.991101502,51.96855176],[4.991069362,51.968534189],[4.990940173,51.968464233],[4.99072538,51.96834739],[4.990682569,51.968323927],[4.990650861,51.968306072],[4.990640468,51.968300006],[4.990620072,51.96828766],[4.990590018,51.968268789],[4.990431607,51.968166929],[4.990391738,51.968141652],[4.990371422,51.968129278],[4.990361065,51.968123232],[4.990350506,51.968117327],[4.990339665,51.968111574],[4.99032862,51.968105964],[4.990306128,51.968095025],[4.99028333,51.968084301],[4.990145368,51.968020775],[4.990111094,51.968004726],[4.990088485,51.96799384],[4.990066036,51.96798264],[4.990032725,51.967965559],[4.98988935,51.967890784],[4.989856139,51.967873629],[4.989822538,51.967856787],[4.989799657,51.967845964],[4.989764615,51.967830338],[4.989729188,51.967815023],[4.989267079,51.967617168],[4.989077321,51.967536114],[4.989042307,51.967520521],[4.989030885,51.967515149],[4.989019676,51.967509628],[4.98900876,51.9675039],[4.988998202,51.967497921],[4.988987937,51.967491736],[4.988977886,51.967485402],[4.988958196,51.967472444],[4.988938812,51.967459274],[4.988794659,51.967359629],[4.988476911,51.967140835],[4.988428902,51.967107612],[4.98840986,51.967094237],[4.988382044,51.967074314],[4.988253336,51.96698073],[4.988161161,51.966913969],[4.988133851,51.966893809],[4.988116196,51.966880158],[4.988107696,51.966873206],[4.988099533,51.966866125],[4.98809183,51.966858867],[4.988084636,51.966851334],[4.988077909,51.966843622],[4.988065379,51.966827843],[4.988047783,51.966803714],[4.988025041,51.966771264],[4.987979948,51.966706247],[4.987958108,51.966673795],[4.987861756,51.966527628],[4.987846018,51.966503197],[4.98783591,51.966486825],[4.987826373,51.966470232],[4.987817415,51.966453413],[4.987804561,51.966428058],[4.987779393,51.966377228],[4.987766582,51.966351861],[4.987757697,51.966335025],[4.987748313,51.966318399],[4.987733374,51.966293798],[4.987717939,51.966269305],[4.987582753,51.966057332],[4.987566961,51.966032924],[4.987556203,51.966016711],[4.987533316,51.965983676],[4.98745736,51.965876682],[4.987393493,51.96578595],[4.987381468,51.965769651],[4.987375209,51.96576162],[4.987368684,51.965753716],[4.987361775,51.965745996],[4.987354329,51.965738532],[4.98734614,51.965731424],[4.987337172,51.96572484],[4.987327479,51.965718601],[4.98731726,51.965712615],[4.98730666,51.965706811],[4.987284745,51.965695546],[4.987262317,51.965684527],[4.987103548,51.965608269],[4.987047249,51.965580811],[4.987025163,51.96556956],[4.987014344,51.965563798],[4.987003751,51.965557894],[4.986993472,51.965551797],[4.986983627,51.965545497],[4.98697409,51.965539004],[4.986964781,51.965532372],[4.986937648,51.965511982],[4.986822664,51.965421998],[4.986724955,51.965346039],[4.986707327,51.965332181],[4.986690006,51.96531821],[4.986673347,51.965303998],[4.98666545,51.965296735],[4.986657987,51.965289312],[4.986651036,51.965281673],[4.986644521,51.965273874],[4.986638328,51.965265958],[4.986626558,51.965249902],[4.986609677,51.965225534],[4.986493545,51.965054222],[4.986476685,51.96502983],[4.986459279,51.965005593],[4.986441393,51.96498228],[4.986422984,51.964959115],[4.986367083,51.964889813],[4.986341986,51.964859092],[4.986329197,51.96484381],[4.986309098,51.964820591],[4.986206438,51.964705195],[4.986186158,51.964682035],[4.986172989,51.964666598],[4.986134738,51.964620237],[4.986052767,51.964519495],[4.985951731,51.964393236],[4.985938777,51.964377545],[4.985925346,51.964362023],[4.985918324,51.964354371],[4.985910889,51.964346676],[4.985895389,51.96433151],[4.985879401,51.964316517],[4.985854967,51.964294203],[4.985838424,51.964279458],[4.985821509,51.964264944],[4.9858128,51.964257844],[4.985803825,51.964250911],[4.985794478,51.964244212],[4.985784616,51.964237838],[4.985774151,51.964231873],[4.985763172,51.964226231],[4.985751821,51.964220821],[4.985740207,51.964215579],[4.985728406,51.964210453],[4.985704467,51.964200415],[4.985571223,51.964146211],[4.985462404,51.964101748],[4.98541418,51.964081874],[4.985378284,51.964066732],[4.985354899,51.964056454],[4.985320632,51.96404077],[4.985218788,51.963992872],[4.985184706,51.963977055],[4.985161716,51.963966787],[4.985150065,51.963961818],[4.985138253,51.963957017],[4.985126221,51.963952446],[4.98511381,51.963948119],[4.985101177,51.963944027],[4.985075462,51.963936306],[4.985036307,51.963925339],[4.984918043,51.963893262],[4.984891991,51.963885895],[4.9848663,51.963878154],[4.98485369,51.963874042],[4.984841315,51.963869685],[4.984829153,51.963865001],[4.98481723,51.96386007],[4.984793847,51.963849726],[4.984770812,51.963839018],[4.984736519,51.963822678],[4.984690947,51.963800745],[4.984656993,51.963784157],[4.98463472,51.963772875],[4.984623805,51.963767097],[4.984613124,51.963761174],[4.984602761,51.963755053],[4.984593143,51.96374892],[4.984583825,51.9637426],[4.984574731,51.963736141],[4.984556983,51.963722946],[4.984530942,51.96370279],[4.984470697,51.963655448],[4.984453202,51.96364212],[4.9844443,51.963635566],[4.984435233,51.963629127],[4.984425938,51.963622849],[4.984416329,51.963616792],[4.984406294,51.963611035],[4.984395489,51.963605516],[4.984384242,51.96360031],[4.984372671,51.963595332],[4.9843489,51.96358582],[4.984312445,51.963572115],[4.984238864,51.963545174],[4.984202203,51.963531582],[4.984165944,51.963517621],[4.984142513,51.963507972],[4.984119742,51.963498054],[4.984097182,51.963487935],[4.984007565,51.963446875],[4.983985399,51.963436467],[4.983963629,51.96342584],[4.983953012,51.963420376],[4.983942677,51.963414758],[4.98393273,51.963408924],[4.983923309,51.963402797],[4.983914231,51.963396083],[4.983905714,51.963389056],[4.983897606,51.963381802],[4.983889794,51.963374383],[4.983874738,51.963359225],[4.983860101,51.96334383],[4.983823935,51.96330511],[4.983809199,51.963289825],[4.983801638,51.963282325],[4.983793864,51.963274985],[4.983785783,51.963267872],[4.983777266,51.963261085],[4.983768145,51.963254748],[4.983758194,51.963249032],[4.983747378,51.963244132],[4.983735752,51.963239838],[4.983723531,51.963235988],[4.983710882,51.963232459],[4.983697929,51.963229159],[4.983684761,51.963226018],[4.983658041,51.963220027],[4.983577002,51.963202709],[4.983550167,51.963196771],[4.983523722,51.963190478],[4.983510761,51.963187093],[4.983498068,51.963183459],[4.983485746,51.963179484],[4.98347393,51.963175042],[4.983462966,51.963170148],[4.983452485,51.963164805],[4.983442364,51.963159131],[4.9834325,51.963153219],[4.983422822,51.963147137],[4.983403812,51.963134652],[4.983375703,51.963115548],[4.98330122,51.963064235],[4.983273573,51.963044861],[4.983254848,51.963031398],[4.983162544,51.962963395],[4.983134693,51.96294311],[4.983115773,51.962929818],[4.983106101,51.962923309],[4.983096212,51.962916943],[4.983086025,51.962910773],[4.983075472,51.962904838],[4.983064622,51.962899099],[4.983042329,51.962888008],[4.983008118,51.962871876],[4.98291595,51.962829469],[4.98288163,51.962813385],[4.982859064,51.962802431],[4.982847953,51.962796826],[4.982826911,51.962785702],[4.982795956,51.962768563],[4.98275512,51.962745387],[4.982449225,51.962570321],[4.982387827,51.962534784],[4.982264746,51.962462814],[4.982244399,51.962450722],[4.982224287,51.962438494],[4.982204633,51.962425998],[4.982195126,51.962419635],[4.982176525,51.962406666],[4.982158259,51.962393503],[4.982086161,51.962340286],[4.982058976,51.962320425],[4.98204055,51.962307375],[4.982031161,51.96230096],[4.982021593,51.962294657],[4.982011781,51.962288508],[4.982001707,51.962282562],[4.98199139,51.96227677],[4.981980896,51.962271089],[4.981959555,51.962259947],[4.981927093,51.962243519],[4.981850936,51.962205441],[4.981807844,51.962183388],[4.981786745,51.962172054],[4.981776057,51.962166057],[4.981744608,51.962147645],[4.981713595,51.962128931],[4.981569899,51.962041358],[4.981400714,51.961938664],[4.981350643,51.961908468],[4.981229523,51.961835915],[4.981189518,51.961811513],[4.981169902,51.961799083],[4.981150095,51.961785949],[4.981120944,51.961765915],[4.981053671,51.961718728],[4.98102467,51.961698622],[4.981005002,51.961685448],[4.980994966,51.961678999],[4.980984719,51.961672691],[4.980974185,51.961666582],[4.980963689,51.961660915],[4.980952922,51.961655434],[4.980941956,51.961650088],[4.980908348,51.961634538],[4.980805937,51.961588958],[4.98077212,51.961573516],[4.980749968,51.961562918],[4.980738698,51.961557273],[4.980705487,51.961539877],[4.980531058,51.961445009],[4.980488457,51.961422331],[4.980370883,51.961360269],[4.980339027,51.961343203],[4.980318045,51.961331655],[4.980297425,51.961319809],[4.98026714,51.961301526],[4.980177668,51.961245752],[4.980147577,51.961227369],[4.980127083,51.961215441],[4.98011659,51.961209665],[4.980105849,51.961204077],[4.980094517,51.961198579],[4.980082926,51.961193276],[4.980059236,51.961183059],[4.980023046,51.96116823],[4.979889289,51.961114649],[4.97985303,51.961099876],[4.979817001,51.961084973],[4.979254068,51.960850119],[4.979206441,51.960829887],[4.979172273,51.960814752],[4.979116875,51.960789332],[4.979028623,51.960748332],[4.978816884,51.960648862],[4.978737817,51.960611364],[4.978530902,51.960512278],[4.978496262,51.960495889],[4.978461724,51.960479826],[4.978010605,51.960272742],[4.977929245,51.960236202],[4.977684583,51.960127216],[4.977649783,51.960111524],[4.977626777,51.960100908],[4.977603952,51.96008997],[4.977570061,51.960073025],[4.977469334,51.96002141],[4.977424832,51.959998301],[4.977402952,51.959986527],[4.97739222,51.959980516],[4.977381706,51.959974377],[4.977371492,51.959968057],[4.977361811,51.959961633],[4.977352423,51.959955034],[4.977334223,51.959941493],[4.977307672,51.959920737],[4.977150283,51.959795025],[4.977115696,51.959766935],[4.977098941,51.959752667],[4.977090838,51.959745417],[4.977075543,51.959730841],[4.977053614,51.959708551],[4.977032196,51.959686047],[4.976954371,51.959603207],[4.976932957,51.959580697],[4.976918385,51.959565838],[4.976910919,51.959558498],[4.976903267,51.959551253],[4.976895359,51.959544139],[4.9768871,51.959537206],[4.976878371,51.959530515],[4.976868763,51.959523911],[4.976858679,51.959517556],[4.976848272,51.959511373],[4.976805921,51.959487167],[4.976795778,51.959480976],[4.976786124,51.959474604],[4.976777189,51.959467961],[4.976769259,51.959460937],[4.97676308,51.959454078],[4.97675778,51.959446885],[4.976753143,51.95943944],[4.976749002,51.959431811],[4.976745232,51.959424046],[4.976741738,51.959416179],[4.976735347,51.959400249],[4.976729558,51.959384154],[4.976724056,51.959367237],[4.976708667,51.959316331],[4.976700627,51.959290968],[4.976694662,51.959274174],[4.976691343,51.959265839],[4.976687691,51.959257564],[4.976683602,51.959249301],[4.976679179,51.959241099],[4.976674508,51.959232942],[4.976664678,51.959216716],[4.976644125,51.959184429],[4.976586773,51.95909579],[4.976555244,51.959047613],[4.976507084,51.958976332],[4.976474702,51.958928887],[4.976458042,51.958905304],[4.976446391,51.958889743],[4.976433709,51.958873998],[4.976413838,51.958850631],[4.976339078,51.958765515],[4.976297865,51.95871917],[4.97622807,51.958642085],[4.976207331,51.958618916],[4.976193945,51.95860337],[4.976187525,51.958595536],[4.976181391,51.958587635],[4.976175656,51.958579645],[4.976170468,51.958571529],[4.976166005,51.958563375],[4.976162077,51.958555099],[4.976158542,51.958546734],[4.976155294,51.958538303],[4.976146549,51.958512785],[4.976124875,51.958444362],[4.976118872,51.958427396],[4.976115566,51.958418986],[4.976111947,51.958410651],[4.976107894,51.958402419],[4.976103251,51.95839433],[4.97609771,51.958386162],[4.976091548,51.958378142],[4.976084935,51.958370231],[4.976078002,51.958362396],[4.976063528,51.958346872],[4.976048629,51.958331449],[4.975973202,51.958254547],[4.975875781,51.95815439],[4.975852712,51.958131556],[4.97584475,51.958124071],[4.975836554,51.958116696],[4.975828033,51.958109472],[4.975819237,51.958102523],[4.975810122,51.958095722],[4.975800776,51.958089029],[4.97578163,51.958075854],[4.97574249,51.958049893],[4.975633768,51.957978949],[4.975614292,51.957965947],[4.975595395,51.957952746],[4.975586352,51.957946007],[4.975577737,51.957939123],[4.975569719,51.957932038],[4.97556252,51.957924674],[4.975556254,51.957916879],[4.975550821,51.957908801],[4.975545993,51.957900519],[4.975541593,51.957892089],[4.975537492,51.957883558],[4.975529826,51.957866307],[4.975508092,51.957814085],[4.975493898,51.957779243],[4.975487297,51.95776181],[4.975484308,51.957753082],[4.975481659,51.957744339],[4.975479486,51.957735573],[4.975477974,51.957726776],[4.975477281,51.957718175],[4.975477221,51.957709543],[4.97547762,51.957700889],[4.975478349,51.957692218],[4.975480427,51.957674844],[4.975488322,51.957622611],[4.975495429,51.957579136],[4.975498875,51.95756187],[4.975500942,51.957553304],[4.975503376,51.957544808],[4.975506317,51.957536409],[4.975509956,51.957528143],[4.975514482,51.957519977],[4.975519716,51.957511946],[4.975525466,51.957504012],[4.975531587,51.957496149],[4.975544532,51.957480556],[4.975557983,51.95746506],[4.975660591,51.957349161],[4.975687734,51.957318169],[4.97570779,51.957294796],[4.975739772,51.957255992],[4.975778025,51.957209003],[4.975790619,51.957193226],[4.975802673,51.957177368],[4.975808282,51.957169404],[4.975813422,51.957161419],[4.97581789,51.957153415],[4.975821407,51.9571454],[4.975823561,51.957138039],[4.975824649,51.957130767],[4.97582464,51.957123684],[4.975823411,51.957116907],[4.975820744,51.957110576],[4.975816317,51.957104867],[4.975809706,51.957099822],[4.975801355,51.957095462],[4.975791702,51.957091644],[4.975781084,51.957088268],[4.975769756,51.957085271],[4.975757906,51.957082626],[4.975745667,51.957080337],[4.97573313,51.957078443],[4.975720348,51.957077017],[4.975706265,51.957076064],[4.975692013,51.957075602],[4.975677661,51.957075492],[4.975663248,51.957075632],[4.975648806,51.957075941],[4.975619911,51.957076861],[4.975461934,51.95708305],[4.975147765,51.957094487],[4.975104961,51.957095737],[4.975076455,51.957096159],[4.975062218,51.957096134],[4.975048,51.957095869],[4.975033644,51.957095306],[4.975019306,51.957094499],[4.974990665,51.957092401],[4.974947746,51.957088613],[4.974847658,51.957079229],[4.974819069,51.957076894],[4.974804777,51.957075915],[4.97479049,51.957075135],[4.97477621,51.957074632],[4.974761936,51.957074509],[4.974747766,51.957074847],[4.974733604,51.957075559],[4.974719449,51.957076546],[4.974705297,51.95707773],[4.974677,51.957080469],[4.974521392,51.957097466],[4.974493055,51.957100358],[4.974464659,51.957102977],[4.974436859,51.957105146],[4.974409003,51.957107059],[4.974311364,51.957113085],[4.974255544,51.957116327],[4.974227622,51.95711779],[4.974199683,51.957118992],[4.974171801,51.957119718],[4.974143975,51.95711997],[4.97411613,51.957119957],[4.974004695,51.957119139],[4.973962938,51.957119002],[4.973935152,51.957119224],[4.973921289,51.957119515],[4.973907457,51.95711999],[4.973893664,51.957120714],[4.973879502,51.957121775],[4.973865383,51.957123098],[4.973851296,51.957124611],[4.973809146,51.957129833],[4.973710984,51.957143163],[4.973668869,51.957148626],[4.973640716,51.957151852],[4.973626596,51.957153228],[4.973612431,51.957154367],[4.973598341,51.957155209],[4.973584209,51.957155819],[4.973570044,51.957156256],[4.973541652,51.957156792],[4.973498986,51.957157164],[4.973413596,51.957157587],[4.97337096,51.95715811],[4.97334262,51.957158894],[4.973328497,51.957159532],[4.973314422,51.957160416],[4.973300378,51.957161602],[4.973286381,51.957163036],[4.973258483,51.957166398],[4.97321676,51.957172092],[4.97313341,51.957183971],[4.973105585,51.957187698],[4.973077688,51.957191017],[4.973063691,51.957192413],[4.973049647,51.957193544],[4.97303547,51.957194357],[4.973021247,51.957194904],[4.973006986,51.957195255],[4.9729784,51.957195577],[4.972935434,51.957195573],[4.972820767,51.957195079],[4.972777816,51.957195279],[4.972749242,51.957195882],[4.972734989,51.957196443],[4.972720608,51.957197246],[4.97269191,51.957199379],[4.972648954,51.957203278],[4.972262783,51.957241825],[4.972234163,51.957244572],[4.97220552,51.95724712],[4.972176824,51.957249263],[4.972162443,51.957250075],[4.972148589,51.957250634],[4.972134714,51.957251015],[4.972106917,51.957251418],[4.972065163,51.957251543],[4.971967663,51.957251294],[4.971925888,51.957251331],[4.971898057,51.957251568],[4.971870254,51.95725216],[4.971841394,51.957253324],[4.971812564,51.957254857],[4.971754939,51.957258376],[4.971668535,51.957263961],[4.971611021,51.957268052],[4.971582366,51.957270507],[4.971568559,51.957271878],[4.971541013,51.957274906],[4.971513523,51.957278168],[4.971403728,51.957291883],[4.971362535,51.957296873],[4.971335026,51.957299919],[4.971321247,51.957301278],[4.971307441,51.957302472],[4.9712936,51.95730344],[4.971279784,51.957304132],[4.971265933,51.957304601],[4.97123816,51.957305087],[4.971196404,51.957305211],[4.971112799,51.957304872],[4.97107102,51.957304858],[4.971043208,51.957305123],[4.971015469,51.957305862],[4.971001645,51.957306526],[4.970987795,51.957307455],[4.970973978,51.957308602],[4.970946412,51.957311329],[4.97090515,51.957316001],[4.970781475,51.957330791],[4.970753949,51.957333882],[4.970726364,51.957336695],[4.970712533,51.957337931],[4.970684786,51.957339972],[4.970643026,51.957342391],[4.970587249,51.95734516],[4.970405953,51.957353727],[4.970211553,51.957362502],[4.970142109,51.957365475],[4.970071736,51.957367961],[4.969902241,51.957373203],[4.969831635,51.957375562],[4.969774274,51.957377835],[4.969559224,51.957386919],[4.96950302,51.957389075],[4.969335532,51.957395114],[4.969307641,51.957396251],[4.969279787,51.957397584],[4.969252005,51.957399293],[4.969238022,51.957400374],[4.969210124,51.957402886],[4.969168366,51.957407133],[4.969071036,51.957417608],[4.969029292,51.957421898],[4.969001416,51.957424453],[4.96897346,51.957426492],[4.968959019,51.957427235],[4.968944552,51.957427798],[4.96891556,51.957428565],[4.968871999,51.957429251],[4.96878482,51.957430262],[4.968741274,51.957431059],[4.968712302,51.957431996],[4.968697849,51.957432692],[4.968669491,51.95743462],[4.968641203,51.957437031],[4.96861295,51.957439687],[4.968457708,51.957455258],[4.968388089,51.957462586],[4.968210689,51.957482287],[4.968169695,51.957486386],[4.968142295,51.957488583],[4.968128558,51.95748939],[4.968114643,51.95748994],[4.968100701,51.957490273],[4.968072759,51.9574905],[4.968030769,51.957490255],[4.967946717,51.9574892],[4.96790471,51.957488822],[4.967876739,51.957488838],[4.967848826,51.95748932],[4.967834906,51.957489852],[4.967820973,51.957490644],[4.967807065,51.95749165],[4.967779305,51.957494088],[4.967737734,51.957498306],[4.967613137,51.957511824],[4.967543965,51.95751949],[4.967489493,51.957525826],[4.967298988,51.957548444],[4.967229753,51.957556337],[4.966487971,51.957636465],[4.966388437,51.957647364],[4.9661131,51.957678681],[4.965852785,51.957707599],[4.965825431,51.957710796],[4.965784314,51.957715852],[4.965674828,51.957729847],[4.965565423,51.957744077],[4.965524718,51.957749633],[4.965470682,51.957757243],[4.965069624,51.957814216],[4.965027236,51.957820554],[4.964999172,51.957825172],[4.964985252,51.957827704],[4.964971495,51.957830423],[4.964944204,51.957836301],[4.964903557,51.957845707],[4.964539202,51.957933345],[4.964498647,51.957942917],[4.964471478,51.957948987],[4.964457817,51.957951832],[4.964444073,51.957954482],[4.964430216,51.957956861],[4.964416313,51.957958897],[4.9644023,51.957960666],[4.964388205,51.957962241],[4.964359859,51.957965018],[4.964331396,51.957967521],[4.964217272,51.957976779],[4.964188713,51.957978878],[4.964160122,51.957980676],[4.964131688,51.957981906],[4.964117555,51.95798229],[4.964089255,51.957982776],[4.964046757,51.957983126],[4.963961716,51.957983522],[4.963919273,51.957984091],[4.9638911,51.957985016],[4.963877086,51.957985792],[4.963863147,51.957986884],[4.963849366,51.957988352],[4.963835659,51.957990131],[4.963822003,51.957992138],[4.963808382,51.957994307],[4.963781208,51.957998953],[4.963740563,51.958006331],[4.963700234,51.958014103],[4.96367387,51.958019755],[4.963661006,51.958022864],[4.963648477,51.958026271],[4.96363641,51.958030091],[4.963624978,51.958034474],[4.963614122,51.958039647],[4.963603919,51.958045403],[4.963594193,51.958051584],[4.963584808,51.95805807],[4.963566684,51.958071614],[4.963549022,51.958085568],[4.963496671,51.958128003],[4.963470308,51.95814912],[4.963443423,51.958169957],[4.963424748,51.958183754],[4.963396248,51.958204206],[4.963348358,51.958238122],[4.96330973,51.958264976],[4.963289944,51.958277938],[4.963279771,51.958284146],[4.963269302,51.958290062],[4.963258414,51.958295571],[4.963246951,51.958300517],[4.963235161,51.958304654],[4.963222823,51.958308256],[4.963210085,51.958311464],[4.963197056,51.95831439],[4.963183819,51.958317112],[4.963156958,51.958322173],[4.963061727,51.958338695],[4.963021138,51.958346052],[4.962994481,51.958351441],[4.962981384,51.958354414],[4.96296852,51.958357668],[4.962955971,51.958361305],[4.962943531,51.958365505],[4.962931418,51.958370103],[4.962919544,51.958374989],[4.962907838,51.958380081],[4.962884747,51.958390653],[4.962839104,51.958412457],[4.962782402,51.958440046],[4.962748883,51.958456924],[4.962727189,51.958468613],[4.962716679,51.958474683],[4.962696188,51.95848718],[4.962676111,51.958499956],[4.962656233,51.958512864],[4.962557344,51.958577746],[4.962428525,51.958661934],[4.962399401,51.958681649],[4.962380746,51.958695154],[4.962371845,51.958702109],[4.962363342,51.958709233],[4.962355151,51.958716507],[4.962339396,51.958731353],[4.962316599,51.958754026],[4.962256843,51.958814987],[4.962241504,51.958829966],[4.962233601,51.958837303],[4.962225447,51.958844476],[4.962216934,51.958851415],[4.962207926,51.958858029],[4.962198233,51.958864195],[4.96218794,51.958869699],[4.962176989,51.958874774],[4.962165557,51.958879532],[4.962153778,51.958884064],[4.962129554,51.958892696],[4.962104851,51.958901022],[4.96201757,51.958929721],[4.961905629,51.958966923],[4.961880663,51.958974805],[4.961868111,51.95897852],[4.961855482,51.958981991],[4.961842744,51.958985119],[4.961829856,51.958987771],[4.961816761,51.958989771],[4.961803398,51.95899098],[4.961789829,51.958991537],[4.961776105,51.958991616],[4.961762275,51.95899135],[4.961748365,51.958990839],[4.961734402,51.95899016],[4.961706379,51.958988496],[4.961509869,51.958975187],[4.961259485,51.958957838],[4.961190172,51.958952791],[4.960996535,51.958938164],[4.960941172,51.958934187],[4.960884968,51.958930561],[4.96075842,51.958922844],[4.96071623,51.95892044],[4.960688098,51.958919067],[4.960659954,51.958918105],[4.960645877,51.958917882],[4.960631435,51.958917894],[4.960616988,51.958918103],[4.960602538,51.958918458],[4.960573627,51.958919454],[4.960472412,51.958923958],[4.960429093,51.958925643],[4.96040031,51.958926252],[4.960385976,51.958926249],[4.960371703,51.958925928],[4.960357513,51.95892517],[4.960343569,51.958923892],[4.960329705,51.958922185],[4.960315902,51.958920166],[4.960302141,51.958917921],[4.960288411,51.958915517],[4.960261007,51.958910415],[4.960151575,51.958889002],[4.96009671,51.958878644],[4.960069111,51.958873858],[4.960055282,51.958871648],[4.960013576,51.958865518],[4.959943787,51.958855945],[4.95987391,51.958846652],[4.959845922,51.95884317],[4.959817874,51.958840087],[4.959803807,51.958838805],[4.959789699,51.958837788],[4.959775456,51.958837089],[4.959761172,51.958836657],[4.959732517,51.958836319],[4.959689429,51.958836493],[4.95953125,51.958838243],[4.959458869,51.958838644],[4.959022655,51.958839052],[4.958760859,51.95883899],[4.958731854,51.958839316],[4.958717395,51.958839653],[4.958702983,51.958840174],[4.958688634,51.958840955],[4.958674376,51.958842094],[4.958660495,51.958843637],[4.958646699,51.958845528],[4.958632968,51.958847671],[4.958619283,51.958849996],[4.958578382,51.958857597],[4.958455941,51.958881546],[4.958428629,51.958886625],[4.95840118,51.958891379],[4.958373292,51.958895695],[4.958345268,51.958899688],[4.958176511,51.958922193],[4.958148446,51.958926094],[4.958120473,51.958930223],[4.95808019,51.958936774],[4.958040052,51.958943688],[4.957933195,51.958962552],[4.957879905,51.958972251],[4.957839984,51.95898008],[4.957799934,51.95898859],[4.957693558,51.959012099],[4.957627252,51.95902708],[4.957600899,51.959033326],[4.95757469,51.959039948],[4.957548625,51.95904695],[4.957509745,51.95905778],[4.957445131,51.959076113],[4.957393578,51.959090949],[4.957355216,51.959102436],[4.957329782,51.959110609],[4.957291848,51.959123652],[4.957241679,51.959141532],[4.957166649,51.959168604],[4.957116969,51.959186985],[4.957092999,51.959196314],[4.957058277,51.959210445],[4.957000847,51.959234431],[4.956920674,51.959268223],[4.956875204,51.95928783],[4.956851984,51.959298217],[4.956817402,51.959314015],[4.956702636,51.95936711],[4.95664552,51.959393872],[4.9566007,51.959415477],[4.956466909,51.959480831],[4.956410968,51.959507907],[4.956365589,51.959529369],[4.956206182,51.959604024],[4.956172154,51.959620225],[4.956126859,51.959642154],[4.956002658,51.959702745],[4.955946333,51.959730496],[4.955732559,51.959837834],[4.955564194,51.959921799],[4.95551944,51.959944297],[4.955464195,51.959972805],[4.95534354,51.960036107],[4.955299983,51.960059347],[4.955267656,51.96007726],[4.95520376,51.960113857],[4.953674949,51.960995441],[4.953622005,51.961026142],[4.953580981,51.961050565],[4.953531344,51.961080907],[4.953392872,51.961166191],[4.953216049,51.961275927],[4.953156958,51.961312429],[4.952969144,51.961427789],[4.95283885,51.961507484],[4.952798568,51.961531879],[4.952767922,51.961549886],[4.952736868,51.96156723],[4.952673833,51.961601305],[4.952578834,51.961652105],[4.952557518,51.961663235],[4.952535933,51.961674158],[4.952502235,51.961690281],[4.952456646,51.96171127],[4.952376492,51.961747714],[4.952330526,51.96176839],[4.952307355,51.961778557],[4.95228363,51.961788581],[4.952247139,51.961803329],[4.952185846,51.961827481],[4.952087545,51.961865906],[4.952050465,51.961880088],[4.952013716,51.961893525],[4.951964733,51.961910733],[4.951841817,51.961953273],[4.951792587,51.961970217],[4.951742033,51.96198737],[4.951601595,51.962034497],[4.951537603,51.962055734],[4.951499293,51.962068067],[4.951435398,51.962088141],[4.951307391,51.962128036],[4.95124303,51.962147779],[4.951177697,51.962167274],[4.950839604,51.96226742],[4.950787839,51.962282507],[4.950761772,51.962289765],[4.950735413,51.962296563],[4.950722247,51.962299655],[4.950695652,51.96230543],[4.950641951,51.96231619],[4.950507156,51.96234229],[4.950466615,51.962349695],[4.950439447,51.962354055],[4.95042578,51.962355902],[4.95041203,51.962357413],[4.950397826,51.96235854],[4.950383534,51.962359316],[4.95036918,51.96235984],[4.95034035,51.9623604],[4.95031143,51.962360605],[4.950152106,51.962360568],[4.950123174,51.96236032],[4.950094287,51.962359708],[4.950079872,51.962359167],[4.950065482,51.962358413],[4.950051113,51.962357484],[4.950022415,51.962355287],[4.949979419,51.96235156],[4.949864827,51.962341082],[4.94982192,51.962336972],[4.949793406,51.962333977],[4.949765056,51.962330525],[4.949737837,51.962326524],[4.949710772,51.962322085],[4.949683789,51.962317417],[4.949549122,51.962293348],[4.949495128,51.96228401],[4.949467565,51.962279567],[4.949439462,51.962275289],[4.949326713,51.962258911],[4.949298492,51.962254961],[4.949270237,51.962251237],[4.949241911,51.962248006],[4.949227702,51.962246716],[4.949213447,51.96224576],[4.949199057,51.962245208],[4.949184618,51.962244992],[4.949155647,51.962245211],[4.949112059,51.962246359],[4.949053889,51.962248421],[4.949010411,51.962250364],[4.948996007,51.962251203],[4.948981684,51.962252218],[4.948967479,51.962253486],[4.948953435,51.962255109],[4.948939614,51.962257222],[4.948926444,51.962259853],[4.948913485,51.962262953],[4.948900684,51.962266399],[4.948887996,51.962270095],[4.94886284,51.962277969],[4.948800424,51.962298678],[4.948775428,51.962306821],[4.948750278,51.962314487],[4.948737595,51.962317988],[4.948724803,51.962321145],[4.948711858,51.962323826],[4.948698705,51.962325857],[4.948685135,51.962327112],[4.948671354,51.962327704],[4.948657417,51.962327813],[4.94864337,51.962327575],[4.948615061,51.962326432],[4.948572336,51.9623239],[4.948429583,51.962314366],[4.948401103,51.962312717],[4.9483869,51.962312034],[4.94837274,51.962311505],[4.948358638,51.962311198],[4.948344619,51.962311201],[4.948330715,51.962311639],[4.948316969,51.96231267],[4.948303524,51.962314408],[4.948290233,51.96231673],[4.948277057,51.962319483],[4.948263964,51.962322546],[4.94825093,51.96232583],[4.948237937,51.962329271],[4.948212028,51.962336437],[4.948121523,51.962362194],[4.948095565,51.962369195],[4.94808253,51.962372491],[4.948069435,51.962375573],[4.948056257,51.962378354],[4.948042963,51.962380716],[4.948029512,51.962382511],[4.948015793,51.962383618],[4.948001916,51.962384153],[4.947987922,51.96238427],[4.947973846,51.962384086],[4.947959711,51.96238369],[4.947931332,51.962382506],[4.947746188,51.962372661],[4.94757519,51.962364266],[4.947546847,51.962362583],[4.947532764,51.962361569],[4.94751878,51.962360369],[4.947504935,51.962358904],[4.947491285,51.962357068],[4.947477902,51.962354724],[4.947464633,51.962351708],[4.947451639,51.96234817],[4.947438843,51.962344253],[4.947426188,51.962340069],[4.947413631,51.962335696],[4.947388701,51.962326601],[4.947351582,51.96231252],[4.947327046,51.962302934],[4.947302869,51.962293083],[4.947291021,51.962287982],[4.947279426,51.962282696],[4.947268179,51.962277155],[4.947257349,51.962271293],[4.947246868,51.962265174],[4.94723664,51.962258869],[4.947216672,51.962245902],[4.94718732,51.962226016],[4.94706127,51.962139061],[4.947022328,51.962112423],[4.946992613,51.962092802],[4.946982463,51.962086434],[4.946972103,51.962080212],[4.946961453,51.962074194],[4.946950582,51.96206849],[4.946939428,51.962062986],[4.946928067,51.962057627],[4.946893265,51.962042051],[4.946751885,51.961981251],[4.946704453,51.96196131],[4.946680361,51.961951739],[4.946668117,51.96194716],[4.946642934,51.961938462],[4.946617315,51.961930223],[4.946565539,51.96191431],[4.946175902,51.961796354],[4.946124239,51.961780304],[4.946098706,51.961771939],[4.946086118,51.961767613],[4.946061158,51.961758715],[4.946011665,51.961740439],[4.945789708,51.961657332],[4.945555245,51.961569783],[4.945530676,51.961560467],[4.945506282,51.961550992],[4.945482239,51.961541199],[4.945470516,51.961536162],[4.945435924,51.961520528],[4.945401746,51.961504521],[4.944993095,51.961311062],[4.944948089,51.961289258],[4.944926519,51.961278398],[4.944894453,51.961261888],[4.944862588,51.961245233],[4.944830995,51.961228398],[4.944810275,51.96121696],[4.944790121,51.961205166],[4.944780233,51.961198983],[4.94476098,51.961186285],[4.94474214,51.961173328],[4.944686188,51.961134114],[4.944667211,51.961121264],[4.944657532,51.961114967],[4.944647657,51.961108802],[4.944637514,51.961102815],[4.944626993,51.961097018],[4.944605216,51.961085918],[4.944582857,51.961075207],[4.944548831,51.961059467],[4.944400467,51.960991879],[4.944354622,51.960971256],[4.944308007,51.960950903],[4.944225972,51.960915685],[4.944190579,51.960900828],[4.944166711,51.960891197],[4.944154626,51.960886535],[4.94413057,51.960877776],[4.944106193,51.960869342],[4.944057027,51.960852889],[4.943871657,51.960791781],[4.943643011,51.960717547],[4.943592172,51.960701262],[4.943503193,51.960673087],[4.943426851,51.96064903],[4.943388573,51.960637136],[4.943362797,51.960629315],[4.943323751,51.960617748],[4.943154114,51.960568173],[4.943115219,51.960556424],[4.943090248,51.960548571],[4.943015822,51.960524422],[4.942830232,51.960463468],[4.942768182,51.960442577],[4.942594534,51.960383426],[4.942544689,51.960366796],[4.942494615,51.96035075],[4.942356328,51.960307303],[4.942318854,51.960295191],[4.942294153,51.960286812],[4.942281592,51.960282343],[4.942256703,51.960273152],[4.942219678,51.96025903],[4.942145939,51.960230445],[4.942096887,51.960211285],[4.942060334,51.9601967],[4.942036529,51.960186822],[4.942001655,51.96017178],[4.941828692,51.960095277],[4.9417714,51.960069481],[4.941748774,51.96005888],[4.941715198,51.960042617],[4.941593161,51.959982117],[4.941560139,51.959965422],[4.941527084,51.959948146],[4.941483223,51.959924551],[4.941373996,51.959865249],[4.941330126,51.959841657],[4.941275148,51.959812697],[4.941131646,51.959737798],[4.941098799,51.959720338],[4.94107724,51.959708476],[4.941056644,51.959696498],[4.941027277,51.959678306],[4.940998389,51.9596598],[4.940902595,51.959597783],[4.940863703,51.959573087],[4.940823735,51.959548337],[4.940703303,51.959474413],[4.94068343,51.959461979],[4.940663832,51.959449389],[4.940644915,51.959436643],[4.94061766,51.959417234],[4.940528692,51.959351468],[4.940501721,51.959331917],[4.940483303,51.959319154],[4.94047385,51.959312926],[4.940464156,51.959306849],[4.940454011,51.959300866],[4.940443617,51.959295038],[4.940422325,51.959283695],[4.940389713,51.959267103],[4.940312916,51.959228829],[4.940280567,51.959212118],[4.940270058,51.959206397],[4.940259788,51.959200547],[4.940249844,51.959194515],[4.940240348,51.95918824],[4.94023122,51.959181535],[4.940222552,51.959174576],[4.940214222,51.959167434],[4.940198214,51.959152791],[4.940175025,51.959130377],[4.940106359,51.959062629],[4.940082936,51.959040285],[4.940066745,51.959025643],[4.940049787,51.959011302],[4.940023494,51.958990166],[4.939925229,51.958913487],[4.939889985,51.958885387],[4.939872934,51.958871087],[4.939856634,51.958856557],[4.93984078,51.95884183],[4.939817377,51.958819573],[4.939770931,51.9587749],[4.939740212,51.958745029],[4.939717794,51.958722408],[4.93970354,51.958706985],[4.939689887,51.958691252],[4.939663469,51.958659472],[4.939604866,51.958587673],[4.939579156,51.958555666],[4.939566685,51.958539551],[4.939548947,51.958515344],[4.939526012,51.958482859],[4.93948628,51.958425894],[4.939469531,51.958401419],[4.939458746,51.958385018],[4.939448634,51.95836847],[4.939444091,51.95836034],[4.939435597,51.95834395],[4.939423656,51.958319189],[4.93936227,51.958186533],[4.939303432,51.958061188],[4.939295311,51.958044534],[4.939286833,51.958027955],[4.939277589,51.958011318],[4.939267563,51.957994627],[4.939241283,51.957953157],[4.93917705,51.95785388],[4.939144394,51.957804622],[4.939078652,51.957706217],[4.939045847,51.957657945],[4.938963725,51.957538474],[4.938896682,51.957441768],[4.938874071,51.957409514],[4.93886246,51.957393494],[4.938850314,51.95737766],[4.938843895,51.957369864],[4.938837126,51.957362189],[4.938830047,51.957354779],[4.938814955,51.957340284],[4.938799109,51.957326049],[4.938782872,51.95731195],[4.938733543,51.957269869],[4.938709395,51.95724869],[4.938694134,51.95723434],[4.938686993,51.95722703],[4.938680349,51.957219585],[4.938674379,51.957211954],[4.938669176,51.957204011],[4.938664658,51.95719588],[4.938660647,51.957187611],[4.938656999,51.957179243],[4.93865361,51.957170803],[4.938647322,51.95715379],[4.938626841,51.957093826],[4.938617783,51.957068184],[4.938611233,51.957051198],[4.938607665,51.957042767],[4.938603797,51.957034399],[4.938599526,51.957026116],[4.938594658,51.957017768],[4.938589373,51.957009507],[4.938583785,51.95700131],[4.938572028,51.956985037],[4.93855985,51.956968851],[4.938535046,51.956936572],[4.938516213,51.956912441],[4.938503368,51.956896469],[4.938489955,51.956880723],[4.938482868,51.956872999],[4.938475397,51.956865428],[4.938467561,51.956858142],[4.938459347,51.956851003],[4.938442163,51.956837025],[4.938424391,51.956823276],[4.938351867,51.956768853],[4.938325229,51.956748241],[4.938316641,51.956741263],[4.938308304,51.956734191],[4.938300317,51.956726992],[4.938292806,51.956719617],[4.938285971,51.956712142],[4.938279601,51.956704495],[4.938273571,51.956696723],[4.938262181,51.956680933],[4.938245953,51.956656934],[4.938214203,51.95660867],[4.938198086,51.956584608],[4.938187001,51.956568667],[4.938175362,51.956552887],[4.938163029,51.956537478],[4.938150146,51.956522229],[4.938130304,51.956499501],[4.938090157,51.956454183],[4.938077032,51.95643903],[4.938064426,51.956423776],[4.938058475,51.956416082],[4.938052892,51.956408318],[4.938047812,51.956400457],[4.938043417,51.956392466],[4.938039816,51.956384229],[4.938036911,51.956375858],[4.938034523,51.956367389],[4.938032509,51.956358847],[4.938029212,51.956341623],[4.938026465,51.956324289],[4.938018984,51.956272145],[4.938016072,51.956254887],[4.938014342,51.956246338],[4.938012313,51.956237876],[4.938009856,51.956229538],[4.938006803,51.956221376],[4.938002923,51.956213454],[4.937997922,51.956205862],[4.937991371,51.956198481],[4.937983645,51.956191445],[4.937975062,51.956184659],[4.937965867,51.956178055],[4.937956239,51.956171577],[4.937936176,51.95615886],[4.93786365,51.956115018],[4.937843329,51.956102334],[4.937833431,51.956095893],[4.937823812,51.956089344],[4.937814585,51.956082645],[4.937805897,51.956075737],[4.937797951,51.956068544],[4.937791113,51.956061245],[4.937784976,51.956053675],[4.937779354,51.956045906],[4.937774105,51.956037992],[4.937769124,51.956029976],[4.937759665,51.956013751],[4.937732416,51.955964622],[4.937722999,51.955948343],[4.93771808,51.955940268],[4.937712943,51.95593226],[4.937707509,51.955924342],[4.937701672,51.955916547],[4.937695323,51.955908872],[4.937688569,51.955901319],[4.93768152,51.955893857],[4.937674255,51.955886461],[4.937659309,51.955871794],[4.937636381,51.95584995],[4.93753627,51.955755522],[4.937460852,51.955683144],[4.937446025,51.955668602],[4.937431518,51.955653957],[4.937417646,51.95563911],[4.937411108,51.95563156],[4.937404767,51.955623697],[4.93739873,51.955615736],[4.937387259,51.955599623],[4.937370842,51.955575202],[4.937322701,51.955501579],[4.937300948,51.955468948],[4.937283985,51.955444638],[4.937254852,51.955404334],[4.937219364,51.955356135],[4.937207081,51.955340252],[4.937200702,51.955332408],[4.937194071,51.955324665],[4.937187092,51.955317064],[4.937179633,51.955309658],[4.937171502,51.955302415],[4.937162885,51.955295369],[4.937153911,51.955288467],[4.937135279,51.955274944],[4.937116137,51.955261627],[4.937038677,51.955208698],[4.937019652,51.955195295],[4.937001104,51.955181655],[4.936983294,51.955167698],[4.936965954,51.955153506],[4.936940358,51.95513201],[4.936889507,51.955088839],[4.936863832,51.955067368],[4.936846354,51.955053226],[4.936828562,51.955039571],[4.936810482,51.955026387],[4.936792109,51.955013334],[4.936745747,51.954980849],[4.936717784,51.954961475],[4.936698937,51.954948816],[4.936689372,51.954942663],[4.936679652,51.954936705],[4.936669707,51.954931026],[4.936659448,51.95492574],[4.936648752,51.954920997],[4.936637462,51.954916994],[4.936624978,51.954913785],[4.936611858,51.954911367],[4.936598277,51.954909522],[4.936584363,51.954908089],[4.936570217,51.954906946],[4.936541486,51.954905202],[4.936512442,51.95490384],[4.936395701,51.954899055],[4.936366863,51.954897503],[4.936352656,51.954896515],[4.936338684,51.954895292],[4.936325051,51.954893729],[4.936311901,51.954891685],[4.936299426,51.95488897],[4.93628788,51.954885329],[4.93627755,51.954880603],[4.936268136,51.954874965],[4.936259389,51.954868662],[4.936251121,51.954861883],[4.936243193,51.954854768],[4.9362355,51.954847421],[4.93622054,51.954832308],[4.93616932,51.954778299],[4.936146867,51.95475547],[4.936139123,51.954748021],[4.936131148,51.954740711],[4.936122854,51.954733593],[4.936114114,51.954726742],[4.936104764,51.954720252],[4.936094653,51.954714191],[4.936083932,51.954708493],[4.936072763,51.954703061],[4.936061273,51.954697818],[4.936049553,51.954692713],[4.936025681,51.954682757],[4.935928579,51.954643882],[4.935904616,51.954634012],[4.935892853,51.95462897],[4.935881332,51.954623811],[4.935870158,51.954618482],[4.935859478,51.954612912],[4.935849485,51.954607009],[4.935840434,51.954600646],[4.935832729,51.954593912],[4.935825924,51.954586741],[4.93581978,51.954579248],[4.935814117,51.954571523],[4.935808794,51.954563631],[4.935798791,51.954547538],[4.93578924,51.954531226],[4.935756407,51.954473837],[4.935741788,51.954449422],[4.935731383,51.954433355],[4.935725813,51.954425434],[4.935719884,51.954417624],[4.935713279,51.95440967],[4.935706291,51.954401835],[4.935699025,51.954394084],[4.93568396,51.954378746],[4.935652878,51.954348363],[4.935582068,51.954280295],[4.935566093,51.95426527],[4.935542159,51.954243346],[4.935461245,51.954170736],[4.935428447,51.954141896],[4.935411601,51.954127694],[4.935402945,51.954120703],[4.935384965,51.954106931],[4.935366476,51.954093402],[4.93527222,51.954026609],[4.93525352,51.954013161],[4.935235088,51.953999571],[4.935217334,51.953985888],[4.93520025,51.953972112],[4.935183439,51.953958186],[4.935133483,51.953916178],[4.935116595,51.953902444],[4.935107979,51.953895755],[4.935099175,51.953889263],[4.935090099,51.953883054],[4.935080642,51.953877241],[4.935070659,51.953871977],[4.935059958,51.95386746],[4.93504829,51.953863823],[4.935035896,51.953860945],[4.935022968,51.953858624],[4.935009653,51.953856704],[4.934996065,51.953855073],[4.934982285,51.953853641],[4.934954378,51.953851142],[4.934884034,51.953845453],[4.93485608,51.95384289],[4.934842231,51.953841419],[4.934828518,51.953839748],[4.934814991,51.953837798],[4.93480172,51.953835463],[4.934788798,51.953832605],[4.934776319,51.953829122],[4.934764187,51.953825119],[4.934752305,51.953820735],[4.934740608,51.953816077],[4.934717562,51.953806234],[4.934683431,51.953790821],[4.934649523,51.953775122],[4.934615861,51.95375923],[4.934593732,51.953748411],[4.934572194,51.953737262],[4.934551245,51.953725779],[4.934520312,51.953708195],[4.934458923,51.953672691],[4.934427938,51.953655252],[4.934406802,51.953644121],[4.934395953,51.953638846],[4.93438482,51.953633864],[4.934373298,51.953629282],[4.934361372,51.953625206],[4.934349062,51.953621529],[4.934336469,51.953618143],[4.934310722,51.953611951],[4.934271371,51.953603419],[4.934192032,51.953587011],[4.9341657,51.953581414],[4.934139609,51.953575548],[4.934126724,51.953572436],[4.934114006,51.953569141],[4.934101512,51.953565594],[4.934089324,51.953561706],[4.934077028,51.953557221],[4.934065058,51.953552372],[4.934053326,51.953547258],[4.934041763,51.953541955],[4.934018959,51.953530992],[4.93399638,51.953519778],[4.933658714,51.953349729],[4.933625161,51.95333254],[4.933603159,51.953320843],[4.933592371,51.953314857],[4.933581804,51.95330873],[4.933571679,51.953302543],[4.933552011,51.953289796],[4.933523297,51.953270167],[4.933447883,51.953217073],[4.933419356,51.95319734],[4.933399916,51.953184488],[4.933389948,51.95317824],[4.933379726,51.953172176],[4.933369158,51.953166361],[4.933357968,51.953160754],[4.93334642,51.953155405],[4.93332261,51.953145221],[4.933285942,51.953130622],[4.933199443,51.953097244],[4.933175227,51.953087448],[4.933163418,51.953082395],[4.933151932,51.953077169],[4.933140908,51.953071703],[4.933130529,51.9530659],[4.933121038,51.953059632],[4.933112861,51.953053003],[4.93310553,51.953045932],[4.93309882,51.953038536],[4.933092559,51.953030906],[4.933086618,51.953023107],[4.933075345,51.953007196],[4.933043066,51.952958652],[4.933026445,51.952934597],[4.933020595,51.952926721],[4.933014477,51.95291897],[4.93300798,51.952911392],[4.933000962,51.952904053],[4.932993237,51.952897038],[4.932984539,51.952890334],[4.932975121,51.952883961],[4.932965174,51.95287783],[4.932954847,51.952871874],[4.93294425,51.952866042],[4.932922553,51.952854611],[4.932845123,51.952815281],[4.932812426,51.952798155],[4.932801788,51.952792304],[4.932791373,51.952786331],[4.932781265,51.952780189],[4.932771578,51.952773816],[4.932762397,51.952767162],[4.932753636,51.952760277],[4.93274518,51.952753226],[4.932736945,51.952746052],[4.93272089,51.952731477],[4.932634832,51.952650072],[4.932611115,51.952627976],[4.932595078,51.952613402],[4.932546112,51.952570229],[4.932455558,51.952491414],[4.932422075,51.952463003],[4.932396019,51.952441841],[4.932360703,51.952413873],[4.932289549,51.952358138],[4.932272042,51.952344127],[4.932255116,51.952329953],[4.932247062,51.952322753],[4.932239439,51.952315434],[4.932232418,51.952307948],[4.932226223,51.952300234],[4.932221156,51.952292443],[4.932216879,51.952284434],[4.932213181,51.952276264],[4.932209903,51.952267979],[4.932206921,51.952259611],[4.932201511,51.952242718],[4.932196479,51.952225721],[4.932169794,51.952132],[4.932165406,51.952114952],[4.932163445,51.952106416],[4.932161722,51.952097869],[4.932160328,51.952089305],[4.932159305,51.952080416],[4.932158631,51.952071509],[4.932158213,51.952062589],[4.932157864,51.952044723],[4.932158835,51.95192842],[4.9321585,51.951901585],[4.932157822,51.951884268],[4.932153086,51.951806339],[4.932150007,51.951763077],[4.932148266,51.951745835],[4.932147121,51.951737248],[4.932145687,51.951728697],[4.932143855,51.951720194],[4.93214148,51.951711758],[4.932138391,51.951703267],[4.932134742,51.951694845],[4.932130684,51.951686473],[4.932126333,51.951678137],[4.932112271,51.951653253],[4.932077883,51.951595381],[4.932063417,51.951570522],[4.93205417,51.951553873],[4.932049761,51.951545507],[4.932041675,51.951529085],[4.932034028,51.951512575],[4.932019266,51.951479446],[4.932001077,51.951437977],[4.931990489,51.951413076],[4.931983959,51.951396449],[4.931981016,51.951388118],[4.931978407,51.951379768],[4.931976258,51.951371394],[4.931974734,51.951362986],[4.931973951,51.951354155],[4.931973844,51.951345287],[4.931974229,51.951336392],[4.931974971,51.951327479],[4.931977129,51.951309613],[4.931985268,51.951255934],[4.931987559,51.951238086],[4.931988393,51.951229191],[4.931988887,51.951220328],[4.931988902,51.951211511],[4.931988249,51.951202758],[4.931986674,51.951194092],[4.931984037,51.951185693],[4.93198051,51.951177378],[4.931976331,51.951169125],[4.931971684,51.951160918],[4.931966702,51.951152742],[4.93195612,51.951136451],[4.931922846,51.951087715],[4.931906626,51.951063265],[4.931896531,51.951046839],[4.931891886,51.951038553],[4.931887639,51.951030196],[4.931883901,51.95102181],[4.931880556,51.951013353],[4.9318775,51.951004842],[4.93187196,51.95098772],[4.931864389,51.950961905],[4.931847302,51.950901568],[4.931839186,51.950875855],[4.931836133,51.950867348],[4.931832789,51.950858893],[4.931829047,51.950850511],[4.931824832,51.950842236],[4.931820222,51.950834035],[4.931815323,51.950825886],[4.93180495,51.950809692],[4.93178865,51.950785536],[4.931744467,51.950721252],[4.931728647,51.950697005],[4.931718998,51.95068067],[4.931714668,51.95067241],[4.931710722,51.95066394],[4.931707147,51.9506554],[4.93170073,51.950638183],[4.931694871,51.950620859],[4.93165629,51.950499129],[4.931614906,51.950373287],[4.931609606,51.950356489],[4.931604642,51.950339663],[4.931600324,51.950322778],[4.931598459,51.950313927],[4.931595359,51.950296171],[4.931591573,51.950269457],[4.931583719,51.950207041],[4.931579761,51.950180375],[4.931576226,51.950162722],[4.931573941,51.950153966],[4.931571132,51.950145283],[4.931567825,51.950137019],[4.931564027,51.950128822],[4.93155987,51.950120675],[4.931555448,51.950112564],[4.931546104,51.950096414],[4.931496896,51.950015988],[4.931477749,51.949983697],[4.931459098,51.949950014],[4.931422983,51.949882393],[4.931409065,51.949857142],[4.931399192,51.949840473],[4.931393911,51.949832234],[4.93138828,51.949824091],[4.931382292,51.949816152],[4.931369381,51.949800535],[4.931355732,51.949785121],[4.931334646,51.94976217],[4.931277808,51.949701127],[4.931249671,51.949670396],[4.93113163,51.94953781],[4.931069111,51.949468429],[4.931041143,51.949437666],[4.931019648,51.949414814],[4.931004607,51.949399884],[4.930996688,51.94939259],[4.930988352,51.949385397],[4.930970876,51.949371356],[4.93094359,51.949350753],[4.93090652,51.949323578],[4.930859852,51.949289774],[4.930831426,51.949269735],[4.930812096,51.949256743],[4.930792451,51.94924408],[4.930762583,51.949225315],[4.930672508,51.949169287],[4.930652723,51.949156703],[4.930633245,51.949143943],[4.93061389,51.949130691],[4.930594852,51.949117256],[4.930491451,51.949042618],[4.930472315,51.949029291],[4.930462563,51.949022759],[4.930452616,51.949016364],[4.9304424,51.949010162],[4.930431813,51.949004225],[4.930420808,51.948998628],[4.930409432,51.948993294],[4.930397787,51.948988153],[4.930385948,51.948983149],[4.930361904,51.948973405],[4.930288895,51.948944788],[4.93026477,51.948935087],[4.930241087,51.94892505],[4.930229533,51.948919814],[4.930218268,51.94891436],[4.930207447,51.948908691],[4.930196908,51.948902806],[4.930176403,51.948890606],[4.930156338,51.948878071],[4.930096894,51.948839902],[4.930076937,51.948827295],[4.930056628,51.948814967],[4.93004624,51.948808988],[4.930035613,51.948803199],[4.930024659,51.94879767],[4.930013228,51.948792423],[4.930001467,51.948787438],[4.929989465,51.948782644],[4.929964994,51.948773428],[4.929927703,51.948760067],[4.929827628,51.948724939],[4.929765423,51.94870282],[4.929593796,51.94864032],[4.929557124,51.948626821],[4.929520659,51.948613119],[4.929497057,51.948603962],[4.929461857,51.948590027],[4.929344917,51.948543178],[4.929310057,51.948528942],[4.929287093,51.948519226],[4.929275768,51.948514239],[4.929264601,51.948509126],[4.929253338,51.948503715],[4.92924224,51.94849817],[4.92922037,51.948486814],[4.929187992,51.948469433],[4.929069922,51.948405165],[4.92903737,51.948387902],[4.929015239,51.948376616],[4.9289814,51.94836002],[4.928947285,51.948343629],[4.928627786,51.948191446],[4.928605095,51.948180489],[4.928582666,51.948169359],[4.928560779,51.948157872],[4.928550183,51.948151901],[4.928540287,51.948145967],[4.928521143,51.948133671],[4.928502513,51.948121035],[4.928447655,51.948082445],[4.928402427,51.948050029],[4.928384734,51.94803689],[4.928376091,51.948030231],[4.928367658,51.948023481],[4.928359509,51.948016606],[4.928351601,51.948009483],[4.928343983,51.948002232],[4.92833658,51.947994888],[4.928322199,51.947980012],[4.928301174,51.947957458],[4.928259525,51.947912175],[4.928238293,51.947889718],[4.928223575,51.947874998],[4.928215901,51.947867779],[4.928207909,51.947860701],[4.928199602,51.947853849],[4.92818214,51.947840524],[4.928154784,51.947821055],[4.928014723,51.947725176],[4.92791999,51.947659897],[4.92788226,51.947633708],[4.927854497,51.947613825],[4.927836708,51.947600245],[4.927828215,51.947593275],[4.927820016,51.947586086],[4.927812115,51.947578762],[4.927796906,51.947563848],[4.927774875,51.947541123],[4.927717023,51.94748012],[4.927702269,51.947465002],[4.927687046,51.947450094],[4.927679133,51.947442778],[4.927670915,51.947435599],[4.927662187,51.947428476],[4.927653147,51.947421495],[4.927634454,51.947407808],[4.927595926,51.947380954],[4.927469403,51.947294267],[4.927304328,51.94718072],[4.927155434,51.947077565],[4.927136654,51.947064963],[4.927127116,51.947058783],[4.927117419,51.947052731],[4.927107501,51.947046858],[4.927097278,51.947041232],[4.927086642,51.94703594],[4.927075204,51.947030931],[4.927063331,51.947026273],[4.927051139,51.947021874],[4.927038716,51.947017661],[4.927013413,51.947009597],[4.926987765,51.947001803],[4.926910366,51.946978792],[4.926884935,51.946970915],[4.926872463,51.94696684],[4.926860258,51.946962614],[4.926848441,51.946958173],[4.926837166,51.946953427],[4.926826647,51.946948262],[4.92681716,51.946942519],[4.926808954,51.946936097],[4.926801776,51.946929102],[4.926795352,51.946921685],[4.926789473,51.946913966],[4.926783984,51.94690603],[4.926778767,51.946897941],[4.926768834,51.946881485],[4.926744964,51.946839809],[4.926735239,51.946823237],[4.926724993,51.946806955],[4.926719503,51.946799018],[4.926713626,51.946791297],[4.926707204,51.94678388],[4.926700028,51.946776882],[4.926691825,51.946770456],[4.926682374,51.946764727],[4.926671898,51.946759568],[4.92666067,51.946754828],[4.926648899,51.94675039],[4.926636745,51.946746167],[4.926624323,51.946742095],[4.926598991,51.946734224],[4.926521874,51.946711233],[4.926496314,51.946703449],[4.926471093,51.946695398],[4.926458706,51.946691193],[4.926446546,51.946686804],[4.926434702,51.94668216],[4.926423286,51.946677169],[4.926412162,51.946671638],[4.92640148,51.94666575],[4.926391114,51.946659602],[4.926380974,51.94665327],[4.92636111,51.946640261],[4.926331795,51.946620343],[4.926302714,51.946600261],[4.926283523,51.946586799],[4.926264755,51.946573185],[4.926255673,51.946566268],[4.926246913,51.946559234],[4.926238609,51.946552032],[4.926230933,51.946544597],[4.926224127,51.946536997],[4.926217934,51.94652917],[4.926212191,51.946521175],[4.926201589,51.946504858],[4.926186829,51.946479953],[4.926163054,51.946438135],[4.926153372,51.946421496],[4.926143224,51.946405086],[4.926137817,51.946397047],[4.926132053,51.946389185],[4.926125788,51.946381573],[4.926118826,51.946374308],[4.926110911,51.946367519],[4.926101706,51.946361228],[4.926091526,51.946355424],[4.926080637,51.946349974],[4.926069239,51.946344779],[4.926057482,51.946339762],[4.926045477,51.94633487],[4.926021022,51.946325311],[4.925959104,51.946301798],[4.925934506,51.946292283],[4.925910328,51.946282506],[4.925898525,51.946277438],[4.925887019,51.946272183],[4.925875922,51.946266667],[4.925865388,51.946260795],[4.925855619,51.946254543],[4.925846403,51.94624794],[4.925837588,51.946241082],[4.925829063,51.94623404],[4.925820741,51.946226869],[4.925804474,51.94621229],[4.925700876,51.946116171],[4.925517001,51.945946496],[4.925429428,51.945865112],[4.925413324,51.945850431],[4.92539683,51.945836],[4.92538831,51.945828959],[4.925379499,51.945822103],[4.925370286,51.945815504],[4.925360518,51.94580926],[4.925350308,51.945803571],[4.925339565,51.945798224],[4.925328428,51.945793129],[4.925317006,51.945788215],[4.92530538,51.945783431],[4.925281742,51.945774111],[4.925185751,51.94573775],[4.925161924,51.945728545],[4.925138469,51.945719095],[4.925126992,51.945714205],[4.925115773,51.945709143],[4.92510491,51.945703846],[4.925094534,51.945698229],[4.925084505,51.945692067],[4.925074981,51.945685572],[4.925065823,51.945678834],[4.925048209,51.945664892],[4.925031109,51.945650608],[4.924997448,51.945621681],[4.924964181,51.945592583],[4.924947977,51.945577892],[4.924940121,51.945570464],[4.924932522,51.945562947],[4.924925277,51.945555307],[4.92491841,51.945547445],[4.924911905,51.945539457],[4.924899604,51.945523234],[4.924876321,51.945490337],[4.924802274,51.945382885],[4.924725791,51.945269744],[4.924714717,51.945253628],[4.924703354,51.945237607],[4.9246914,51.945221774],[4.924685049,51.945213978],[4.924678378,51.945206305],[4.924664294,51.945191199],[4.92464963,51.945176277],[4.924604502,51.945131868],[4.924566394,51.945095076],[4.924550713,51.945080579],[4.924542643,51.945073445],[4.924534336,51.945066429],[4.924525706,51.945059576],[4.924516508,51.945052797],[4.924506974,51.945046186],[4.924487241,51.945033295],[4.924456775,51.945014392],[4.92437464,51.944964423],[4.924354485,51.944951732],[4.924334897,51.944938746],[4.924325461,51.944932067],[4.924316436,51.94492529],[4.924299086,51.944911371],[4.92427399,51.944890004],[4.924224787,51.944846755],[4.92419246,51.944817739],[4.924176806,51.944803051],[4.924169252,51.944795609],[4.924161973,51.94478807],[4.924154895,51.944780256],[4.924141521,51.944764351],[4.92412876,51.944748226],[4.924079349,51.94468314],[4.924060515,51.944658846],[4.924047406,51.944642853],[4.924040531,51.944634973],[4.924033333,51.944627213],[4.924025761,51.944619621],[4.924017868,51.944612148],[4.924001452,51.94459743],[4.923967462,51.944568416],[4.923915689,51.944525211],[4.923898136,51.944510979],[4.923880105,51.944497026],[4.923870773,51.944490232],[4.923861115,51.944483626],[4.923851434,51.94447748],[4.923841445,51.944471509],[4.923831231,51.944465669],[4.923810355,51.944454246],[4.923778451,51.944437451],[4.923724909,51.944409676],[4.923693206,51.944392803],[4.923672732,51.944381223],[4.92366288,51.944375241],[4.923653418,51.944369065],[4.923644484,51.944362625],[4.923636244,51.944355911],[4.923628528,51.944348937],[4.923621197,51.944341771],[4.9236073,51.944327057],[4.923587448,51.944304492],[4.923541998,51.944251395],[4.923521824,51.944228936],[4.923514799,51.944221578],[4.923507528,51.944214326],[4.923499922,51.944207217],[4.923491638,51.944200052],[4.923483002,51.944193037],[4.923465031,51.944179305],[4.923437165,51.944159097],[4.923286411,51.944052396],[4.922977614,51.943832862],[4.922958685,51.943819683],[4.922939468,51.943806677],[4.922929674,51.943800282],[4.922909384,51.943787621],[4.922878238,51.94376905],[4.922773228,51.943707861],[4.922752615,51.943695412],[4.9227425,51.943689084],[4.922732582,51.94368265],[4.922722933,51.943676068],[4.922713937,51.943669549],[4.922705195,51.943662892],[4.92269664,51.943656133],[4.922679902,51.943642413],[4.922655274,51.943621575],[4.922598224,51.943572723],[4.922581753,51.943558852],[4.922565012,51.943545119],[4.922547766,51.943531642],[4.922538752,51.943524974],[4.922520258,51.943511875],[4.922491885,51.943492549],[4.92234811,51.943396883],[4.922222741,51.943314306],[4.922174208,51.943282738],[4.922154482,51.943270305],[4.922123333,51.943251465],[4.922028373,51.943195881],[4.921975379,51.943165156],[4.921943577,51.943147062],[4.921890906,51.943117809],[4.921785108,51.943059609],[4.921753185,51.943042281],[4.921731447,51.943030722],[4.921698151,51.943013379],[4.921631232,51.942978925],[4.921586524,51.942956029],[4.921552774,51.942939041],[4.921529967,51.942927969],[4.921506832,51.942917391],[4.921483371,51.942907301],[4.921459641,51.942897436],[4.921363994,51.942858576],[4.921328354,51.94284383],[4.921304956,51.942833716],[4.921293466,51.942828497],[4.921282183,51.942823116],[4.921271411,51.942817669],[4.921260839,51.942812067],[4.921250415,51.942806349],[4.921229861,51.942794684],[4.92119941,51.942776889],[4.921138798,51.942741078],[4.921108201,51.942723404],[4.9210874,51.942711943],[4.921076774,51.942706393],[4.921065923,51.942701021],[4.921054403,51.942695689],[4.921042644,51.942690547],[4.921018659,51.942680639],[4.920969806,51.942661523],[4.920748636,51.942576568],[4.920184091,51.942358912],[4.920147145,51.942344855],[4.920109848,51.942331176],[4.920072008,51.942318222],[4.920021056,51.942301489],[4.919842613,51.942243666],[4.919657456,51.942183931],[4.919620229,51.942172241],[4.919595202,51.942164719],[4.919569185,51.94215735],[4.919542979,51.942150228],[4.919490329,51.942136296],[4.919094898,51.94203253],[4.919042118,51.942018782],[4.919002137,51.942008573],[4.918103356,51.941783886],[4.917996072,51.941756947],[4.917875441,51.94172642],[4.917835133,51.941716566],[4.917808099,51.941710531],[4.917794482,51.941707836],[4.917780766,51.941705477],[4.917766909,51.94170358],[4.917752894,51.941702248],[4.91773874,51.941701379],[4.917724484,51.941700842],[4.917695776,51.941700415],[4.917666923,51.941700459],[4.917609068,51.941701037],[4.917536737,51.941702056],[4.917493407,51.941703137],[4.917478989,51.941703706],[4.917450124,51.941705291],[4.917421303,51.941707267],[4.917392501,51.941709448],[4.917277355,51.941718632],[4.917248634,51.941720605],[4.917234311,51.941721399],[4.917220029,51.941721985],[4.917205804,51.941722273],[4.917191659,51.941722147],[4.917177627,51.94172145],[4.917164256,51.941720118],[4.917150989,51.941718252],[4.917137799,51.941715991],[4.917124665,51.941713444],[4.917111572,51.941710691],[4.917085462,51.9417048],[4.916994293,51.94168302],[4.916955078,51.941674061],[4.916928733,51.941668648],[4.916915448,51.941666253],[4.916902051,51.941664164],[4.916888137,51.941662404],[4.916874106,51.941660963],[4.916859988,51.941659758],[4.916831588,51.941657806],[4.916788775,51.941655461],[4.916702983,51.941651226],[4.916660159,51.941648857],[4.916631709,51.941646918],[4.916617542,51.941645746],[4.916603432,51.941644372],[4.916589732,51.941642794],[4.916576088,51.941641021],[4.916548907,51.941637084],[4.916508283,51.941630652],[4.916413638,51.941615147],[4.916372965,51.941608936],[4.916345706,51.941605351],[4.916331999,51.941603862],[4.91631805,51.941602629],[4.916289994,51.94160078],[4.91626181,51.941599422],[4.916233566,51.94159831],[4.916092179,51.941593314],[4.916063947,51.941592055],[4.916035773,51.94159046],[4.916007503,51.94158836],[4.915965196,51.941584638],[4.915894771,51.941577925],[4.915824393,51.941571022],[4.915796285,51.941568129],[4.915768246,51.941565029],[4.915754271,51.941563344],[4.915727142,51.941559738],[4.915673121,51.941551809],[4.915524833,51.941529169],[4.915497805,51.941525256],[4.91547069,51.941521602],[4.915429056,51.941516714],[4.915387273,51.941512266],[4.915275696,51.941500887],[4.915219852,51.941495489],[4.915191873,51.941493103],[4.915177855,51.941492068],[4.915148942,51.941490361],[4.915105457,51.941488428],[4.914989327,51.941484203],[4.914960326,51.941483033],[4.914931388,51.941481619],[4.914916961,51.941480746],[4.91490258,51.941479703],[4.91488826,51.941478424],[4.914874679,51.941476937],[4.914861156,51.941475235],[4.914847674,51.941473371],[4.914820794,51.941469326],[4.914793976,51.941465036],[4.91468683,51.941447395],[4.914646533,51.941441243],[4.914619525,51.941437708],[4.914605943,51.941436248],[4.91459223,51.941435055],[4.914564647,51.941433287],[4.914536938,51.941432017],[4.914495268,51.941430536],[4.914397934,51.941427469],[4.914356264,51.941425907],[4.914328537,51.94142456],[4.914314702,51.941423722],[4.914286951,51.941421623],[4.914259262,51.94141916],[4.914231605,51.941416508],[4.914010185,51.941394353],[4.913741128,51.941368624],[4.913478762,51.941343069],[4.913437423,51.941339251],[4.913368894,51.941333288],[4.913272906,51.94132515],[4.913231746,51.941321877],[4.913204275,51.941319965],[4.913190523,51.94131916],[4.913176756,51.941318509],[4.913148317,51.941317709],[4.913105568,51.941317332],[4.91299144,51.941317576],[4.912948674,51.941317451],[4.912920216,51.941316999],[4.912906018,51.941316565],[4.912891848,51.941315919],[4.912877572,51.941315006],[4.912863326,51.94131388],[4.912834896,51.941311205],[4.91279233,51.941306638],[4.912664713,51.941292296],[4.912636302,51.941289339],[4.912607825,51.94128669],[4.912579293,51.941284498],[4.91253638,51.941281734],[4.912364468,51.941271874],[4.912307221,51.941268264],[4.912236429,51.941262902],[4.912080856,51.941250212],[4.91205263,51.941247707],[4.912024483,51.941244938],[4.912010461,51.941243384],[4.911982808,51.941239887],[4.911955265,51.941236024],[4.911927779,51.941231972],[4.911776776,51.941209125],[4.91174925,51.941205186],[4.911721634,51.941201527],[4.911679296,51.941196698],[4.911636802,51.94119234],[4.911537509,51.941182614],[4.911480717,51.941177366],[4.911452265,51.941175084],[4.91143801,51.941174119],[4.911424214,51.941173338],[4.911396566,51.94117211],[4.91135502,51.941170729],[4.91124412,51.941167713],[4.911202551,51.941166456],[4.911161042,51.941164802],[4.911132834,51.941163176],[4.911104082,51.941161069],[4.911075367,51.941158719],[4.910917563,51.941144891],[4.910860136,51.94114006],[4.910804676,51.941135804],[4.910665936,51.941125627],[4.910638257,51.94112339],[4.910610684,51.941120844],[4.910596964,51.941119373],[4.910583312,51.941117705],[4.910569658,51.941115785],[4.910542537,51.941111398],[4.91050211,51.941104062],[4.910408105,51.941085988],[4.910367765,51.941078475],[4.910340773,51.941073884],[4.910327217,51.941071835],[4.910313602,51.941070034],[4.910299906,51.941068572],[4.910286244,51.941067529],[4.910272502,51.941066821],[4.910258703,51.941066357],[4.910244861,51.941066071],[4.910217095,51.94106584],[4.910175345,51.941065916],[4.91002213,51.941066797],[4.90980527,51.94106834],[4.909761854,51.941068193],[4.909732995,51.941067518],[4.909718613,51.941066854],[4.909704686,51.94106593],[4.909676922,51.941063459],[4.909635404,51.941058903],[4.909524861,51.941045543],[4.909497207,51.941042325],[4.909469515,51.941039355],[4.909455646,51.941038033],[4.909441751,51.941036876],[4.909427823,51.941035944],[4.909414069,51.941035291],[4.909400283,51.941034855],[4.909386472,51.941034582],[4.909358802,51.941034355],[4.909317236,51.941034436],[4.909234055,51.941034917],[4.90919251,51.941034862],[4.909164877,51.94103442],[4.909151094,51.941033975],[4.909137346,51.941033306],[4.909123517,51.941032358],[4.909109722,51.941031183],[4.909082204,51.941028379],[4.90904102,51.941023567],[4.908945029,51.941011654],[4.908903854,51.941006697],[4.908862574,51.941002208],[4.908834559,51.940999756],[4.908806058,51.940997783],[4.908777494,51.94099609],[4.908605846,51.94098708],[4.908548512,51.940983748],[4.908476311,51.940978954],[4.908331979,51.940968964],[4.908288721,51.94096578],[4.908245714,51.940962178],[4.908217315,51.940959478],[4.908174772,51.940955201],[4.907990547,51.940936082],[4.907921311,51.940928583],[4.907744133,51.940908768],[4.907675937,51.940901309],[4.90760482,51.940893978],[4.907462445,51.940879732],[4.90741997,51.940875022],[4.907405927,51.940873239],[4.907391989,51.940871269],[4.907378191,51.940869035],[4.90736459,51.940866441],[4.907351709,51.940863524],[4.907339012,51.940860268],[4.907326451,51.940856761],[4.907313991,51.940853072],[4.90728926,51.940845341],[4.907264676,51.940837345],[4.907178853,51.940808944],[4.907141843,51.940797156],[4.90711687,51.940789804],[4.907104216,51.940786409],[4.907091396,51.940783293],[4.907078009,51.940780441],[4.907064449,51.940777882],[4.907050762,51.940775535],[4.907023139,51.940771259],[4.906995332,51.940767295],[4.906897645,51.940754026],[4.906855861,51.940748166],[4.906828133,51.940743993],[4.906800619,51.940739373],[4.906773409,51.94073409],[4.906732956,51.940725404],[4.906598819,51.940694977],[4.90654504,51.940683024],[4.906504228,51.940674473],[4.906463115,51.94066624],[4.906243668,51.940623285],[4.906082431,51.940592122],[4.906015176,51.940579279],[4.905988212,51.940574265],[4.905948027,51.940567055],[4.905827134,51.940546074],[4.905786924,51.940538964],[4.905760298,51.940533972],[4.905734008,51.940528513],[4.905721078,51.940525486],[4.905708363,51.940522161],[4.905695562,51.940518368],[4.905682988,51.940514263],[4.905670579,51.940509927],[4.905658289,51.940505425],[4.905633938,51.940496097],[4.905537391,51.940457605],[4.905513096,51.94044835],[4.905500846,51.94044395],[4.905488486,51.940439794],[4.905475967,51.940435984],[4.905463234,51.940432654],[4.905450205,51.940429981],[4.905436713,51.9404281],[4.905422924,51.940426885],[4.905408915,51.940426154],[4.90539475,51.940425773],[4.905380475,51.940425637],[4.905366125,51.94042567],[4.905337288,51.940426043],[4.905236033,51.940427999],[4.905207175,51.940428223],[4.905192784,51.940428157],[4.90517843,51.94042791],[4.905164126,51.940427409],[4.905149894,51.940426564],[4.905136319,51.940425357],[4.905122808,51.94042383],[4.905109345,51.940422066],[4.905082513,51.940418073],[4.905029026,51.940409213],[4.904855387,51.940379472],[4.904321661,51.940288678],[4.904014105,51.940235669],[4.903496648,51.940148101],[4.903413497,51.940134471],[4.903027143,51.940072376],[4.902971925,51.940063569],[4.902930435,51.940057168],[4.902888954,51.940051242],[4.902847426,51.94004569],[4.90272266,51.940029522],[4.902653275,51.940020753],[4.902611107,51.940015773],[4.902554489,51.940009434],[4.902455342,51.939998553],[4.902398631,51.93999258],[4.902370218,51.939989875],[4.902355979,51.939988668],[4.902341881,51.939987601],[4.902313623,51.939985753],[4.902271149,51.939983375],[4.902143617,51.939976803],[4.90210126,51.939974131],[4.902087209,51.939973027],[4.902073214,51.939971743],[4.902059299,51.939970213],[4.902045215,51.939968346],[4.902031212,51.939966225],[4.902003366,51.939961481],[4.90197564,51.939956357],[4.901588567,51.939881235],[4.901547019,51.939873382],[4.901519219,51.939868407],[4.901505258,51.939866073],[4.90149124,51.939863891],[4.901477717,51.939861975],[4.901464138,51.939860204],[4.901436867,51.939856952],[4.901395803,51.939852471],[4.901286109,51.939841017],[4.901245148,51.939836368],[4.901218071,51.939832796],[4.901204663,51.939830745],[4.901191385,51.939828429],[4.901178068,51.939825753],[4.901164883,51.939822806],[4.901151797,51.939819661],[4.901125816,51.93981298],[4.901087089,51.93980246],[4.901009845,51.939780993],[4.900971144,51.939770395],[4.90093219,51.939760236],[4.900905891,51.939754033],[4.900879533,51.93974863],[4.900852891,51.939743716],[4.900812667,51.939736791],[4.900718559,51.939721086],[4.900691828,51.939716391],[4.900665365,51.939711328],[4.900652313,51.939708556],[4.90063944,51.939705541],[4.900626811,51.939702197],[4.900613991,51.939698294],[4.90060143,51.939694038],[4.900589061,51.939689525],[4.900576829,51.939684826],[4.900540607,51.939670087],[4.900468798,51.939639748],[4.90044478,51.939629756],[4.900420553,51.939620068],[4.900408295,51.939615434],[4.900395887,51.939611022],[4.900383268,51.93960692],[4.900370361,51.939603241],[4.900357405,51.939600147],[4.900344173,51.93959746],[4.900330736,51.93959507],[4.900317155,51.939592896],[4.900303469,51.939590872],[4.900275905,51.939587104],[4.900220463,51.939580029],[4.900151053,51.939571409],[4.900123264,51.939568099],[4.900095422,51.939565025],[4.900067244,51.939562377],[4.900024439,51.93955917],[4.899981528,51.939556392],[4.899895643,51.939551116],[4.899852788,51.939548258],[4.899824356,51.939545994],[4.899810222,51.939544648],[4.899796174,51.939543082],[4.899782243,51.939541215],[4.899768332,51.939538958],[4.899754542,51.939536395],[4.899740838,51.939533609],[4.899727196,51.939530662],[4.899700027,51.939524468],[4.899605288,51.939501871],[4.899564533,51.9394925],[4.899537143,51.939486729],[4.899523322,51.939484108],[4.899509824,51.939481796],[4.89949624,51.939479667],[4.8994689,51.939475775],[4.899413888,51.939468696],[4.899331144,51.939458588],[4.899275862,51.939452255],[4.899248131,51.939449469],[4.899220331,51.939446986],[4.899108846,51.939438046],[4.899081073,51.939435671],[4.899053517,51.939432939],[4.899039887,51.939431328],[4.89902641,51.939429461],[4.899013145,51.93942724],[4.899000172,51.93942454],[4.898987352,51.939421202],[4.898974834,51.939417368],[4.898962531,51.939413172],[4.898950389,51.939408712],[4.898926404,51.939399282],[4.898902644,51.939389471],[4.898843483,51.939364563],[4.898819724,51.939354885],[4.898807775,51.939350244],[4.89879575,51.939345822],[4.898783616,51.939341714],[4.898771328,51.939338049],[4.898758828,51.939334997],[4.89874604,51.939332783],[4.898733008,51.939331597],[4.898719691,51.939331237],[4.898706166,51.939331483],[4.89869249,51.939332169],[4.898678707,51.939333168],[4.898650942,51.939335751],[4.898567133,51.939344912],[4.898539207,51.939347709],[4.898525266,51.939348918],[4.898511347,51.939349929],[4.898497455,51.939350662],[4.898483604,51.939351012],[4.898469805,51.939350843],[4.898455979,51.939350039],[4.898442208,51.939348711],[4.898428473,51.939347001],[4.898414767,51.939345015],[4.89840108,51.939342834],[4.898373743,51.939338108],[4.898305482,51.939325498],[4.898086975,51.939284458],[4.898046038,51.939277102],[4.898032422,51.939274877],[4.898018833,51.939272863],[4.898005284,51.939271157],[4.897991792,51.939269884],[4.897978378,51.939269217],[4.897965073,51.939269375],[4.897951941,51.939270536],[4.897938917,51.939272519],[4.897925971,51.939275104],[4.897913083,51.939278123],[4.897900234,51.939281449],[4.897887416,51.939284987],[4.897861827,51.939292446],[4.897797892,51.939311728],[4.897772216,51.939319288],[4.897746364,51.939326531],[4.897733324,51.939329956],[4.897720168,51.939333186],[4.897706952,51.939336166],[4.897680208,51.939341604],[4.897653222,51.93934663],[4.897612538,51.93935382],[4.897530982,51.939367849],[4.897490148,51.939374697],[4.89744916,51.939381099],[4.897421646,51.93938479],[4.897393972,51.939387979],[4.897338383,51.939393689],[4.89719917,51.939407317],[4.897143458,51.939412477],[4.897115563,51.939414665],[4.897101594,51.93941555],[4.897087604,51.939416227],[4.89707329,51.939416656],[4.897058954,51.939416867],[4.897044602,51.939416922],[4.897015865,51.939416725],[4.896972721,51.939416051],[4.89672811,51.939411535],[4.896526391,51.939408507],[4.896497792,51.939407689],[4.89648362,51.939407054],[4.896469586,51.939406172],[4.896455749,51.93940494],[4.896442188,51.93940322],[4.896429005,51.939400829],[4.896416298,51.939397621],[4.89640397,51.939393742],[4.896391917,51.939389374],[4.896380063,51.939384652],[4.896368349,51.939379681],[4.896345186,51.939369269],[4.896322208,51.939358526],[4.896253484,51.939325927],[4.89623043,51.939315329],[4.896218812,51.939310197],[4.896207096,51.939305245],[4.896195237,51.939300554],[4.896183179,51.939296231],[4.896170843,51.939292416],[4.896158128,51.939289299],[4.896145275,51.939287079],[4.896132057,51.939285528],[4.896118571,51.939284469],[4.89610489,51.939283768],[4.896091071,51.939283323],[4.896063167,51.939282921],[4.896035072,51.93928287],[4.895950566,51.939283127],[4.895922533,51.93928295],[4.8959086,51.939282701],[4.895894755,51.93928228],[4.895881034,51.939281616],[4.89586749,51.939280612],[4.895854187,51.939279139],[4.895841209,51.939277031],[4.895828291,51.939274063],[4.895815715,51.93927043],[4.895803389,51.939266313],[4.895791241,51.939261849],[4.895779219,51.93925714],[4.895767285,51.939252262],[4.895743576,51.939242202],[4.895672772,51.939211371],[4.895637167,51.93919618],[4.895613137,51.939186383],[4.895600958,51.939181666],[4.895588612,51.939177129],[4.895576015,51.939172796],[4.895550368,51.939164621],[4.8955113,51.939153006],[4.895419394,51.939126734],[4.895393046,51.939119377],[4.895366576,51.939112237],[4.895339852,51.939105554],[4.895326325,51.939102506],[4.895312642,51.939099722],[4.895284945,51.939094743],[4.895242952,51.93908807],[4.895144429,51.939073466],[4.895102289,51.939067063],[4.895074365,51.939062505],[4.895060504,51.939060057],[4.895046744,51.939057432],[4.895033124,51.939054565],[4.895020188,51.939051531],[4.895007384,51.939048272],[4.894982041,51.939041301],[4.894944378,51.93903024],[4.894819334,51.938992487],[4.894781528,51.938981581],[4.894755542,51.938974598],[4.894715375,51.938964578],[4.894661475,51.938951707],[4.894472412,51.938907199],[4.894310068,51.938869283],[4.894283319,51.93886269],[4.894270122,51.938859235],[4.894257118,51.93885561],[4.894244391,51.938851739],[4.894232047,51.938847526],[4.894220235,51.938842844],[4.894209223,51.938837664],[4.894198729,51.938832024],[4.894188615,51.938826046],[4.894178775,51.938819825],[4.894159624,51.938806914],[4.894140863,51.938793656],[4.894085127,51.938753395],[4.894066348,51.938740166],[4.894056823,51.938733681],[4.894047149,51.938727338],[4.894037265,51.938721196],[4.894027083,51.938715338],[4.894016491,51.938709872],[4.894005337,51.938704942],[4.893993465,51.938700653],[4.893981031,51.938696902],[4.893968184,51.938693544],[4.893955041,51.938690471],[4.893941688,51.938687598],[4.893914591,51.938682229],[4.89381859,51.938664535],[4.893777741,51.938656572],[4.893764284,51.938653715],[4.893750966,51.938650686],[4.893737834,51.93864742],[4.893724957,51.938643829],[4.893712759,51.93863997],[4.893700803,51.938635803],[4.893689026,51.938631409],[4.893665823,51.938622173],[4.893631477,51.938607739],[4.893563183,51.938578364],[4.893528913,51.938563799],[4.893505882,51.938554276],[4.893482553,51.938545054],[4.893470566,51.938540556],[4.893446315,51.938531834],[4.893409571,51.93851912],[4.893311019,51.938485795],[4.893286283,51.938477596],[4.89326141,51.938469593],[4.893236256,51.938461985],[4.893223504,51.938458431],[4.893210244,51.938455012],[4.893196848,51.938451786],[4.893169783,51.938445717],[4.893142503,51.938439947],[4.89304655,51.938420413],[4.893005679,51.938411776],[4.892978878,51.938405537],[4.892965746,51.938402131],[4.892952888,51.938398428],[4.892940411,51.938394318],[4.892928791,51.938389875],[4.892917527,51.938385048],[4.892906528,51.938379939],[4.892885041,51.93836917],[4.892863942,51.938357984],[4.892832583,51.93834089],[4.892780541,51.938312192],[4.892749518,51.938294854],[4.892729112,51.938283128],[4.892719064,51.938277165],[4.892708809,51.938270901],[4.892688634,51.938258159],[4.892658827,51.938238755],[4.892579956,51.93818663],[4.892560044,51.938173751],[4.892539772,51.938161155],[4.892529392,51.938155047],[4.89251876,51.938149135],[4.892507781,51.938143494],[4.892496569,51.938138266],[4.89248502,51.938133301],[4.892473227,51.938128528],[4.892449163,51.938119353],[4.892424744,51.938110453],[4.892338543,51.938079884],[4.892289057,51.938062694],[4.892264076,51.9380544],[4.892251458,51.93805041],[4.892225421,51.938042694],[4.892199095,51.938035334],[4.892159358,51.938024604],[4.892066417,51.937999848],[4.892026787,51.937988993],[4.892000631,51.937981436],[4.891987698,51.93797748],[4.891962079,51.937969073],[4.89193678,51.937960275],[4.891899106,51.937946744],[4.891673811,51.937864653],[4.891485926,51.937796403],[4.891260367,51.937715669],[4.89106712,51.937646966],[4.890982937,51.937617197],[4.890846013,51.937569631],[4.890783579,51.937548252],[4.890758402,51.937539964],[4.890745712,51.937535949],[4.890732922,51.937532066],[4.890707171,51.937524801],[4.890668028,51.937514572],[4.890549715,51.937485025],[4.890510454,51.937474946],[4.890484531,51.937467905],[4.890471708,51.937464206],[4.890445919,51.937456203],[4.89042044,51.937447801],[4.890369867,51.9374305],[4.889978911,51.937295136],[4.889802468,51.937233794],[4.88977715,51.937225217],[4.889751623,51.93721698],[4.889738718,51.937213093],[4.889725668,51.937209444],[4.889712416,51.937206125],[4.889698923,51.93720321],[4.889685228,51.937200623],[4.889671389,51.937198276],[4.889657444,51.937196101],[4.889629354,51.937192076],[4.889516267,51.937177165],[4.88947399,51.93717129],[4.889446004,51.937166958],[4.88943212,51.937164564],[4.889404465,51.937159169],[4.88937705,51.937153273],[4.88933613,51.937144003],[4.888723714,51.937002104],[4.888682773,51.936992865],[4.888655333,51.936986994],[4.888641528,51.93698422],[4.888613767,51.936979097],[4.888571815,51.936972013],[4.888445424,51.936951826],[4.888403204,51.936945354],[4.888374964,51.936941326],[4.888347142,51.936937838],[4.888306015,51.936933492],[4.88826475,51.936929567],[4.888168363,51.936920724],[4.88812715,51.936916688],[4.888099807,51.936913659],[4.888086208,51.936911956],[4.888072683,51.936910065],[4.888058947,51.936907895],[4.888045286,51.936905531],[4.888031681,51.936903023],[4.88800458,51.936897727],[4.887869632,51.936869809],[4.88782901,51.936861726],[4.88780176,51.936856716],[4.887774838,51.93685228],[4.887747774,51.936848163],[4.887707048,51.936842269],[4.887516697,51.936815424],[4.887218911,51.936773134],[4.886964979,51.936737788],[4.886752432,51.936708882],[4.886724131,51.936704927],[4.886695907,51.936700798],[4.886667834,51.936696325],[4.886654443,51.936693988],[4.886627792,51.936689018],[4.886587996,51.936681155],[4.886455645,51.936654253],[4.886429104,51.93664903],[4.886402461,51.936644031],[4.886375607,51.93663943],[4.886348543,51.936635228],[4.886307776,51.936629296],[4.886226061,51.936617823],[4.886171526,51.936610417],[4.886144201,51.936607001],[4.88611678,51.936604056],[4.886103011,51.93660288],[4.886089186,51.936601967],[4.886061418,51.936600739],[4.88603355,51.936599992],[4.88600563,51.936599494],[4.885921793,51.936598393],[4.885879993,51.93659752],[4.885852309,51.936596419],[4.885838574,51.936595568],[4.885824947,51.93659441],[4.885811466,51.936592839],[4.885798258,51.936590781],[4.885785195,51.936588313],[4.88577224,51.936585542],[4.885746543,51.9365794],[4.885708276,51.9365694],[4.885619205,51.936545434],[4.885593611,51.936538954],[4.88558074,51.936535902],[4.885567793,51.936533042],[4.885554741,51.936530446],[4.885541549,51.936528207],[4.885527689,51.936526339],[4.885513681,51.93652485],[4.885499563,51.936523637],[4.885485365,51.936522621],[4.885442512,51.936520245],[4.885255992,51.936512124],[4.885075345,51.936505277],[4.885033707,51.936503538],[4.88500602,51.936502106],[4.88499222,51.93650123],[4.884978462,51.936500193],[4.884964763,51.936498935],[4.884951114,51.936497407],[4.884937524,51.936495658],[4.884910464,51.936491717],[4.88487003,51.936485216],[4.884775861,51.936469376],[4.884735454,51.93646272],[4.884694903,51.936456483],[4.884667128,51.936452762],[4.88463863,51.936449428],[4.884595731,51.936444856],[4.884217058,51.936406445],[4.884162317,51.936400687],[4.884135019,51.936397599],[4.884107836,51.93639419],[4.8840943,51.936392301],[4.884067331,51.936388228],[4.884027022,51.936381714],[4.88387946,51.936357134],[4.883852545,51.936352907],[4.883825518,51.936348991],[4.883811944,51.936347209],[4.883784697,51.936343926],[4.88374369,51.936339374],[4.883647832,51.936329243],[4.883593004,51.936323813],[4.883565543,51.936321503],[4.883551789,51.936320558],[4.883538009,51.936319823],[4.883523778,51.936319331],[4.88350952,51.93631906],[4.883495244,51.936318953],[4.883466652,51.93631906],[4.883438028,51.93631941],[4.883337804,51.936321053],[4.883309226,51.936321292],[4.883294971,51.936321273],[4.883280752,51.936321105],[4.883266586,51.936320729],[4.883252491,51.936320061],[4.883238494,51.936318993],[4.883224528,51.936317429],[4.883210663,51.936315461],[4.883196869,51.936313201],[4.883183128,51.93631073],[4.883169422,51.936308112],[4.883142079,51.936302605],[4.88296472,51.9362653],[4.882487085,51.936165465],[4.882459704,51.936160016],[4.882432186,51.936154982],[4.882418336,51.936152737],[4.882404392,51.93615077],[4.882390417,51.936149149],[4.88237635,51.9361478],[4.882362215,51.936146652],[4.882348033,51.936145646],[4.882319577,51.936143906],[4.882119758,51.936133567],[4.881934255,51.93612367],[4.88190572,51.936122269],[4.88187719,51.936121097],[4.881848664,51.936120394],[4.881834407,51.936120341],[4.881820129,51.936120556],[4.881791583,51.936121586],[4.881748775,51.936123931],[4.881534739,51.936137917],[4.881391947,51.93614755],[4.881349167,51.936150204],[4.881320766,51.936151504],[4.881306641,51.93615186],[4.881292593,51.936151905],[4.881278655,51.936151518],[4.881264869,51.936150537],[4.881251642,51.936148887],[4.88123856,51.936146671],[4.881225583,51.936144036],[4.881212684,51.936141097],[4.881187036,51.936134628],[4.881161499,51.936127717],[4.881072291,51.936102854],[4.881046709,51.93609612],[4.881033865,51.93609296],[4.881020965,51.936090017],[4.881007986,51.936087374],[4.880994902,51.936085146],[4.880981672,51.936083478],[4.880967709,51.936082463],[4.880953591,51.936082047],[4.88093936,51.936082068],[4.880925051,51.9360824],[4.880910683,51.936082951],[4.8808674,51.936085324],[4.88078061,51.936090874],[4.880737203,51.936093391],[4.880708251,51.936094726],[4.880679514,51.936095519],[4.88065099,51.936095788],[4.880608177,51.936095712],[4.880465424,51.936094537],[4.880394062,51.936093664],[4.880322371,51.936092095],[4.88019334,51.936088842],[4.880150354,51.936087625],[4.880107451,51.936085975],[4.880078966,51.936084273],[4.880050693,51.936081788],[4.880008454,51.936077165],[4.879896074,51.936063484],[4.879853997,51.93605818],[4.87982603,51.936054457],[4.87979822,51.936050388],[4.879784416,51.93604813],[4.879770771,51.936045684],[4.879743682,51.936040349],[4.879703318,51.936031744],[4.879555795,51.935999119],[4.879515372,51.935990593],[4.879488439,51.935985331],[4.879448068,51.935978057],[4.879394028,51.935968771],[4.879299334,51.935952781],[4.879245095,51.935943993],[4.879217842,51.935939972],[4.879203671,51.935938069],[4.879175226,51.93593455],[4.879146698,51.935931256],[4.878960867,51.935910908],[4.878774761,51.935890946],[4.87873193,51.935886172],[4.878703651,51.935882599],[4.878689685,51.935880565],[4.878675904,51.935878267],[4.878662383,51.935875601],[4.878649219,51.935872427],[4.878636728,51.935868707],[4.878624584,51.935864494],[4.878612693,51.935859921],[4.878600987,51.935855088],[4.878589409,51.935850071],[4.878566496,51.935839693],[4.878475685,51.935796987],[4.878441322,51.935781315],[4.878417975,51.935771357],[4.878406057,51.935766652],[4.878393889,51.935762222],[4.87838164,51.935758193],[4.878369152,51.93575443],[4.878356489,51.935750863],[4.878343698,51.935747435],[4.878317876,51.935740849],[4.878252754,51.935725003],[4.878174362,51.935706343],[4.878148113,51.935700357],[4.878121682,51.935694717],[4.878094169,51.935689446],[4.87805257,51.935682158],[4.877982958,51.935670541],[4.877913266,51.935659111],[4.87787135,51.935652543],[4.877843276,51.935648542],[4.877829566,51.935646784],[4.877802043,51.935643559],[4.877746798,51.935637673],[4.877649962,51.935627838],[4.877622276,51.935625167],[4.877594565,51.935622718],[4.877566802,51.935620718],[4.877552888,51.93562],[4.877538511,51.935619523],[4.877509687,51.935619167],[4.87746635,51.935619449],[4.877365096,51.935621125],[4.877336223,51.935621453],[4.877307474,51.935621409],[4.877293187,51.935621127],[4.877278994,51.935620571],[4.87726493,51.935619632],[4.877251045,51.935618167],[4.877237438,51.935616069],[4.877224007,51.935613449],[4.877210705,51.935610449],[4.877197495,51.935607179],[4.877171249,51.935600124],[4.877145127,51.935592705],[4.877001856,51.935550863],[4.876963018,51.935539196],[4.876937742,51.935531295],[4.876887477,51.935515144],[4.876787208,51.935482532],[4.87673713,51.935466164],[4.8766997,51.935453745],[4.876649388,51.935436393],[4.876523838,51.935391693],[4.87649866,51.935382845],[4.876473329,51.935374202],[4.876447677,51.935365988],[4.876434645,51.935362157],[4.876421495,51.93535859],[4.876408196,51.935355223],[4.876381304,51.935348879],[4.876340591,51.935339854],[4.87628607,51.935328163],[4.876245075,51.935319746],[4.876217624,51.935314638],[4.876203825,51.935312386],[4.876189952,51.935310448],[4.876175974,51.935308941],[4.876161939,51.935307964],[4.876147799,51.935307416],[4.876133583,51.935307183],[4.876119311,51.935307176],[4.876090662,51.935307594],[4.876033221,51.935309083],[4.87600459,51.935309688],[4.875990349,51.935309831],[4.875976194,51.935309793],[4.875962161,51.935309491],[4.875948302,51.935308816],[4.875934686,51.935307622],[4.875921402,51.93530572],[4.875908976,51.935303065],[4.875896864,51.935299744],[4.875884982,51.935295929],[4.875873268,51.935291756],[4.875861677,51.935287325],[4.875838722,51.935277973],[4.875770414,51.935248676],[4.87574751,51.93523906],[4.875735967,51.935234378],[4.875724326,51.935229826],[4.875712549,51.935225454],[4.87570059,51.935221327],[4.875688382,51.935217532],[4.875675709,51.935214095],[4.875662784,51.935210994],[4.875649671,51.935208139],[4.875636425,51.935205462],[4.875609674,51.935200444],[4.875542197,51.935188666],[4.875488073,51.935179592],[4.87546097,51.935175392],[4.875447391,51.935173489],[4.875433782,51.935171792],[4.875420134,51.935170383],[4.875406426,51.935169368],[4.875392477,51.935168828],[4.875378468,51.935168691],[4.875364417,51.935168846],[4.875350334,51.935169211],[4.875322107,51.935170338],[4.875279693,51.935172501],[4.875223131,51.935175678],[4.875180801,51.935178338],[4.875152716,51.935180508],[4.875138751,51.935181826],[4.875124861,51.93518338],[4.87511114,51.935185213],[4.875097498,51.935187281],[4.875070361,51.935191889],[4.875029859,51.935199429],[4.874935572,51.935217671],[4.874895063,51.93522507],[4.87486791,51.935229418],[4.874854253,51.935231261],[4.874840511,51.935232775],[4.874826303,51.935233912],[4.874812009,51.935234704],[4.874797652,51.935235245],[4.874783251,51.935235606],[4.874739895,51.935236072],[4.874652981,51.935236206],[4.874609542,51.935236451],[4.874580623,51.935236917],[4.874566186,51.935237322],[4.87455177,51.9352379],[4.874537415,51.935238686],[4.874508761,51.935240725],[4.874480153,51.935243126],[4.874422989,51.935248349],[4.874351581,51.935255125],[4.874323072,51.93525798],[4.874294657,51.935261084],[4.874266429,51.935264688],[4.874252922,51.935266705],[4.874239472,51.935268881],[4.874212694,51.935273549],[4.874159355,51.935283489],[4.874052891,51.935303926],[4.874026354,51.935309183],[4.873999933,51.935314647],[4.873974471,51.935320255],[4.873949132,51.935326075],[4.873898721,51.935338123],[4.873861321,51.935347667],[4.873849022,51.935351045],[4.873836859,51.935354583],[4.873824879,51.935358337],[4.873812552,51.935362552],[4.873800425,51.935367002],[4.873788442,51.935371622],[4.873764765,51.935381198],[4.87371794,51.935400983],[4.873589752,51.935456155],[4.873566312,51.935465956],[4.873554516,51.935470718],[4.873542635,51.93547533],[4.873530634,51.935479722],[4.873518462,51.935483807],[4.873506055,51.935487466],[4.873493325,51.935490542],[4.873480527,51.935492859],[4.873467421,51.935494618],[4.873454087,51.935495965],[4.873440587,51.935497012],[4.873413268,51.935498532],[4.873330454,51.935501676],[4.873302904,51.935503003],[4.873289184,51.935503858],[4.873275524,51.935504906],[4.873261939,51.935506214],[4.873247982,51.935507897],[4.873234106,51.935509856],[4.87322029,51.935512019],[4.873192778,51.935516741],[4.873151667,51.935524337],[4.87305588,51.935542521],[4.873014704,51.935549944],[4.872987089,51.935554416],[4.872973189,51.935556389],[4.872959044,51.935558147],[4.872944829,51.935559709],[4.872916268,51.935562449],[4.872873252,51.935566067],[4.872772692,51.935573954],[4.872715195,51.935578167],[4.872686411,51.935579925],[4.872658003,51.935581138],[4.872629976,51.935581822],[4.872601916,51.935582232],[4.872531721,51.935582825],[4.872433436,51.935583408],[4.872391331,51.935583379],[4.872363279,51.935583027],[4.872335152,51.935582238],[4.87229299,51.935580546],[4.872152501,51.935573911],[4.87211034,51.935572087],[4.872068147,51.935570731],[4.872040107,51.93557031],[4.871998006,51.935570135],[4.87189962,51.935570209],[4.871801044,51.935570094],[4.871759055,51.935570402],[4.871745218,51.935570732],[4.871731529,51.935571273],[4.871718052,51.935572118],[4.871704873,51.935573391],[4.871692109,51.935575258],[4.87167991,51.935577932],[4.871668007,51.935581733],[4.871656703,51.93558639],[4.871645832,51.935591671],[4.871635272,51.935597395],[4.871624929,51.935603432],[4.871604645,51.935616082],[4.871584636,51.935629128],[4.871455381,51.93571517],[4.871435265,51.935728035],[4.871425076,51.935734246],[4.871414738,51.935740209],[4.871404188,51.935745813],[4.871393333,51.935750903],[4.871382049,51.935755275],[4.87137018,51.935758657],[4.871357604,51.935760826],[4.871344442,51.935762008],[4.871330854,51.935762472],[4.871316961,51.935762426],[4.871302857,51.935762021],[4.871274254,51.935760552],[4.87123091,51.935757613],[4.871056874,51.935745074],[4.870954956,51.935737587],[4.870926076,51.935735668],[4.870911834,51.935734889],[4.87089783,51.935734323],[4.87088418,51.935734074],[4.870871047,51.935734289],[4.870858652,51.935735164],[4.870847289,51.935736968],[4.870837351,51.935740049],[4.870829157,51.93574469],[4.870822387,51.935750608],[4.87081665,51.935757453],[4.870811649,51.935764959],[4.870807166,51.935772928],[4.870803035,51.935781214],[4.870795401,51.935798347],[4.870766693,51.935868522],[4.870748477,51.935912139],[4.870715221,51.935990249],[4.870663068,51.93611161],[4.870652079,51.936137715],[4.870645064,51.936155131],[4.870618478,51.936225003],[4.870612306,51.936242385],[4.870609524,51.936250984],[4.870607103,51.936259478],[4.870605214,51.93626781],[4.870604102,51.936275911],[4.870604092,51.936283681],[4.870605624,51.93629099],[4.870609277,51.936297665],[4.870615391,51.936303469],[4.870623565,51.936308657],[4.870633249,51.936313395],[4.87064402,51.936317805],[4.870655567,51.936321984],[4.870667656,51.936325999],[4.870680115,51.936329904],[4.87071867,51.93634126],[4.870823071,51.936371027],[4.87084864,51.936378637],[4.870861118,51.936382545],[4.870873255,51.936386568],[4.870884901,51.936390759],[4.870895845,51.936395189],[4.870905806,51.936399956],[4.87091441,51.936405191],[4.870921163,51.936411061],[4.870925561,51.93641749],[4.870928215,51.936424521],[4.870929591,51.936431998],[4.870930048,51.936439801],[4.870929868,51.936447835],[4.870929274,51.936456035],[4.870926619,51.936481174],[4.870925423,51.936498129],[4.870925337,51.936506717],[4.870925582,51.936515308],[4.870926764,51.936532484],[4.870929548,51.936558207],[4.870932878,51.936583883],[4.870963628,51.93680318],[4.870969418,51.936847986],[4.870971236,51.93686588],[4.870972696,51.936883741],[4.8709789,51.936973382],[4.870984674,51.93704574],[4.870985813,51.937063623],[4.870986103,51.93707238],[4.870986063,51.937080918],[4.870985528,51.937089128],[4.870984273,51.937096862],[4.870981989,51.937103917],[4.870978269,51.93711002],[4.870972568,51.937114813],[4.870964403,51.937118017],[4.870954243,51.937119901],[4.870942634,51.937120828],[4.870929994,51.937121072],[4.870916631,51.937120839],[4.870902774,51.937120279],[4.870874185,51.937118582],[4.870757281,51.937110135],[4.870641178,51.937102043],[4.870612298,51.937099877],[4.87058416,51.937097519],[4.870556753,51.937094977],[4.870515706,51.937090943],[4.870324347,51.93707157],[4.870167231,51.937055928],[4.869837152,51.937023455],[4.86980849,51.937020514],[4.869779928,51.937017326],[4.869765716,51.937015565],[4.869751579,51.937013628],[4.869737542,51.937011449],[4.869723914,51.937009027],[4.869696914,51.93700355],[4.869670097,51.936997584],[4.869643332,51.936991393],[4.869522767,51.936963054],[4.86949659,51.936956492],[4.869483899,51.936953042],[4.869471651,51.936949401],[4.869460044,51.936945487],[4.869449343,51.936941184],[4.869439901,51.936936339],[4.869432183,51.936930753],[4.869426679,51.936924428],[4.869422832,51.936917389],[4.86942021,51.936909822],[4.869418481,51.93690187],[4.869417397,51.936893638],[4.869416767,51.936885208],[4.869416452,51.936876639],[4.869416384,51.936859255],[4.869416745,51.936824311],[4.869416277,51.936807236],[4.869415595,51.936798969],[4.869414424,51.936790994],[4.869412566,51.936783438],[4.869409751,51.936776461],[4.869405621,51.936770284],[4.869399713,51.936765189],[4.869391451,51.936761334],[4.869381344,51.936758602],[4.86936989,51.93675669],[4.869357465,51.936755369],[4.869344352,51.936754466],[4.869330766,51.936753852],[4.869302735,51.93675315],[4.86924539,51.936752568],[4.869188275,51.936752279],[4.868965969,51.936751639],[4.868143257,51.936748144],[4.868085508,51.936748036],[4.868056639,51.93674816],[4.868027887,51.936748548],[4.867984936,51.936749578],[4.867755742,51.936756546],[4.867683861,51.936758528],[4.867582992,51.936761032],[4.867554526,51.936761959],[4.86754053,51.936762583],[4.867526803,51.936763392],[4.867513469,51.936764475],[4.867500692,51.936765953],[4.867488696,51.936767988],[4.867477776,51.936770797],[4.867468319,51.936774665],[4.867461532,51.936779075],[4.867455783,51.936784285],[4.867450693,51.936790071],[4.86743607,51.936809099],[4.867429454,51.936816593],[4.867422182,51.936824016],[4.867414411,51.936831373],[4.867397853,51.93684592],[4.867380482,51.936860301],[4.867362706,51.936874576],[4.867290685,51.936931377],[4.867254525,51.936959579],[4.86723609,51.936973289],[4.867226645,51.936979899],[4.867216946,51.936986244],[4.867206887,51.936992209],[4.867196323,51.936997641],[4.867185062,51.937002339],[4.86717292,51.937006148],[4.867160079,51.937009219],[4.867146731,51.937011757],[4.867133021,51.937013915],[4.867119058,51.937015807],[4.867104921,51.937017516],[4.867076344,51.937020613],[4.86696115,51.937032073],[4.86688929,51.937039376],[4.866370493,51.937093153],[4.866042499,51.937126696],[4.865957636,51.937135873],[4.865815977,51.937151526],[4.865744686,51.937159592],[4.86564413,51.937171277],[4.865615831,51.937174389],[4.865602041,51.937175756],[4.865588674,51.937176901],[4.865575938,51.937177714],[4.865564118,51.937178048],[4.865553599,51.9371777],[4.865544898,51.937176397],[4.865538694,51.937173786],[4.865535531,51.937169561],[4.865534877,51.937164019],[4.86553605,51.937157518],[4.865538527,51.937150334],[4.865541923,51.937142668],[4.865545949,51.937134671],[4.865555121,51.93711809],[4.865600085,51.937041528],[4.865658429,51.936940422],[4.8656683,51.936923682],[4.865682944,51.936899572],[4.865747755,51.936795456],[4.865782853,51.93673949],[4.865878665,51.936587969],[4.865943511,51.936483932],[4.865953811,51.936468091],[4.865964758,51.93645258],[4.865970672,51.93644505],[4.865977044,51.936437751],[4.865984047,51.936430776],[4.865991906,51.936424237],[4.86600101,51.936418098],[4.866011002,51.936412414],[4.866021646,51.93640706],[4.866032758,51.936401945],[4.866055879,51.936392174],[4.866079652,51.936382734],[4.866260787,51.936313429],[4.86629653,51.936299384],[4.866316507,51.936290995],[4.866326137,51.936286615],[4.866335399,51.936282038],[4.866344171,51.936277197],[4.866352298,51.936272005],[4.86636079,51.93626544],[4.866368442,51.936258417],[4.866375481,51.936251056],[4.866382081,51.936243454],[4.866394457,51.936227792],[4.866406255,51.936211802],[4.86644075,51.936163336],[4.866457491,51.936139036],[4.866467874,51.936122741],[4.866472586,51.93611453],[4.866476801,51.93610625],[4.866480333,51.936097875],[4.866482977,51.936089572],[4.86648496,51.936081177],[4.86648646,51.936072714],[4.866487608,51.936064203],[4.866488507,51.936055655],[4.866489839,51.936038497],[4.866494439,51.935952406],[4.866496603,51.935917968],[4.866499426,51.935882006],[4.866505872,51.935810035],[4.866507106,51.935792117],[4.866507449,51.935783209],[4.866507483,51.935774359],[4.866507065,51.935765594],[4.866506001,51.935756951],[4.866504029,51.935748478],[4.866500807,51.93574024],[4.866496146,51.935732426],[4.866490272,51.93572484],[4.866483514,51.93571742],[4.866476121,51.935710118],[4.866468284,51.935702897],[4.866451794,51.935688603],[4.86636596,51.93561759],[4.86634004,51.93559648],[4.866322294,51.935582823],[4.86631311,51.935576258],[4.866303595,51.935569972],[4.866293617,51.935564073],[4.866283,51.935558706],[4.866271744,51.935554042],[4.866259858,51.9355499],[4.866247512,51.935546142],[4.866234833,51.935542661],[4.866221918,51.935539379],[4.866195639,51.935533188],[4.866115668,51.935515565],[4.866075971,51.935506472],[4.86606293,51.935503258],[4.866050055,51.935499884],[4.866037412,51.935496287],[4.866025088,51.935492382],[4.866013199,51.935488059],[4.866001804,51.935483216],[4.865990842,51.935477953],[4.8659802,51.935472384],[4.865969787,51.935466592],[4.865959539,51.935460642],[4.865929346,51.935442264],[4.865849801,51.935392325],[4.86580976,51.935367544],[4.865789405,51.93535539],[4.865779055,51.935349432],[4.865768534,51.935343596],[4.865757969,51.935337993],[4.865736385,51.935327108],[4.865703379,51.935311225],[4.865669991,51.93529566],[4.865647511,51.935285543],[4.865636156,51.935280631],[4.865624685,51.935275872],[4.865613049,51.935271328],[4.865601186,51.935267083],[4.865589015,51.935263243],[4.865576287,51.93525985],[4.865563243,51.935256872],[4.865549969,51.935254198],[4.865536528,51.93525174],[4.865509331,51.935247237],[4.865481907,51.935243034],[4.865440607,51.93523698],[4.865399222,51.935231201],[4.865371558,51.935227694],[4.865357684,51.935226141],[4.865343763,51.935224794],[4.865329595,51.935223683],[4.86531538,51.935222783],[4.865286859,51.935221392],[4.865258268,51.935220308],[4.865201011,51.935218481],[4.865143754,51.935216919],[4.865115149,51.935216407],[4.865086579,51.935216357],[4.865072316,51.935216631],[4.865058291,51.935217162],[4.86504428,51.935217907],[4.865016292,51.93521982],[4.864988326,51.935222053],[4.864932419,51.93522689],[4.864876593,51.935232012],[4.864848788,51.935234842],[4.86482116,51.935238123],[4.864807462,51.935240052],[4.864793926,51.935242228],[4.86476708,51.935247153],[4.86472711,51.935255305],[4.864647527,51.935272468],[4.864621116,51.935278356],[4.864594878,51.935284468],[4.864568995,51.935291038],[4.864556278,51.935294615],[4.864543704,51.93529847],[4.864519008,51.93530677],[4.864494667,51.935315531],[4.864458454,51.935329059],[4.864386364,51.935356518],[4.864350571,51.935370478],[4.864327005,51.935380052],[4.864315265,51.935385023],[4.864280486,51.935400339],[4.864177303,51.935447338],[4.864108902,51.935478985],[4.864074751,51.935495452],[4.864018113,51.935523625],[4.863623006,51.935721785],[4.863488241,51.93578953],[4.863443541,51.935812271],[4.863421431,51.935823815],[4.863389698,51.935840989],[4.863347835,51.935864211],[4.863160093,51.935969171],[4.863128544,51.935986475],[4.863096321,51.936003449],[4.863063159,51.936020062],[4.863029708,51.936036463],[4.862649558,51.936221578],[4.862627007,51.936232306],[4.862604214,51.93624283],[4.862569408,51.93625807],[4.862522419,51.9362779],[4.862321981,51.936361554],[4.862275257,51.936381617],[4.862240322,51.936397344],[4.862182619,51.936424008],[4.86113442,51.936911022],[4.860866651,51.937034567],[4.860657878,51.937131266],[4.860566218,51.937174476],[4.859503577,51.937678018],[4.859412105,51.937722099],[4.858875114,51.937982078],[4.858806667,51.938015348],[4.858727531,51.93805435],[4.85855818,51.938138223],[4.858422556,51.938205842],[4.858400081,51.938217202],[4.858377801,51.938228697],[4.858355907,51.938240458],[4.858345619,51.938246246],[4.858325377,51.938258054],[4.858295477,51.938276086],[4.858216392,51.938324619],[4.858186448,51.938342598],[4.858166079,51.938354273],[4.858155666,51.938359935],[4.858145026,51.938365425],[4.858134118,51.9383707],[4.858122984,51.938375802],[4.858111682,51.938380776],[4.858088749,51.938390471],[4.858053922,51.938404687],[4.857972267,51.938437563],[4.857925995,51.938456676],[4.857903262,51.938466575],[4.857892117,51.938471657],[4.857870111,51.938482064],[4.857826674,51.938503366],[4.857641536,51.938595569],[4.857233304,51.93879808],[4.857153887,51.938837025],[4.856824562,51.938997847],[4.856790675,51.939014619],[4.856757241,51.93903169],[4.856713497,51.939054968],[4.85662665,51.939102003],[4.856583443,51.939125668],[4.856551476,51.939143685],[4.856499197,51.9391743],[4.856176967,51.939365411],[4.856135859,51.939390366],[4.856106458,51.939409185],[4.85606854,51.939434564],[4.855993477,51.93948587],[4.855965085,51.939504842],[4.855945698,51.939516995],[4.855935724,51.93952277],[4.855925459,51.939528232],[4.855914792,51.93953326],[4.85590358,51.9395377],[4.855891268,51.939541547],[4.855878374,51.939544769],[4.855865059,51.939547535],[4.85585144,51.939549974],[4.855823632,51.939554232],[4.855795412,51.939558044],[4.855696066,51.939570804],[4.855667928,51.939574816],[4.855653989,51.939577017],[4.855640183,51.939579417],[4.855626561,51.939582097],[4.855613189,51.939585157],[4.855600593,51.939588546],[4.855588231,51.939592293],[4.855576044,51.939596302],[4.855563979,51.939600501],[4.855552006,51.939604835],[4.855528223,51.939613757],[4.855433752,51.93965043],[4.855398456,51.939664315],[4.855375062,51.9396737],[4.855329046,51.939692816],[4.855226109,51.939736429],[4.855192333,51.939751269],[4.855181336,51.939756361],[4.855170571,51.939761581],[4.855160131,51.939766983],[4.855150139,51.939772633],[4.855140756,51.939778622],[4.855132125,51.939785012],[4.855124101,51.939791738],[4.855116524,51.939798715],[4.855109273,51.939805872],[4.8550954,51.939820535],[4.855081985,51.939835453],[4.855042278,51.939880546],[4.855021955,51.939902922],[4.855007547,51.939917974],[4.854984617,51.939940751],[4.854867551,51.940053905],[4.854851705,51.940068816],[4.854843617,51.940076145],[4.854835341,51.940083329],[4.854826793,51.940090305],[4.854817855,51.940096983],[4.85480837,51.940103243],[4.854798136,51.94010893],[4.854787382,51.940113751],[4.854775921,51.940118032],[4.85476394,51.940121914],[4.854751582,51.940125508],[4.854738956,51.940128896],[4.854713199,51.940135286],[4.854634661,51.940153525],[4.854595593,51.940162937],[4.854569915,51.940169668],[4.854557272,51.940173277],[4.854544425,51.940177219],[4.854519135,51.940185611],[4.854481749,51.940198895],[4.854419935,51.940221689],[4.854296568,51.940267768],[4.854271802,51.940276732],[4.85425936,51.94028105],[4.854246853,51.940285183],[4.854234254,51.940289049],[4.854221521,51.940292534],[4.854208603,51.940295489],[4.85419543,51.940297715],[4.854181909,51.940299052],[4.854168133,51.940299656],[4.854154171,51.940299729],[4.854140075,51.94029942],[4.854125885,51.940298845],[4.854097335,51.940297202],[4.853939495,51.94028584],[4.853839124,51.940278831],[4.853681434,51.940268082],[4.853509302,51.940256647],[4.853480724,51.940254511],[4.853452345,51.94025196],[4.85343829,51.940250404],[4.853424376,51.940248557],[4.853410652,51.940246309],[4.853397267,51.940243594],[4.853384073,51.940240483],[4.853371016,51.940237085],[4.853345171,51.940229729],[4.853306737,51.940217996],[4.853153543,51.940169944],[4.852898005,51.940090315],[4.85273647,51.940039277],[4.852699207,51.940027661],[4.852674215,51.940020216],[4.852661628,51.940016674],[4.852648944,51.94001332],[4.85263613,51.940010226],[4.852623138,51.940007484],[4.852609667,51.94000513],[4.852596013,51.94000314],[4.852582224,51.940001417],[4.85255438,51.939998493],[4.852526341,51.939995959],[4.852441919,51.939988923],[4.852413822,51.939986438],[4.852385817,51.939983687],[4.852357986,51.939980432],[4.852330999,51.939976531],[4.852304179,51.939972144],[4.852210732,51.93995559],[4.852170629,51.939948796],[4.852143766,51.939944823],[4.852130264,51.939943149],[4.852116688,51.93994179],[4.852102542,51.939940779],[4.852088318,51.9399401],[4.852059719,51.939939405],[4.852016615,51.939939243],[4.851915836,51.939939763],[4.851887168,51.939939593],[4.85187291,51.939939317],[4.85185873,51.939938835],[4.851844665,51.939938063],[4.851830757,51.939936889],[4.851817067,51.939935162],[4.851803636,51.939932761],[4.851790421,51.939929805],[4.851777366,51.939926446],[4.851764425,51.939922795],[4.851751566,51.939918935],[4.851725997,51.939910825],[4.851649636,51.939885661],[4.851624081,51.939877663],[4.851611235,51.939873917],[4.851598316,51.939870441],[4.851585292,51.939867346],[4.851572125,51.939864782],[4.851558762,51.939862945],[4.851545325,51.939862],[4.851531696,51.939861768],[4.851517928,51.939862057],[4.851504056,51.939862723],[4.851490113,51.939863658],[4.85147612,51.939864781],[4.851448042,51.93986737],[4.851377679,51.939874446],[4.851349558,51.939877098],[4.851321505,51.939879327],[4.851307522,51.939880156],[4.851293584,51.939880689],[4.851279709,51.939880814],[4.851265916,51.939880384],[4.851252558,51.939879314],[4.851239279,51.939877712],[4.85122606,51.939875717],[4.851212886,51.939873437],[4.851186618,51.939868322],[4.851160416,51.939862796],[4.85108188,51.93984564],[4.851042493,51.939837373],[4.851016077,51.939832301],[4.851002781,51.939830004],[4.850989397,51.939827944],[4.850975702,51.939826144],[4.850961918,51.939824584],[4.850934168,51.939821954],[4.850892297,51.939818667],[4.850808362,51.939812645],[4.850780503,51.939810409],[4.850766646,51.939809149],[4.850752865,51.939807738],[4.850739191,51.939806114],[4.850725665,51.939804197],[4.850712343,51.939801882],[4.85069926,51.939799081],[4.85068638,51.93979588],[4.850673649,51.939792386],[4.85064848,51.93978482],[4.850611105,51.939772725],[4.850536683,51.939747892],[4.850511807,51.939739731],[4.850486794,51.939731816],[4.850474191,51.939728026],[4.850461492,51.939724406],[4.850448659,51.939721021],[4.850435645,51.939717955],[4.85042197,51.939715194],[4.850408102,51.93971277],[4.850394096,51.939710592],[4.850365813,51.939706707],[4.850323055,51.939701469],[4.850208733,51.939687979],[4.850166064,51.93968242],[4.850137842,51.939678196],[4.850109812,51.939673525],[4.850081879,51.939668611],[4.849998267,51.939653383],[4.849844973,51.939625135],[4.84970534,51.939598799],[4.849677468,51.93959369],[4.849649773,51.939589079],[4.849636056,51.939587147],[4.849622483,51.939585622],[4.849609116,51.939584679],[4.849596036,51.939584552],[4.849583356,51.939585551],[4.84957124,51.939587906],[4.849559518,51.939591376],[4.849548082,51.939595656],[4.84953685,51.939600516],[4.849525764,51.939605785],[4.849503857,51.939617085],[4.849471306,51.939634921],[4.849395619,51.939677355],[4.84936312,51.939695366],[4.849341332,51.939706971],[4.849330356,51.939712501],[4.849319291,51.939717726],[4.849308099,51.939722514],[4.849296723,51.939726679],[4.849285093,51.939729974],[4.849273112,51.939732074],[4.849261136,51.939732714],[4.84924883,51.939732229],[4.849236281,51.939730916],[4.849223556,51.939729007],[4.849210702,51.939726673],[4.849184756,51.939721211],[4.849158635,51.939715202],[4.84908013,51.939696376],[4.849041272,51.939686632],[4.849015882,51.939679648],[4.849003474,51.939675862],[4.848991351,51.939671777],[4.84897954,51.939667314],[4.848968015,51.939662547],[4.848956701,51.939657557],[4.848934491,51.939647136],[4.848901724,51.939630925],[4.848804239,51.939581421],[4.84878241,51.93957069],[4.848771397,51.939565485],[4.848760276,51.939560455],[4.848749004,51.939555675],[4.848737517,51.939551245],[4.848725737,51.939547297],[4.848713558,51.939544006],[4.848700473,51.939541443],[4.848686967,51.939539573],[4.848673155,51.939538206],[4.848659123,51.9395372],[4.848644937,51.939536446],[4.848616283,51.939535403],[4.848587439,51.939534672],[4.848164285,51.939525679],[4.847846357,51.939518346],[4.847608314,51.939513276],[4.847523425,51.939511735],[4.847335729,51.939509147],[4.847263551,51.939507927],[4.8472056,51.939506478],[4.847031781,51.939501488],[4.846959374,51.939499596],[4.846684567,51.939493962],[4.846517421,51.939490362],[4.846433854,51.939488478],[4.846378079,51.93948695],[4.846294096,51.939484029],[4.84615415,51.939478819],[4.846112193,51.939477056],[4.846070058,51.939474907],[4.846013785,51.939471599],[4.84591534,51.939465541],[4.845859099,51.939462006],[4.845816953,51.939459186],[4.845761354,51.939454885],[4.845678325,51.939447798],[4.845595326,51.93944057],[4.845540047,51.939435552],[4.845512467,51.939432826],[4.845470746,51.939428225],[4.845359744,51.939414993],[4.845262721,51.939403105],[4.845221293,51.939397595],[4.845193579,51.939393524],[4.845165941,51.939389244],[4.845083186,51.939375975],[4.844972949,51.939358038],[4.844931725,51.939351059],[4.844891505,51.939343847],[4.844691041,51.939306415],[4.84434462,51.939241247],[4.843929663,51.93916358],[4.843847104,51.939148373],[4.843805693,51.9391412],[4.843750344,51.939132293],[4.843625535,51.939112863],[4.843583876,51.939106538],[4.843542088,51.939100576],[4.843514749,51.939097069],[4.843487335,51.93909377],[4.843363714,51.939079672],[4.843322454,51.939075303],[4.843294898,51.939072773],[4.843281092,51.939071726],[4.843267256,51.939070897],[4.843253157,51.939070327],[4.843239026,51.939069981],[4.843210707,51.939069736],[4.843168153,51.93906995],[4.843040378,51.939071394],[4.842983591,51.939071765],[4.842927911,51.939071624],[4.842760878,51.939070505],[4.842719141,51.93907064],[4.842691207,51.939071158],[4.842663162,51.939072049],[4.842635126,51.939073143],[4.842509007,51.939078783],[4.842467024,51.939080954],[4.8424391,51.939082713],[4.842425175,51.939083767],[4.842397523,51.939086299],[4.84236995,51.939089215],[4.842328662,51.939093937],[4.842246156,51.939103702],[4.842204883,51.939108369],[4.842177334,51.939111134],[4.842163537,51.939112313],[4.842149722,51.939113286],[4.842135879,51.939113981],[4.842121946,51.939114335],[4.842107987,51.939114408],[4.842094006,51.939114274],[4.842066005,51.939113601],[4.842023954,51.939112069],[4.841911755,51.939107421],[4.841883704,51.939106388],[4.841855651,51.939105546],[4.841827591,51.939105065],[4.841813291,51.93910503],[4.841784682,51.939105295],[4.841727455,51.939106477],[4.841612994,51.939109424],[4.841570088,51.939110675],[4.841527225,51.939112287],[4.84149895,51.939113733],[4.84145658,51.939116275],[4.841287173,51.939127235],[4.841258906,51.939128837],[4.841230603,51.939130133],[4.841202792,51.939130966],[4.84117494,51.939131513],[4.841077304,51.939132786],[4.841049436,51.939133035],[4.841021675,51.939133074],[4.84099417,51.939132618],[4.840980592,51.93913205],[4.840967195,51.939131128],[4.840954048,51.939129719],[4.840941242,51.939127645],[4.840928819,51.939124757],[4.840916738,51.939121201],[4.840904909,51.939117154],[4.840893263,51.939112749],[4.840881748,51.939108087],[4.840870325,51.939103244],[4.840836369,51.939088112],[4.840757542,51.939052016],[4.84073487,51.939041989],[4.840711935,51.939032469],[4.840700288,51.939028047],[4.840688459,51.939023975],[4.840676378,51.939020383],[4.840663956,51.939017442],[4.840650775,51.939015242],[4.840637238,51.939013723],[4.840623441,51.9390127],[4.840609456,51.939012032],[4.840595342,51.939011614],[4.84056687,51.939011241],[4.840538232,51.939011183],[4.840409093,51.939011432],[4.84030879,51.939011363],[4.839879216,51.939010517],[4.839778767,51.939010098],[4.839618843,51.939008511],[4.839546158,51.939007628],[4.839502578,51.93900675],[4.839488065,51.939006307],[4.839459433,51.939005127],[4.839416523,51.939002914],[4.839359329,51.938999676],[4.839287854,51.938995508],[4.839245035,51.938992786],[4.839216582,51.93899065],[4.83920241,51.938989393],[4.839188295,51.938987945],[4.839174208,51.938986258],[4.839160178,51.93898438],[4.839132227,51.938980245],[4.839076528,51.93897127],[4.838965315,51.938952725],[4.838937573,51.938947966],[4.838909916,51.938943028],[4.838882291,51.938937727],[4.838854697,51.938932053],[4.838813464,51.938923201],[4.83871744,51.938902107],[4.838676224,51.938893475],[4.83866245,51.938890832],[4.838648644,51.938888402],[4.83863479,51.938886276],[4.838620875,51.938884576],[4.838606873,51.938883464],[4.838593018,51.938883072],[4.838579077,51.93888325],[4.838565073,51.938883847],[4.838551021,51.938884747],[4.838522814,51.938887136],[4.838494515,51.93888997],[4.838395183,51.938900823],[4.838366973,51.938903694],[4.838353007,51.938904946],[4.838339201,51.938905987],[4.838325634,51.938906718],[4.838312412,51.938907005],[4.838299678,51.938906663],[4.838287626,51.938905446],[4.838276505,51.938903033],[4.838266505,51.938899155],[4.838257442,51.938894075],[4.838249061,51.93888812],[4.838241172,51.938881536],[4.838233632,51.938874507],[4.838226334,51.93886717],[4.838212178,51.938851936],[4.838198322,51.938836335],[4.838157121,51.938789151],[4.838136252,51.938765806],[4.83812188,51.938750591],[4.838114405,51.938743194],[4.838106621,51.938736018],[4.838098403,51.938729153],[4.83808958,51.938722717],[4.838079931,51.93871687],[4.838069623,51.93871189],[4.838058533,51.938707466],[4.838046867,51.938703451],[4.838034783,51.938699732],[4.838022399,51.938696227],[4.838009806,51.938692871],[4.837984239,51.93868643],[4.837854856,51.938655324],[4.837777216,51.938636356],[4.837582968,51.938588236],[4.837492996,51.93856543],[4.837326852,51.938522549],[4.837262959,51.938505758],[4.83708314,51.938456887],[4.837031848,51.938442807],[4.836993559,51.938432099],[4.836930205,51.938413948],[4.836803697,51.938377375],[4.836753146,51.938362678],[4.836703041,51.938347905],[4.836321426,51.938234254],[4.835954434,51.938125421],[4.835704484,51.938051083],[4.835194576,51.937898798],[4.835006173,51.937842157],[4.834968608,51.937831125],[4.834943376,51.937824124],[4.834930652,51.93782083],[4.834917814,51.937817745],[4.834904826,51.937814945],[4.834891211,51.937812411],[4.834877435,51.937810179],[4.834863541,51.937808168],[4.834835519,51.937804581],[4.834807312,51.937801326],[4.834679914,51.93778754],[4.834651928,51.937784097],[4.834638121,51.937782159],[4.834624514,51.937779989],[4.834611191,51.937777488],[4.834598261,51.937774531],[4.834585875,51.937770944],[4.834574214,51.937766617],[4.834563089,51.937761669],[4.834552357,51.937756267],[4.834541907,51.937750537],[4.834521543,51.937738459],[4.834501565,51.937725933],[4.834432289,51.937681334],[4.834402423,51.937662351],[4.834372093,51.937643696],[4.834351116,51.937631521],[4.834329451,51.937619558],[4.834307517,51.937607775],[4.834196914,51.937549501],[4.83416389,51.937531914],[4.83414211,51.937520032],[4.834120854,51.937507978],[4.834100115,51.937495755],[4.834079575,51.937483397],[4.833987777,51.937427361],[4.833947238,51.937402304],[4.833917388,51.937383191],[4.833898503,51.937370451],[4.833879918,51.937357537],[4.833797293,51.93729884],[4.833742634,51.937259492],[4.833724792,51.937246192],[4.833716042,51.937239458],[4.833707109,51.93723238],[4.833689607,51.937218046],[4.833646771,51.937181757],[4.833570347,51.937116112],[4.833553617,51.937101418],[4.833537247,51.937086577],[4.833521915,51.937071992],[4.833499487,51.937049873],[4.833440442,51.936990549],[4.833418613,51.936968222],[4.833404566,51.93695322],[4.833397855,51.936945645],[4.833391471,51.936937993],[4.833385542,51.936930234],[4.833380233,51.936922328],[4.833375665,51.936914216],[4.833371721,51.936905956],[4.833368236,51.936897587],[4.833365082,51.93688914],[4.833362163,51.936880639],[4.83335677,51.936863532],[4.833336738,51.936794736],[4.833328775,51.936769019],[4.83332283,51.936751989],[4.833319504,51.936743539],[4.833315823,51.936735152],[4.833311652,51.936726719],[4.833307119,51.93671835],[4.833297338,51.936701742],[4.833281736,51.936676997],[4.833025454,51.936282285],[4.833009706,51.936257561],[4.832999597,51.936240999],[4.83299477,51.936232673],[4.832990171,51.9362243],[4.8329818,51.936207477],[4.832970401,51.936182008],[4.832956002,51.936147887],[4.832867157,51.935934394],[4.832855862,51.935908914],[4.832847565,51.935892096],[4.83284299,51.935883782],[4.832838155,51.935875749],[4.832827664,51.935859867],[4.832810806,51.93583629],[4.832635939,51.935601908],[4.832618757,51.935578392],[4.832602269,51.935554702],[4.832591709,51.935538281],[4.832576597,51.935513465],[4.832517826,51.935413775],[4.832493101,51.93537258],[4.832438057,51.935283056],[4.832422671,51.935258748],[4.832411959,51.935242677],[4.832400462,51.935226837],[4.832394257,51.935219044],[4.832381133,51.935203668],[4.832367441,51.935188458],[4.832339378,51.93515824],[4.832289739,51.935105524],[4.832268151,51.935083052],[4.83225351,51.935068303],[4.832216122,51.935032073],[4.832132765,51.934952793],[4.83209326,51.934916005],[4.83201193,51.93484149],[4.831987708,51.934819071],[4.831964066,51.934796436],[4.831949072,51.934781084],[4.831934745,51.934765509],[4.831913848,51.934741924],[4.83184525,51.934662916],[4.83181121,51.934623328],[4.831778251,51.934584025],[4.831706298,51.934497379],[4.831686989,51.93447366],[4.831674503,51.934457738],[4.831668476,51.934449716],[4.831662556,51.934441517],[4.831651161,51.934424993],[4.831634657,51.934400041],[4.831440668,51.934100373],[4.83133287,51.93393295],[4.831032323,51.933463308],[4.830919755,51.93328966],[4.830597358,51.932797346],[4.830581282,51.932773364],[4.830564587,51.93274894],[4.83050272,51.932659552],[4.830485289,51.932635344],[4.830473054,51.932619392],[4.830460372,51.932604101],[4.830447171,51.932588968],[4.83041328,51.932551408],[4.830191067,51.932307412],[4.830092632,51.93219965],[4.830078776,51.932184201],[4.830065292,51.932168651],[4.83005257,51.932152896],[4.830046695,51.93214489],[4.830041392,51.932136983],[4.830031717,51.932120922],[4.830018464,51.932096491],[4.830001627,51.932063692],[4.829980902,51.932022617],[4.829968766,51.931997925],[4.829961068,51.9319814],[4.82995399,51.931964725],[4.829944468,51.931939463],[4.829918186,51.931863296],[4.82990908,51.931837995],[4.829902368,51.931821279],[4.829898636,51.93181301],[4.829894522,51.931804832],[4.829889889,51.931796776],[4.829884655,51.931788912],[4.829878907,51.931781169],[4.829872779,51.931773516],[4.829866375,51.931765928],[4.829846193,51.931743395],[4.829797548,51.931691184],[4.829777111,51.931668693],[4.829764091,51.931653535],[4.829757917,51.931645863],[4.829752073,51.9316381],[4.829746632,51.931630228],[4.829741521,51.931622264],[4.829736654,51.931614232],[4.829727404,51.931598038],[4.829714157,51.931573573],[4.829675012,51.931500002],[4.829665921,51.931483746],[4.829656328,51.931467606],[4.829645525,51.931450929],[4.829628436,51.931426118],[4.82958744,51.931368479],[4.82956939,51.93134397],[4.829556683,51.931327919],[4.829549919,51.931320069],[4.829542727,51.931312402],[4.829534945,51.931304989],[4.829526535,51.931297957],[4.829517543,51.931291173],[4.829508128,51.93128457],[4.829498407,51.931278098],[4.829478383,51.931265403],[4.829457933,51.931252889],[4.829395999,51.931215597],[4.829365507,51.931196748],[4.829345924,51.931183866],[4.82933657,51.93117724],[4.829327662,51.931170426],[4.829319367,51.931163352],[4.829311741,51.931155883],[4.829304738,51.931148151],[4.82929819,51.931140225],[4.829291973,51.931132159],[4.829285988,51.931123993],[4.829274455,51.931107473],[4.829240761,51.931057552],[4.829229005,51.931041232],[4.829222787,51.931033274],[4.829216204,51.931025535],[4.829209097,51.931018108],[4.829201264,51.931011118],[4.829192429,51.931004729],[4.829182404,51.930999092],[4.829171384,51.930994053],[4.829159639,51.930989449],[4.829147376,51.930985156],[4.829134746,51.930981082],[4.829108805,51.930973341],[4.829082387,51.930965884],[4.828975673,51.93093665],[4.828935943,51.93092552],[4.828910062,51.930917767],[4.828897515,51.930913674],[4.828885398,51.93090935],[4.828873889,51.930904693],[4.828863232,51.930899574],[4.82885375,51.930893817],[4.828846527,51.930888037],[4.82884027,51.930881734],[4.828834747,51.930875037],[4.828829778,51.930868045],[4.828825226,51.930860834],[4.828820995,51.930853463],[4.828813229,51.930838395],[4.82880526,51.930821126],[4.828752868,51.930699332],[4.828688046,51.930552078],[4.828677278,51.930526029],[4.828670984,51.93050857],[4.828668337,51.930499788],[4.828666158,51.93049105],[4.828664342,51.930482274],[4.828661423,51.930464646],[4.828657978,51.930438107],[4.828648995,51.930358348],[4.828645706,51.930331787],[4.828643111,51.930314113],[4.828641586,51.930305295],[4.828637782,51.930287641],[4.828633049,51.930269982],[4.828627822,51.930252365],[4.828585997,51.930120453],[4.828577977,51.930094034],[4.828573017,51.930076381],[4.82856856,51.93005866],[4.828564448,51.930040902],[4.828543242,51.929943087],[4.828538936,51.92992538],[4.828536534,51.92991657],[4.828533872,51.929907805],[4.828530842,51.929899102],[4.828527306,51.929890486],[4.828523306,51.929882278],[4.828518833,51.929874151],[4.828508938,51.92985806],[4.828492861,51.929834133],[4.828453956,51.929778528],[4.828431402,51.929746862],[4.828419707,51.92973118],[4.828407297,51.929715751],[4.828400637,51.929708196],[4.828393547,51.929700756],[4.82838612,51.929693435],[4.828370599,51.929679027],[4.828346442,51.929657721],[4.828289042,51.929608376],[4.828247728,51.929573274],[4.82821304,51.929544801],[4.828106503,51.929459382],[4.828088939,51.92944506],[4.828071663,51.92943061],[4.828054973,51.929415985],[4.828038873,51.929401183],[4.828015223,51.929378757],[4.827968343,51.929333727],[4.82795245,51.929318875],[4.827936034,51.929304327],[4.827927472,51.92929726],[4.827918545,51.929290406],[4.827909115,51.929283845],[4.827899313,51.929277785],[4.82788903,51.929272006],[4.827878394,51.929266434],[4.827856431,51.929255691],[4.827833951,51.92924525],[4.827719975,51.929193972],[4.827561155,51.929122842],[4.827515681,51.929102649],[4.827492776,51.929092711],[4.827469609,51.929083019],[4.827457813,51.929078289],[4.827433979,51.929069059],[4.827397892,51.929055527],[4.82730119,51.929019883],[4.827265165,51.929006314],[4.827241488,51.92899698],[4.827229839,51.928992151],[4.827218382,51.928987158],[4.827206885,51.928981838],[4.827195587,51.928976348],[4.827173387,51.928965032],[4.827140598,51.92894762],[4.827064622,51.928906542],[4.82703188,51.928889075],[4.826998632,51.928872],[4.826975885,51.92886099],[4.826952842,51.928850209],[4.826918025,51.928834234],[4.826778221,51.928770748],[4.82663741,51.928707554],[4.826578515,51.928681409],[4.826542728,51.928666154],[4.82653061,51.92866125],[4.826507063,51.928652227],[4.826483193,51.928643513],[4.82645915,51.928634964],[4.826374618,51.92860541],[4.826338549,51.928592609],[4.826314772,51.928583841],[4.82630304,51.928579322],[4.826291465,51.928574666],[4.826280103,51.928569825],[4.826268878,51.928564702],[4.82625787,51.92855939],[4.826247023,51.928553939],[4.826225643,51.928542765],[4.826193978,51.928525653],[4.826099347,51.928473986],[4.826078064,51.928462701],[4.826056459,51.928451665],[4.826034668,51.928441126],[4.826001446,51.928425729],[4.825923197,51.928390363],[4.825855895,51.928360236],[4.825821917,51.92834546],[4.825786768,51.928330878],[4.825715788,51.92830231],[4.825668154,51.928283663],[4.825644026,51.928274787],[4.825631791,51.928270595],[4.825619383,51.928266653],[4.825606739,51.928263053],[4.825593853,51.928259881],[4.825580731,51.928257051],[4.825567435,51.92825447],[4.825554015,51.928252069],[4.825526935,51.92824761],[4.82540405,51.928228966],[4.825363195,51.92822248],[4.825321549,51.928215377],[4.825210871,51.928195612],[4.825169302,51.928188511],[4.825141465,51.928184286],[4.825127472,51.92818247],[4.825113406,51.928180952],[4.825099721,51.928179833],[4.825085966,51.928178996],[4.825072159,51.928178369],[4.825044444,51.928177525],[4.825002739,51.928176795],[4.824905311,51.928175533],[4.824863651,51.92817453],[4.82483599,51.928173302],[4.824822221,51.928172383],[4.824808508,51.928171196],[4.824781202,51.928168214],[4.824753996,51.928164744],[4.824713272,51.928159123],[4.824618322,51.928145616],[4.824577569,51.928140042],[4.824550324,51.92813659],[4.82453666,51.928135007],[4.824509144,51.928132186],[4.824453881,51.928127332],[4.824218796,51.928108246],[4.82375235,51.928068824],[4.823670015,51.92806198],[4.823598662,51.928056359],[4.823413076,51.928042068],[4.823178321,51.928024438],[4.823123448,51.928019914],[4.823096127,51.928017238],[4.82308245,51.928015707],[4.823055183,51.928012341],[4.823014398,51.928006876],[4.822905804,51.927991705],[4.822865039,51.927986177],[4.8228378,51.92798273],[4.822824146,51.92798114],[4.822796265,51.927978345],[4.822767781,51.927976052],[4.822724921,51.927973122],[4.822324236,51.927948313],[4.822238436,51.927942693],[4.82221025,51.927940576],[4.822168576,51.927937125],[4.822002037,51.927922501],[4.821932666,51.927916642],[4.821752732,51.92790277],[4.821711181,51.92789975],[4.821683458,51.927897928],[4.821655693,51.927896426],[4.821641253,51.927895839],[4.821612332,51.92789498],[4.821568891,51.927894125],[4.82145297,51.927892434],[4.82142407,51.927891782],[4.821395315,51.927890696],[4.821381038,51.927889861],[4.821366864,51.927888721],[4.821352832,51.927887164],[4.821339241,51.927885141],[4.821325789,51.927882714],[4.821312435,51.927879993],[4.821299155,51.92787706],[4.821272726,51.927870793],[4.821246391,51.927864243],[4.821101686,51.927827579],[4.821075456,51.927820851],[4.821049406,51.927813934],[4.821023755,51.927806601],[4.821011187,51.927802662],[4.820998881,51.927798446],[4.820986693,51.927793815],[4.820974774,51.927788898],[4.820951463,51.927778506],[4.820928554,51.92776769],[4.820894494,51.927751141],[4.820815292,51.927712252],[4.820781469,51.927695506],[4.820759102,51.927684214],[4.820737331,51.927672851],[4.820716151,51.927661424],[4.820663736,51.927632464],[4.82053845,51.927562598],[4.820319211,51.927438583],[4.820224887,51.927386249],[4.820088315,51.92731104],[4.819878014,51.927196405],[4.819681893,51.927088003],[4.819628764,51.927058809],[4.81930303,51.926880702],[4.819270239,51.926862934],[4.819248192,51.92685123],[4.819225822,51.926839774],[4.819214683,51.926834304],[4.819192115,51.926823586],[4.819157871,51.92680781],[4.819043116,51.926755689],[4.819009102,51.926739744],[4.818986895,51.926728762],[4.818964904,51.926717115],[4.818943335,51.92670515],[4.818911351,51.926686926],[4.818847688,51.926650252],[4.818815594,51.92663213],[4.818793801,51.926620372],[4.818782675,51.92661468],[4.818771317,51.926609176],[4.818759996,51.926604044],[4.818748452,51.926599092],[4.818724923,51.926589549],[4.818689043,51.926575713],[4.818604667,51.92654396],[4.818568661,51.926530213],[4.818544894,51.926520839],[4.818533145,51.926516034],[4.818510173,51.926506093],[4.818487819,51.926495739],[4.818454761,51.926479789],[4.818389115,51.926447461],[4.81834555,51.926425775],[4.818313432,51.926409177],[4.818302989,51.926403485],[4.818292768,51.926397657],[4.81828285,51.926391645],[4.818273342,51.926385437],[4.818264134,51.926379044],[4.818246327,51.92636589],[4.818220421,51.926345671],[4.81816936,51.926304774],[4.818143648,51.926284421],[4.818126212,51.926271013],[4.818108291,51.926257866],[4.818089598,51.926245062],[4.818060721,51.926226306],[4.817952876,51.926158593],[4.817923844,51.926139943],[4.817905039,51.926127241],[4.817895948,51.926120738],[4.817887168,51.926114085],[4.817878597,51.926107108],[4.817870347,51.926099975],[4.817854481,51.9260854],[4.817831506,51.926063136],[4.817771421,51.926003203],[4.817741986,51.92597302],[4.817727848,51.925957728],[4.817714176,51.925942278],[4.817694109,51.925918943],[4.817641188,51.92585651],[4.817620772,51.925833362],[4.817613686,51.925825775],[4.817606359,51.925818299],[4.817598692,51.925810981],[4.817590562,51.925803874],[4.817581756,51.925796943],[4.817572475,51.92579023],[4.81756285,51.925783676],[4.817542936,51.925770874],[4.817512239,51.925752052],[4.8174295,51.925702261],[4.817378504,51.925671174],[4.817251338,51.925591823],[4.817222157,51.925573415],[4.817193316,51.92555481],[4.817174503,51.925542147],[4.817156043,51.925529257],[4.817056043,51.925457416],[4.817038046,51.925444281],[4.817020402,51.925431032],[4.817011834,51.925424326],[4.817003534,51.925417532],[4.816995616,51.925410615],[4.816988221,51.925403529],[4.816981538,51.925396213],[4.816975703,51.925388592],[4.816970586,51.925380739],[4.816966,51.925372713],[4.8169618,51.925364562],[4.816954152,51.925348008],[4.816943654,51.925322846],[4.816920034,51.925263832],[4.816912766,51.925247248],[4.816908826,51.925239123],[4.816904554,51.925231179],[4.816899812,51.925223493],[4.816894408,51.925216169],[4.816888097,51.925209344],[4.816880552,51.925203198],[4.816871263,51.92519775],[4.816860685,51.925193012],[4.816849165,51.92518879],[4.816836966,51.925184943],[4.816824284,51.925181362],[4.816811268,51.925177966],[4.816784623,51.925171512],[4.816716955,51.925155952],[4.816690226,51.925149516],[4.816677116,51.925146139],[4.816664288,51.925142589],[4.81665186,51.925138789],[4.816639991,51.925134641],[4.816628901,51.925130007],[4.816618873,51.925124712],[4.816610025,51.925118519],[4.816602261,51.92511165],[4.816595285,51.925104289],[4.816588871,51.925096578],[4.816582852,51.925088621],[4.816577103,51.925080495],[4.816560709,51.925055589],[4.816518138,51.924988463],[4.816443337,51.924871269],[4.816432509,51.924854604],[4.816421282,51.924838136],[4.816415375,51.924830048],[4.816409146,51.924822122],[4.81640246,51.924814422],[4.816395135,51.924807042],[4.816386926,51.924800102],[4.816378066,51.92479397],[4.816368387,51.924788246],[4.816358102,51.924782824],[4.816347376,51.924777622],[4.816325065,51.924767646],[4.816302112,51.92475799],[4.816244022,51.924734202],[4.816221089,51.92472454],[4.816209842,51.924719602],[4.816198831,51.92471455],[4.816188152,51.924709335],[4.816177937,51.924703896],[4.816168357,51.924698147],[4.816159637,51.92469198],[4.816151937,51.92468529],[4.816145101,51.92467818],[4.816138901,51.92467076],[4.816133162,51.924663116],[4.816127757,51.924655311],[4.816122586,51.924647391],[4.816112678,51.924631344],[4.81607923,51.924574581],[4.816064391,51.924550449],[4.816053748,51.924534649],[4.816047998,51.924526912],[4.816041817,51.924519339],[4.816035051,51.924511988],[4.816027265,51.924504623],[4.816018857,51.924497496],[4.816009996,51.924490539],[4.816000812,51.924483705],[4.815981835,51.92447027],[4.815962425,51.924456997],[4.815824935,51.924364695],[4.815448546,51.924114631],[4.81526024,51.92398911],[4.81512858,51.923901106],[4.815081246,51.923869871],[4.815061958,51.923857601],[4.81505215,51.92385157],[4.815031966,51.923839679],[4.814990666,51.923816482],[4.814907187,51.923770643],[4.814876044,51.923753354],[4.814845393,51.923735755],[4.814825643,51.923723689],[4.81479703,51.923705096],[4.814768904,51.9236862],[4.814470816,51.923483496],[4.814442614,51.923464646],[4.814403283,51.92343901],[4.814294278,51.923369001],[4.814264359,51.923350026],[4.81424421,51.923337502],[4.814213729,51.923319136],[4.814172673,51.923294904],[4.814100562,51.923252665],[4.814059033,51.923228754],[4.814037914,51.923217046],[4.814016455,51.923205674],[4.81398379,51.923188948],[4.813928939,51.923161353],[4.813884873,51.923139443],[4.813862632,51.923128693],[4.813840031,51.923118303],[4.813828495,51.923113342],[4.81381672,51.923108617],[4.813804446,51.923104104],[4.813791927,51.923099834],[4.813766402,51.923091777],[4.81372748,51.923080321],[4.813623045,51.923050408],[4.813597215,51.923042637],[4.813584437,51.923038609],[4.813571799,51.923034435],[4.813559353,51.923030061],[4.813547386,51.923025539],[4.813535604,51.923020824],[4.813523957,51.923015968],[4.813500927,51.923005981],[4.813455355,51.922985498],[4.813319181,51.922923497],[4.813140411,51.922841335],[4.813084264,51.922815901],[4.813038506,51.922795895],[4.812946484,51.922756314],[4.812900255,51.92273674],[4.812876898,51.922727206],[4.812853155,51.922718073],[4.812841273,51.922713809],[4.812817164,51.922705637],[4.812780537,51.922693862],[4.812719043,51.922674717],[4.812681962,51.92266349],[4.812657058,51.922656289],[4.812631837,51.922649569],[4.812606013,51.922643527],[4.812566731,51.922635295],[4.812421514,51.922606904],[4.812368869,51.922596264],[4.812315144,51.922584656],[4.812194681,51.922557745],[4.812167854,51.922552032],[4.812140915,51.922546803],[4.81212737,51.922544515],[4.812113747,51.922542562],[4.812100017,51.922541065],[4.812086164,51.922540127],[4.812072204,51.922539646],[4.812058166,51.922539501],[4.812044072,51.922539598],[4.812015776,51.922540258],[4.8119874,51.922541261],[4.811873746,51.92254591],[4.811845395,51.922546789],[4.811817145,51.922547193],[4.811803088,51.922547082],[4.811789098,51.922546654],[4.811775203,51.92254579],[4.81176155,51.922544413],[4.811747987,51.922542607],[4.811734493,51.922540489],[4.811707635,51.922535638],[4.811680878,51.922530327],[4.811547362,51.922502444],[4.811493842,51.922491531],[4.811440759,51.922481184],[4.811321076,51.92245842],[4.811254533,51.922445886],[4.811214043,51.922438429],[4.810992254,51.922398973],[4.810936774,51.922388949],[4.810741999,51.922352699],[4.810700341,51.922344784],[4.810672658,51.922339341],[4.810631418,51.922330662],[4.810590432,51.922321519],[4.810467783,51.922293516],[4.810413495,51.922280757],[4.810386609,51.922274018],[4.810373301,51.922270461],[4.810360215,51.922266764],[4.810334311,51.922259001],[4.810308612,51.922250949],[4.810168034,51.92220559],[4.810117067,51.922188932],[4.810079244,51.922176022],[4.810054548,51.92216691],[4.810030306,51.92215736],[4.809994324,51.922142633],[4.809875113,51.9220928],[4.809839906,51.922077451],[4.809828409,51.922072163],[4.80981712,51.922066726],[4.809806116,51.922061085],[4.809795677,51.922055318],[4.809785514,51.922049353],[4.809775552,51.922043244],[4.80974638,51.922024404],[4.80959371,51.921921824],[4.809422645,51.921808093],[4.809403813,51.921795365],[4.809385223,51.921782508],[4.809367141,51.921769471],[4.809340878,51.921749592],[4.809203488,51.921642131],[4.80917744,51.92162213],[4.809133699,51.921588951],[4.809098536,51.921562492],[4.809080754,51.921549388],[4.809062604,51.921536527],[4.809053285,51.921530259],[4.809043717,51.921524159],[4.809033807,51.921518289],[4.809023524,51.921512719],[4.8090129,51.921507382],[4.808990948,51.921497187],[4.808968394,51.921487425],[4.808945425,51.921478018],[4.808922014,51.921469079],[4.808910079,51.921464878],[4.80889793,51.921460942],[4.808885477,51.921457313],[4.808872812,51.921453955],[4.808859992,51.921450805],[4.808847059,51.921447822],[4.80882097,51.921442286],[4.808807849,51.921439743],[4.808794693,51.921437386],[4.808781504,51.921435272],[4.808768279,51.921433482],[4.808755013,51.921432132],[4.808741697,51.92143137],[4.808727905,51.921431329],[4.808714061,51.921431903],[4.80870018,51.921432926],[4.808686274,51.921434268],[4.80867235,51.921435833],[4.808644469,51.921439369],[4.80861657,51.921443178],[4.808574736,51.921449076],[4.80853302,51.921455161],[4.8085054,51.921459509],[4.808491703,51.921461865],[4.808478118,51.921464412],[4.808464691,51.921467225],[4.808451706,51.921470299],[4.808438874,51.921473632],[4.808413512,51.921480818],[4.808375878,51.921492296],[4.808263589,51.921527749],[4.808238512,51.921535313],[4.808225903,51.921538923],[4.808213219,51.92154235],[4.808200432,51.921545523],[4.808187503,51.921548343],[4.808174379,51.921550684],[4.808160923,51.921552455],[4.808147269,51.921553743],[4.808133474,51.921554676],[4.808119573,51.921555353],[4.808091576,51.921556224],[4.808063433,51.921556748],[4.807950568,51.921558157],[4.807908278,51.921558552],[4.807880121,51.921558581],[4.807866063,51.921558447],[4.807852023,51.921558161],[4.807838008,51.921557664],[4.80782384,51.921556899],[4.807809697,51.921555919],[4.807795573,51.921554781],[4.807767363,51.921552201],[4.807711007,51.921546494],[4.807556103,51.921530305],[4.807443463,51.921518092],[4.807049335,51.921474455],[4.807007077,51.921469924],[4.806978862,51.921467113],[4.806950574,51.921464665],[4.806922945,51.9214628],[4.806895243,51.921461287],[4.806867503,51.921459962],[4.806770327,51.921455739],[4.806728728,51.92145377],[4.806701071,51.921452181],[4.806687288,51.921451228],[4.806673549,51.921450112],[4.806659874,51.921448777],[4.806646273,51.921447176],[4.806632733,51.921445357],[4.806619238,51.921443375],[4.806592341,51.921439092],[4.80655211,51.921432254],[4.80645834,51.921415925],[4.806404613,51.921406987],[4.8063776,51.921402928],[4.806364022,51.921401082],[4.806336762,51.921397681],[4.806309415,51.921394515],[4.806076509,51.921369044],[4.805618303,51.921317081],[4.80557539,51.921312329],[4.80554674,51.921309337],[4.805518021,51.921306654],[4.805503842,51.921305508],[4.805475423,51.921303497],[4.805432702,51.921300864],[4.805318666,51.92129437],[4.805276023,51.9212916],[4.805247766,51.92128927],[4.805233738,51.921287826],[4.805219809,51.921286102],[4.8052059,51.92128402],[4.805192091,51.921281654],[4.805178357,51.921279081],[4.805164675,51.921276361],[4.805137413,51.921270642],[4.804933655,51.921225725],[4.804703591,51.921175475],[4.804649603,51.921163417],[4.804609822,51.921154048],[4.804570454,51.921144417],[4.804198716,51.921051974],[4.804104167,51.921028727],[4.804038174,51.921013098],[4.803905933,51.920982246],[4.803866174,51.920973142],[4.803826213,51.920964364],[4.803785992,51.920955987],[4.803718772,51.920942343],[4.803624582,51.920923394],[4.803570648,51.920912787],[4.803517357,51.920902791],[4.80334379,51.920871043],[4.803290441,51.920861163],[4.803224284,51.920848573],[4.803012783,51.920807878],[4.802847077,51.920776353],[4.802764116,51.920760825],[4.802722833,51.920753577],[4.802682148,51.920746923],[4.802614175,51.920736189],[4.802518939,51.920721331],[4.802464428,51.920713077],[4.802396104,51.920703419],[4.802272925,51.920686542],[4.802218133,51.920679181],[4.802176996,51.92067393],[4.802122124,51.920667383],[4.802039725,51.920657833],[4.80194357,51.920646776],[4.801888275,51.920640595],[4.801789799,51.920630091],[4.801401346,51.920589173],[4.801332805,51.920581691],[4.801263344,51.920573432],[4.80109684,51.920552934],[4.801041439,51.920545816],[4.801000193,51.920540134],[4.800835544,51.920516452],[4.800753316,51.920504363],[4.800644967,51.920487467],[4.800241122,51.920423364],[4.800173476,51.920412789],[4.799921654,51.920374866],[4.799611383,51.920328586],[4.799365828,51.920291499],[4.799296389,51.920280476],[4.799057594,51.920241173],[4.798879081,51.920212098],[4.798810353,51.920201089],[4.798768683,51.920194756],[4.798726256,51.920188686],[4.798669605,51.920180805],[4.798287502,51.920128223],[4.798189745,51.920114904],[4.797919148,51.920078463],[4.797647616,51.920041062],[4.797351086,51.920000482],[4.797160627,51.919973531],[4.79707907,51.919961801],[4.796997508,51.919949569],[4.796793774,51.919918538],[4.796592399,51.919887181],[4.796511941,51.919874418],[4.796430773,51.919860908],[4.796188002,51.919819857],[4.795920872,51.919774586],[4.795666308,51.919731252],[4.795133154,51.91963873],[4.794815327,51.919584697],[4.794649701,51.919555985],[4.794580811,51.919543787],[4.794553391,51.919538652],[4.794526276,51.919533185],[4.794499465,51.919527389],[4.794472755,51.919521403],[4.794059826,51.919426539],[4.794019989,51.919417181],[4.793993588,51.919410711],[4.793980477,51.919407346],[4.793967336,51.919403836],[4.793941236,51.919396555],[4.793876448,51.919377673],[4.793747286,51.919339328],[4.793721596,51.919331487],[4.793696151,51.919323459],[4.793633307,51.919302731],[4.793495677,51.919256384],[4.793470808,51.919247796],[4.793446134,51.919239002],[4.793409165,51.919225082],[4.793348177,51.919201221],[4.79294663,51.919042735],[4.792653632,51.918925775],[4.791993589,51.918663593],[4.791920077,51.918634962],[4.79157644,51.918502817],[4.791527444,51.918483851],[4.791503069,51.91847425],[4.791466848,51.918459514],[4.791418999,51.918439435],[4.791085062,51.918297924],[4.791037515,51.918277576],[4.791002286,51.918261955],[4.790979582,51.918251356],[4.790957111,51.918240561],[4.790578288,51.918054387],[4.790545174,51.918037736],[4.790523452,51.918026384],[4.790501741,51.91801445],[4.790469718,51.917996162],[4.790406237,51.917959178],[4.79036411,51.917934402],[4.790332957,51.917915566],[4.790312777,51.917902669],[4.790293923,51.917889709],[4.790275568,51.917876461],[4.790248477,51.917856334],[4.790167756,51.917795635],[4.790149621,51.917782255],[4.790131212,51.91776903],[4.79011249,51.917756209],[4.79009347,51.917743787],[4.790064486,51.917725404],[4.790006031,51.91768891],[4.789966898,51.917664687],[4.789947172,51.917652684],[4.789927186,51.917640857],[4.789906674,51.917629324],[4.789885632,51.917618089],[4.78986432,51.917607036],[4.789778299,51.917563349],[4.789746201,51.917546868],[4.789725101,51.917535694],[4.789704524,51.917524197],[4.789694559,51.917518245],[4.789684485,51.917511856],[4.789665031,51.917498646],[4.789636785,51.917478248],[4.789571975,51.917429969],[4.789553316,51.917416269],[4.789534342,51.91740277],[4.789524643,51.917396159],[4.789514727,51.917389687],[4.789504511,51.917383409],[4.789493948,51.917377378],[4.789483087,51.917371539],[4.789472009,51.91736584],[4.789449437,51.917354712],[4.789403543,51.91733294],[4.78931121,51.917289763],[4.789265304,51.917268589],[4.789071206,51.917180431],[4.788943968,51.917122866],[4.788909114,51.917107275],[4.788885681,51.917097113],[4.788861868,51.917087396],[4.788849713,51.917082828],[4.788837307,51.917078555],[4.788824457,51.917074601],[4.788811349,51.917070947],[4.788798056,51.91706751],[4.78878463,51.91706423],[4.788757525,51.917057966],[4.788648184,51.917033984],[4.788607347,51.917024748],[4.788580374,51.917018232],[4.788567027,51.917014777],[4.788553985,51.917011196],[4.788528168,51.91700365],[4.788477062,51.916987808],[4.788362603,51.916951415],[4.788311881,51.916935068],[4.788274347,51.916922572],[4.788187641,51.916892815],[4.78812605,51.916871199],[4.788101681,51.916862279],[4.788089488,51.916857656],[4.788041226,51.916838642],[4.787813608,51.916746657],[4.787645612,51.916679084],[4.787609894,51.916664407],[4.787586514,51.916654319],[4.787575081,51.916649096],[4.787563907,51.916643689],[4.787553091,51.916638032],[4.787543168,51.916632347],[4.78753357,51.916626434],[4.787515005,51.916614163],[4.787469586,51.916582768],[4.787460284,51.916576635],[4.787450777,51.916570641],[4.78744098,51.91656484],[4.787430177,51.916558928],[4.787419047,51.916553236],[4.787396145,51.916542288],[4.787372748,51.916531676],[4.787349117,51.916521221],[4.78723033,51.916469384],[4.787065524,51.91639789],[4.786994881,51.916367435],[4.786948135,51.916347821],[4.786890181,51.916324129],[4.78680881,51.916291186],[4.786773647,51.916277397],[4.78674986,51.916268597],[4.786737776,51.916264414],[4.786725362,51.916260372],[4.786700142,51.916252733],[4.786661785,51.916241878],[4.786520184,51.916203152],[4.786494627,51.916195879],[4.786469313,51.916188306],[4.786444392,51.916180308],[4.78641971,51.916172013],[4.786284884,51.916125264],[4.786260172,51.916117013],[4.786235185,51.91610911],[4.786209536,51.916101647],[4.786183607,51.916094536],[4.786144461,51.916084187],[4.786039797,51.916056938],[4.786000837,51.916046379],[4.785975229,51.916038912],[4.785962628,51.91603494],[4.785950328,51.9160308],[4.785938173,51.916026489],[4.785914153,51.916017529],[4.785890352,51.916008309],[4.785760241,51.915956649],[4.785725051,51.915942327],[4.785701972,51.915932482],[4.785690649,51.915927389],[4.785679546,51.915922125],[4.785668881,51.91591674],[4.785658429,51.91591119],[4.785637957,51.915899748],[4.785607832,51.915882126],[4.785538066,51.915840609],[4.785517847,51.915828993],[4.785507588,51.915823312],[4.785497173,51.915817764],[4.785486546,51.915812397],[4.785475632,51.915807276],[4.785464248,51.915802401],[4.785452571,51.915797775],[4.785428633,51.915789023],[4.785404241,51.91578066],[4.785268444,51.915736041],[4.785219022,51.915719365],[4.785156537,51.915697462],[4.785044468,51.915657604],[4.785007301,51.915644123],[4.784970369,51.91563023],[4.784921463,51.915611243],[4.784823939,51.915572973],[4.784787227,51.915558783],[4.784762547,51.915549553],[4.784737512,51.915540724],[4.784712886,51.915532784],[4.78468792,51.915525225],[4.784650167,51.915514234],[4.784561757,51.915488947],[4.784524131,51.915477841],[4.78449941,51.915470066],[4.784487252,51.915465969],[4.784475298,51.915461667],[4.784463229,51.915456968],[4.784451374,51.915452052],[4.784428087,51.915441785],[4.784393712,51.915425817],[4.784291258,51.915377219],[4.784268227,51.915366677],[4.784244818,51.915356498],[4.784232877,51.91535164],[4.784220853,51.915347034],[4.784196342,51.915338275],[4.784158939,51.91532575],[4.784070905,51.91529726],[4.784033346,51.915284881],[4.784008583,51.915276357],[4.783996356,51.915271942],[4.783984283,51.915267374],[4.783972178,51.915262528],[4.783960233,51.915257525],[4.783936662,51.915247201],[4.783913339,51.915236632],[4.783843761,51.915204545],[4.783808674,51.915188867],[4.78379681,51.91518384],[4.783784798,51.915178991],[4.783772582,51.915174385],[4.783760083,51.915170116],[4.783747254,51.915166264],[4.783734143,51.915162747],[4.783720828,51.915159476],[4.783707365,51.91515638],[4.783666474,51.915147692],[4.783584038,51.915131095],[4.783542915,51.915122643],[4.783515674,51.915116747],[4.783488725,51.915110408],[4.783463321,51.915103724],[4.783438187,51.915096629],[4.783400732,51.915085613],[4.783313583,51.915059534],[4.783276059,51.915048625],[4.78325082,51.915041697],[4.783238079,51.915038419],[4.783225217,51.915035304],[4.783199252,51.915029446],[4.783146833,51.915018479],[4.783002086,51.914989229],[4.782923054,51.914973033],[4.782698926,51.914926426],[4.782451708,51.914874691],[4.782410342,51.914866168],[4.782369678,51.914857979],[4.782206761,51.914825722],[4.782138737,51.914812568],[4.782097922,51.914805058],[4.78204339,51.914795264],[4.781947886,51.914778285],[4.781906891,51.914771169],[4.781865732,51.914764462],[4.781838423,51.914760461],[4.781783566,51.914753064],[4.781659887,51.914737032],[4.781604978,51.914729741],[4.781549874,51.91472194],[4.781412139,51.914701505],[4.781370777,51.914695528],[4.781343133,51.91469179],[4.781329271,51.91469006],[4.781301736,51.914687087],[4.781288066,51.914685836],[4.781260646,51.914683609],[4.781205659,51.91467968],[4.780841012,51.914655053],[4.780769541,51.914650453],[4.78074092,51.91464885],[4.780711973,51.914647498],[4.78066851,51.91464578],[4.780509067,51.914640067],[4.780480126,51.914638789],[4.780451259,51.91463716],[4.780436873,51.914636118],[4.780409285,51.914633577],[4.780381794,51.914630572],[4.780340638,51.914625664],[4.780258411,51.914615443],[4.780203695,51.914608386],[4.780176463,51.914604581],[4.780149428,51.914600334],[4.780122349,51.914595365],[4.780095474,51.914589944],[4.780055335,51.914581416],[4.779921776,51.914552457],[4.779894973,51.914546845],[4.779868056,51.914541461],[4.779826397,51.914533807],[4.779784543,51.914526544],[4.779658735,51.91450524],[4.779602716,51.914496025],[4.779560707,51.914489586],[4.779518657,51.91448349],[4.77939233,51.914465625],[4.779322062,51.914455951],[4.779280834,51.914450692],[4.779240048,51.914445776],[4.779144784,51.914434584],[4.779090301,51.914428394],[4.779063012,51.914425526],[4.779035645,51.91442301],[4.779021569,51.914421928],[4.778993343,51.914420098],[4.778950908,51.914417805],[4.778809287,51.914410918],[4.778752667,51.91440793],[4.778695868,51.914404465],[4.778582333,51.914397028],[4.778539769,51.914394441],[4.778511406,51.914393065],[4.778497233,51.914392584],[4.778483067,51.914392319],[4.778468913,51.914392347],[4.77845458,51.914392741],[4.778440259,51.914393436],[4.77841164,51.914395416],[4.778368738,51.914399151],[4.778240068,51.914411389],[4.778182824,51.914416547],[4.778127559,51.914421002],[4.777961601,51.914433592],[4.777906351,51.914438089],[4.777837923,51.914444483],[4.777714896,51.914456625],[4.777660285,51.914462235],[4.777619469,51.914466881],[4.777592025,51.914470453],[4.777550996,51.914476236],[4.777373585,51.914502458],[4.777275766,51.914517333],[4.777092479,51.914545708],[4.777036694,51.914554857],[4.77692632,51.914573915],[4.776843662,51.914588461],[4.77680255,51.914596139],[4.776775824,51.914601613],[4.77674974,51.914607371],[4.776710805,51.914616363],[4.776581325,51.914646909],[4.776542305,51.914655736],[4.776516098,51.914661251],[4.776489498,51.914666318],[4.776462726,51.914671059],[4.776422413,51.914677876],[4.776341653,51.914691252],[4.77630137,51.914698115],[4.776274657,51.914702948],[4.776248187,51.914708217],[4.776234823,51.914711159],[4.776208324,51.914717454],[4.776168872,51.914727436],[4.776064154,51.914754901],[4.776038121,51.914761945],[4.776012303,51.914769239],[4.775999535,51.914773051],[4.775986908,51.91477703],[4.775974372,51.914781242],[4.775961979,51.914785623],[4.77593748,51.914794718],[4.775901093,51.914808789],[4.775828683,51.914837357],[4.775780636,51.914856608],[4.775756858,51.914866454],[4.775733641,51.914876544],[4.775699735,51.914892123],[4.775666181,51.914908029],[4.77558819,51.914945429],[4.775565777,51.914955922],[4.775543099,51.914966032],[4.775531578,51.914970822],[4.775519867,51.914975336],[4.775507893,51.914979468],[4.775495563,51.914983078],[4.775482612,51.914986093],[4.775469293,51.914988573],[4.775455707,51.914990663],[4.775441929,51.914992472],[4.775414008,51.914995559],[4.775371687,51.914999545],[4.775258446,51.91500963],[4.775216103,51.915013714],[4.775187987,51.915016753],[4.775173987,51.915018443],[4.77514658,51.915022187],[4.775119295,51.915026291],[4.775064885,51.915034964],[4.774672568,51.915099174],[4.774604884,51.915110107],[4.774399258,51.915142243],[4.774358023,51.915148353],[4.774330425,51.915152095],[4.774302155,51.91515547],[4.774259582,51.915160023],[4.774088897,51.915177078],[4.774031993,51.915182936],[4.773918021,51.915195235],[4.773789862,51.915209275],[4.773747203,51.915214158],[4.773719425,51.91521751],[4.773539172,51.91524031],[4.773511414,51.915243698],[4.773483609,51.915246877],[4.773455708,51.915249648],[4.773441941,51.915250781],[4.773414322,51.915252686],[4.773386638,51.915254303],[4.773331184,51.915257183],[4.773178611,51.91526474],[4.772962996,51.915275034],[4.772919804,51.915277285],[4.772891057,51.915279033],[4.772862647,51.915281158],[4.772820553,51.915284993],[4.772666519,51.915300673],[4.772624473,51.915304729],[4.772596386,51.915307119],[4.77256787,51.915309024],[4.772538923,51.915310431],[4.772509928,51.91531156],[4.772393808,51.915315303],[4.772335743,51.915316845],[4.772306712,51.915317278],[4.772292198,51.915317317],[4.772263891,51.915316963],[4.772235584,51.915316233],[4.772193127,51.915314805],[4.772094064,51.915311132],[4.772051616,51.915309788],[4.772023331,51.915309215],[4.772009193,51.915309112],[4.771995062,51.915309192],[4.771981051,51.915309492],[4.771967046,51.915309974],[4.771939047,51.9153113],[4.771897067,51.915313775],[4.771785139,51.915320945],[4.77175715,51.91532257],[4.771729149,51.915323927],[4.771701128,51.915324773],[4.771686806,51.915324904],[4.771672477,51.915324859],[4.771643804,51.915324421],[4.771615119,51.915323716],[4.771557739,51.915322012],[4.771457317,51.915318861],[4.771399953,51.915316903],[4.77134456,51.91531465],[4.771219959,51.915309188],[4.771164623,51.915306549],[4.771137004,51.915304989],[4.771109461,51.91530306],[4.771095553,51.915301867],[4.771067804,51.915299135],[4.77102628,51.915294555],[4.770915688,51.915281676],[4.77087419,51.915277246],[4.770846486,51.915274856],[4.770832613,51.91527398],[4.770818718,51.915273424],[4.770804554,51.915273257],[4.770790365,51.915273419],[4.770761947,51.915274395],[4.77071926,51.915276705],[4.770334841,51.915301171],[4.770306367,51.915302898],[4.770277895,51.915304443],[4.770249429,51.915305594],[4.770235201,51.915305912],[4.770220976,51.91530597],[4.770207221,51.915305721],[4.770193469,51.915305228],[4.770165971,51.915303751],[4.770138477,51.915301897],[4.770083485,51.915297762],[4.770028536,51.915293403],[4.770001146,51.915291041],[4.76997391,51.915288349],[4.769960392,51.915286781],[4.769946978,51.915284987],[4.769933703,51.915282885],[4.769920025,51.915280292],[4.769906498,51.915277367],[4.76987974,51.915270859],[4.769839994,51.915260237],[4.769734443,51.915230948],[4.769707918,51.915223928],[4.769694582,51.915220579],[4.769681168,51.915217398],[4.769667646,51.915214451],[4.769653975,51.915211826],[4.769640556,51.915209655],[4.769626996,51.915207789],[4.769613334,51.915206146],[4.769585808,51.915203297],[4.769558129,51.915200779],[4.769405406,51.915187991],[4.769336274,51.915181976],[4.769157605,51.915165714],[4.769047779,51.91515557],[4.768856123,51.915137487],[4.768773929,51.915129594],[4.768581261,51.915110388],[4.768540019,51.915106137],[4.768512578,51.915103144],[4.768485226,51.915099878],[4.768471023,51.915098011],[4.768442703,51.915094011],[4.768414451,51.915089803],[4.768202961,51.915057057],[4.768000556,51.915025033],[4.76797351,51.915021047],[4.767959959,51.915019192],[4.767946376,51.915017481],[4.767932753,51.915015967],[4.767919074,51.915014723],[4.767905177,51.915013796],[4.767891224,51.915013144],[4.767863201,51.915012392],[4.767821008,51.915012003],[4.767708238,51.915012062],[4.76766603,51.91501187],[4.767638045,51.915011329],[4.767624149,51.915010808],[4.767610349,51.915010025],[4.767596687,51.915008883],[4.767583211,51.915007248],[4.767570065,51.915005034],[4.7675571,51.915002337],[4.767544272,51.914999282],[4.76753154,51.914995971],[4.767506262,51.914988858],[4.767481112,51.91498139],[4.767355679,51.914943163],[4.767318276,51.914931495],[4.76729367,51.914923396],[4.767281557,51.914919159],[4.767269636,51.914914731],[4.76725757,51.914909916],[4.767233984,51.914899741],[4.767199306,51.914883765],[4.767119115,51.914845691],[4.767085062,51.914829206],[4.767062917,51.914817952],[4.7670522,51.914812153],[4.767041862,51.914806172],[4.767032051,51.914799934],[4.767022971,51.914793343],[4.767014968,51.91478649],[4.767007665,51.914779297],[4.767000875,51.914771854],[4.766994457,51.914764232],[4.766988302,51.914756482],[4.766976489,51.914740743],[4.766919745,51.914660938],[4.766908256,51.914645031],[4.766896503,51.914629221],[4.766884225,51.914613602],[4.766877751,51.914605913],[4.766870944,51.914598342],[4.766863553,51.914590735],[4.766855813,51.914583252],[4.766839652,51.914568532],[4.766814531,51.914546766],[4.766754922,51.914496339],[4.76671212,51.914460424],[4.766668895,51.914425139],[4.766564364,51.914341087],[4.766538526,51.91431994],[4.766521476,51.91430559],[4.766504566,51.914291004],[4.766471101,51.91426167],[4.766412799,51.914210215],[4.766379726,51.914180714],[4.766355529,51.914158346],[4.76634024,51.914143426],[4.766325282,51.914128374],[4.766273728,51.914075366],[4.766237215,51.914037396],[4.76621592,51.914014422],[4.766202488,51.913998865],[4.766190331,51.913983348],[4.766173217,51.91395972],[4.7661184,51.913880257],[4.766101633,51.913856516],[4.766090008,51.913840825],[4.766083953,51.913833053],[4.766077516,51.913825145],[4.766064136,51.913809481],[4.76605036,51.913793939],[4.766029369,51.913770724],[4.765944671,51.913678102],[4.765705036,51.913421674],[4.765683353,51.91339881],[4.765668545,51.913383713],[4.765653125,51.913368868],[4.765644973,51.913361512],[4.765628094,51.913347037],[4.765610766,51.913332748],[4.765540245,51.913276092],[4.765514006,51.91325476],[4.765496889,51.913240384],[4.765480418,51.913225741],[4.76546539,51.913211187],[4.76545098,51.913196376],[4.765429918,51.913173933],[4.765381305,51.913121347],[4.765367205,51.91310641],[4.765352761,51.913091617],[4.765337654,51.913077101],[4.76532175,51.913063138],[4.765296781,51.91304266],[4.765262696,51.913015685],[4.765176883,51.912948508],[4.765150723,51.912928266],[4.76511494,51.912900929],[4.765034159,51.912839558],[4.764998073,51.912812379],[4.76497087,51.91279237],[4.764943731,51.912772938],[4.764633533,51.912553899],[4.764597232,51.912528007],[4.764551911,51.91249511],[4.764443663,51.912415879],[4.764399024,51.912382623],[4.764363883,51.912355703],[4.764293984,51.912301667],[4.764259255,51.912274549],[4.764242146,51.912260876],[4.764225438,51.912247021],[4.764217099,51.912239802],[4.764200801,51.91222519],[4.764176871,51.912203041],[4.764089968,51.912121453],[4.764065661,51.912099473],[4.764049103,51.912085322],[4.764023768,51.912064834],[4.763971993,51.912024354],[4.763876591,51.911950356],[4.763746328,51.911850041],[4.763721,51.911829696],[4.763712857,51.911822796],[4.763704962,51.9118158],[4.763697407,51.91180867],[4.763689952,51.91180105],[4.763682865,51.911793287],[4.763669416,51.911777475],[4.763650195,51.911753385],[4.763606203,51.911696841],[4.763593217,51.911680862],[4.763586492,51.91167297],[4.763579524,51.91166518],[4.763572216,51.911657533],[4.763564442,51.911650083],[4.763556162,51.911642923],[4.763547419,51.911635957],[4.763529029,51.911622408],[4.763509947,51.911609149],[4.76349054,51.911596027],[4.763421885,51.911550442],[4.763402053,51.91153755],[4.763382037,51.911524882],[4.763361834,51.911512439],[4.763321077,51.91148777],[4.763249479,51.911444771],[4.763218642,51.911426449],[4.763187395,51.911408405],[4.763166578,51.911396915],[4.763145524,51.911385585],[4.763081863,51.911351933],[4.763028596,51.911324052],[4.762996317,51.91130758],[4.762974414,51.911296911],[4.762952207,51.911286733],[4.762929666,51.911276827],[4.762792892,51.911218609],[4.762770228,51.911208789],[4.762747753,51.911198807],[4.76272467,51.91118818],[4.762701789,51.911177376],[4.762599411,51.911128285],[4.76257638,51.911117719],[4.76256471,51.911112621],[4.762552876,51.911107719],[4.762540812,51.911103089],[4.762528435,51.911098835],[4.762516134,51.911095167],[4.762503538,51.911091853],[4.762490725,51.911088798],[4.762477753,51.911085932],[4.762451504,51.911080564],[4.762425031,51.911075466],[4.762345277,51.911060562],[4.762305478,51.911052976],[4.762279063,51.911047725],[4.762252832,51.911042162],[4.762225723,51.911035874],[4.762198808,51.911029259],[4.762038145,51.910988172],[4.762011227,51.910981575],[4.761984102,51.910975336],[4.761957773,51.910969848],[4.761931251,51.910964697],[4.761891298,51.910957272],[4.761757882,51.910932924],[4.761718029,51.9109253],[4.761691463,51.910919866],[4.761638384,51.91090822],[4.761492956,51.910875177],[4.761439985,51.910863312],[4.761386572,51.910851714],[4.761239453,51.91082023],[4.76121278,51.910814384],[4.761186217,51.910808365],[4.761159871,51.910802033],[4.761133742,51.910795388],[4.761094737,51.910785122],[4.760965018,51.910750424],[4.760925927,51.910740298],[4.760899669,51.910733867],[4.760873706,51.910727968],[4.760847575,51.910722343],[4.760716246,51.910695299],[4.760676941,51.910687047],[4.760650893,51.91068131],[4.760625103,51.910675176],[4.760599206,51.910668326],[4.760560818,51.910657355],[4.760433759,51.910619404],[4.760395515,51.910608202],[4.760369842,51.910600994],[4.760356908,51.910597532],[4.760330009,51.910590774],[4.76030289,51.910584339],[4.760262021,51.910574965],[4.75962053,51.910429865],[4.759552224,51.91041454],[4.759497958,51.910402742],[4.759321749,51.910365346],[4.759239882,51.910348297],[4.758507895,51.910200071],[4.758397465,51.910177812],[4.758149847,51.910128279],[4.757925761,51.910083908],[4.757832022,51.910065674],[4.757669414,51.910034509],[4.75760162,51.910021771],[4.757439083,51.909992392],[4.757357687,51.909977993],[4.757330454,51.909973433],[4.757289496,51.909967048],[4.757125039,51.909942978],[4.757084015,51.909936771],[4.757056793,51.909932363],[4.75704325,51.90993001],[4.757015486,51.909924763],[4.756987881,51.909919177],[4.756946608,51.909910507],[4.75676803,51.909872368],[4.756548515,51.9098257],[4.756283999,51.909769894],[4.756218581,51.909755932],[4.756138846,51.909738324],[4.755992896,51.909705638],[4.755966453,51.909699549],[4.755940128,51.909693276],[4.755900293,51.90968321],[4.755821086,51.90966235],[4.7557157,51.909634213],[4.755676456,51.909623305],[4.755650668,51.909615674],[4.755625213,51.909607735],[4.755599898,51.909599616],[4.755448576,51.909550161],[4.755397994,51.909533841],[4.755335926,51.90951437],[4.755223858,51.909479716],[4.755186692,51.909467989],[4.755162209,51.909459896],[4.75515014,51.909455689],[4.755138246,51.90945132],[4.755126591,51.909446728],[4.755114764,51.909441662],[4.755103192,51.909436359],[4.755091807,51.909430882],[4.75506939,51.909419598],[4.755025198,51.909396433],[4.75476123,51.909256322],[4.754739142,51.909244735],[4.754716843,51.909233356],[4.754705546,51.909227813],[4.754694092,51.909222428],[4.754682416,51.909217263],[4.754670435,51.9092124],[4.754658368,51.909208008],[4.754646007,51.909203907],[4.754633433,51.909200019],[4.754607866,51.909192657],[4.754581989,51.909185607],[4.754529878,51.909171874],[4.754490653,51.909161771],[4.754451195,51.909152055],[4.754423936,51.90914583],[4.754396531,51.909139845],[4.754245237,51.909107902],[4.754176284,51.909093739],[4.754121798,51.90908323],[4.753944256,51.909049961],[4.753903403,51.909042056],[4.753876101,51.909036559],[4.75380803,51.90902246],[4.753685664,51.908996783],[4.75364503,51.908987972],[4.753618122,51.908981809],[4.753604944,51.908978624],[4.753578731,51.908972026],[4.753552628,51.90896525],[4.753448522,51.908937646],[4.753383615,51.90892018],[4.75334497,51.908909307],[4.753306162,51.908897591],[4.753241992,51.908877389],[4.75310115,51.908832521],[4.753062895,51.908820104],[4.753038395,51.908811959],[4.75296519,51.908787173],[4.752867768,51.908753917],[4.75283144,51.908741235],[4.752807451,51.908732541],[4.752771296,51.908718676],[4.752735485,51.908704455],[4.752652264,51.908670926],[4.752605055,51.908651477],[4.752581831,51.908641437],[4.752570414,51.908636256],[4.752547696,51.908625301],[4.752525418,51.90861398],[4.752503368,51.908602469],[4.752426692,51.908561767],[4.752393647,51.908544501],[4.752371285,51.90853331],[4.752359907,51.908527905],[4.752348324,51.908522694],[4.752336463,51.908517754],[4.752324381,51.908513186],[4.752312025,51.908508883],[4.752299467,51.908504774],[4.752273957,51.908496934],[4.752235182,51.908485664],[4.752131215,51.908456148],[4.752092659,51.90844468],[4.75208001,51.908440672],[4.752067539,51.9084365],[4.752055314,51.908432104],[4.752043424,51.908427399],[4.752032089,51.908422385],[4.75202108,51.908417071],[4.752010311,51.908411537],[4.751989231,51.908400042],[4.751958163,51.908382273],[4.75187586,51.908334312],[4.751855564,51.90832222],[4.751835836,51.908309917],[4.751826368,51.908303616],[4.751817317,51.908297153],[4.751808847,51.908290471],[4.75180117,51.908283482],[4.751794368,51.908276016],[4.751788379,51.908268238],[4.751782984,51.908260232],[4.751778015,51.908252062],[4.751768887,51.908235414],[4.751760343,51.908218543],[4.751731296,51.908159153],[4.751722701,51.908142262],[4.751713639,51.908125491],[4.751708814,51.90811718],[4.751703695,51.908108943],[4.751698355,51.908100989],[4.751692735,51.908093105],[4.751686911,51.908085273],[4.751674854,51.90806971],[4.751656246,51.908046498],[4.751580997,51.907953856],[4.751544244,51.907907342],[4.7514658,51.907806273],[4.75144811,51.907782844],[4.751436787,51.907767105],[4.751426133,51.907751053],[4.751411356,51.907726454],[4.751397281,51.907701675],[4.751351053,51.907618899],[4.751336758,51.907594159],[4.751326949,51.90757787],[4.751281539,51.907504823],[4.751260984,51.907472476],[4.751250237,51.907456481],[4.751244592,51.907448584],[4.751238666,51.907440793],[4.751232349,51.907433149],[4.751225496,51.907425705],[4.751217811,51.907418339],[4.751209568,51.90741118],[4.751200923,51.907404173],[4.751191988,51.907397275],[4.75117357,51.907383683],[4.751145293,51.907363539],[4.751040891,51.907289949],[4.75086114,51.907162612],[4.750746948,51.907082379],[4.750728202,51.907068923],[4.750719032,51.907062134],[4.750710092,51.907055277],[4.750701487,51.907048321],[4.750693356,51.907041224],[4.750685888,51.907033931],[4.750679335,51.907026365],[4.750673873,51.907018431],[4.750669332,51.907010222],[4.750665458,51.907001816],[4.750662062,51.906993268],[4.750659002,51.906984621],[4.750653493,51.906967143],[4.750616012,51.906834932],[4.750572976,51.906685298],[4.750562439,51.90665016],[4.75055658,51.906632689],[4.750553335,51.906624007],[4.750549767,51.906615378],[4.750545962,51.906607136],[4.750541856,51.906598943],[4.750533045,51.906582658],[4.750523773,51.906566448],[4.750485397,51.906501832],[4.750470519,51.906477742],[4.750460035,51.906461854],[4.75045447,51.906454009],[4.750448578,51.906446262],[4.750442104,51.906438413],[4.750428217,51.906422997],[4.750406127,51.906400255],[4.750345451,51.906340146],[4.750323052,51.906317495],[4.750308678,51.906302222],[4.750301809,51.906294487],[4.750295265,51.906286653],[4.750289281,51.906278926],[4.750283602,51.906271105],[4.750278145,51.906263215],[4.750267665,51.906247302],[4.750247481,51.906215227],[4.750222747,51.906175003],[4.750208579,51.906150779],[4.750200045,51.906134509],[4.7501963,51.906126304],[4.750193075,51.906118027],[4.750190449,51.906109543],[4.750188358,51.906100986],[4.750186662,51.906092376],[4.750184047,51.90607505],[4.75018113,51.906048925],[4.750175995,51.905996584],[4.750173856,51.905979209],[4.750172537,51.905970562],[4.750170954,51.90596196],[4.750169003,51.905953417],[4.750166539,51.90594496],[4.750163382,51.905936618],[4.750159325,51.905928315],[4.750154558,51.90592013],[4.750149273,51.905912031],[4.750143612,51.905903994],[4.750137684,51.905896001],[4.750125328,51.905880098],[4.750074065,51.905816792],[4.750055354,51.905792966],[4.750043719,51.905776939],[4.750038393,51.905768843],[4.75003357,51.905760662],[4.750029432,51.905752364],[4.750026143,51.905743948],[4.750023534,51.905735416],[4.750021424,51.905726801],[4.750019674,51.905718124],[4.750016853,51.905700656],[4.750013444,51.905674315],[4.750004072,51.905595147],[4.74998697,51.905454496],[4.749983248,51.905428184],[4.749980089,51.905410722],[4.749978121,51.905402034],[4.74997576,51.905393393],[4.749972986,51.905384988],[4.749969833,51.905376626],[4.749962767,51.90535999],[4.749951151,51.905335153],[4.749926961,51.905285587],[4.749915158,51.905260768],[4.749907775,51.905244164],[4.749901222,51.905227463],[4.749898457,51.905219052],[4.749896081,51.905210336],[4.749892398,51.905192778],[4.749889541,51.905175122],[4.749883165,51.905130917],[4.7498799,51.905113359],[4.749877822,51.905104651],[4.749875283,51.905096019],[4.749872105,51.905087491],[4.749868125,51.905079043],[4.749863503,51.9050707],[4.749858414,51.905062431],[4.74985299,51.905054218],[4.749847329,51.905046043],[4.749835577,51.905029762],[4.749799069,51.904981142],[4.749786654,51.904965007],[4.749773945,51.90494897],[4.749760757,51.90493322],[4.749740137,51.904910061],[4.749655246,51.904818226],[4.749634322,51.904795171],[4.749620742,51.904779681],[4.749607822,51.904764258],[4.749588982,51.904740949],[4.749514967,51.90464727],[4.749490639,51.904615943],[4.749466932,51.904584062],[4.749437948,51.904543867],[4.749282291,51.904326562],[4.749264806,51.904302468],[4.749252898,51.904286479],[4.749234318,51.904262805],[4.74921508,51.904239371],[4.749175998,51.904192681],[4.749156002,51.904169544],[4.749142055,51.904154412],[4.749134715,51.904147021],[4.749127003,51.904139807],[4.749118775,51.904132838],[4.74911012,51.904126305],[4.749100969,51.904120009],[4.749091452,51.904113886],[4.749071686,51.904101988],[4.749051353,51.904090357],[4.748979191,51.904050137],[4.748959031,51.904038462],[4.748949219,51.904032513],[4.74893969,51.904026449],[4.748930554,51.904020224],[4.748921959,51.904013777],[4.748914096,51.904007032],[4.748906894,51.903999675],[4.748900468,51.903992003],[4.748894605,51.903984099],[4.748889149,51.903976029],[4.748883977,51.903967844],[4.748874158,51.903951257],[4.748761939,51.903749953],[4.748752197,51.903733317],[4.748747123,51.90372507],[4.748741832,51.903716899],[4.748736233,51.903708836],[4.748730205,51.903700923],[4.748723588,51.903693215],[4.748716205,51.903685711],[4.748708225,51.903678415],[4.748699811,51.903671271],[4.748682137,51.903657279],[4.748663836,51.903643505],[4.748617575,51.903609255],[4.748599611,51.903595376],[4.748590965,51.903588325],[4.748582671,51.903581155],[4.748574868,51.903573823],[4.748567738,51.903566267],[4.748561428,51.903558434],[4.748555791,51.903550378],[4.748550645,51.903542158],[4.74854585,51.903533821],[4.748536937,51.903516922],[4.748524396,51.903491297],[4.748491842,51.903422662],[4.748479078,51.903397108],[4.748469753,51.903380345],[4.748464608,51.903372127],[4.748458964,51.903364076],[4.748452632,51.903356257],[4.748445474,51.90334873],[4.748437632,51.903341433],[4.748429294,51.903334303],[4.748420602,51.903327292],[4.748411664,51.903320363],[4.74839333,51.903306657],[4.748355856,51.903279544],[4.748327268,51.9032595],[4.748307681,51.903246508],[4.748297572,51.903240231],[4.748287142,51.903234176],[4.748276636,51.903228558],[4.748265823,51.903223152],[4.748243586,51.903212762],[4.748220881,51.903202698],[4.748197954,51.903192786],[4.748094203,51.903148628],[4.748047557,51.90312928],[4.747975949,51.903100737],[4.747856129,51.903053609],[4.747831985,51.903044361],[4.747807904,51.903035431],[4.747759767,51.903018297],[4.747662957,51.902984531],[4.747626442,51.902972344],[4.747614173,51.90296851],[4.747601817,51.90296488],[4.74758934,51.902961534],[4.747576695,51.90295858],[4.747563823,51.90295616],[4.747550643,51.902954381],[4.747537234,51.90295314],[4.747523656,51.902952294],[4.747509954,51.902951737],[4.747496163,51.902951387],[4.747468415,51.902951081],[4.747398715,51.902951094],[4.747370902,51.902950947],[4.747343278,51.902950373],[4.747329596,51.902949797],[4.747316044,51.902948923],[4.747302672,51.90294764],[4.747289546,51.902945804],[4.747276235,51.90294319],[4.747263186,51.902939987],[4.747250327,51.902936355],[4.747237601,51.902932416],[4.747224974,51.902928262],[4.747199891,51.902919557],[4.747025372,51.902856235],[4.746763294,51.902761927]]}}],"crs":{"type":"name","properties":{"name":"EPSG:4326"}}}