{"type":"FeatureCollection","features":[{"type":"Feature","properties":{"objectid":1,"gemeente":"West Maas en Waal","SHAPE__Length":12709.38181915362},"geometry":{"type":"LineString","coordinates":[[165734.36900000274,433335.2619000003],[165720.29399999976,433337.70600000024],[165707.44600000232,433339.40000000224],[165701.5140000023,433340.1410000026],[165695.1640000008,433340.4610000029],[165686.7330000028,433340.76099999994],[165680.2740000002,433340.9081000015],[165668.01300000027,433340.64510000125],[165656.46200000122,433339.95800000057],[165644.9680000022,433338.6080000028],[165634.1950000003,433336.9299999997],[165625.50400000066,433335.21300000325],[165614.18100000173,433332.74400000274],[165603.6860000007,433329.8900000006],[165597.08200000226,433328.1610000022],[165591.29000000283,433326.5610000007],[165582.6150000021,433324.18200000003],[165575.9920000024,433322.58900000155],[165571.30100000277,433321.6311000027],[165542.2740000002,433313.25400000066],[165538.8110000007,433312.24600000307],[165533.1780000031,433310.54399999976],[165526.7890000008,433308.7880000025],[165517.23600000143,433306.1641000025],[165511.8270000033,433304.61900000274],[165508.37700000033,433303.86790000275],[165502.27800000086,433302.2100000009],[165498.23000000045,433301.0390000008],[165492.2650000006,433298.87900000066],[165486.0560999997,433297.07300000265],[165479.57300000265,433295.8370000012],[165448.90100000054,433287.5549999997],[165441.01200000197,433285.16600000113],[165431.9299999997,433282.61400000006],[165413.70600000024,433278.52800000086],[165407.90700000152,433277.35500000045],[165401.1330000013,433275.9930000007],[165388.6630000025,433274.125],[165376.78400000185,433271.96300000325],[165364.85400000215,433270.3340000026],[165357.52800000086,433269.3590000011],[165350.25600000098,433268.58100000024],[165342.59310000017,433267.8370000012],[165335.17200000212,433267.4249000028],[165326.88610000163,433266.84810000286],[165317.18400000036,433266.3060000017],[165309.2420000024,433266.0470000021],[165298.1799999997,433265.9370000027],[165286.02800000086,433265.9060000032],[165274.6780000031,433266.1240000017],[165263.7190000005,433266.3120000027],[165255.02800000086,433266.51099999994],[165246.26099999994,433266.81290000305],[165235.82200000063,433266.5850000009],[165224.72100000083,433266.5850000009],[165215.77199999988,433266.76300000027],[165203.9520000033,433267.0050000027],[165188.96200000122,433267.0450000018],[165176.88590000197,433266.9070000015],[165166.08990000188,433267.1581000015],[165155.70800000057,433267.32300000265],[165143.23900000006,433267.59500000253],[165132.26099999994,433267.58999999985],[165120.33200000226,433267.819000002],[165109.75200000033,433267.9299999997],[165103.7800000012,433267.9029000029],[165092.5240000002,433268.25190000236],[165084.56599999964,433268.7479999997],[165074.632000003,433268.5800999999],[165065.20800000057,433268.3280000016],[165056.07600000128,433267.9670000002],[165045.87299999967,433267.31990000233],[165036.25600000098,433266.97900000215],[165028.25400000066,433266.6469999999],[165015.44800000265,433264.0061000027],[165011.8890000023,433263.5509000011],[164996.07100000232,433260.58889999986],[164981.38100000098,433258.0240000002],[164960.29200000316,433253.8269000016],[164952.12800000235,433252.2829999998],[164941.4759999998,433250.91800000146],[164928.9990000017,433249.84800000116],[164916.5230000019,433248.8410000019],[164910.01200000197,433248.4280000031],[164899.30800000206,433247.6850000024],[164891.59690000117,433247.05900000036],[164885.67700000107,433246.3440000005],[164879.13700000197,433245.58100000024],[164871.38700000197,433245.2651000023],[164865.42200000212,433244.6799999997],[164855.97800000012,433243.6799999997],[164851.1950000003,433243.5789999999],[164841.0700000003,433242.72890000045],[164834.5610000007,433242.20810000226],[164829.78400000185,433242.0310000032],[164816.7580000013,433240.56500000134],[164807.257000003,433239.40000000224],[164797.3049999997,433237.6461000033],[164787.58100000024,433236.51690000296],[164778.9210000001,433234.6790000014],[164773.82100000232,433233.72200000286],[164769.1950000003,433232.5470000021],[164761.6710000001,433230.69010000303],[164752.52800000086,433227.9210000001],[164747.94800000265,433226.6330000013],[164738.27199999988,433223.5940000005],[164734.20600000024,433222.6390000023],[164727.35300000012,433220.56510000303],[164723.9450000003,433219.54890000075],[164713.9040000029,433217.95800000057],[164707.4140000008,433217.21609999985],[164693.76900000125,433216.0219999999],[164680.58000000194,433216.4199000001],[164670.51600000262,433217.2470000014],[164663.42500000075,433218.4220000021],[164647.813000001,433222.27800000086],[164638.78100000322,433224.8520000018],[164630.5460000001,433226.8960000016],[164627.563000001,433227.1860000007],[164621.1160000004,433228.25300000235],[164617.57600000128,433228.48589999974],[164614.625,433228.53400000185],[164608.13700000197,433227.9970000014],[164603.45600000024,433227.37100000307],[164599.95990000293,433226.875],[164595.8650000021,433226.05000000075],[164588.84500000253,433224.66590000317],[164583.2880000025,433222.5200000033],[164577.95289999992,433219.8980000019],[164572.55700000003,433216.25400000066],[164563.81400000304,433209.9770000018],[164555.67500000075,433203.9739000015],[164546.78700000048,433196.90900000185],[164545.63000000268,433194.97790000215],[164534.93500000238,433187.11100000143],[164523.6170000024,433177.9510000013],[164496.0390000008,433157.84700000286],[164488.05100000277,433152.55800000206],[164484.35500000045,433149.3360000029],[164478.08300000057,433145.06799999997],[164468.74400000274,433138.506000001],[164451.14699999988,433126.20700000226],[164436.98000000045,433118.1020999998],[164434.2650000006,433116.74500000104],[164430.61300000176,433114.9930000007],[164427.28100000322,433113.5610000007],[164423.2580000013,433111.95700000226],[164420.22300000116,433110.84700000286],[164415.63289999962,433109.2419000007],[164411.90590000153,433108.0581],[164407.19200000167,433106.75],[164403.71300000325,433105.8370000012],[164399.4680000022,433104.8991000019],[164395.49400000274,433104.10890000314],[164391.29900000244,433103.36900000274],[164387.0540000014,433102.7520000003],[164381.9701000005,433102.23390000314],[164377.0840000026,433101.7399000004],[164373.5549999997,433101.4690000005],[164330.76099999994,433094.91000000015],[164265.07300000265,433084.1780000031],[164232.59800000116,433078.31599999964],[164214.7490000017,433075.16000000015],[164197.75300000235,433072.21290000156],[164180.1630000025,433069.20800000057],[164169.96499999985,433067.46609999985],[164169.65300000086,433067.4130000025],[164158.04100000113,433065.5819000006],[164157.55600000173,433065.5610000007],[164155.53600000218,433065.47200000286],[164154.97000000253,433065.44800000265],[164153.30600000173,433065.5089999996],[164149.57400000095,433064.6560000032],[164142.7259999998,433063.0871000029],[164138.1799999997,433062.4130000025],[164103.25,433055.5860000029],[164099.3509999998,433054.6480000019],[164091.93500000238,433053.6550000012],[164087.29399999976,433052.4759999998],[164077.6240000017,433051.20810000226],[164073.6480000019,433050.2248999998],[164069.1480000019,433049.77800000086],[164064.69200000167,433049.28710000217],[164058.444000002,433049.0219999999],[164054.82300000265,433048.87800000235],[164036.45700000226,433049.5208999999],[164023.98310000077,433051.76209999993],[164011.58300000057,433054.05210000277],[164006.438000001,433054.99400000274],[164002.57200000063,433055.9040000029],[164000.33090000227,433056.5210000016],[163995.39300000295,433058.2101000026],[163990.58600000292,433059.9970000014],[163985.18500000238,433062.26300000027],[163979.8440000005,433064.7280000001],[163976.35200000182,433066.47000000253],[163969.13700000197,433070.37800000235],[163962.39400000125,433074.1641000025],[163952.86900000274,433079.7800000012],[163940.66700000316,433087.1860000007],[163938.01700000092,433088.90000000224],[163935.97200000286,433090.3800000027],[163932.92510000244,433093.0439000018],[163930.64100000262,433095.6590999998],[163929.07300000265,433097.54790000245],[163927.7100000009,433100.0560000017],[163926.99700000137,433101.73790000007],[163926.24700000137,433104.1030000001],[163925.0380000025,433106.0930000022],[163923.96200000122,433108.61900000274],[163923.2400000021,433110.3961000033],[163922.8280000016,433111.59500000253],[163921.45500000194,433113.8890000023],[163917.60600000247,433122.87100000307],[163916.92600000277,433124.72200000286],[163916.22200000286,433126.3289999999],[163915.78299999982,433127.09700000286],[163913.46200000122,433132.5529000014],[163910.16800000146,433140.21510000154],[163906.6330000013,433147.1799999997],[163906.34800000116,433148.6031000018],[163905.60300000012,433150.6469999999],[163903.90700000152,433152.6400000006],[163902.55900000036,433155.8570000008],[163901.61100000143,433157.16899999976],[163897.83700000122,433162.24400000274],[163895.76200000197,433165.5510000028],[163884.14300000295,433177.04399999976],[163882.84800000116,433178.3051000014],[163881.16000000015,433180.13599999994],[163877.61300000176,433183.25],[163875.61300000176,433185.5669],[163872.7400000021,433186.7811000012],[163868.46600000188,433189.6031000018],[163863.72900000215,433192.4070000015],[163861.29700000212,433193.56799999997],[163854.59500000253,433196.79200000316],[163850.70600000024,433198.29100000113],[163848.01300000027,433199.2649000026],[163844.10200000182,433200.5360000022],[163834.03600000218,433203.7240000032],[163826.42500000075,433206.0170000009],[163813.18200000003,433209.58999999985],[163807.8030000031,433210.631000001],[163795.02700000256,433213.0940000005],[163786.45700000226,433214.75890000165],[163784.76600000262,433215.0990000032],[163782.70700000226,433215.6390000023],[163781.00400000066,433215.64300000295],[163779.23500000313,433215.4110000022],[163777.6009999998,433215.34600000083],[163773.89500000328,433215.4310000017],[163765.03200000152,433214.92610000074],[163750.27800000086,433213.0370000005],[163746.06599999964,433213.01099999994],[163742.24490000308,433211.47000000253],[163741.5450000018,433211.2520000003],[163737.16100000218,433209.4979000017],[163721.25200000033,433200.27600000054],[163718.2330000028,433199.382000003],[163713.89300000295,433197.74600000307],[163706.5840000026,433193.633100003],[163673.9130000025,433183.0200000033],[163672.9600000009,433182.3990000002],[163671.61190000176,433181.8960000016],[163670.2030000016,433181.7970000021],[163664.55200000107,433180.8340000026],[163657.08800000325,433179.631000001],[163651.11000000313,433178.69099999964],[163642.28500000015,433177.4370000027],[163641.1090000011,433177.58900000155],[163639.99400000274,433177.90100000054],[163638.9050000012,433178.04410000145],[163637.50200000033,433177.6561000012],[163636.15900000185,433177.2829999998],[163635.8200000003,433177.1070000008],[163634.3509999998,433176.74400000274],[163633.07400000095,433176.4079999998],[163632.45800000057,433176.2511],[163626.97200000286,433175.4110000022],[163618.68400000036,433174.4601000026],[163609.02199999988,433173.377100002],[163601.28200000152,433172.4660000019],[163593.62100000307,433171.5300000012],[163588.87900000066,433171.17510000244],[163587.77600000054,433170.7670000009],[163585.39400000125,433170.4509000033],[163582.4290000014,433170.9510000013],[163580.16000000015,433170.8910000026],[163579.87299999967,433170.9200000018],[163568.23900000006,433170.3081],[163565.1000000015,433170.16899999976],[163562.02600000054,433170.131000001],[163559.8900000006,433170.0851000026],[163556.9210000001,433169.82400000095],[163546.74500000104,433169.77500000224],[163539.81700000167,433169.561900001],[163530.90600000322,433169.4791000001],[163518.12200000137,433169.86290000007],[163510.22200000286,433171.2410000004],[163504.29200000316,433172.7710000016],[163500.58900000155,433173.9791000001],[163496.83999999985,433175.62000000104],[163489.33600000292,433179.9140000008],[163483.86400000006,433182.77600000054],[163477.48000000045,433186.41600000113],[163473.9840000011,433188.29399999976],[163470.74799999967,433189.4280000031],[163463.76600000262,433193.06599999964],[163460.39400000125,433194.7650000006],[163457.1080000028,433196.41110000014],[163436.32200000063,433207.33000000194],[163427.54900000244,433209.1000000015],[163421.00500000268,433210.3990000002],[163412.8900000006,433211.54200000316],[163409.16700000316,433211.8839999996],[163398.78100000322,433212.33300000057],[163388.06799999997,433212.2250000015],[163378.62800000235,433212.23010000214],[163366.71300000325,433212.37000000104],[163348.5840000026,433212.7511],[163336.17700000107,433213.29900000244],[163318.6950000003,433214.0329999998],[163302.6870000027,433214.9680000022],[163294.17600000277,433215.16010000184],[163289.17300000042,433215.7420000024],[163285.28200000152,433216.1270000003],[163281.7020000033,433216.0620000027],[163278.9590000026,433216.2809000015],[163277.60400000215,433216.5930000022],[163262.79700000212,433218.0990000032],[163259.74700000137,433218.3920000009],[163256.9370000027,433218.6760000028],[163254.80100000277,433218.69900000095],[163251.90900000185,433218.9931000024],[163239.98100000247,433220.2419000007],[163230.97000000253,433221.04900000244],[163212.22610000148,433223.33999999985],[163202.85300000012,433224.6469999999],[163183.6870000027,433227.0480000004],[163167.6860000007,433229.1090000011],[163154.58100000024,433230.2520000003],[163144.5,433231.5560000017],[163129.36400000006,433233.16210000217],[163123.58100000024,433233.55900000036],[163113.2490000017,433234.5839000009],[163104.06400000304,433235.4460000023],[163097.60300000012,433236.33999999985],[163086.56000000238,433238.64410000294],[163076.9759999998,433240.9200000018],[163067.82410000265,433243.05310000107],[163058.7020000033,433245.29900000244],[163051.1540000029,433247.9259000011],[163039.2589999996,433251.17500000075],[163030.94200000167,433253.3950000033],[163024.51700000092,433255.37800000235],[163019.34600000083,433255.9761000015],[163014.46700000018,433255.7240000032],[163013.01800000295,433255.56390000135],[163005.19299999997,433254.26310000196],[162998.04200000316,433252.6950000003],[162991.66800000146,433251.2650000006],[162979.1640000008,433247.4270000011],[162965.5080000013,433242.7501000017],[162954.95600000024,433239.54300000146],[162936.54800000042,433232.8120000027],[162923.52500000224,433226.9109000005],[162911.76300000027,433220.7010000013],[162901.14200000092,433214.61900000274],[162889.63800000027,433208.7120000012],[162884.2259999998,433206.2420000024],[162875.49700000137,433202.41310000047],[162868.28299999982,433199.188000001],[162860.0770000033,433196.2809000015],[162846.45700000226,433191.25],[162832.21100000292,433185.86089999974],[162814.444000002,433179.4900000021],[162801.3740000017,433174.9460000023],[162786.438000001,433169.7280000001],[162772.63599999994,433165.1240000017],[162764.37299999967,433162.11900000274],[162754.5450000018,433159.5599000007],[162747.41500000283,433158.15900000185],[162740.99799999967,433156.87900000066],[162735.9130000025,433156.2719999999],[162730.8660000004,433156.2449000031],[162724.86000000313,433156.1570000015],[162717.77199999988,433156.4161000028],[162710.5530000031,433155.89510000125],[162705.67700000107,433155.2880000025],[162700.0080000013,433154.02800000086],[162695.7100000009,433152.83999999985],[162689.3660000004,433150.1950000003],[162684.6480000019,433147.6020000018],[162677.4530000016,433142.73110000044],[162668.37700000033,433135.18300000206],[162663.2030000016,433131.4621000029],[162659.74799999967,433128.948900003],[162655.69800000265,433126.4530000016],[162652.2410000004,433124.44209999964],[162645.05900000036,433120.9590000026],[162637.72200000286,433118.8830000013],[162631.29200000316,433117.4310000017],[162627.71600000188,433116.21190000325],[162582.5140000023,433113.39410000294],[162579.77100000158,433112.97300000116],[162570.89300000295,433112.563000001],[162561.58300000057,433111.36089999974],[162556.0780000016,433110.15100000054],[162550.1080000028,433108.0391000025],[162546.32600000128,433106.31599999964],[162539.41600000113,433102.444000002],[162531.8430000022,433099.1180000007],[162523.4040000029,433096.9370000027],[162516.875,433096.1550000012],[162511.78400000185,433096.010900002],[162503.05000000075,433096.2891000025],[162492.15200000256,433097.1550000012],[162478.04300000146,433098.2250000015],[162469.15700000152,433098.44299999997],[162457.70600000024,433099.79300000146],[162446.37200000137,433099.28810000047],[162434.95600000024,433098.54090000317],[162420.27000000328,433096.5370000005],[162409.62490000203,433094.07190000266],[162401.48800000176,433091.56510000303],[162394.94800000265,433089.6711000018],[162389.48699999973,433087.66700000316],[162383.40200000256,433085.2970000021],[162378.30600000173,433083.1410000026],[162371.45700000226,433080.3009000011],[162365.94900000095,433077.49610000104],[162359.46100000292,433074.3060000017],[162355.51099999994,433072.48699999973],[162352.5290000029,433071.257000003],[162340.86100000143,433064.82400000095],[162332.95100000128,433061.12000000104],[162325.49799999967,433057.200000003],[162320.2794000022,433054.39300000295],[162317.59310000017,433052.94800000265],[162309.36900000274,433048.6000000015],[162299.36400000006,433043.4231000021],[162290.9680000022,433038.8570000008],[162271.813000001,433029.1790000014],[162254.72200000286,433020.0170000009],[162234.17300000042,433009.7020000033],[162225.72100000083,433005.71400000155],[162211.79800000042,432999.96990000084],[162199.50300000235,432995.96609999985],[162193.37800000235,432994.11900000274],[162184.28400000185,432991.632000003],[162178.71400000155,432990.2520000003],[162164.7640000023,432986.8570000008],[162157.0789999999,432984.94299999997],[162147.65900000185,432982.700000003],[162137.73200000077,432980.382000003],[162125.6160000004,432977.5720000006],[162111.57100000232,432974.49909999967],[162092.8200000003,432969.6240000017],[162067.9299999997,432963.450000003],[162057.12100000307,432960.9200000018],[162044.64300000295,432957.79900000244],[162032.85300000012,432954.64190000296],[162018.44600000232,432950.1160000004],[162003.2180000022,432945.8120000027],[161986.89500000328,432940.14400000125],[161971.3839999996,432934.6710000001],[161953.56500000134,432928.9120000005],[161939.90600000322,432924.44200000167],[161927.69900000095,432920.1560000032],[161918.0540000014,432917.2820000015],[161907.91000000015,432913.6180000007],[161901.7180000022,432911.6640000008],[161897.0290000029,432909.6620000005],[161888.55600000173,432905.8560000025],[161878.84500000253,432901.12100000307],[161874.38000000268,432898.83100000024],[161861.01700000092,432891.8200000003],[161851.27800000086,432887.20710000023],[161843.99500000104,432884.1550000012],[161834.5150000006,432880.76000000164],[161829.00100000203,432879.1599000022],[161820.10200000182,432876.31400000304],[161809.59600000083,432873.88599999994],[161793.29900000244,432871.0791000016],[161787.5929000005,432870.45600000024],[161778.2960000001,432870.08000000194],[161775.3280000016,432869.81500000134],[161755.61309999973,432869.16899999976],[161750.5089999996,432868.36400000006],[161736.16700000316,432866.53400000185],[161725.57410000265,432864.33000000194],[161717.1640000008,432862.4060000032],[161709.71400000155,432859.6209000014],[161700.34600000083,432855.8549000025],[161687.27100000158,432849.75410000235],[161669.8839999996,432840.94800000265],[161654.69900000095,432832.59700000286],[161645.632000003,432828.0990000032],[161640.3289999999,432825.813000001],[161634.25100000203,432823.45390000194],[161628.2420000024,432821.4620000012],[161621.21700000018,432819.1581000015],[161613.49400000274,432816.9600000009],[161606.6160000004,432815.0240000002],[161595.74400000274,432812.3920000009],[161586.26800000295,432810.0210000016],[161578.36000000313,432808.22100000083],[161570.53200000152,432806.3950000033],[161563.08200000226,432804.6640000008],[161552.56599999964,432802.2960000001],[161545.43900000304,432800.7410000004],[161539.1240000017,432799.59600000083],[161532.67300000042,432798.28500000015],[161525.6000000015,432797.1339999996],[161519.86000000313,432796.1450000033],[161510.77600000054,432794.6560000032],[161503.45100000128,432793.47300000116],[161494.16200000048,432792.132000003],[161483.89500000328,432790.51099999994],[161475.62600000203,432789.2520000003],[161466.1780000031,432787.85400000215],[161460.15100000054,432786.8670000024],[161456.36890000105,432786.1720000021],[161441.27500000224,432783.87900000066],[161432.76200000197,432782.7741000019],[161426.17700000107,432782.2710000016],[161418.93200000003,432782.19099999964],[161415.62000000104,432782.65300000086],[161413.0460000001,432783.21990000084],[161407.31500000134,432784.8680000007],[161401.80000000075,432787.1220000014],[161396.0240000002,432790.28400000185],[161392.36800000072,432792.99600000307],[161389.0610000007,432796.21400000155],[161385.58100000024,432800.02700000256],[161382.83700000122,432804.2039999999],[161378.76099999994,432811.4350000024],[161375.61800000072,432818.9471000023],[161372.06400000304,432826.754900001],[161364.1000000015,432843.83100000024],[161361.8990000002,432848.2340000011],[161358.39100000262,432853.8370000012],[161355.7330000028,432857.4840000011],[161353.194000002,432860.4520000033],[161349.09500000253,432864.701100003],[161343.95700000226,432868.8479000032],[161337.9530000016,432872.9109000005],[161331.37000000104,432876.04890000075],[161330.1480000019,432876.56599999964],[161326.46300000325,432877.8781000003],[161317.44099999964,432880.06010000035],[161309.58200000226,432880.94099999964],[161304.9530000016,432880.9140000008],[161300.33999999985,432880.6229000017],[161295.1000000015,432879.79900000244],[161290.0460000001,432878.4210000001],[161284.40900000185,432876.57290000096],[161279.56000000238,432874.5078999996],[161275.0380000025,432872.0401000008],[161271.20500000194,432869.4840000011],[161266.47700000182,432865.9060000032],[161262.51700000092,432862.438000001],[161256.51900000125,432856.29509999976],[161249.01300000027,432847.95500000194],[161240.23500000313,432838.10400000215],[161231.61110000312,432828.1060000025],[161222.93500000238,432818.1590999998],[161214.2589999996,432808.21300000325],[161207.3340000026,432800.23699999973],[161200.40900000185,432792.26099999994],[161193.4840000011,432784.2860000022],[161186.55900000036,432776.3100000024],[161174.7020000033,432763.00290000066],[161168.72000000253,432755.9770999998],[161166.4299999997,432753.24500000104],[161163.86300000176,432750.188000001],[161147.55000000075,432736.3289999999],[161145.20600000024,432734.9220000021],[161143.48699999973,432733.9321000017],[161139.11000000313,432732.31700000167],[161135.33300000057,432731.17500000075],[161118.70100000128,432729.0929000005],[161108.7730000019,432728.1490000002],[161095.54399999976,432726.7860000022],[161082.59800000116,432725.36300000176],[161076.4450000003,432724.5230999999],[161072.52600000054,432723.6150000021],[161068.60600000247,432722.70700000226],[161064.85500000045,432721.38800000027],[161061.15100000054,432719.9450000003],[161056.69200000167,432717.5930000022],[161050.40200000256,432713.75090000033],[161044.14600000158,432708.5700000003],[161039.37600000203,432703.06400000304],[161035.96600000188,432698.31599999964],[161034.06400000304,432694.43200000003],[161031.04710000008,432687.07300000265],[161029.20800000057,432680.075000003],[161026.04000000283,432668.635900002],[161024.56000000238,432664.7030000016],[161022.1339999996,432659.692900002],[161020.4050000012,432656.6640000008],[161018.75300000235,432654.4270000011],[161016.2960000001,432651.1469999999],[161013.27500000224,432648.1150000021],[161009.438000001,432645.04090000317],[161004.31599999964,432641.41810000315],[160987.19099999964,432630.6328999996],[160975.6550000012,432622.7779000029],[160963.37700000033,432613.5860000029],[160950.8340000026,432603.5710000023],[160937.40600000322,432592.4409000017],[160930.7420000024,432587.33800000325],[160923.67700000107,432582.813000001],[160919.91100000218,432580.7700000033],[160916.23699999973,432578.88700000197],[160910.83000000194,432576.8990000002],[160905.62100000307,432575.4680000022],[160900.25200000033,432574.3650000021],[160893.54300000146,432573.8060000017],[160888.17700000107,432573.91800000146],[160883.5549999997,432574.29000000283],[160878.74700000137,432574.9610000029],[160869.28700000048,432577.30790000036],[160865.3670000024,432578.7890000008],[160860.319000002,432581.1450000033],[160855.39400000125,432583.7911000028],[160850.63000000268,432586.694000002],[160845.52500000224,432590.3960000016],[160838.90200000256,432595.4690000005],[160832.5599000007,432600.91600000113],[160819.98600000143,432612.0170000009],[160809.4520000033,432621.0720000006],[160805.15799999982,432625.11290000007],[160787.73600000143,432647.9620000012],[160786.3120000027,432649.6640000008],[160783.8830000013,432653.0240000002],[160780.20600000024,432657.6191000007],[160772.97300000116,432666.689100001],[160769.90200000256,432670.74400000274],[160765.5380000025,432676.2649000026],[160753.10400000215,432692.1731000021],[160751.65700000152,432694.27700000256],[160748.95100000128,432697.7420000024],[160743.29100000113,432704.49500000104],[160740.66000000015,432707.6799999997],[160736.64500000328,432711.66789999977],[160731.76800000295,432715.39510000125],[160727.8120000027,432718.5720000006],[160723.26099999994,432722.006000001],[160717.9990000017,432725.4280000031],[160711.39699999988,432729.5150000006],[160707.57500000298,432731.98000000045],[160697.61300000176,432735.88500000164],[160692.13599999994,432737.5150000006],[160686.62000000104,432739.007000003],[160679.90000000224,432740.08800000325],[160676.72900000215,432740.60890000314],[160672.0549999997,432741.069000002],[160666.00300000235,432741.46400000155],[160661.19700000063,432741.5150000006],[160654.97200000286,432740.99500000104],[160654.30000000075,432740.9759000018],[160650.86900000274,432740.6469999999],[160647.29100000113,432740.3409000002],[160640.27800000086,432738.6160000004],[160636.2090000026,432737.4931000024],[160630.14400000125,432735.5460000001],[160620.9290000014,432731.5480000004],[160612.06799999997,432727.54300000146],[160598.87100000307,432721.2639000006],[160589.59100000188,432716.2840999998],[160584.8110000007,432713.45800000057],[160579.98200000077,432710.701100003],[160573.51900000125,432706.4750000015],[160567.52800000086,432702.5850000009],[160559.97900000215,432697.2248999998],[160553.27100000158,432692.95490000024],[160543.04700000212,432685.006000001],[160531.7399000004,432676.1550000012],[160527.12299999967,432672.71400000155],[160522.41500000283,432669.4060000032],[160516.99300000072,432665.84800000116],[160506.75200000033,432659.3560000025],[160501.66800000146,432656.3839999996],[160491.9200000018,432651.71499999985],[160481.54000000283,432646.74710000306],[160469.757000003,432641.26900000125],[160457.21200000122,432636.2270000018],[160444.4040000029,432630.96389999986],[160430.50100000203,432625.3200000003],[160415.6950000003,432619.3340000026],[160400.45600000024,432612.96499999985],[160384.56400000304,432606.0320000015],[160364.62900000066,432597.7660000026],[160345.23100000247,432589.9130000025],[160336.14600000158,432585.813000001],[160326.0929000005,432581.50300000235],[160317.32300000265,432577.94590000063],[160308.0610000007,432574.2270000018],[160301.8110000007,432571.55000000075],[160292.8110000007,432567.7700000033],[160281.16700000316,432562.6971000023],[160268.79900000244,432557.93900000304],[160253.39600000158,432551.9681000002],[160238.5240000002,432546.39400000125],[160223.1000000015,432540.9290000014],[160207.97900000215,432535.5229000002],[160204.57500000298,432534.3509000018],[160201.80600000173,432533.2319000028],[160172.2100000009,432521.3430000022],[160167.90100000054,432519.23000000045],[160162.87299999967,432517.31010000035],[160157.30800000206,432514.8921000026],[160149.6540000029,432511.4221000001],[160142.55900000036,432508.6421000026],[160133.52199999988,432504.58200000226],[160125.3110000007,432500.57300000265],[160110.6780000031,432494.11400000006],[160106.64600000158,432491.9079999998],[160093.57600000128,432485.6960000023],[160081.87700000033,432479.69800000265],[160069.9140000008,432473.36100000143],[160052.31500000134,432464.32400000095],[160039.68300000206,432457.29000000283],[160027.0540000014,432450.19590000063],[160015.65799999982,432444.0300000012],[160013.7259999998,432442.8281000033],[160005.1170000024,432437.8210000023],[159994.382000003,432432.1300000027],[159991.632000003,432430.8049999997],[159977.23600000143,432422.8049999997],[159961.4920000024,432414.49400000274],[159948.82500000298,432407.69099999964],[159935.44600000232,432400.188000001],[159923.0930000022,432392.6839000024],[159913.01900000125,432387.22200000286],[159903.22000000253,432381.317900002],[159900.12090000138,432379.1341000013],[159895.8200000003,432375.91000000015],[159892.03590000048,432372.1149000004],[159888.15000000224,432368.51000000164],[159884.76600000262,432364.3910000026],[159878.45600000024,432355.82300000265],[159869.06400000304,432340.1240000017],[159863.88800000027,432332.59600000083],[159862.24300000072,432330.02800000086],[159860.569000002,432327.74909999967],[159856.5700000003,432322.86290000007],[159853.52600000054,432319.4610000029],[159847.51900000125,432313.625],[159839.507000003,432306.6090000011],[159837.27800000086,432304.4900000021],[159831.63100000098,432300.3931000009],[159826.73100000247,432297.38510000333],[159821.40100000054,432294.3660000004],[159812.37000000104,432288.5871000029],[159809.9830000028,432285.9200000018],[159805.25500000268,432282.18300000206],[159799.46300000325,432277.9740000032],[159791.94800000265,432272.4280000031],[159785.84700000286,432268.3430000022],[159775.11900000274,432260.3740000017],[159763.62800000235,432252.5940000005],[159753.29200000316,432245.13599999994],[159742.632000003,432238.1480999999],[159734.75100000203,432233.66500000283],[159729.0240000002,432230.569000002],[159715.4299999997,432223.31500000134],[159708.36900000274,432219.8110000007],[159701.1799999997,432216.5769000016],[159691.52100000158,432212.751000002],[159681.79399999976,432209.1041000001],[159669.04399999976,432205.0600000024],[159662.632000003,432203.2280000001],[159659.8030000031,432202.3461000025],[159652.93300000206,432200.72410000116],[159646.09500000253,432198.9690000005],[159637.35600000247,432196.9519000016],[159631.64100000262,432195.61400000006],[159615.59800000116,432192.39300000295],[159608.36900000274,432190.73800000176],[159594.51200000197,432188.076100003],[159580.7039999999,432185.17500000075],[159570.06599999964,432183.02810000256],[159559.60200000182,432180.9039000012],[159545.02199999988,432177.9230000004],[159537.06000000238,432175.9930000007],[159531.98699999973,432175.03990000114],[159526.27500000224,432174.1770000011],[159522.0549999997,432173.2740000002],[159519.43200000003,432172.9120000005],[159505.45600000024,432168.4539999999],[159495.30000000075,432164.1020000018],[159488.30200000107,432160.0050000027],[159480.81700000167,432153.53510000184],[159476.9280000031,432149.39400000125],[159473.76700000092,432144.58000000194],[159470.34200000018,432139.8869000003],[159466.0789999999,432134.00400000066],[159463.76099999994,432126.9470000006],[159462.47410000116,432123.7090000026],[159458.36400000006,432114.7250000015],[159453.0380000025,432105.10990000144],[159446.3430000022,432090.9968999997],[159441.85600000247,432079.57400000095],[159438.48500000313,432069.29900000244],[159434.11410000175,432059.5600000024],[159429.04700000212,432047.4130000025],[159423.3650000021,432035.1410000026],[159418.53400000185,432026.88700000197],[159411.4200000018,432014.35500000045],[159404.2180000022,432002.48900000006],[159400.35400000215,431997.03390000015],[159397.6799999997,431993.41810000315],[159391.36800000072,431985.13010000065],[159385.125,431977.7250000015],[159376.75400000066,431968.2250000015],[159360.87900000066,431950.9649000019],[159345.0080000013,431933.6950000003],[159325.51300000027,431912.67500000075],[159306.09800000116,431891.5829000026],[159297.9290000014,431882.9219000004],[159286.5289000012,431870.64510000125],[159278.18200000003,431861.65210000053],[159271.62900000066,431854.5200000033],[159263.4539999999,431845.8720000014],[159256.36800000072,431838.2191000022],[159250.00400000066,431831.4200000018],[159243.83300000057,431824.069000002],[159229.71600000188,431812.1770000011],[159228.6799999997,431811.001000002],[159225.21499999985,431807.4050000012],[159222.00100000203,431804.751000002],[159210.87000000104,431792.6020000018],[159209.33000000194,431791.3340000026],[159207.20100000128,431789.4990000017],[159203.7890000008,431786.8751000017],[159198.85400000215,431782.4711000025],[159193.94600000232,431778.0610000007],[159185.32600000128,431770.1009000018],[159176.73000000045,431762.04890000075],[159167.6550000012,431753.442900002],[159158.45000000298,431744.97000000253],[159143.60600000247,431730.6850000024],[159128.6950000003,431716.47000000253],[159114.68300000206,431703.4509000033],[159102.30200000107,431691.91910000145],[159089.84800000116,431680.4660000019],[159081.06799999997,431672.5240000002],[159079.2740000002,431671.01000000164],[159077.34500000253,431669.6379000023],[159075.80600000173,431668.2580000013],[159068.80100000277,431661.97900000215],[159067.6080000028,431660.8770000003],[159064.5240000002,431657.86100000143],[159061.61800000072,431655.258100003],[159057.92200000212,431651.73000000045],[159045.5450000018,431640.23500000313],[159033.33300000057,431628.53500000015],[159022.02010000125,431617.46400000155],[159012.40600000322,431607.68200000003],[158998.4200000018,431593.2340000011],[158991.51099999994,431585.88599999994],[158980.62100000307,431574.4199000001],[158974.3110000007,431567.72900000215],[158972.51099999994,431565.49500000104],[158957.65100000054,431550.33999999985],[158941.3890000023,431534.4780000001],[158924.8980000019,431518.3501000032],[158918.26600000262,431512.26099999994],[158913.38800000027,431507.7670000009],[158907.15310000256,431502.25400000066],[158895.98699999973,431491.9370000027],[158890.18200000003,431486.09700000286],[158886.1550000012,431482.4230000004],[158877.18900000304,431473.8060000017],[158874.43500000238,431470.69099999964],[158869.57100000232,431465.9070000015],[158863.23000000045,431459.23699999973],[158857.0450000018,431452.83300000057],[158841.92200000212,431436.7030000016],[158835.98200000077,431431.11000000313],[158834.85200000182,431430.28400000185],[158832.8580000028,431428.3260000013],[158823.42200000212,431420.3740000017],[158808.66600000113,431408.8570000008],[158802.3830000013,431404.4840000011],[158796.56700000167,431400.76800000295],[158789.65200000256,431396.2711000033],[158786.05000000075,431394.1630000025],[158779.00600000098,431389.8431000002],[158774.1330000013,431387.0530000031],[158760.0290000029,431379.8030000031],[158741.0380000025,431371.5329999998],[158731.4450000003,431367.5689000003],[158723.59800000116,431364.94209999964],[158697.29399999976,431356.36199999973],[158690.73200000077,431354.2310000025],[158674.44800000265,431349.5020000003],[158666.76270000264,431346.87270000204],[158649.42500000075,431340.94099999964],[158642.58790000156,431338.6741000004],[158634.95000000298,431336.6180000007],[158628.81799999997,431334.54310000315],[158624.6630000025,431333.3591000028],[158610.4840000011,431328.2719999999],[158603.17300000042,431325.2980000004],[158597.77390000224,431323.2479000017],[158592.74400000274,431320.4590000026],[158588.35700000077,431317.96389999986],[158583.61300000176,431314.73699999973],[158578.65700000152,431310.5480000004],[158575.02600000054,431307.08200000226],[158569.6710000001,431301.256000001],[158567.80710000172,431299.075000003],[158563.8280000016,431293.0789999999],[158561.2960000001,431288.7441000007],[158558.5840000026,431283.6700000018],[158555.3890000023,431274.8740000017],[158554.2991000004,431271.4649000019],[158551.9750000015,431263.05900000036],[158547.2890000008,431248.13599999994],[158544.81599999964,431239.1551000029],[158542.58999999985,431230.063000001],[158541.54790000245,431225.15110000223],[158539.88100000098,431216.6579999998],[158539.09500000253,431205.9110000022],[158538.96600000188,431202.35710000247],[158539.62299999967,431193.00989999995],[158542.84500000253,431165.2120000012],[158543.54900000244,431147.2689000033],[158544.17500000075,431135.58300000057],[158543.83100000024,431129.21400000155],[158543.29800000042,431120.45700000226],[158542.56500000134,431112.1339999996],[158540.60500000045,431099.0710000023],[158539.0390000008,431087.5170000009],[158536.69000000134,431078.2589999996],[158534.81400000304,431070.5721000023],[158532.257000003,431060.47200000286],[158531.2250000015,431056.93200000003],[158529.7640000023,431051.70010000095],[158529.02100000158,431049.59500000253],[158529.05700000003,431040.2700000033],[158529.52600000054,431034.6610000022],[158529.65900000185,431033.9200000018],[158533.38170000166,431028.26630000025],[158540.1950000003,431017.9189000018],[158546.62299999967,431013.6270000003],[158553.84600000083,431007.44200000167],[158562.17500000075,431001.03500000015],[158566.84100000188,430997.6960000023],[158571.25500000268,430994.132000003],[158581.50100000203,430987.15000000224],[158590.90100000054,430980.626000002],[158594.80700000003,430977.85990000144],[158598.65100000054,430975.0560000017],[158600.99590000138,430973.3890000023],[158608.01900000125,430968.4660000019],[158619.70600000024,430960.1799999997],[158625.13800000027,430956.3010000028],[158631.41100000218,430951.95810000226],[158638.44800000265,430947.0200000033],[158643.10200000182,430943.7100000009],[158658.6790000014,430932.6790000014],[158674.14600000158,430921.8530000001],[158686.68400000036,430912.751000002],[158695,430906.2810000032],[158701.4210000001,430900.58300000057],[158705.40790000185,430896.3671000004],[158709.04399999976,430891.91500000283],[158713.9680000022,430884.71400000155],[158716.37600000203,430880.61400000006],[158719.65100000054,430873.7380999997],[158720.8049999997,430871.1091000028],[158724.4450000003,430861.37100000307],[158725.882000003,430854.8541000001],[158727.12110000104,430847.31400000304],[158727.44900000095,430838.8040000014],[158727.13700000197,430830.2330000028],[158725.96600000188,430821.7009000033],[158724.87100000307,430817.09390000254],[158724.2250000015,430814.317900002],[158722.68300000206,430808.942900002],[158720.2259999998,430802.58300000057],[158717.40799999982,430797.6180000007],[158714.53500000015,430792.7240000032],[158705.57300000265,430779.36000000313],[158697.98699999973,430767.94200000167],[158690.40190000087,430756.5241000019],[158682.81599999964,430745.1060000025],[158675.23010000214,430733.6881000027],[158671.49799999967,430728.2160000019],[158669.19200000167,430725.18900000304],[158665.36300000176,430719.74500000104],[158654.43710000068,430702.57400000095],[158654.0540000014,430701.3030000031],[158652.5080000013,430699.1390000023],[158649.33700000122,430694.48210000247],[158645.54900000244,430689.1490000002],[158637.8440000005,430677.1710000001],[158630.15900000185,430665.7120000012],[158622.55800000206,430654.2020000033],[158616.60400000215,430645.3969000019],[158608.36100000143,430632.7389000021],[158600.2740000002,430620.5011],[158592.1860000007,430608.26200000197],[158582.34590000287,430593.4510000013],[158572.50500000268,430578.6400000006],[158562.6640000008,430563.82890000194],[158552.82400000095,430549.01800000295],[158543.91100000218,430535.7240000032],[158536.4001000002,430524.4120000005],[158530.12000000104,430515.0731000006],[158523.8030000031,430505.3340000026],[158510.9690000005,430486.1070000008],[158507.438000001,430480.9851000011],[158503.73000000045,430475.95600000024],[158498.38800000027,430469.5930000022],[158495.8430000022,430466.826100003],[158494.81400000304,430465.90300000086],[158492.75600000098,430464.19900000095],[158487.0230000019,430459.61900000274],[158483.52600000054,430457.2960000001],[158477.43900000304,430453.6721000001],[158468.49799999967,430449.45700000226],[158454.81400000304,430445.26590000093],[158441.2190000005,430441.4759000018],[158429.0300000012,430438.69800000265],[158417.77500000224,430436.06610000134],[158402.55800000206,430432.814100001],[158387.34090000018,430429.5609000027],[158370.16899999976,430426.2169000022],[158354.20100000128,430422.97300000116],[158345.46700000018,430421.34500000253],[158335.14100000262,430418.8049999997],[158323.96400000155,430415.1630000025],[158307.49400000274,430409.2110000029],[158303.97900000215,430407.95800000057],[158300.625,430406.4140000008],[158296.382000003,430404.49600000307],[158291.99700000137,430403.02600000054],[158278.77000000328,430397.3680000007],[158274.125,430396.04900000244],[158270.91500000283,430395.1369000003],[158265.8590000011,430393.5860000029],[158260.60300000012,430391.98390000314],[158254.0951000005,430390.18200000003],[158248.66899999976,430388.7980000004],[158245.53500000015,430387.97900000215],[158243.23100000247,430387.1720000021],[158239.91870000213,430386.31330000237],[158230.43200000003,430383.85400000215],[158224.93100000173,430382.01910000294],[158221.10500000045,430380.74290000275],[158214.97000000253,430378.381000001],[158206.69299999997,430374.8441000022],[158199.4899000004,430371.6090000011],[158191.30100000277,430366.93900000304],[158183.11100000143,430362.26900000125],[158174.26900000125,430356.41899999976],[158165.42600000277,430350.569000002],[158161.66600000113,430347.7449000031],[158149.35700000077,430337.6710000001],[158137.04800000042,430327.59800000116],[158131.66500000283,430323.01900000125],[158115.22100000083,430307.8121000007],[158104.5620000027,430298.5219999999],[158095.9520000033,430290.48900000006],[158088.4539999999,430282.98900000006],[158080.95500000194,430275.4889000021],[158071.62800000235,430265.82410000265],[158064.60500000045,430258.52600000054],[158061.37700000033,430254.7021000013],[158058.00300000235,430251.0480000004],[158053.89600000158,430245.7831000015],[158049.8030000031,430240.502100002],[158047.11000000313,430236.9829000011],[158044.0610000007,430232.3309000023],[158042.30600000173,430229.56500000134],[158037.9360000007,430222.6229999997],[158036.7890000008,430218.55900000036],[158035.05090000108,430214.8060000017],[158032.188000001,430207.44299999997],[158030.05100000277,430202.5480000004],[158028.0380000025,430197.2160000019],[158026.5530000031,430191.9780000001],[158023.87000000104,430184.48900000006],[158020.93300000206,430176.18900000304],[158019.3280000016,430172.08200000226],[158015.4301000014,430163.2420000024],[158012.819000002,430156.2149000019],[158007.1009999998,430144.82400000095],[158003.9050000012,430138.7741000019],[158000.02700000256,430132.0700000003],[157996.444000002,430126.12110000104],[157993.56599999964,430121.43200000003],[157990.47200000286,430116.7960000001],[157986.92200000212,430113.02610000223],[157979.69700000063,430103.47300000116],[157979.1550000012,430102.6330000013],[157977.93900000304,430101.12490000203],[157972.2490000017,430094.5930000022],[157967.09800000116,430087.61000000313],[157961.5150000006,430080.96400000155],[157958.02500000224,430076.44900000095],[157952.3040000014,430070.1009999998],[157949.5460000001,430066.8350000009],[157946.97700000182,430063.41800000146],[157945.79200000316,430061.5050000027],[157945.38500000164,430061.26800000295],[157938.36800000072,430053.84800000116],[157935.3270000033,430050.5129000023],[157930.59200000018,430045.17009999976],[157917.40300000086,430027.56599999964],[157916.31799999997,430026.2911000028],[157914.60200000182,430024.20700000226],[157909.92110000178,430016.450000003],[157907.0240000002,430011.51200000197],[157903.79000000283,430006.0979000032],[157900.87600000203,430000.51000000164],[157898.5380000025,429995.91010000184],[157896.33700000122,429991.2430000007],[157892.13000000268,429981.82510000095],[157888.5150000006,429972.1661000028],[157886.21499999985,429965.08300000057],[157883.77100000158,429958.05000000075],[157879.2020000033,429944.4770999998],[157874.25200000033,429930.98500000313],[157871.08900000155,429922.4290000014],[157866.1080000028,429912.1080000028],[157860.7730000019,429901.9660000019],[157857.49799999967,429895.9230000004],[157850.41800000146,429882.7939000018],[157846.84800000116,429876.3329000026],[157843.9920000024,429870.4530000016],[157841.58100000024,429865.501000002],[157836.78189999983,429855.07300000265],[157834.9040000029,429850.8649000004],[157831.10200000182,429840.06290000305],[157827.61900000274,429830.38010000065],[157823.60500000045,429820.9119000025],[157820.5780000016,429811.21499999985],[157817.97700000182,429801.1850000024],[157816.56000000238,429794.4910000004],[157815.14100000262,429786.47090000287],[157813.7640000023,429776.33800000325],[157813.2880000025,429767.251000002],[157812.4910000004,429759.2670000009],[157812.22200000286,429750.10390000045],[157812.11900000274,429740.93900000304],[157811.94600000232,429732.9130000025],[157811.5240000002,429728.34800000116],[157810.2420000024,429713.4930000007],[157810.10500000045,429711.7090000026],[157808.9040000029,429706.2121000029],[157807.97800000012,429701.73800000176],[157806.4280000031,429695.65200000256],[157804.63000000268,429689.61300000176],[157802.37810000032,429681.97000000253],[157800.99500000104,429677.6239],[157799.54110000283,429673.3029000014],[157797.563000001,429667.9470000006],[157796.82400000095,429665.77710000053],[157795.2039999999,429662.12900000066],[157793.50400000066,429658.5170000009],[157791.444000002,429654.4230000004],[157789.13100000098,429649.22090000287],[157786.57500000298,429644.1629000008],[157784.53700000048,429640.0470000021],[157772.43900000304,429618.1788999997],[157770.8500000015,429615.9050000012],[157769.67500000075,429613.3440000005],[157768.25300000235,429611.10400000215],[157766.7039999999,429607.76000000164],[157765.4830000028,429604.8509999998],[157765.1640000008,429604.16899999976],[157764.76099999994,429603.4759999998],[157762.79800000042,429599.97190000117],[157760.91200000048,429596.38700000197],[157759.3120000027,429592.8890000023],[157757.66100000218,429589.35610000044],[157755.9140000008,429585.34800000116],[157753.76099999994,429581.44409999996],[157752.30000000075,429578.36199999973],[157751.19800000265,429576.9740000032],[157747.22200000286,429568.38390000165],[157746.0610000007,429565.87790000066],[157743.95800000057,429561.3430000022],[157742.17300000042,429557.7479999997],[157739.97900000215,429553.2310000025],[157738.15300000086,429549.6539000012],[157733.97000000253,429541.0850000009],[157729.6710000001,429532.57400000095],[157722.97610000148,429519.0700000003],[157717.77800000086,429508.758100003],[157712.57200000063,429498.450000003],[157709.53700000048,429492.67390000075],[157706.3531000018,429486.97900000215],[157701.56799999997,429479.2880000025],[157696.60300000012,429471.7420000024],[157691.95000000298,429465.18200000003],[157687.09200000018,429458.7860000022],[157682.6780000031,429453.3060000017],[157677.51800000295,429447.1420000009],[157672.07300000265,429441.22190000117],[157666.70600000024,429435.91800000146],[157661.23800000176,429430.7259999998],[157652.194000002,429422.73910000175],[157647.57600000128,429418.86900000274],[157635.9360000007,429410.17400000244],[157630.39500000328,429406.16690000147],[157624.61900000274,429402.5089999996],[157620.45000000298,429399.8990000002],[157613.73100000247,429396.2389000021],[157606.98500000313,429392.7870000005],[157599.38800000027,429389.2180000022],[157594.55800000206,429387.27800000086],[157580.5780000016,429380.4339000024],[157576.62299999967,429377.6651000008],[157574.52500000224,429376.43890000135],[157571.74700000137,429373.3370000012],[157567.8289999999,429368.4690000005],[157565.23100000247,429363.02600000054],[157564.0998999998,429360.0240000002],[157563.21300000325,429357.03500000015],[157562.34100000188,429353.001000002],[157560.77590000257,429344.58790000156],[157559.14300000295,429333.5789999999],[157558.64500000328,429330.700000003],[157557.6490000002,429328.80700000003],[157557.52100000158,429328.0170000009],[157556.63700000197,429323.4759999998],[157555.6240000017,429317.32510000095],[157554.23699999973,429309.2120000012],[157552.44000000134,429301.063000001],[157549.33900000155,429286.8969999999],[157546.68200000003,429276.8770000003],[157543.58200000226,429265.14400000125],[157539.84200000018,429251.8669000007],[157534.55000000075,429233.96300000325],[157533.26200000197,429228.96609999985],[157531.8490000032,429219.74990000203],[157531.51310000196,429212.55700000003],[157532.15700000152,429205.3309000023],[157532.813000001,429200.98010000214],[157533.79800000042,429196.1610000022],[157535.81000000238,429189.21609999985],[157539.3200000003,429180.6540000029],[157548.43400000036,429161.6030000001],[157555.2330000028,429146.81610000134],[157559.31000000238,429137.2700000033],[157562.05690000206,429126.2211000025],[157563.20610000193,429120.0760000013],[157563.24390000105,429116.9840000011],[157562.9830000028,429109.7531000003],[157562.45800000057,429104.6229999997],[157561.86400000006,429100.48500000313],[157559.61400000006,429091.84109999985],[157557.28700000048,429086.6220000014],[157554.46100000292,429081.16700000316],[157551.87600000203,429076.6559000015],[157548.29700000212,429071.6850000024],[157544.84700000286,429067.7820000015],[157539.7180000022,429062.7589999996],[157533.05000000075,429057.76000000164],[157525.05800000206,429053.1030000001],[157519.36610000208,429050.631000001],[157515.45600000024,429049.3500000015],[157508.2730000019,429048.1070000008],[157496.01200000197,429046.7971000001],[157481.51200000197,429045.48699999973],[157474.36900000274,429045.32300000265],[157464.44700000063,429043.7259999998],[157458.12100000307,429041.257000003],[157453.46300000325,429039.06290000305],[157448.07500000298,429035.9109000005],[157442.64500000328,429030.9140000008],[157437.70800000057,429025.6610000022],[157434.16200000048,429020.5720000006],[157427.5240000002,429008.8289999999],[157425.59109999985,429005.1400000006],[157422.71499999985,428999.626000002],[157417.5450000018,428990.3089000024],[157414.04800000042,428984.2960000001],[157408.82300000265,428975.3579000011],[157405.09200000018,428969.1149000004],[157399.8490000032,428960.1641000025],[157391.48500000313,428947.05590000004],[157384.2790000029,428936.5659000017],[157379.30000000075,428929.0140000023],[157374.51700000092,428922.23699999973],[157372.8509999998,428919.6170000024],[157369.3270000033,428913.7950000018],[157366.52199999988,428908.88700000197],[157362.64300000295,428900.05700000003],[157359.28200000152,428891.6420000009],[157357.54900000244,428885.4220000021],[157356.4750000015,428880.58999999985],[157354.28400000185,428868.15300000086],[157353.29300000146,428859.07400000095],[157352.35200000182,428848.756000001],[157351.6870000027,428837.36199999973],[157350.13000000268,428824.98900000006],[157349.33300000057,428814.3530000001],[157348.02000000328,428801.2430000007],[157347.4990000017,428790.9230000004],[157347.00100000203,428785.76800000295],[157346.76090000197,428784.7660000026],[157346.188000001,428783.8770000003],[157345.69600000232,428782.9620000012],[157345.31799999997,428780.94900000095],[157345.13700000197,428776.8020000011],[157344.9130000025,428775.79300000146],[157344.78700000048,428775.54399999976],[157344.7340000011,428774.6460000016],[157344.79900000244,428772.6300000027],[157345.5940000005,428770.73900000006],[157346.41700000316,428768.89300000295],[157346.76700000092,428766.8231000006],[157346.8670000024,428763.6020000018],[157347.2740000002,428753.2400000021],[157347.7580000013,428742.8509999998],[157348.26099999994,428735.93200000003],[157349.23200000077,428726.33690000325],[157350.34700000286,428714.3659000024],[157350.81500000134,428705.6970000006],[157350.6339999996,428697.41600000113],[157350.21100000292,428692.2400000021],[157348.85200000182,428682.7410000004],[157345.90600000322,428672.00400000066],[157343.1860000007,428662.8040000014],[157340.80100000277,428654.7970000021],[157339.33800000325,428647.87000000104],[157337.96600000188,428638.7700000033],[157337.5770000033,428632.563000001],[157337.45800000057,428625.26200000197],[157338.6339999996,428619.132000003],[157340.1080000028,428613.1020999998],[157341.63500000164,428607.0379000008],[157344.71499999985,428597.30800000206],[157346.7250000015,428590.2160000019],[157348.0780000016,428585.1790000014],[157350.54000000283,428576.1730000004],[157353.92300000042,428559.9499000013],[157355.569000002,428548.7039999999],[157357.1860000007,428536.2740000002],[157358.2090000026,428521.85400000215],[157358.48800000176,428512.52500000224],[157359.36800000072,428506.5050000027],[157360.22200000286,428500.7569000013],[157361.19200000167,428496.125],[157361.8030000031,428494.37409999967],[157363.8280000016,428487.9210000001],[157365.68500000238,428481.2729000002],[157368.28200000152,428471.9299999997],[157368.8049999997,428468.0439000018],[157369.05200000107,428464.35890000314],[157369.1390000023,428461.3580000028],[157369.3509999998,428459.05800000206],[157368.87900000066,428455.0080000013],[157368.5789999999,428452.4290000014],[157367.4690000005,428447.3300999999],[157365.3740000017,428440.4660000019],[157363.48100000247,428436.23500000313],[157362.52000000328,428433.83900000155],[157361.74110000208,428432.4120000005],[157360.1630000025,428429.33889999986],[157358.23900000006,428426.4770000018],[157356.5390000008,428423.68300000206],[157354.1689000018,428421.0039000027],[157351.68100000173,428418.14290000126],[157348.6400000006,428415.3210000023],[157345.05200000107,428412.48500000313],[157346.44200000167,428407.6328999996],[157346.10600000247,428406.9270000011],[157345.69600000232,428406.23500000313],[157344.28600000218,428405.2860000022],[157342.3110000007,428404.1060000025],[157339.61900000274,428402.7980000004],[157337.82310000062,428401.9780000001],[157334.74600000307,428401.0549999997],[157332.00200000033,428400.46510000154],[157329.77100000158,428399.90090000257],[157327.5140000023,428399.38800000027],[157323.8990000002,428398.2891000025],[157321.82300000265,428397.62000000104],[157318.51000000164,428395.9739000015],[157315.125,428393.76000000164],[157310.95600000024,428391.0251000002],[157307.59600000083,428388.819000002],[157303.68900000304,428386.1420000009],[157300.3740000017,428383.5310000032],[157298.2330000028,428381.8910000026],[157294.73100000247,428379.17009999976],[157292.6881000027,428377.61400000006],[157288.66100000218,428374.4070000015],[157285.66600000113,428372.0069000013],[157280.17200000212,428367.6950000003],[157276.73000000045,428364.9780000001],[157273.61199999973,428362.5370000005],[157270.48699999973,428360.06500000134],[157266.66200000048,428357.0390000008],[157264.00400000066,428354.9541000016],[157258.2190000005,428350.501000002],[157251.8900000006,428345.5721000023],[157247.62200000137,428342.0600000024],[157242.4600000009,428338.1180000007],[157240.49600000307,428336.52010000125],[157236.31700000167,428333.3830000013],[157234.40100000054,428331.7790000029],[157229.688000001,428327.90200000256],[157224.14699999988,428323.58800000325],[157219.9050000012,428319.9521000013],[157216.93100000173,428317.37100000307],[157212.87200000137,428313.9539999999],[157208.75,428310.47300000116],[157204.59200000018,428306.9079999998],[157200.33999999985,428302.9470000006],[157196.35600000247,428299.5669],[157194.40300000086,428297.73900000006],[157190.7650000006,428294.2981000021],[157188.76600000262,428292.47200000286],[157184.83200000226,428288.91490000114],[157180.89600000158,428285.3019000031],[157177.01600000262,428281.60400000215],[157174.4910000004,428279.188000001],[157172.65100000054,428277.37910000235],[157169.41600000113,428273.9680000022],[157166.7811000012,428271.37800000235],[157164.42200000212,428269.007000003],[157162.5,428267.16000000015],[157159.77700000256,428264.21290000156],[157157.9590000026,428262.4299999997],[157154.9920000024,428259.36400000006],[157153.20800000057,428257.36290000007],[157151.1339999996,428254.6420000009],[157149.57500000298,428252.3900000006],[157148.1870000027,428250.1239],[157146.94299999997,428247.73600000143],[157145.0089999996,428243.2640000023],[157142.90700000152,428237.6420000009],[157141.73699999973,428233.6480000019],[157141.01790000126,428228.4120000005],[157136.0620000027,428229.2170000002],[157135.77199999988,428227.00400000066],[157134.96700000018,428223.9840000011],[157133.6630000025,428219.6420000009],[157132.70000000298,428217.24400000274],[157131.62100000307,428214.9780000001],[157129.12900000066,428210.4519000016],[157124.9310999997,428205.1150000021],[157122.04200000316,428202.00410000235],[157120.3980000019,428200.75410000235],[157118.8569000028,428199.575000003],[157113.7589999996,428197.1700000018],[157108.31799999997,428193.80800000206],[157105.30100000277,428192.61100000143],[157102.17400000244,428191.133100003],[157098.1870000027,428189.6919],[157095.2960000001,428188.65090000257],[157090.5240000002,428187.51900000125],[157085.82100000232,428186.21300000325],[157075.44900000095,428183.33900000155],[157074.49600000307,428182.9770000018],[157069.56599999964,428182.37409999967],[157062.125,428181.1570000015],[157057.64200000092,428180.49400000274],[157048.68400000036,428180.2410000004],[157043.5700000003,428179.880900003],[157035.89300000295,428179.5080000013],[157030.16899999976,428179.0781000033],[157025.33700000122,428178.6700000018],[157016.3580000028,428177.7270000018],[157010.54200000316,428177.4520000033],[157005.43400000036,428176.7730000019],[157002.13599999994,428176.01099999994],[156998.79900000244,428175.2181000002],[156988.8430000022,428171.4509000033],[156983.08600000292,428169.1570000015],[156974.0780000016,428164.59800000116],[156969.19200000167,428161.3990000002],[156964.4130000025,428157.9510000013],[156955.9520000033,428151.0299000032],[156951.73800000176,428146.92390000075],[156944.37900000066,428139.7960000001],[156937.5770000033,428132.5770000033],[156933.05600000173,428127.52800000086],[156923.7340000011,428116.6799999997],[156917.3110000007,428108.8910000026],[156913.14100000262,428103.5979000032],[156908.64200000092,428097.5080000013],[156904.9200000018,428092.9070000015],[156899.06599999964,428083.9359000027],[156895.2800000012,428078.1030000001],[156891.73800000176,428073.1180000007],[156887.15799999982,428066.313000001],[156885.4210000001,428063.44099999964],[156881.632000003,428056.8660000004],[156873.83600000292,428043.8819000013],[156871.72300000116,428040.7110000029],[156868.59200000018,428036.26110000163],[156857.97800000012,428023.19200000167],[156851.60300000012,428016.4841000028],[156846.51800000295,428010.8530000001],[156841.57100000232,428006.27600000054],[156835.08300000057,428000.9029000029],[156824.3890000023,427991.40000000224],[156804.944000002,427975.29399999976],[156801.88000000268,427972.38599999994],[156794.58100000024,427966.55800000206],[156788.08300000057,427961.3200000003],[156779.6330000013,427953.1270000003],[156774.0089999996,427946.8520000018],[156769.57100000232,427940.7259999998],[156765.0789999999,427933.5990000032],[156761.47200000286,427926.9539999999],[156760.46600000188,427924.69000000134],[156759.0840000026,427920.6810000017],[156757.95800000057,427917.1399000026],[156756.3509999998,427913.49600000307],[156755.37600000203,427909.46290000156],[156754.29000000283,427906.1469999999],[156753.80800000206,427903.13700000197],[156753.48600000143,427899.6130999997],[156752.75200000033,427894.9520000033],[156752.1170000024,427891.1009999998],[156751.95600000024,427886.97300000116],[156751.84100000188,427882.69000000134],[156751.8430000022,427877.5530000031],[156752.1000000015,427873.70700000226],[156752.40700000152,427870.16500000283],[156753.09700000286,427865.2829999998],[156753.5549999997,427860.2020000033],[156753.90700000152,427857.6770000011],[156754.59600000083,427852.58999999985],[156755.4050000012,427848.8570000008],[156756.1339999996,427843.91600000113],[156756.34700000286,427841.570100002],[156756.53299999982,427838.2039999999],[156757.257000003,427834.00190000236],[156757.63500000164,427830.83800000325],[156758.66700000316,427825.4590000026],[156762.03600000218,427809.4761000015]]}},{"type":"Feature","properties":{"objectid":2,"gemeente":"Beuningen","SHAPE__Length":11672.052030876492},"geometry":{"type":"LineString","coordinates":[[184962.57500000298,429714.43300000206],[184962.0990000032,429715.4290000014],[184961.30600000173,429718.12800000235],[184960.8289999999,429720.50890000165],[184960.59100000188,429723.20700000226],[184960.8289999999,429726.4620000012],[184964.69200000167,429734.1160000004],[184970.35400000215,429743.6070000008],[184972.56799999997,429746.9279000014],[184980.29300000146,429760.47410000116],[184981.60600000247,429762.83800000325],[184984.1390000023,429768.14400000125],[184986.0080000013,429774.6560000032],[184987.41899999976,429780.9120000005],[184988.125,429785.23900000006],[184989.3049999997,429797.45700000226],[184990.13090000302,429810.1240000017],[184991.05800000206,429816.14300000295],[184992.77700000256,429821.40110000223],[184995.36400000006,429826.78400000185],[185004.2950000018,429842.0710000023],[185007.26000000164,429847.2120000012],[185010.1700000018,429853.1770000011],[185013.82400000095,429860.41700000316],[185017.32300000265,429867.55490000173],[185020.90200000256,429874.01300000027],[185023.08999999985,429880.0329999998],[185026.30600000173,429887.73000000045],[185029.10400000215,429893.3900000006],[185032.24300000072,429901.0850000009],[185036.00300000235,429908.9349000007],[185038.82600000128,429915.575000003],[185042.1080000028,429923.257000003],[185045.46400000155,429930.9810000025],[185049.30100000277,429939.9530000016],[185054.6480000019,429951.3030000031],[185058.65600000322,429961.9109000005],[185061.38500000164,429969.9200000018],[185064.39400000125,429976.31810000166],[185066.67400000244,429982.631000001],[185068.9280000031,429988.8269000016],[185072.19600000232,429996.37790000066],[185074.12700000033,430001.3590000011],[185077.0850000009,430007.99600000307],[185079.17600000277,430013.451100003],[185080.84200000018,430017.58900000155],[185082.7490000017,430022.12100000307],[185084.4539999999,430027.2330000028],[185086.4531000033,430033.00190000236],[185088.7730000019,430038.41600000113],[185090.2400000021,430043.1490000002],[185092.61199999973,430048.7361000031],[185094.2950000018,430053.7180000022],[185096.01800000295,430059.02600000054],[185097.66200000048,430064.3509000018],[185099.37700000033,430070.05700000003],[185100.95500000194,430074.94299999997],[185102.44299999997,430080.18200000003],[185103.74600000307,430086.46400000155],[185103.60200000182,430091.3650000021],[185102.882000003,430094.0530000031],[185101.71400000155,430098.4161000028],[185100.62900000066,430100.375],[185098.1790000014,430104.8030000031],[185093.20600000024,430110.1460000016],[185083.60400000215,430115.632000003],[185076.4680000022,430119.626000002],[185071.63700000197,430122.58200000226],[185066.71300000325,430125.76200000197],[185061.84100000188,430129.3580000028],[185057.2250000015,430133.2319000028],[185052.20100000128,430137.5309000015],[185043.8430000022,430146.3980999999],[185038.7240000032,430152.77800000086],[185030.25,430163.1950000003],[185025.8430000022,430168.6169000007],[185021.87200000137,430174.381000001],[185018.3740000017,430179.25300000235],[185006.3270000033,430196.188000001],[184994.82100000232,430213.0160000026],[184981.5530000031,430230.756000001],[184977.8890000023,430235.93200000003],[184970.86000000313,430244.5781000033],[184966.76099999994,430249.4970000014],[184963.7479000017,430253.6780000031],[184962.1170000024,430256.95600000024],[184945.9140000008,430270.20700000226],[184943.76099999994,430271.16700000316],[184938.9530000016,430273.8361000009],[184934.83200000226,430276.38500000164],[184929.88800000027,430278.70800000057],[184924.71300000325,430280.45390000194],[184919.78400000185,430281.6780000031],[184914.82100000232,430282.756000001],[184910.08700000122,430283.44209999964],[184895.813000001,430282.5990000032],[184881.55200000107,430281.564100001],[184873.4360000007,430280.6620000005],[184857.89710000157,430278.80000000075],[184852.49799999967,430277.91899999976],[184848.4600000009,430277.34600000083],[184841.05600000173,430276.31700000167],[184832.22700000182,430275.8440000005],[184824.38500000164,430275.85510000214],[184816.56000000238,430276.1970000006],[184809.74700000137,430275.8210000023],[184805.063000001,430275.01200000197],[184799.10710000247,430273.6460000016],[184792.01200000197,430271.3049999997],[184784.87100000307,430269.1070000008],[184774.22100000083,430267.0170000009],[184763.38289999962,430265.0540000014],[184753.29700000212,430263.57400000095],[184737.25200000033,430260.44900000095],[184732.45800000057,430260.08200000226],[184723.6870000027,430258.69800000265],[184708.98000000045,430256.5219999999],[184701.50200000033,430255.7180000022],[184698.1480000019,430255.12800000235],[184691.43710000068,430254.2229000032],[184676.6339999996,430252.4979999997],[184666.34200000018,430252.1799999997],[184660.14200000092,430252.5520000011],[184651.2800000012,430252.95810000226],[184647.19099999964,430253.1620000005],[184618.93200000003,430257.1620000005],[184610.8980000019,430258.3010000028],[184595.382000003,430260.7950000018],[184585.30600000173,430262.3429000005],[184578.5240000002,430262.9070000015],[184570.40799999982,430263.60510000214],[184566.3650000021,430264.4471000023],[184561.04800000042,430265.05900000036],[184557.82200000063,430265.5170000009],[184544.48500000313,430267.86100000143],[184543.16200000048,430268.0450000018],[184541.25,430268.4610000029],[184538.38700000197,430268.7740000002],[184535.04900000244,430268.94310000166],[184529.97800000012,430269.52810000256],[184521.52700000256,430270.3351000026],[184505.33600000292,430272.2950000018],[184489.0290000029,430274.6821000017],[184475.07500000298,430276.47300000116],[184460.65890000015,430278.0780000016],[184453.58600000292,430278.9539999999],[184444.2589999996,430280.6810000017],[184439.6390000023,430281.76099999994],[184435.65700000152,430282.8839999996],[184430.6379000023,430284.6640000008],[184425.5450000018,430286.6560000032],[184416.1339999996,430291.3020000011],[184413.938000001,430292.4759999998],[184409.19900000095,430294.77800000086],[184403.8900000006,430297.4690000005],[184399.03200000152,430299.6661000028],[184393.31599999964,430302.76110000163],[184387.38690000027,430305.61510000005],[184382.74500000104,430308.25],[184379.1640000008,430310.48900000006],[184373.65000000224,430313.757000003],[184368.3990000002,430317.8100000024],[184364.95100000128,430321.0780000016],[184362.93400000036,430323.0710000023],[184361.00500000268,430325.5310000032],[184358.11400000006,430329.5940000005],[184355.40000000224,430334.01000000164],[184352.02199999988,430340.8280000016],[184343.75400000066,430358.5919000022],[184339.0460000001,430368.65000000224],[184335.47090000287,430376.23800000176],[184333.14200000092,430381.2170000002],[184330.2420000024,430386.9769000001],[184328.25200000033,430391.38700000197],[184327.19299999997,430394.13500000164],[184324.8650000021,430398.9079999998],[184320.35500000045,430407.9520000033],[184312.4050000012,430424.501000002],[184304.8509999998,430441.2651000023],[184298.30800000206,430453.950000003],[184292.23900000006,430466.83410000056],[184287.12600000203,430477.504900001],[184282.5770000033,430486.58800000325],[184278.04700000212,430495.6710000001],[184273.21200000122,430506.18989999965],[184269.6000000015,430514.4959000014],[184265.4830000028,430522.4861000031],[184262.73800000176,430526.81510000303],[184257.18900000304,430534.05900000036],[184252.0380000025,430539.7270000018],[184242.97100000083,430549.6970000006],[184229.22000000253,430564.0470000021],[184225.688000001,430567.7341000028],[184220.90700000152,430572.7639000006],[184216.16700000316,430576.8980999999],[184215.12750000134,430577.7747000009],[184213.17700000107,430579.42009999976],[184211.23910000175,430580.7670000009],[184197.48900000006,430593.0930000022],[184193.93510000035,430596.18790000305],[184188.02500000224,430601.19000000134],[184183.32200000063,430605.4310999997],[184177.48090000078,430610.3500000015],[184163.6630000025,430622.1171000004],[184144.28600000218,430638.751000002],[184131.38100000098,430649.58100000024],[184123.43100000173,430656.50300000235],[184111.56400000304,430666.3720000014],[184102.28299999982,430674.1090000011],[184093.4851000011,430681.29399999976],[184081.97200000286,430690.4970000014],[184072.95000000298,430697.4270000011],[184061.65799999982,430706.04090000317],[184045.5770000033,430718.85500000045],[184030.93100000173,430732.2539000027],[184019.96100000292,430742.8519000001],[184013.45800000057,430749.20600000024],[184000.28299999982,430761.8530000001],[183989.09100000188,430771.6311000027],[183982.33900000155,430776.76300000027],[183973.57210000232,430782.6270000003],[183967.1550000012,430786.02590000257],[183961.75100000203,430788.52500000224],[183957.41100000218,430790.2090000026],[183953.41200000048,430791.76000000164],[183949.77100000158,430792.98699999973],[183946.0300000012,430794.0401000008],[183939.39600000158,430795.63489999995],[183936.82400000095,430796.1760000028],[183926.85200000182,430797.4780000001],[183918.24700000137,430798.0229000002],[183910.93500000238,430798.0600000024],[183903.6150000021,430797.6070000008],[183894.35400000215,430796.4520000033],[183886.69800000265,430794.7019000016],[183877.5300000012,430792.50410000235],[183860.42600000277,430787.1561000012],[183850.01600000262,430783.68510000035],[183841.76300000027,430780.9841000028],[183828.25100000203,430777.13500000164],[183820.2039999999,430775.0001000017],[183805.28200000152,430770.0951000005],[183785.03600000218,430764.59010000154],[183772.66100000218,430762.1020000018],[183765.3340000026,430760.4530000016],[183755.90200000256,430759.0449000001],[183750.6150000021,430758.1960000023],[183744.1390000023,430757.4460000023],[183738.04700000212,430756.7470000014],[183726.9900000021,430755.71499999985],[183720.46200000122,430755.30900000036],[183713.2090000026,430754.9900000021],[183697.59100000188,430754.5320000015],[183681.55200000107,430755.49500000104],[183671.51800000295,430756.4780000001],[183663.4299999997,430757.9249000028],[183659.4200000018,430758.6030000001],[183649.0230000019,430760.4830000028],[183643.21400000155,430761.756000001],[183633.3270000033,430763.56700000167],[183624.85700000077,430766.19000000134],[183612.48600000143,430769.8351000026],[183601.0789999999,430773.257000003],[183593.46510000154,430776.0520000011],[183583.3879000023,430780.02500000224],[183577.20000000298,430782.5611000024],[183569.15300000086,430786.0780000016],[183555.9611000009,430792.4050000012],[183542.7030000016,430798.7960000001],[183532.01900000125,430803.9620000012],[183521.85400000215,430809.72900000215],[183505.67400000244,430818.11900000274],[183493.80000000075,430824.65300000086],[183476.7960000001,430833.9070000015],[183469.6160000004,430837.78810000047],[183461.44200000167,430843.04900000244],[183453.3030000031,430848.4791000001],[183447.18300000206,430853.7719000019],[183442.59010000154,430858.8410000019],[183436.54700000212,430866.79000000283],[183432.08000000194,430873.27610000223],[183429.8830000013,430880.48800000176],[183421.9130000025,430909.9450000003],[183419.3340000026,430916.6090000011],[183416.58800000325,430922.1431000009],[183415.6150000021,430924.3359000012],[183414.72000000253,430926.3531000018],[183414.69299999997,430926.4120000005],[183412.73800000176,430928.2730000019],[183407.56700000167,430932.15200000256],[183405.61100000143,430933.69900000095],[183397.52700000256,430939.7859000005],[183378.35300000012,430949.26200000197],[183375.09600000083,430951.02600000054],[183367.86400000006,430954.5540000014],[183359.78500000015,430958.84600000083],[183346.92200000212,430964.194000002],[183340.0449000001,430967.375],[183331.50200000033,430976.1020000018],[183326.5780000016,430980.90000000224],[183319.52199999988,430988.1020000018],[183301.94299999997,431005.4310000017],[183292.6640000008,431013.61900000274],[183284.64200000092,431018.40790000185],[183274.90799999982,431020.4590000026],[183262.59200000018,431020.6970000006],[183235.70500000194,431022.5899000019],[183221.6640000008,431024.54190000147],[183209.9550999999,431027.26000000164],[183192.53200000152,431032.1640000008],[183173.60200000182,431039.126000002],[183165.14500000328,431042.2810000032],[183145.70600000024,431050.2330000028],[183132.22700000182,431055.7180000022],[183114.78100000322,431062.8560000025],[183109.9841000028,431064.4970000014],[183103.29509999976,431067.0210000016],[183096.47800000012,431070.05110000074],[183078.51600000262,431077.49810000136],[183065.1240000017,431083.93890000135],[183048.73500000313,431094.9530000016],[183044.23000000045,431098.23500000313],[183028.37600000203,431107.8051000014],[183022.3839999996,431110.94790000096],[183012.41210000217,431116.25],[183004.9590000026,431120.31599999964],[182998.8440000005,431123.254900001],[182988.13599999994,431128.02590000257],[182982.9530000016,431130.0331000015],[182968.40200000256,431135.16700000316],[182950.5610000007,431141.62100000307],[182940.58900000155,431145.78610000014],[182927.50500000268,431150.879900001],[182920.56799999997,431153.61100000143],[182914.63800000027,431156.875],[182910.9370000027,431159.1090000011],[182906.4690000005,431162.45600000024],[182901.92300000042,431166.62000000104],[182899.73100000247,431168.8660000004],[182895.35500000045,431174.02600000054],[182892.97200000286,431177.3830000013],[182891.15000000224,431180.8910000026],[182886.5240000002,431189.81909999996],[182883.9740000032,431193.5460000001],[182881.7090000026,431196.6810000017],[182878.43200000003,431202.46410000324],[182875.2190000005,431207.19800000265],[182867.28010000288,431215.8038999997],[182858.1799999997,431225.15900000185],[182846.70000000298,431236.7248999998],[182838.58700000122,431244.5230000019],[182834.16000000015,431249.1020000018],[182828.94200000167,431258.3789000027],[182826.79900000244,431262.91899999976],[182825.43900000304,431269.382000003],[182824.8430000022,431272.44409999996],[182825.01300000027,431277.5460000001],[182825.52390000224,431281.45810000226],[182826.87900000066,431334.2341000028],[182825.39600000158,431344.44099999964],[182824.08700000122,431351.4200000018],[182822.35300000012,431358.9920000024],[182820.21400000155,431367.34010000154],[182817.87900000066,431375.0870000012],[182815.99500000104,431379.7028999999],[182813.34800000116,431386.23800000176],[182808.64600000158,431395.76000000164],[182805.03400000185,431401.9610000029],[182798.29000000283,431413.5380000025],[182792.7330000028,431421.1501000002],[182786.82100000232,431426.8421000019],[182782.77000000328,431429.7180000022],[182778.4290000014,431432.53390000015],[182772.5840000026,431435.1070000008],[182765.1090000011,431436.76110000163],[182760.34800000116,431437.2800000012],[182754.04289999977,431437.2430000007],[182749.04800000042,431436.563000001],[182739.13800000027,431434.7410000004],[182731.66000000015,431433.51000000164],[182725.84500000253,431432.5581],[182720.84700000286,431432.31500000134],[182714.71190000325,431432.760900002],[182709.9830000028,431433.9889000021],[182708.44900000095,431434.2970000021],[182707.40100000054,431434.3420000002],[182705.7580000013,431434.12900000066],[182702.8830000013,431432.3270000033],[182701.46990000084,431431.38700000197],[182698.99300000072,431430.26300000027],[182696.29800000042,431429.3890000023],[182687.2890000008,431429.15200000256],[182681.57400000095,431429.7430000007],[182675.80800000206,431430.5080000013],[182673.4740000032,431431.31599999964],[182671.3830000013,431431.257000003],[182668.41899999976,431432.24500000104],[182662.40799999982,431434.126000002],[182652.82300000265,431437.7280000001],[182639.94900000095,431443.1170000024],[182626.99700000137,431448.59600000083],[182615.90000000224,431453.4310999997],[182610.0850000009,431456.04399999976],[182604.26600000262,431459.0151000023],[182599.0080000013,431461.5340999998],[182594.3110000007,431464.08999999985],[182589.41800000146,431467.28400000185],[182584.6330000013,431470.7950000018],[182579.04700000212,431475.24610000104],[182571.9910000004,431482.00300000235],[182566.17600000277,431488.0139000006],[182558.7640000023,431495.19099999964],[182553.48500000313,431499.9949000031],[182548.76600000262,431504.2811000012],[182542.02000000328,431509.4350000024],[182536.93900000304,431512.938000001],[182531.98200000077,431516.0150000006],[182524.75500000268,431519.4729000032],[182517.21300000325,431522.8020000011],[182504.86800000072,431527.68900000304],[182500.67190000042,431529.41000000015],[182497.27600000054,431530.9770000018],[182492.02700000256,431533.69000000134],[182487.15890000015,431536.2921000011],[182481.72800000012,431540.1030000001],[182471.73200000077,431547.2740000002],[182464.87700000033,431552.26900000125],[182458.85190000013,431555.60290000215],[182452.8789000027,431558.5390000008],[182450.5850000009,431559.4040000029],[182441.54399999976,431562.3100000024],[182432.78200000152,431564.58110000193],[182426.77199999988,431566.00300000235],[182419.5540000014,431568.01690000296],[182414.18300000206,431569.9060000032],[182389.48310000077,431588.2010000013],[182387.61400000006,431590.81500000134],[182385.62100000307,431594.0390000008],[182383.188000001,431598.15410000086],[182379.75200000033,431602.6810000017],[182375.52500000224,431607.31599999964],[182371.59200000018,431611.4510000013],[182366.73900000006,431614.5930000022],[182361.45000000298,431617.89190000296],[182356.05900000036,431621.1341000013],[182350.99700000137,431623.68400000036],[182343.93400000036,431627.7270000018],[182337.11000000313,431631.6460000016],[182329.3580000028,431635.99400000274],[182322.9140000008,431639.7160000019],[182317.4680000022,431642.56400000304],[182310.5300000012,431646.48900000006],[182301.6490000002,431651.7660000026],[182294.25500000268,431656.1161000021],[182287.14500000328,431660.4750000015],[182279.7960000001,431664.90000000224],[182269.48900000006,431671.1060000025],[182259.4140000008,431677.0589000024],[182249.7501000017,431682.9090999998],[182240.7490000017,431688.25190000236],[182232.7340000011,431693.0870000012],[182227.08999999985,431696.47100000083],[182221.8900000006,431699.42510000244],[182216.02600000054,431702.1700000018],[182208.37800000235,431704.54310000315],[182197.19600000232,431707.6950000003],[182187.66700000316,431710.04289999977],[182180.5,431712.0300000012],[182172.50600000098,431714.09500000253],[182165.16000000015,431717.4910000004],[182161.1999000013,431719.6620000005],[182157.11100000143,431722.54900000244],[182151.4520000033,431727.2730000019],[182147.62100000307,431730.58300000057],[182143.66700000316,431734.7050999999],[182137.35600000247,431741.5240000002],[182132.89300000295,431747.1640000008],[182128.4830000028,431752.758100003],[182122.27000000328,431760.2100000009],[182114.42400000244,431769.8038999997],[182106.35400000215,431779.19800000265],[182101.18500000238,431784.5610000007],[182095.7410000004,431789.4740000032],[182088.56500000134,431795.7310000025],[182082.06799999997,431801.0860000029],[182076.42700000107,431805.5309000015],[182068.125,431812.5391000025],[182062.33700000122,431818.6009999998],[182056.95000000298,431826.5370000005],[182052.6160000004,431832.73800000176],[182048.35700000077,431839.77710000053],[182042.71300000325,431848.42500000075],[182038.11000000313,431854.85500000045],[182031.3590000011,431863.0380000025],[182025.3040000014,431870.09490000084],[182019.5940000005,431876.5990000032],[182013.56799999997,431882.8260000013],[182006.27199999988,431889.44200000167],[182000.1400000006,431893.78500000015],[181993.7800000012,431898.1330000013],[181987.62700000033,431901.6020000018],[181979.8650000021,431905.3221000023],[181967.4830000028,431909.0499000028],[181956.37800000235,431911.41000000015],[181947.7650000006,431913.11900000274],[181939.7880000025,431914.72900000215],[181929.9130000025,431916.82300000265],[181921.09100000188,431918.56799999997],[181910.6490000002,431920.5809000023],[181865.03299999982,431929.4979999997],[181861.74799999967,431931.47300000116],[181857.58200000226,431932.8691000007],[181852.2100000009,431935.30800000206],[181847.4910000004,431937.64300000295],[181838.00500000268,431942.96609999985],[181830.25600000098,431947.1870000027],[181823.00500000268,431951.2870000005],[181816.1150000021,431954.65300000086],[181811.09600000083,431956.4739000015],[181805.83800000325,431957.3980000019],[181801.50300000235,431957.68300000206],[181793.94700000063,431957.25190000236],[181785.73699999973,431955.8969999999],[181778.875,431955.4820000008],[181771.74600000307,431955.1220000014],[181762.9520000033,431955.1760000028],[181756.83300000057,431954.77010000125],[181752.3340000026,431954.8360000029],[181739.76200000197,431955.0380000025],[181726.0450000018,431957.20600000024],[181719.69700000063,431958.55790000036],[181704.11800000072,431962.56799999997],[181695.30000000075,431964.90110000223],[181689.1799999997,431966.31500000134],[181670.39500000328,431970.87900000066],[181662.22300000116,431972.6330000013],[181650.96810000017,431975.38599999994],[181644.64300000295,431976.8800000027],[181638.18200000003,431978.37100000307],[181620.4990000017,431982.5781000033],[181613.0290000029,431984.3661000021],[181609.15300000086,431985.40890000015],[181603.18100000173,431988.4110000022],[181596.7800000012,431991.31500000134],[181592.94900000095,431993.04900000244],[181587.46200000122,431995.51690000296],[181565.52800000086,432002.3890000023],[181554.10400000215,432004.7591000013],[181552.3490000032,432005.7640000023],[181548.60400000215,432007.3830000013],[181544.8270000033,432010.3121000007],[181540.83200000226,432013.2961000018],[181535.50300000235,432018.54310000315],[181529.63000000268,432023.1700000018],[181524.45800000057,432027.2320000008],[181515.92700000107,432032.1411000006],[181507.0460000001,432035.41500000283],[181499.3280000016,432037.29100000113],[181492.1630000025,432038.09800000116],[181477.14400000125,432038.22300000116],[181467.6150000021,432037.6159000024],[181454.46100000292,432036.4040000029],[181439.78299999982,432035.36199999973],[181427.76200000197,432034.91600000113],[181424.71100000292,432035.16800000146],[181412.89200000092,432037.21389999986],[181406.62000000104,432038.7670000009],[181399.44700000063,432040.8549000025],[181395.20500000194,432042.52600000054],[181389.92200000212,432046.4040000029],[181379.04100000113,432052.8969999999],[181371.58100000024,432057.5421000011],[181369.33200000226,432058.5411000028],[181362.00400000066,432060.5449000001],[181356.02600000054,432061.34810000286],[181348.42500000075,432061.3890000023],[181343.6540000029,432060.87000000104],[181339.5390000008,432059.40090000257],[181330.0850000009,432056.58999999985],[181321.57100000232,432054.4200000018],[181311.41000000015,432053.626000002],[181299.0700000003,432053.9299999997],[181290.7190000005,432054.47900000215],[181280.05490000173,432056.0370000005],[181273.08200000226,432056.90410000086],[181265.56500000134,432057.22900000215],[181255.85200000182,432057.3961000033],[181249.16700000316,432056.9450000003],[181243.23200000077,432055.69099999964],[181238.36400000006,432054.4280000031],[181231.46600000188,432051.48000000045],[181226.65100000054,432048.9840000011],[181221.85200000182,432046.3920000009],[181204.2330000028,432036.4910000004],[181191.38000000268,432031.6439000033],[181176.42300000042,432029.04100000113],[181160.18400000036,432027.8580000028],[181148.04289999977,432027.5469000004],[181139.55900000036,432026.57400000095],[181128.21300000325,432026.1971000023],[181120.65300000086,432025.7520000003],[181106.58710000291,432025.26300000027],[181097.66700000316,432025.02800000086],[181079.41500000283,432025.94000000134],[181070.75100000203,432026.5210000016],[181060.16000000015,432027.55000000075],[181047.48200000077,432029.1171000004],[181032.94299999997,432031.20800000057],[181018.00400000066,432033.7270000018],[181008.04300000146,432035.2211000025],[180997.69310000166,432036.9979999997],[180985.90900000185,432037.2699000016],[180976.35600000247,432039.508100003],[180964.444000002,432040.7320000008],[180951.06700000167,432043.3720000014],[180927.37000000104,432049.67510000244],[180908.48800000176,432054.9569000006],[180898.47200000286,432057.98600000143],[180891.12600000203,432059.69099999964],[180881.92400000244,432062.2420000024],[180861.3509999998,432068.01910000294],[180851.31700000167,432070.66800000146],[180842.08800000325,432073.6041000001],[180833.75590000302,432075.438000001],[180818.05600000173,432079.14990000054],[180804.92600000277,432082.52600000054],[180787.12810000032,432087.0710000023],[180779.34100000188,432089.1000000015],[180770.49700000137,432091.882000003],[180757.1860000007,432096.7270000018],[180752.15600000322,432098.8901000023],[180749.03100000322,432100.42400000244],[180741.96200000122,432105.9370000027],[180736.0519000031,432110.1640000008],[180730.30100000277,432114.58300000057],[180717.36100000143,432125.2090000026],[180711.58889999986,432130.450000003],[180702.30700000003,432138.67500000075],[180693.188000001,432144.9360000007],[180688.2420000024,432148.94800000265],[180681.8509999998,432154.91600000113],[180674.6860000007,432161.27700000256],[180668.0549999997,432165.9470000006],[180654.68400000036,432177.2039999999],[180646.81700000167,432182.70490000024],[180642.18300000206,432185.7361000031],[180638.22800000012,432187.51200000197],[180634.1090000011,432188.53510000184],[180630.73800000176,432189.0240000002],[180622.75400000066,432189.626000002],[180611.71400000155,432189.3601000011],[180597.93400000036,432188.98000000045],[180586.48800000176,432188.505900003],[180575.89699999988,432188.33000000194],[180567.5540000014,432188.16810000315],[180560.76600000262,432187.9161000028],[180553.83700000122,432187.6570000015],[180546.02690000087,432187.4690000005],[180537.132000003,432187.06500000134],[180531.76099999994,432187.1220000014],[180523.3289999999,432187.0089999996],[180517.68500000238,432186.8461000025],[180510.38700000197,432186.9949000031],[180501.2950000018,432187.12100000307],[180493.319000002,432187.01900000125],[180484.60200000182,432187.5050000027],[180476.9840000011,432187.7890000008],[180469.06400000304,432187.8960000016],[180455.6240000017,432187.65100000054],[180445.3040000014,432187.8680000007],[180428.74700000137,432187.75300000235],[180414.35290000215,432188.33410000056],[180399.95100000128,432188.62900000066],[180385.25600000098,432188.507000003],[180381.41100000218,432188.49400000274],[180375.00400000066,432189.0560000017],[180371.1870000027,432189.3300999999],[180367.3660000004,432189.62110000104],[180362.93400000036,432190.33310000226],[180356.7730000019,432191.93300000206],[180353.813000001,432193.1760000028],[180350.9050000012,432194.51099999994],[180343.17600000277,432199.02600000054],[180340.89699999988,432200.20910000056],[180338.1630000025,432201.8980000019],[180326.694000002,432210.0519000031],[180318.09600000083,432215.6009999998],[180310.92610000074,432219.79289999977],[180304.0780000016,432223.25],[180299.4990000017,432225.3969999999],[180296.25100000203,432226.88610000163],[180292.79200000316,432227.85500000045],[180286.569000002,432229.22300000116],[180277.0530000031,432230.4079999998],[180272.47800000012,432230.44200000167],[180266.6870000027,432230.01900000125],[180262.2811000012,432229.2960000001],[180257.90600000322,432227.8060000017],[180253.563000001,432226.2649000026],[180248.08800000325,432224.2820000015],[180241.28600000218,432221.15100000054],[180235.20000000298,432217.72200000286],[180229.03100000322,432212.99600000307],[180223.8049999997,432210],[180217.5089999996,432206.7670000009],[180212.48699999973,432205.08100000024],[180207.19700000063,432203.60400000215],[180203.70700000226,432203.0871000029],[180199.92500000075,432202.569000002],[180196.75,432202.3269000016],[180187.79300000146,432202.01200000197],[180184.6150000021,432202.33800000325],[180180.13800000027,432202.5560999997],[180172.85300000012,432202.6469999999],[180160.87700000033,432202.9360000007],[180152.007000003,432203.8430000022],[180136.15900000185,432204.48800000176],[180122.6000000015,432204.9070000015],[180116.19800000265,432205.2131000012],[180109.84200000018,432205.66500000283],[180107.0380000025,432205.74510000274],[180101.5940000005,432206.7389000021],[180098.83000000194,432207.4230000004],[180096.13000000268,432208.47310000286],[180091.46700000018,432211.16700000316],[180085.92500000075,432214.94200000167],[180073.06599999964,432226.4759999998],[180064.24600000307,432233.88800000027],[180061.65600000322,432235.7829999998],[180055.90799999982,432239.8289999999],[180049.67300000042,432244.3030000031],[180040.59700000286,432248.7829999998],[180035.59700000286,432250.60400000215],[180032.54700000212,432251.7319000028],[180026.3120000027,432253.1289000027],[180021.44099999964,432253.825000003],[180011.7020000033,432254.569000002],[179997.8281000033,432255.45700000226],[179990.2640000023,432255.7470000014],[179981.89400000125,432256.2270999998],[179976.3590000011,432256.3189000003],[179962.313000001,432257.38599999994],[179950.33999999985,432258.1070000008],[179938.44099999964,432258.74810000136],[179924.16800000146,432259.6780000031],[179919.65600000322,432259.7020000033],[179909.26810000092,432258.59500000253],[179900.0089999996,432255.2110000029],[179897.24700000137,432254.1749000028],[179893.86400000006,432252.01099999994],[179885.24810000136,432246.569000002],[179880.5290000029,432243.1861000024],[179875.61900000274,432239.95500000194],[179869.9541000016,432236.45610000193],[179858.64500000328,432229.311900001],[179858.0940000005,432228.7740000002],[179856.27199999988,432227.9059000015],[179849.33200000226,432225.4350000024],[179842.5610000007,432223.1240000017],[179836.57400000095,432221.83790000156],[179828.61100000143,432221.631000001],[179823.00500000268,432221.46400000155],[179818.1860000007,432221.5870000012],[179810.9910000004,432221.631000001],[179801.25300000235,432221.9350000024],[179796.875,432222.01300000027],[179778.8030000031,432222.6330000013],[179771.625,432222.78390000015],[179749.9680000022,432223.7309000008],[179737.5290000029,432225.23589999974],[179732.4200000018,432226.12900000066],[179724.2020000033,432227.8361000009],[179718.5080000013,432229.28500000015],[179715.03200000152,432230.11000000313],[179702.1490000002,432234.06390000135],[179689.26700000092,432237.87490000203],[179670.89310000092,432243.27600000054],[179665.35300000012,432244.71890000254],[179657.72000000253,432247.0789999999],[179648.65900000185,432249.87590000033],[179641.13800000027,432252.3100000024],[179634.44099999964,432254.40200000256],[179630.15300000086,432255.5520000011],[179624.0850000009,432257.07300000265],[179619.72800000012,432258.19900000095],[179614.19299999997,432259.08900000155],[179609.07500000298,432259.81500000134],[179604.03290000185,432260.2361000031],[179595.94900000095,432260.4040000029],[179589.56599999964,432259.9299999997],[179581.0140000023,432259.1700000018],[179573.7100000009,432258.44209999964],[179567.52600000054,432257.65300000086],[179561.8980000019,432257.68900000304],[179558.47700000182,432257.8670000024],[179556.4050000012,432259.1780000031],[179545.7730000019,432266.2741000019],[179545.4830000028,432266.33900000155],[179544.14699999988,432267.2681000009],[179541.9830000028,432271.01410000026],[179537.24400000274,432278.27390000224],[179532.70000000298,432286.86400000006],[179529.33300000057,432292.40100000054],[179522.7879000008,432305.9460000023],[179518.97200000286,432312.93510000035],[179514.08200000226,432320.01900000125],[179509.313000001,432325.3110000007],[179503.5940000005,432331.7159000002],[179492.31599999964,432341.88489999995],[179489.83900000155,432343.6480000019],[179482.04300000146,432348.9471000023],[179477.6640000008,432350.9910000004],[179473.92400000244,432352.7790000029],[179467.7030000016,432354.73600000143],[179455.1390000023,432357.8900000006],[179447.17500000075,432359.7890000008],[179441.75200000033,432361.3649000004],[179437.34800000116,432363.3980000019],[179433.1790000014,432366.18200000003],[179430.45500000194,432368.58000000194],[179428.28200000152,432370.6170000024],[179426.4280000031,432373.68200000003],[179424.14300000295,432378.1579999998],[179423.35209999979,432380.31500000134],[179422.3670000024,432385.95800000057],[179421.66800000146,432399.3340000026],[179420.51200000197,432409.8580000028],[179417.46700000018,432421.26300000027],[179413.54300000146,432431.1579999998],[179411.24799999967,432436.0301000029],[179409.50600000098,432438.61000000313],[179403.76200000197,432446.6410000026],[179399.37800000235,432451.9260000028],[179395.74400000274,432455.7901000008],[179392.02000000328,432459.4471000023],[179388.93300000206,432462.54200000316],[179383.60700000077,432466.7160000019],[179377.53600000218,432470.6330000013],[179371.47000000253,432474.05000000075],[179364.0290000029,432477.23110000044],[179357.45100000128,432479.3100000024],[179354.62600000203,432480.1560000032],[179351.99610000104,432480.33200000226],[179350.819000002,432480.57090000063],[179344.7950000018,432482.23690000176],[179333.74110000208,432484.1619000025],[179328.2960000001,432484.41899999976],[179315.53100000322,432485.47000000253],[179307.56400000304,432485.381000001],[179300.04800000042,432485.375],[179292.52500000224,432485.3920000009],[179250.62200000137,432482.36900000274],[179250.58999999985,432482.3671000004],[179244.55800000206,432481.9740000032],[179238.688000001,432481.4050000012],[179233.33600000292,432480.93300000206],[179223.54000000283,432480.27600000054],[179211.31400000304,432479.35400000215],[179194.4851000011,432478.88500000164],[179189.47800000012,432478.83999999985],[179165.4210000001,432478.0540000014],[179142.6480000019,432477.3839999996],[179127.7090000026,432477.48900000006],[179115.30000000075,432477.89400000125],[179102.76200000197,432478.9759999998],[179093.47300000116,432479.5150000006],[179087.97900000215,432479.56400000304],[179081.76000000164,432480.0760000013],[179079.4299999997,432480.6540000029],[179076.9130000025,432481.132100001],[179068.4370000027,432483.2870000005],[179050.80490000173,432487.8409000002],[179031.63599999994,432493.03990000114],[179024.3714000024,432494.79619999975],[179020.5460000001,432495.72100000083],[178983.9759999998,432505.56500000134],[178982.90600000322,432505.9070000015],[178981.57600000128,432506.33310000226],[178968.25500000268,432509.99610000104],[178963.10600000247,432511.8500000015],[178955.64400000125,432513.4161000028],[178950.05200000107,432514.2589999996],[178943.24700000137,432514.6720000021],[178934.60700000077,432514.4049000032],[178928.16600000113,432513.76300000027],[178921.3490000032,432512.6540000029],[178915.0150000006,432511.44490000233],[178907.46499999985,432509.5860000029],[178902.16200000048,432507.43200000003],[178897.44000000134,432505.6689000018],[178893.01200000197,432503.2170000002],[178888.29900000244,432500.4520000033],[178883.51800000295,432496.98390000314],[178878.86400000006,432492.7708999999],[178874.90990000218,432488.8060999997],[178871.33900000155,432484.4220000021],[178866.88800000027,432479.51000000164],[178862.46300000325,432473.9450000003],[178857.2730000019,432467.6780000031],[178852.2699000016,432461.5910000019],[178847.68500000238,432456.251000002],[178842.3490000032,432451.2779000029],[178838.31599999964,432448.1229999997],[178833.81000000238,432444.9701000005],[178829.9680000022,432443.11900000274],[178823.6780000031,432440.87900000066],[178816.8980000019,432439.7831000015],[178811.0390000008,432439.01000000164],[178802.64600000158,432438.7009000033],[178795.76600000262,432438.83690000325],[178791.16899999976,432439.1030000001],[178784.6228,432439.25989999995],[178763.19200000167,432439.7730999999],[178756.39300000295,432440.0240000002],[178748.23800000176,432440.01200000197],[178740.89699999988,432440.21389999986],[178727.7650000006,432440.15900000185],[178719.83900000155,432440.2261000015],[178711.50300000235,432440.0219999999],[178703.75500000268,432439.84600000083],[178696.82400000095,432439.61300000176],[178688.75300000235,432439.3819000013],[178681.96300000325,432439.3259000033],[178671.0140000023,432438.84590000287],[178661.438000001,432438.2550000027],[178648.4840000011,432437.9840000011],[178634.073900003,432437.40200000256],[178618.50200000033,432437.0031000003],[178603,432436.71300000325],[178588.05800000206,432435.7340000011],[178572.7800000012,432434.6721000001],[178564.3500000015,432433.132000003],[178553.4910000004,432430.59109999985],[178547.28100000322,432427.5540000014],[178541.83999999985,432424.6560000032],[178537.79200000316,432421.6480000019],[178533.1080000028,432418.45800000057],[178527.81799999997,432414.39510000125],[178520.8660000004,432409.28400000185],[178514.53100000322,432404.4231000021],[178509.28600000218,432401.65100000054],[178503.063000001,432397.5530000031],[178496.15100000054,432393.8910000026],[178485.38599999994,432389.08900000155],[178479.67500000075,432386.68200000003],[178475.57400000095,432385.4269000031],[178471.45800000057,432384.0370000005],[178466.50200000033,432382.85500000045],[178461.2960000001,432381.6460000016],[178456.50500000268,432380.7650000006],[178451.27500000224,432379.9171000011],[178441.86100000143,432378.86400000006],[178432.35600000247,432378.4979999997],[178424.2589999996,432378.6000000015],[178415.77700000256,432378.5720000006],[178403.50600000098,432379.2580000013],[178390.58300000057,432379.8530000001],[178381.04800000042,432380.02600000054],[178371.41899999976,432380.64300000295],[178363.3430000022,432381.4740000032],[178354.73900000006,432382.625],[178343.01600000262,432384.9550999999],[178336.1000000015,432386.5140000023],[178329.28500000015,432388.2950000018],[178323.69200000167,432390.62900000066],[178290.94700000063,432406.8289999999],[178289.0700000003,432408.0510000028],[178283.01700000092,432411.20700000226],[178271.70700000226,432418.1730000004],[178265.86800000072,432422.1170000024],[178260.47700000182,432425.54200000316],[178254.4740000032,432428.7550000027],[178248.54200000316,432431.78400000185],[178241.86300000176,432434.198900003],[178235.563000001,432436.3060000017],[178228.51800000295,432437.6180000007],[178223.13100000098,432438.37800000235],[178216.6390000023,432438.2399000004],[178211.84100000188,432437.04300000146],[178206.2340000011,432435.4810000025],[178200.03100000322,432433.3761],[178194.38100000098,432431.85400000215],[178190.41899999976,432431.52800000086],[178187.62299999967,432431.98390000314],[178184.44800000265,432434.3560000025],[178181.7740000002,432437.6020000018],[178178.7960000001,432442.6570000015],[178175.65600000322,432449.8699000031],[178172.00600000098,432458.5310000032],[178168.59600000083,432466.50290000066],[178165.23200000077,432474.3020000011],[178162.11300000176,432481.4510000013],[178159.37000000104,432488.2890000008],[178156.67400000244,432494.2479000017],[178153.79100000113,432500.0871000029],[178151.28299999982,432504.8980000019],[178148.95700000226,432509.16810000315],[178146.86100000143,432512.38700000197],[178143.5930000022,432517.4119000025],[178139.7420000024,432522.67400000244],[178135.73900000006,432526.8990000002],[178131.75600000098,432530.813000001],[178125.52000000328,432536.0311000012],[178120.1689000018,432539.7880000025],[178115.04900000244,432542.83200000226],[178108.2400000021,432546.2810000032],[178100.15600000322,432549.7911000028],[178090.07300000265,432554.2800000012],[178082.5460000001,432557.3670000024],[178076.62299999967,432559.98600000143],[178070.194000002,432563.8060999997],[178064.53299999982,432567.54000000283],[178059.5240000002,432570.8479000032],[178056.7650000006,432574.0461000018],[178051.98100000247,432578.83100000024],[178048.17300000042,432583.8729999997],[178043.55800000206,432589.8579000011],[178039.23800000176,432596.5610000007],[178033.9280000031,432605.23600000143],[178028.27700000256,432614.2430000007],[178023.57600000128,432622.19800000265],[178018.66899999976,432629.7700000033],[178013.98710000142,432636.05700000003],[178012.0230000019,432638.73800000176],[178008.92500000075,432641.29200000316],[178005.1160000004,432644.52390000224],[178000.69600000232,432646.9690000005],[177996.62000000104,432648.86300000176],[177990.99700000137,432651.28500000015],[177981.0380000025,432655.1180000007],[177974.73699999973,432657.49600000307],[177959.71400000155,432663.0310000032],[177944.69099999964,432668.56599999964],[177936.22300000116,432671.59910000116],[177930.29399999976,432673.5360000022],[177923.0300000012,432676.3950000033],[177912.55900000036,432680.4820000008],[177904.0540000014,432683.3500000015],[177890.90200000256,432688.29410000145],[177886.12800000235,432689.83690000325],[177881.79200000316,432691.15410000086],[177875.88599999994,432692.9050000012],[177869.35200000182,432694.41390000284],[177863.8500000015,432695.5620000027],[177857.26600000262,432696.8590000011],[177839.14200000092,432700.6850000024],[177834.18300000206,432701.6960000023],[177823.1330000013,432703.73699999973],[177808.81000000238,432706.57890000194],[177777.96200000122,432712.6780000031],[177769.74400000274,432714.50300000235],[177762.09500000253,432716.445100002],[177757.18500000238,432717.66600000113],[177752.2400000021,432718.71499999985],[177746.32200000063,432720.54000000283],[177735.71499999985,432724.3950000033],[177722.04700000212,432729.5380000025],[177712.14090000093,432733.54399999976],[177704.9299999997,432736.69099999964],[177695.4520000033,432741.65300000086],[177681.98800000176,432748.6339999996],[177677.54800000042,432751.07400000095],[177672.16000000015,432754.0781000033],[177666.74300000072,432756.98000000045],[177657.6700000018,432761.48010000214],[177650.78600000218,432765.23310000077],[177639.2039999999,432770.9820000008],[177625.23800000176,432777.01800000295],[177618.69409999996,432779.6780000031],[177603.65600000322,432786.3200000003],[177600.09500000253,432787.9780000001],[177595.3830000013,432789.8520000018],[177590.15000000224,432791.8660000004],[177580.82200000063,432795.7799000032],[177573.61400000006,432798.9200000018],[177566.77100000158,432801.3670000024],[177558.65900000185,432803.6799999997],[177557.60700000077,432803.8580000028],[177553.71100000292,432804.30700000003],[177552.632000003,432804.33000000194],[177549.15200000256,432804.4110000022],[177539.94800000265,432803.1721000001],[177536.875,432802.04200000316],[177534.74290000275,432801.3111000024],[177529.05700000003,432799.0089999996],[177524.84800000116,432796.125],[177522.47200000286,432794.08100000024],[177516.43100000173,432789],[177506.7340000011,432779.69800000265],[177497.91590000317,432772.4130000025],[177495.5080000013,432770.90200000256],[177493.87200000137,432770.16310000047],[177483.47800000012,432767.49600000307],[177476.7250000015,432766.86400000006],[177471.1339999996,432766.3900000006],[177460.90600000322,432766.4070000015],[177450.2340000011,432767.0770000033],[177444.15200000256,432767.9840000011],[177441.33900000155,432768.36300000176],[177429.75500000268,432770.56010000035],[177413.89200000092,432774.2320000008],[177404.32200000063,432777.5171000026],[177386.6240000017,432783.0300000012],[177376.36900000274,432785.91390000284],[177368.93400000036,432786.58000000194],[177363.10600000247,432787.62000000104],[177350.51110000163,432787.632000003],[177337.27000000328,432785.29100000113],[177316.87600000203,432779.8041000031],[177309.0390000008,432777.79509999976],[177299.2180000022,432776.31799999997],[177296.51900000125,432775.84600000083],[177289.89300000295,432775.81400000304],[177285.52000000328,432776.46609999985],[177279.7020000033,432777.9119000025],[177276.76800000295,432779.23000000045],[177270.97700000182,432782.2810000032],[177263.58600000292,432788.0078999996],[177260.02500000224,432791.46400000155],[177257.28400000185,432794.15200000256],[177253.9050000012,432797.78500000015],[177251.0780000016,432801.1950000003],[177245.757000003,432807.43300000206],[177242.08310000226,432813.01200000197],[177236.58999999985,432823.1180000007],[177234.05800000206,432828.1741000004],[177232.40300000086,432833.2410000004],[177230.28700000048,432839.4970000014],[177227.17300000042,432845.9241000004],[177224.54800000042,432850.81290000305],[177222.83200000226,432854.7589999996],[177217.4040000029,432862.98900000006],[177211.0290000029,432871.2320000008],[177207.4200000018,432874.76800000295],[177202.25100000203,432880.4660000019],[177194.28500000015,432887.19900000095],[177186.9520000033,432892.7681000009],[177176.2190000005,432899.58690000325],[177168.7950000018,432903.83000000194],[177164.28100000322,432906.34600000083],[177156.68200000003,432910.23000000045],[177149.0240000002,432914.29100000113],[177140.62100000307,432918.96400000155],[177134.75200000033,432922.001000002],[177128.5990000032,432925.375],[177116.0450000018,432932.0480000004],[177097.9840000011,432941.0720000006],[177081.05600000173,432949.5380000025],[177071.93200000003,432954.1339999996],[177064.3120000027,432958.15000000224],[177061.16700000316,432959.9600000009],[177057.9299999997,432962.1170000024],[177054.1731000021,432964.85290000215],[177048.14400000125,432969.6710000001],[177035.65200000256,432980.4820000008],[177016.46499999985,432998.5998999998],[176997.32200000063,433016.5560000017],[176987.58300000057,433025.74400000274],[176981.82100000232,433030.85400000215],[176975.8049999997,433035.5370000005],[176970.2650000006,433039.39300000295],[176965.37700000033,433041.9970000014],[176958.40700000152,433045.11000000313],[176952.44299999997,433047.50300000235],[176948.49400000274,433048.59800000116],[176933.91600000113,433052.9959000014],[176908.51900000125,433060.13010000065],[176900.04900000244,433062.4310000017],[176884.69700000063,433066.2110000029],[176869.79100000113,433069.3291000016],[176859.938000001,433070.8340000026],[176849.88800000027,433071.6791000031],[176840.48000000045,433072.3720000014],[176825.81700000167,433073.2740000002],[176809.10300000012,433074.0230000019],[176795.47700000182,433075.15000000224],[176771.9539999999,433078.51000000164],[176734.29800000042,433085.0360000022],[176727.91899999976,433086.061900001],[176717.92700000107,433087.6909000017],[176709.9759999998,433088.4990000017],[176700.6630000025,433090.1570000015],[176687.25300000235,433093.30490000173],[176679.04800000042,433095.313000001],[176663.7730000019,433100.08200000226],[176656.82600000128,433102.5208999999],[176645.65200000256,433106.97100000083],[176635.0780000016,433110.9270000011],[176624.87800000235,433114.91600000113],[176618.09800000116,433117.7410000004],[176608.83000000194,433123.94800000265],[176600.64400000125,433126.9770000018],[176587.93500000238,433129.73500000313],[176575.2259999998,433132.50400000066],[176554.81700000167,433137.58910000324],[176547.2191000022,433140.07090000063],[176532.6330000013,433145.4051000029],[176523.23000000045,433148.47100000083],[176504.64100000262,433154.5860000029],[176489.15900000185,433160.0780000016],[176477.68200000003,433164.9171000011],[176460.8980000019,433171.66910000145],[176445.4050000012,433177.8830000013],[176427.40000000224,433185.3739],[176417.7730000019,433189.69099999964],[176405.77600000054,433195.3289999999],[176375.01900000125,433210.6629000008],[176350.84800000116,433222.5920000002],[176329.26099999994,433232.9690000005],[176315.0290000029,433239.9200000018],[176308.04200000316,433243.1590999998],[176301.74799999967,433245.91690000147],[176296.55100000277,433248.42610000074],[176289.7250000015,433251.53500000015],[176283.18300000206,433254.43200000003],[176278.05900000036,433257.6209000014],[176273.00400000066,433259.7639000006],[176267.25,433262.56400000304],[176261.89600000158,433265.2180000022],[176257.30600000173,433267.3890000023],[176248.52500000224,433271.68290000036],[176240.7800000012,433275.1339999996],[176233.8990000002,433278.1431000009],[176225.46499999985,433282.42400000244],[176219.06500000134,433285.63500000164],[176206.05600000173,433291.72200000286],[176193.60300000012,433297.7170000002],[176186.8270000033,433301.0770000033],[176179.2240000032,433304.4820000008],[176172.9291000031,433307.501000002],[176166.67200000212,433310.6780000031],[176153.51300000027,433316.9061000012],[176140.40700000152,433323.18410000205],[176127.9750000015,433329.05690000206],[176113.17600000277,433336.1480000019],[176106.32500000298,433339.4920000024],[176099.875,433342.57400000095],[176091.48100000247,433346.19099999964],[176085.76900000125,433349.2789000012],[176071.56400000304,433355.86290000007],[176057.73000000045,433362.44099999964],[176049.09800000116,433366.68900000304],[176040.8350000009,433370.7270000018],[176031.73699999973,433375.0700000003],[176024.04300000146,433378.35500000045],[176011.29000000283,433384.3720000014],[175996.50400000066,433391.65200000256],[175990.4830000028,433394.4230000004],[175985.0789999999,433397.3520000018],[175977.6390000023,433401.06510000303],[175968.23800000176,433404.9230000004],[175960.4690000005,433409.11900000274],[175952.94299999997,433412.4979999997],[175941.95500000194,433417.7420000024],[175931.99700000137,433422.65100000054],[175924.92300000042,433426.15200000256],[175917.68100000173,433429.5460000001],[175908.6961000003,433433.41899999976],[175896.64600000158,433438.94209999964],[175892.52800000086,433440.9600000009],[175888.069000002,433443.75300000235],[175884.07300000265,433445.60400000215],[175877.25500000268,433448.83000000194],[175875.02100000158,433449.7470000014],[175871.72300000116,433450.5621000007],[175869.10600000247,433451.08000000194],[175866.58900000155,433450.8830000013],[175863.88500000164,433450.7180000022],[175861.7790000029,433450.3110000007],[175858.85200000182,433449.52390000224],[175854.94299999997,433447.87900000066],[175850.41500000283,433445.694000002],[175843.91700000316,433442.6790000014],[175836.61690000072,433439.10890000314],[175830.86800000072,433436.3699000031],[175827.85200000182,433435.36199999973],[175818.64450000226,433432.79000000283],[175807.35600000247,433429.63700000197],[175805.06700000167,433428.95700000226],[175800.63599999994,433428.1579999998],[175795.19200000167,433427.2849000022],[175787.57500000298,433426.26000000164],[175778.67700000107,433425.26200000197],[175774.91000000015,433424.9759999998],[175771.1640000008,433424.7221000008],[175767.95000000298,433424.41500000283],[175764.76090000197,433424.11000000313],[175757.4910000004,433423.5020000003],[175751.60200000182,433423.0349000022],[175740.257000003,433421.8830000013],[175733.35209999979,433420.92390000075],[175720.69490000233,433420.2400000021],[175716.92300000042,433419.91700000316],[175710.64100000262,433419.30900000036],[175703.2730000019,433418.63500000164],[175697.82500000298,433418.20810000226],[175689.13599999994,433417.6610000022],[175673.31700000167,433417.0139000006],[175659.3839999996,433417.06700000167],[175647.375,433417.819000002],[175634.80900000036,433419.382000003],[175619.20800000057,433422.08200000226],[175603.125,433425.61400000006],[175587.85500000045,433429.79100000113],[175573.95000000298,433434.1390000023],[175562.51300000027,433437.86510000005],[175552.52800000086,433441.2890000008],[175538.01099999994,433446.4550999999],[175521.15700000152,433452.6270000003],[175504.15100000054,433458.9780000001],[175484.37200000137,433466.5689000003],[175471.60700000077,433471.87100000307],[175454.00610000268,433478.80000000075],[175436.8839999996,433485.6070000008],[175421.33200000226,433491.66000000015],[175402.9530000016,433499.23699999973],[175389.96200000122,433504.2470000014],[175382.20700000226,433506.9450000003],[175376.71300000325,433508.40000000224],[175364.7240000032,433509.5078999996],[175348.2960000001,433510.3530000001],[175343.08200000226,433510.91000000015],[175339.50100000203,433511.5930000022],[175337.04900000244,433512.29399999976],[175326.55700000003,433514.6450000033]]}},{"type":"Feature","properties":{"objectid":3,"gemeente":"Druten","SHAPE__Length":10777.451837874969},"geometry":{"type":"LineString","coordinates":[[175326.55700000003,433514.6450000033],[175319.18400000036,433516.4759999998],[175314.0380000025,433517.99400000274],[175304.36800000072,433520.58300000057],[175294.8900000006,433523.83889999986],[175290.97700000182,433525.19000000134],[175287.5990000032,433526.23900000006],[175254.3110000007,433537.4920000024],[175249.49400000274,433539.06700000167],[175241.55200000107,433541.5151000023],[175234.68100000173,433543.76900000125],[175225.5549999997,433546.756000001],[175219.5850000009,433548.80900000036],[175213.67200000212,433551.09600000083],[175206.16500000283,433554.04300000146],[175201.2100000009,433556.2330000028],[175196.27500000224,433558.51000000164],[175192.43500000238,433559.9910000004],[175189.2501000017,433561.7420000024],[175182.8509999998,433564.7211000025],[175178.48310000077,433566.8020000011],[175172.8650000021,433570.1070000008],[175165.92600000277,433574.12210000306],[175160.89200000092,433577.19910000265],[175157.67500000075,433579.3718999997],[175155.44900000095,433580.57400000095],[175153.5331000015,433581.6770000011],[175150.5,433583.5050000027],[175145.1799999997,433586.8099000007],[175140.1150000021,433589.9090999998],[175135.76800000295,433592.62800000235],[175130.66000000015,433596.2320000008],[175126.21300000325,433599.0749000013],[175123.00100000203,433601.16700000316],[175118.08700000122,433604.5910000019],[175114.82300000265,433606.87310000136],[175112.20500000194,433608.5929000005],[175098.5780000016,433618.82300000265],[175096.069000002,433620.5069000013],[175094.13599999994,433622.02610000223],[175089.4210000001,433625.2681000009],[175082.3660000004,433629.88500000164],[175076.76000000164,433633.7160000019],[175070.58100000024,433637.44900000095],[175060.03400000185,433643.65110000223],[175058.9130000025,433644.3030000031],[175056.6710000001,433645.62310000136],[175048.26700000092,433650.257000003],[175042.40100000054,433653.33000000194],[175036.76600000262,433656.23690000176],[175033.12800000235,433657.9970000014],[175026.188000001,433661.39300000295],[175018.4299999997,433664.9110000022],[175012.67200000212,433667.5789999999],[175006.46200000122,433670.76910000294],[175001.55700000003,433673.2681000009],[174998.60200000182,433674.501000002],[174991.51200000197,433678.66800000146],[174987.757000003,433681.37900000066],[174980.59800000116,433686.3431000002],[174973.53400000185,433690.8969000019],[174967.0930000022,433694.90090000257],[174961.4539999999,433698.5789999999],[174955.02700000256,433702.7410000004],[174944.26900000125,433709.507000003],[174941.9360000007,433710.8509999998],[174935.9280000031,433714.5080000013],[174932.07400000095,433716.64510000125],[174928.78100000322,433718.9820000008],[174925.38700000197,433721.0061000027],[174921.36800000072,433723.38910000026],[174915.79700000212,433726.2640000023],[174908.52000000328,433730.65300000086],[174905.24700000137,433732.6229999997],[174900.73600000143,433735.0700000003],[174896.4450000003,433737.4350000024],[174893.0300000012,433739.14400000125],[174890.59500000253,433740.45390000194],[174839.86900000274,433764.7999000028],[174836.507000003,433766.4310000017],[174831.9050000012,433769.0990000032],[174826.4299999997,433772.8669000007],[174820.0990000032,433776.8010000028],[174814.1780000031,433780.7700000033],[174808.8340000026,433784.508100003],[174803.8500000015,433787.99600000307],[174779.30000000075,433805.1759000011],[174776.2640000023,433806.61790000275],[174767.00200000033,433810.1859000027],[174752.54800000042,433815.3289999999],[174741.34500000253,433819.067900002],[174738.65100000054,433819.93900000304],[174734.81599999964,433820.9660000019],[174731.83600000292,433821.7010000013],[174728.22000000253,433822.257000003],[174724.0089999996,433822.8291000016],[174716.2420000024,433823.8280000016],[174712.30110000074,433824.52600000054],[174709.6710000001,433824.75300000235],[174707.07200000063,433824.94800000265],[174704.4740000032,433824.81799999997],[174701.74600000307,433824.5581],[174696.09100000188,433823.9049000032],[174687.32400000095,433822.8289999999],[174678.24799999967,433821.9060000032],[174675.89699999988,433821.6579999998],[174672.40310000256,433821.2901000008],[174661.02000000328,433820.13700000197],[174650.33000000194,433818.9060000032],[174645.8890000023,433818.2310000025],[174645.23699999973,433818.16700000316],[174644.40900000185,433818.2470000014],[174623.90300000086,433813.05900000036],[174622.60200000182,433812.7341000028],[174620.71499999985,433812.3110000007],[174611.6400000006,433810.29410000145],[174602.82500000298,433808.2120000012],[174591.21200000122,433805.2520000003],[174579.56700000167,433802.3569000028],[174570.81700000167,433799.72200000286],[174566.44600000232,433798.1469999999],[174553.18500000238,433793.56599999964],[174552.7790000029,433793.43200000003],[174550.63210000098,433792.98800000176],[174531.58300000057,433789.0470000021],[174531.82600000128,433788.3200000003],[174518.78409999982,433783.31400000304],[174518.50100000203,433783.21300000325],[174518.7330000028,433782.3100000024],[174515.39600000158,433780.944000002],[174512.02199999988,433780.1121000014],[174507.1630000025,433778.7550000027],[174502.63800000027,433777.50190000236],[174497.76700000092,433776.7110000029],[174483.47790000215,433772.64400000125],[174481.7800000012,433772.1160000004],[174478.94099999964,433771.18400000036],[174476.9759999998,433770.7430000007],[174473.97700000182,433770.10500000045],[174468.01300000027,433769.69409999996],[174462.88190000132,433769.2431000024],[174459.13100000098,433769.19299999997],[174441.63100000098,433769.0710000023],[174439.59610000253,433769.38390000165],[174436.06599999964,433769.58690000325],[174429.00200000033,433770.450000003],[174424.29800000042,433770.9079999998],[174417.70000000298,433771.3340000026],[174412.40200000256,433771.61790000275],[174406.7399000004,433771.8830000013],[174399.5450000018,433771.84700000286],[174391.09600000083,433771.65900000185],[174387.28600000218,433771.47900000215],[174382.3270000033,433771.0538999997],[174377.4690000005,433771.3110000007],[174371.08800000325,433770.9610000029],[174365.04410000145,433770.2270000018],[174356.14600000158,433768.79289999977],[174351.90700000152,433768.48600000143],[174350.71700000018,433768.40000000224],[174345.9140000008,433767.6860000007],[174344.0599000007,433767.1610000022],[174343.1860000007,433766.51910000294],[174340.45000000298,433765.09490000084],[174337.78600000218,433765.2501000017],[174332.382000003,433765.5300000012],[174328.02800000086,433765.625],[174323.94800000265,433766.0300000012],[174316.37000000104,433766.7490000017],[174309.30600000173,433767.53510000184],[174300.18300000206,433769.1780000031],[174292.43500000238,433771.1570000015],[174286.625,433772.97310000286],[174282.1700000018,433774.6330000013],[174276.43500000238,433776.83800000325],[174270.6860000007,433780.1199000031],[174264.29200000316,433783.44000000134],[174259.1950000003,433786.8650000021],[174255.27000000328,433789.6170000024],[174248.4920000024,433794.5600000024],[174239.79399999976,433801.01300000027],[174233.5530000031,433804.67400000244],[174226.94200000167,433808.02490000054],[174221.0460000001,433810.20700000226],[174216.65900000185,433811.42500000075],[174212.42600000277,433812.2891000025],[174207.94700000063,433812.90300000086],[174202.96499999985,433813.0840000026],[174197.8280000016,433813.2730000019],[174193.18500000238,433813.2520000003],[174188.37900000066,433812.65900000185],[174183.80800000206,433812.1069000028],[174178.84700000286,433811.06500000134],[174175.91200000048,433810.13500000164],[174172.757000003,433808.79000000283],[174170.23500000313,433807.7980000004],[174167.6630000025,433806.47300000116],[174164.87700000033,433804.8410000019],[174162.72700000182,433803.54000000283],[174159.875,433801.5469000004],[174149.36000000313,433793.7180000022],[174145.2790000029,433790.7829999998],[174140.62600000203,433787.33889999986],[174132.34200000018,433781.4059000015],[174126.45000000298,433776.8950000033],[174121.9740000032,433774.1581000015],[174118.72000000253,433772.4110000022],[174115.7640000023,433771.05900000036],[174112.44900000095,433770.0251000002],[174109.8670000024,433769.43900000304],[174106.9290000014,433768.879900001],[174102.7880000025,433768.2259999998],[174099.91800000146,433768.09590000287],[174097.34100000188,433767.950000003],[174094.44900000095,433768.1390000023],[174090.6490000002,433768.60710000247],[174085.01800000295,433770.04509999976],[174077.87000000104,433771.8570000008],[174068.05800000206,433774.9530000016],[174059.05700000003,433777.48699999973],[174052.40799999982,433778.876000002],[174045.78100000322,433779.9029000029],[174036.44600000232,433780.3960000016],[174026.42700000107,433780.7411000021],[174019.57500000298,433780.689100001],[174013.69600000232,433780.3920000009],[174008.9040000029,433780.04300000146],[174003.96100000292,433779.631000001],[173999.02100000158,433778.6810000017],[173994.4900000021,433777.6170000024],[173989.51700000092,433776.5659000017],[173985.47100000083,433775.49610000104],[173979.5990000032,433774.1170000024],[173972.00410000235,433771.5720000006],[173961.73100000247,433768.26099999994],[173953.0089999996,433765.33300000057],[173945.4210000001,433762.7810000032],[173939.33000000194,433760.700000003],[173903.188000001,433737.65100000054],[173899.31700000167,433733.72200000286],[173896.2330000028,433731.00300000235],[173892.18300000206,433726.6420000009],[173889.23200000077,433723.1711000018],[173887.69099999964,433721.3740000017],[173885.3660000004,433718.7640000023],[173882.46499999985,433715.03510000184],[173879.03700000048,433709.7870000005],[173874.69600000232,433703.26300000027],[173869.93400000036,433695.18900000304],[173864.569000002,433685.4371000007],[173857.46490000188,433672.77800000086],[173850.4130000025,433660.27390000224],[173843.132000003,433647.88599999994],[173835.4600000009,433634.69099999964],[173827.53299999982,433621.3740000017],[173820.14400000125,433609.40900000185],[173812.90300000086,433598.1420000009],[173805.73200000077,433586.4601000026],[173797.97300000116,433573.9079999998],[173791.0460000001,433562.9051000029],[173785.29399999976,433553.82190000266],[173779.67400000244,433545.09490000084],[173772.96700000018,433536.11100000143],[173767.04100000113,433528.7020000033],[173761.98500000313,433523.09690000117],[173757.6870000027,433518.8440000005],[173752.938000001,433514.6710000001],[173747.1080000028,433510.4900000021],[173737.61300000176,433504.23210000247],[173727.4200000018,433497.4970000014],[173716.73500000313,433490.8360000029],[173704.8329000026,433482.81500000134],[173694.2400000021,433475.6490000002],[173684.54900000244,433468.58300000057],[173674.99700000137,433461.2820000015],[173665.1240000017,433453.9059000015],[173655.06599999964,433446.09800000116],[173645.9140000008,433438.83200000226],[173635.80100000277,433430.48600000143],[173625.21700000018,433421.59600000083],[173616.0290000029,433413.376000002],[173607.36199999973,433405.6171000004],[173598.35600000247,433397.0031000003],[173588.0240000002,433387.19200000167],[173579.51000000164,433378.87409999967],[173573.32100000232,433372.7259999998],[173567.88100000098,433367.47900000215],[173562.96499999985,433363.01910000294],[173554.46100000292,433355.7550000027],[173546.70800000057,433349.98110000044],[173537.82400000095,433343.9669000022],[173530.6240000017,433339.6479000002],[173523.39400000125,433335.58110000193],[173515.87000000104,433332.02500000224],[173511.91000000015,433330.3409000002],[173507.89699999988,433328.6570000015],[173507.438000001,433328.5140000023],[173499.313000001,433325.99600000307],[173491.18790000305,433323.4770000018],[173483.70100000128,433321.1568999998],[173476.319000002,433318.56500000134],[173466.15799999982,433314.67290000245],[173456.87900000066,433310.76200000197],[173448.46100000292,433305.9840000011],[173442.71600000188,433302.26300000027],[173434.1799999997,433296.71990000084],[173425.3200000003,433290.38500000164],[173419.34200000018,433285.87310000136],[173413.38100000098,433281.34010000154],[173406.77000000328,433276.52500000224],[173400.5530000031,433272.3100000024],[173394.1550000012,433268.41600000113],[173385.80700000003,433263.7800000012],[173377.86100000143,433259.8761],[173367.49600000307,433255.3590000011],[173357.3030000031,433251.1501000002],[173345.9280000031,433246.1861000024],[173340.2039999999,433244.02800000086],[173334.9990000017,433241.9861000031],[173330.17300000042,433239.80700000003],[173327.97700000182,433238.7410000004],[173322.99600000307,433237.05800000206],[173305.48100000247,433231.7740000002],[173296.07500000298,433229.9680000022],[173287.7650000006,433229.4151000008],[173278.25500000268,433229.5050000027],[173258.71200000122,433230.7041000016],[173249.8340000026,433230.92710000277],[173241.52600000054,433230.6159000024],[173237.43200000003,433230.0620000027],[173233.33999999985,433229.3729999997],[173225.26700000092,433227.47900000215],[173217.9840000011,433225.05900000036],[173209.76800000295,433221.66500000283],[173200.9140000008,433217.47200000286],[173192.13100000098,433213.13599999994],[173184.00600000098,433209.4810000025],[173175.60700000077,433206.4610000029],[173171.59100000188,433205.44299999997],[173169.20800000057,433205.0470000021],[173160.9290000014,433204.21499999985],[173151.46499999985,433203.7880000025],[173144.32500000298,433203.9350000024],[173136.03400000185,433204.4510000013],[173131.32300000265,433205.2468999997],[173118.573900003,433208.0251000002],[173112.87600000203,433209.79900000244],[173106.2400000021,433212.41490000114],[173100.8280000016,433214.84600000083],[173095.00300000235,433217.84810000286],[173089.625,433221.53990000114],[173085.2030000016,433224.563000001],[173075.09600000083,433232.7050999999],[173066.68200000003,433238.3770000003],[173062.1160000004,433242.19000000134],[173052.6881000027,433249.37310000136],[173041.5380000025,433257.2870000005],[173025.02100000158,433269.8580000028],[173013.16800000146,433278.75],[172999.7800000012,433289.56400000304],[172989.98699999973,433297.7319000028],[172980.3839999996,433306.1240000017],[172969.91810000315,433315.77910000086],[172962.66200000048,433321.9130000025],[172954.4740000032,433329.6780000031],[172950.01800000295,433333.5850000009],[172941.7490000017,433340.2859000005],[172929.43300000206,433351.9930000007],[172913.97200000286,433365.37100000307],[172899.064100001,433378.9520000033],[172892.70500000194,433385.1551000029],[172868.4690000005,433406.14300000295],[172865.1550000012,433408.50090000033],[172856.89200000092,433415.83800000325],[172848.4840000011,433423.69900000095],[172842.07500000298,433429.254900001],[172834.4040000029,433436.1090000011],[172831.90300000086,433438.7420000024],[172826.5,433443.5990000032],[172819.77800000086,433449.71300000325],[172815.4299999997,433452.0710000023],[172808.00200000033,433456.13500000164],[172802.4200000018,433458.3340000026],[172796.1009999998,433459.65900000185],[172790.4040000029,433460.188000001],[172783.27700000256,433460.319000002],[172776.93400000036,433460.6070000008],[172771.03299999982,433460.627100002],[172757.72200000286,433460.8960000016],[172741.37800000235,433460.8990000002],[172718.34600000083,433460.7039999999],[172702.19200000167,433460.61900000274],[172688.09700000286,433460.6390000023],[172681.9840000011,433460.5219999999],[172675.3500000015,433459.95600000024],[172667.56500000134,433458.84500000253],[172656.9539999999,433456.3720000014],[172649.9748999998,433454.2790000029],[172631.1150000021,433447.6300000027],[172626.60600000247,433445.95700000226],[172615.56000000238,433442.7700000033],[172605.91500000283,433439.1770000011],[172596.8030000031,433435.8910000026],[172592.79399999976,433434.5780000016],[172578.3259000033,433430.08300000057],[172561.97200000286,433424.6641000025],[172544.73000000045,433418.9171000011],[172526.8500000015,433412.8839999996],[172510.28299999982,433406.91810000315],[172497.64300000295,433402.567900002],[172481.5549999997,433397.3660000004],[172463.6700000018,433391.0549999997],[172444.14200000092,433384.8289999999],[172432.83410000056,433380.8800000027],[172414.04300000146,433374.83300000057],[172404.19099999964,433370.9680000022],[172394.06700000167,433367.92500000075],[172380.74600000307,433363.3010000028],[172362.93190000206,433357.57400000095],[172345.22900000215,433351.72100000083],[172332.05800000206,433346.757000003],[172309.938000001,433339.57300000265],[172285.30100000277,433331.008100003],[172266.6799999997,433324.54300000146],[172241.97200000286,433316.22890000045],[172225.1630000025,433310.9450000003],[172211.15600000322,433306.16000000015],[172199.68500000238,433302.70800000057],[172190.79399999976,433300.4350000024],[172179.67500000075,433298.6421000026],[172164.24300000072,433297.132000003],[172145.27800000086,433295.78610000014],[172114.98800000176,433294.8010000028],[172084.20500000194,433293.90000000224],[172052.99600000307,433293.1710000001],[172036.40700000152,433292.63500000164],[172016.3580000028,433291.9810000025],[171991.00100000203,433291.21499999985],[171968.47900000215,433290.444000002],[171953.67400000244,433290.25510000065],[171943.8030000031,433290.17610000074],[171924.79900000244,433289.4690000005],[171876.92700000107,433287.382000003],[171868.0530000031,433287.2640000023],[171855.70600000024,433286.9900000021],[171839.5240000002,433286.5050000027],[171820.51200000197,433285.99600000307],[171807.8350000009,433285.47300000116],[171797.06400000304,433284.9470000006],[171780.50200000033,433284.50400000066],[171775.94000000134,433285.1620000005],[171770.12600000203,433286.33900000155],[171765.694000002,433287.63700000197],[171761.32300000265,433289.2020000033],[171758.88100000098,433290.17990000173],[171754.14300000295,433292.54300000146],[171749.63100000098,433295.28500000015],[171745.30700000003,433298.29900000244],[171734.93900000304,433306.51099999994],[171730.6000000015,433310.29000000283],[171709.00100000203,433328.0219999999],[171699.03500000015,433335.9460000023],[171679.6390000023,433351.5910000019],[171673.6799999997,433355.6410000026],[171666.03700000048,433362.1191000007],[171655.78200000152,433370.59800000116],[171644.07200000063,433380.0240000002],[171639.6790000014,433383.1080000028],[171635.56700000167,433386.33200000226],[171629.8500000015,433391.0150000006],[171620.25,433398.9140000008],[171617.2950000018,433401.24990000203],[171611.34500000253,433406.19000000134],[171608.41200000048,433408.7259999998],[171602.2020000033,433413.33300000057],[171590.06000000238,433423.1020000018],[171581.319000002,433429.5200000033],[171578.10200000182,433431.8370000012],[171575.132000003,433434.4660000019],[171567.89600000158,433440.3120000027],[171557.55600000173,433448.35400000215],[171549.70600000024,433454.45600000024],[171545.79700000212,433457.54790000245],[171540.0140000023,433462.4530000016],[171526.11300000176,433473.5020000003],[171516.42700000107,433481.4921000004],[171505.5540000014,433490.1090000011],[171495.35200000182,433497.43200000003],[171490.0930000022,433500.2829999998],[171487.7239000015,433501.8980999999],[171485.86900000274,433503.3319000006],[171484.3580000028,433503.8910000026],[171478.6490000002,433504.7310000025],[171474.05090000108,433505.2340000011],[171461.2890000008,433505.84700000286],[171452.9370000027,433506.04289999977],[171448.32100000232,433506.133100003],[171444.54399999976,433506.13599999994],[171440.79100000113,433506.1390000023],[171434.4299999997,433506.14510000125],[171424.44700000063,433506.0529000014],[171408.6788999997,433507.1730000004],[171396.16500000283,433508.4040000029],[171384.6860000007,433510.1529000029],[171377.56599999964,433511.33999999985],[171356.58700000122,433515.3429000005],[171354.2890000008,433516.18510000035],[171349.42600000277,433516.86100000143],[171346.35700000077,433516.7950000018],[171333.69700000063,433518.91700000316],[171328.86900000274,433519.6919],[171319.7800000012,433521.36300000176],[171317.4360000007,433521.7340000011],[171300.55600000173,433524.95800000057],[171292.6700000018,433526.47000000253],[171280.06799999997,433528.70490000024],[171266.40600000322,433531.1339999996],[171254.02800000086,433533.91210000217],[171237.0230000019,433538.54000000283],[171220.61199999973,433543.4910000004],[171202.25600000098,433550.0770000033],[171191.7420000024,433554.12800000235],[171190.26700000092,433554.23000000045],[171185.80000000075,433556.376000002],[171178.93900000304,433560.01590000093],[171170.12299999967,433564.4270000011],[171153.82100000232,433572.9120000005],[171149.67590000108,433576.7950000018],[171145.2090000026,433580.2131000012],[171139.99400000274,433583.8520000018],[171130.8110000007,433591.5310000032],[171118.875,433602.502100002],[171115.4590000026,433606.04399999976],[171109.63100000098,433611.9670000002],[171103.2100000009,433619.75],[171094.94000000134,433631.3049999997],[171089.29800000042,433641.0610000007],[171084.11400000006,433650.1251000017],[171080.42200000212,433657.006000001],[171071.26700000092,433673.8270000033],[171066.3590000011,433682.3210000023],[171060.52010000125,433691.97900000215],[171058.98000000045,433694.325000003],[171054.58999999985,433699.37100000307],[171051.30000000075,433702.200000003],[171047.68100000173,433705.6220000014],[171044.39100000262,433708.4521000013],[171040.9690000005,433710.9520000033],[171036.16600000113,433713.9791000001],[171030.507000003,433716.94000000134],[171026.59090000018,433718.88489999995],[171013.8280000016,433724.4120000005],[171004.38700000197,433728.1950000003],[170983.3890000023,433737.133100003],[170976.62900000066,433739.95800000057],[170967.4830000028,433743.54100000113],[170961.3509999998,433746.0770000033],[170953.74400000274,433749.3500000015],[170941.02000000328,433754.8910000026],[170925.89699999988,433760.6000000015],[170919.27600000054,433763.376000002],[170914.2030000016,433764.8660000004],[170905.1160000004,433766.91690000147],[170894.9140000008,433769.3280000016],[170886.41000000015,433770.82400000095],[170872.5770000033,433772.29100000113],[170864.15100000054,433774.28400000185],[170853.81400000304,433777.41789999977],[170845.74909999967,433780.2310000025],[170843.33800000325,433781.53400000185],[170840.91800000146,433782.6870000027],[170834.45500000194,433786.075000003],[170826.75500000268,433791.5160000026],[170820.9050000012,433795.93400000036],[170813.5089999996,433802.71290000156],[170810.48500000313,433805.44910000265],[170806.40200000256,433809.73800000176],[170803.13700000197,433812.96499999985],[170796.61100000143,433819.3990000002],[170789.32600000128,433826.5470000021],[170781.11199999973,433835.74500000104],[170773.90300000086,433842.8990000002],[170764.61900000274,433851.4288999997],[170760.27600000054,433855.0700000003],[170756.438000001,433858.03290000185],[170751.99600000307,433860.89990000054],[170745.52810000256,433864.257000003],[170738.80900000036,433867.5920000002],[170731.77700000256,433870.6220000014],[170726.44099999964,433873.0700000003],[170722.28200000152,433874.4671000019],[170717.67600000277,433876.30700000003],[170699.59100000188,433883.3110000007],[170691.1950000003,433887.3931000009],[170685.2400000021,433890.65100000054],[170679.3740000017,433893.8270000033],[170673.97300000116,433897.3950000033],[170669.15000000224,433900.83410000056],[170663.375,433905.3440000005],[170659.10600000247,433909.10400000215],[170653.22900000215,433914.4050000012],[170648.02199999988,433919.66500000283],[170644.0789999999,433924.29200000316],[170640.71700000018,433928.77600000054],[170637.59600000083,433932.8350000009],[170634.78299999982,433937.1661000028],[170631.2730000019,433942.41700000316],[170627.40100000054,433948.3360000029],[170623.0840000026,433955.2420000024],[170619.23200000077,433961.03500000015],[170615.39500000328,433966.8220000006],[170611.6160000004,433972.5710000023],[170607.08300000057,433978.5240000002],[170603.8490000032,433982.9130000025],[170600.33300000057,433986.69000000134],[170597.61900000274,433989.2589999996],[170594.93790000305,433991.55700000003],[170592.99300000072,433992.8110000007],[170590.9280000031,433994.24400000274],[170588.7250000015,433995.27490000054],[170585.33900000155,433996.3969999999],[170581.66700000316,433997.5439000018],[170577.8040000014,433998.48589999974],[170573.95800000057,433999.2281000018],[170569.39600000158,433999.751000002],[170564.80100000277,434000.2240000032],[170560.33200000226,434000.5170000009],[170554.52000000328,434000.8729999997],[170547.1950000003,434001.1229999997],[170541.70800000057,434001.70800000057],[170536.23800000176,434002.13390000165],[170531.87000000104,434002.4310000017],[170527.78500000015,434002.84109999985],[170521.46600000188,434003.7710000016],[170513.66000000015,434004.7700000033],[170506.4280000031,434006.132000003],[170497.8590000011,434007.55310000107],[170488.4001000002,434009.26099999994],[170479.9290000014,434010.5789999999],[170472.52110000327,434011.45600000024],[170464.8740000017,434012.1640000008],[170457.77800000086,434012.64190000296],[170450.444000002,434012.7320000008],[170442.8350000009,434012.83800000325],[170436.97790000215,434012.8440000005],[170429.70500000194,434012.88700000197],[170422.25400000066,434012.3980999999],[170415.8580000028,434011.99400000274],[170408.46200000122,434011.39300000295],[170401.08800000325,434010.3520000018],[170395.43500000238,434009.65900000185],[170387.01000000164,434008.319000002],[170377.82200000063,434007.10710000247],[170370.13100000098,434006.1420000009],[170361.23200000077,434004.7820000015],[170350.18400000036,434003.814100001],[170341.3980000019,434003.02700000256],[170328.58700000122,434002.30700000003],[170305.132000003,434002.51300000027],[170302.75300000235,434002.47100000083],[170298.2190000005,434003.0609000027],[170294.14100000262,434003.252100002],[170292.57100000232,434003.45800000057],[170291.3040000014,434003.7430000007],[170290.8430000022,434003.84700000286],[170289.39699999988,434004.38810000196],[170287.49799999967,434005.188000001],[170286.43100000173,434005.53610000014],[170282.89699999988,434005.69200000167],[170280.75100000203,434005.3839999996],[170279.7790000029,434005.15300000086],[170279.28400000185,434005.10890000314],[170278.43900000304,434005.03400000185],[170275.34200000018,434005.36400000006],[170272.4539999999,434005.45600000024],[170269.58800000325,434005.9921000004],[170267.8509999998,434006.53990000114],[170266.86800000072,434006.55690000206],[170266.33200000226,434007.1251000017],[170265.75,434008.6711000018],[170264.87900000066,434009.6400000006],[170262.8650000021,434010.2490000017],[170261.99700000137,434010.2459000014],[170259.01099999994,434008.4230000004],[170258.04399999976,434008.0219999999],[170255.3841000013,434008.7320000008],[170249.49500000104,434013.44099999964],[170249.15000000224,434014.56400000304],[170248.2650000006,434016.41700000316],[170247.4840000011,434017.72090000287],[170246.0230000019,434018.83000000194],[170244.51099999994,434020.32510000095],[170242.98000000045,434021.54200000316],[170242.1870000027,434022.51900000125],[170241.84200000018,434023.1149000004],[170241.23900000006,434024.15300000086],[170239.8030000031,434026.4450000003],[170237.7890000008,434029.8980000019],[170235.8289999999,434033.12100000307],[170235.35700000077,434034.0020000003],[170233.0850000009,434037.75400000066],[170231.6630000025,434039.93790000305],[170231.2890000008,434040.5140000023],[170229.8051000014,434043.1551000029],[170228.41800000146,434045.86000000313],[170220.7950000018,434059.2970000021],[170217.632000003,434065.3950000033],[170214.5700000003,434069.98690000176],[170211.17600000277,434074.9120000005],[170207.8789000027,434078.8670000024],[170204.65300000086,434082.7660000026],[170201.17600000277,434086.8900000006],[170198.33000000194,434089.88700000197],[170195.21100000292,434093.1720000021],[170192.20700000226,434095.8770000003],[170188.875,434098.6480000019],[170182.18200000003,434103.8210000023],[170172.90600000322,434110.12000000104],[170167.31599999964,434113.91310000047],[170158.13100000098,434119.438000001],[170149.2790000029,434125.16110000014],[170138.03100000322,434131.68400000036],[170129.1490000002,434136.48900000006],[170122.10500000045,434140.11400000006],[170114.54710000008,434143.950000003],[170107.67300000042,434147.6270000003],[170100.22000000253,434151.33000000194],[170092.76700000092,434155.0020000003],[170085.89699999988,434158.35500000045],[170079.77800000086,434161.2591000013],[170074.36300000176,434163.6540000029],[170065.507000003,434167.95710000023],[170049.56010000035,434174.2340000011],[170040.3120000027,434177.43900000304],[170034.58700000122,434179.6330000013],[170031.07500000298,434180.71400000155],[170022.5530000031,434184.0391000025],[170017.0850000009,434185.5840000026],[170008.34700000286,434187.9990000017],[169999.0240000002,434191.0050000027],[169988.86000000313,434193.5310000032],[169980.07600000128,434195.9920000024],[169974.29800000042,434197.8969999999],[169962.08600000292,434204.4040000029],[169962.29700000212,434207.0200000033],[169962.21300000325,434210.6160000004],[169962.26300000027,434210.61890000105],[169962.22000000253,434211.3060000017],[169962.05600000173,434213.9049000032],[169961.46499999985,434221.7120000012],[169960.84800000116,434228.19800000265],[169960.77199999988,434229.0031000003],[169960.7031000033,434229.72300000116],[169960.65300000086,434229.7191000022],[169959.80900000036,434229.5150000006],[169958.23900000006,434229.64400000125],[169957.20710000023,434229.72900000215],[169956.11900000274,434229.81799999997],[169956.11300000176,434229.819000002],[169954.20600000024,434229.9750000015],[169951.91899999976,434230.0510000028],[169948.36900000274,434230.1700000018],[169942.51200000197,434230.00090000033],[169938.23900000006,434229.8020000011],[169937.81700000167,434229.757100001],[169937.10200000182,434229.67990000173],[169936.0290000029,434229.56599999964],[169931.95600000024,434229.09590000287],[169927.3270000033,434228.3429000005],[169923.89100000262,434227.70600000024],[169923.39200000092,434230.00300000235],[169922.2640000023,434229.7741000019],[169919.6860000007,434229.25],[169918.8430000022,434228.99810000136],[169917.7259999998,434228.7039999999],[169914.09100000188,434227.76900000125],[169909.4680000022,434226.25300000235],[169905.2039999999,434224.64300000295],[169898.132000003,434221.5921000019],[169890.188000001,434217.4090999998],[169884.0230000019,434213.6160000004],[169879.067900002,434210.188000001],[169873.5530000031,434205.8960000016],[169869.63100000098,434202.4189000018],[169868.069000002,434201.10500000045],[169867.26700000092,434200.3049999997],[169866.54399999976,434199.5861000009],[169866.08700000122,434199.1300000027],[169865.38800000027,434198.4350000024],[169863.64300000295,434196.6960000023],[169864.2960000001,434195.3770000003],[169864.66490000114,434194.632000003],[169865.25200000033,434193.4470000006],[169866.10600000247,434191.72190000117],[169866.10700000077,434191.71890000254],[169867.7589999996,434188.2180000022],[169866.6629000008,434187.66789999977],[169865.23500000313,434187.3120000027],[169862.95700000226,434187.257100001],[169860.25300000235,434187.3289999999],[169854.9830000028,434187.38700000197],[169849.9600000009,434187.4050000012],[169847.61100000143,434187.1009999998],[169838.4360000007,434187.18300000206],[169836.00400000066,434186.8591000028],[169826.7950000018,434186.7790000029],[169818.81700000167,434186.5809000023],[169806.75,434185.9460000023],[169798.53400000185,434185.4690000005],[169741.0549999997,434179.18400000036],[169738.16100000218,434178.73900000006],[169734.9299999997,434178.1410000026],[169728.4360000007,434177.28290000185],[169713.74700000137,434175.04399999976],[169707.34600000083,434173.5669],[169701.28700000048,434172.6480999999],[169696.02100000158,434171.44200000167],[169691.68900000304,434170.3580000028],[169678.34100000188,434166.7880000025],[169672.15200000256,434165.2840999998],[169669.1090000011,434164.63500000164],[169646.0390000008,434157.49400000274],[169642.8650000021,434156.2261000015],[169635.63500000164,434154.3280000016],[169630.27600000054,434152.72890000045],[169623.93300000206,434150.33800000325],[169616.58100000024,434147.692900002],[169613.0300000012,434146.48000000045],[169610.2340000011,434145.8099000007],[169602.4130000025,434144.3520000018],[169594.67700000107,434142.6400000006],[169587.55200000107,434141.4029000029],[169575.38800000027,434139.26209999993],[169568.86900000274,434137.7420000024],[169564.94600000232,434137.0700000003],[169562.7650000006,434136.97300000116],[169561.00500000268,434137.1170000024],[169559.02800000086,434136.4659000002],[169556.86199999973,434135.99600000307],[169548.26200000197,434134.73000000045],[169540.86900000274,434133.5089999996],[169534.96200000122,434132.54399999976],[169526.14200000092,434130.86300000176],[169493.4539999999,434112.0080000013],[169491.69910000265,434110.80800000206],[169476.8281000033,434102.17390000075],[169462.2740000002,434093.0780000016],[169448.51800000295,434084.4071000032],[169428.2880000025,434071.881000001],[169414.86089999974,434063.23910000175],[169401.94200000167,434055.1710000001],[169397.4299999997,434052.47200000286],[169391.1640000008,434048.86199999973],[169375.6550000012,434039.58800000325],[169367.77000000328,434035.19110000134],[169361.59600000083,434031.75300000235],[169355.79100000113,434028.1640000008],[169352.70000000298,434026.33200000226],[169347.6069000028,434023.875],[169342.78299999982,434021.8828999996],[169338.29800000042,434020.5219999999],[169331.94900000095,434020.1710000001],[169326.7400000021,434020.5860000029],[169319.56500000134,434021.23000000045],[169311.79300000146,434022.2340000011],[169303.39300000295,434023.0611000024],[169293.8110000007,434024.09910000116],[169283.95800000057,434024.9510000013],[169274.05690000206,434026.12490000203],[169263.91690000147,434027.067900002],[169254.33210000023,434028.07300000265],[169251.41100000218,434028.36290000007],[169217.47800000012,434031.9770999998],[169210.39300000295,434033.8370000012],[169206.2100000009,434035.4151000008],[169199.9840000011,434038.81700000167],[169185.6710000001,434046.8770000003],[169176.68900000304,434049.50300000235],[169167.69900000095,434051.1710000001],[169167.18300000206,434051.1411000006],[169164.8740000017,434051.13700000197],[169161.59500000253,434050.7640000023],[169157.5290000029,434050.0710000023],[169150.46300000325,434049.06400000304],[169135.65300000086,434046.2420000024],[169121.2490000017,434043.0860000029],[169105.82200000063,434040.0519000031],[169091.33100000024,434037.2410000004],[169079.58200000226,434034.91500000283],[169067.90200000256,434032.3830000013],[169058.70800000057,434030.9748999998],[169051.11900000274,434029.49600000307],[169042.1330000013,434028.23900000006],[169031.54399999976,434027.0160000026],[169022.2790000029,434026.1090000011],[169013.4750000015,434025.18900000304],[169005.24300000072,434023.4259000011],[169000.47900000215,434022.0080000013],[168997.3270000033,434020.74400000274],[168994.22800000012,434018.689100001],[168990.9530000016,434015.45700000226],[168987.98000000045,434012.86890000105],[168985.5530000031,434009.819000002],[168983.33800000325,434006.2860000022],[168980.4050000012,434001.4770000018],[168977.95800000057,433996.78890000284],[168976.2100000009,433992.61890000105],[168975.00100000203,433987.8531000018],[168973.27600000054,433979.4610000029],[168970.19310000166,433964.5971000008],[168968.57400000095,433958.8100000024],[168966.44099999964,433953.7790000029],[168963.6870000027,433947.19299999997],[168958.63800000027,433937.9220000021],[168954.48800000176,433932.0510000028],[168948.47900000215,433925.755900003],[168943.8030000031,433921.4120000005],[168936.37600000203,433915.6300000027],[168929.82690000162,433911.4350000024],[168923.3040000014,433908.06599999964],[168914.72300000116,433905.1861000024],[168905.96700000018,433903.1850000024],[168892.9050000012,433901.93400000036],[168877.49300000072,433900.70500000194],[168861.3509999998,433900.2291000001],[168848.18400000036,433899.4611000009],[168840.007000003,433899.3260000013],[168834.87700000033,433898.98000000045],[168831.32500000298,433899.13610000163],[168829.1700000018,433899.6759000011],[168825.82500000298,433900.6019000001],[168822.7240000032,433901.59800000116],[168820.51300000027,433902.88390000165],[168818.20500000194,433904.2859000005],[168815.69299999997,433906.51000000164],[168813.1700000018,433909.38800000027],[168810.25600000098,433913.7468999997],[168805.53500000015,433920.0170000009],[168797.5770000033,433932.62409999967],[168788.60500000045,433945.7890000008],[168780.38000000268,433956.5320000015],[168775.30700000003,433963.23000000045],[168768.5789999999,433968.64300000295],[168763.50400000066,433972.4610000029],[168759.375,433975.13500000164],[168756.01900000125,433976.72000000253],[168749.3990000002,433979.7299000025],[168743.40100000054,433981.1011000015],[168736.93200000003,433982.3329000026],[168732.1240000017,433983.0520000011],[168726.8200000003,433983.507000003],[168721.27500000224,433983.3520000018],[168716.04300000146,433983.0860000029],[168712.58200000226,433982.42400000244],[168709.16700000316,433981.25300000235],[168704.39100000262,433980.07510000095],[168699.58900000155,433978.9970000014],[168695.02500000224,433976.80490000173],[168690.09800000116,433974.3260000013],[168684.70100000128,433970.58100000024],[168680.8040000014,433967.39400000125],[168678.07300000265,433963.83200000226],[168676.0700000003,433960.8800000027],[168673.66390000284,433957.92500000075],[168670.32100000232,433952.60610000044],[168665.70500000194,433944.825000003],[168658.85300000012,433932.2310000025],[168651.22300000116,433917.1630000025],[168646.40000000224,433909.3590000011],[168644.14400000125,433906.1450000033],[168642.71600000188,433904.1170000024],[168640.938000001,433902.188000001],[168638.24799999967,433899.70600000024],[168634.54800000042,433897.17009999976],[168629.569000002,433894.38800000027],[168626.50500000268,433893.45610000193],[168623.25500000268,433892.16000000015],[168613.382000003,433889.76200000197],[168602.2950000018,433886.8899000026],[168587.5791000016,433884.38700000197],[168578.7240000032,433882.38800000027],[168573.10200000182,433881.0360000022],[168568.28700000048,433879.3570000008],[168563.06590000167,433877.48900000006],[168557.46100000292,433874.73900000006],[168552.569000002,433871.66700000316],[168547.34700000286,433868.1390000023],[168542.92290000245,433864.3210000023],[168538.69600000232,433860.4029000029],[168535.2790000029,433856.6629000008],[168526.43200000003,433844.31500000134],[168520.56500000134,433835.9299999997],[168513.1860000007,433824.9481000006],[168505.77100000158,433814.48900000006],[168498.79399999976,433804.83000000194],[168489.56400000304,433790.8260000013],[168483.00500000268,433781.18900000304],[168477.55200000107,433773.8901000023],[168471.09600000083,433764.6550000012],[168467.4910000004,433760.1560000032],[168464.55600000173,433757.6870000027],[168461.063000001,433755.1220000014],[168458.1780000031,433753.04000000283],[168455.73900000006,433751.9691000022],[168452.5549999997,433750.49400000274],[168449.60300000012,433749.73600000143],[168446.82600000128,433748.8259000033],[168442.7800000012,433747.97310000286],[168439.61000000313,433747.56799999997],[168434.29800000042,433747.4409000017],[168428.03200000152,433747.41899999976],[168419.05800000206,433749.70610000193],[168410.8990000002,433751.77500000224],[168401.34600000083,433754.45910000056],[168389.97200000286,433757.6570000015],[168378.15300000086,433760.9350000024],[168369.3441000022,433763.16700000316],[168360.09500000253,433765.54310000315],[168352.99799999967,433767.5290000029],[168347.16800000146,433769.17290000245],[168342.9750000015,433770.381000001],[168337.91600000113,433771.811900001],[168332.3650000021,433773.3950000033],[168326.26000000164,433774.9509000033],[168319.62000000104,433776.9109000005],[168313.66100000218,433778.88700000197],[168305.33300000057,433781.41700000316],[168284.1640000008,433787.1150000021],[168269.4360000007,433791.49290000275],[168258.4360000007,433794.61900000274],[168246.8289999999,433797.6220000014],[168238.3289999999,433798.43190000206],[168230.3900000006,433798.7740000002],[168223.99799999967,433798.7479000017],[168221.0549999997,433798.69800000265],[168218.125,433798.85500000045],[168200.14500000328,433797.1220000014],[168188.0940000005,433795.64990000054],[168178.06400000304,433793.62100000307],[168168.0380000025,433792.5789999999],[168158.08900000155,433791.5870000012],[168147.89400000125,433790.9791000001],[168137.7740000002,433790.0770000033],[168109.91899999976,433788.7719999999],[168102.03500000015,433788.5941000022],[168092.32300000265,433788.633100003],[168075.95600000024,433789.4979999997],[168067.4910000004,433790.2131000012],[168060.25600000098,433790.98699999973],[168040.97900000215,433793.5759000033],[168024.92110000178,433796.7870000005],[168014.14410000294,433798.5700000003],[168009.93200000003,433799.0460000001],[167997.18900000304,433799.9841000028],[167985.6870000027,433799.25],[167973.0439000018,433797.4759999998],[167961.23200000077,433794.8900000006],[167949.2410000004,433791.92610000074],[167939.97200000286,433789.6390000023],[167926.35400000215,433786.5560000017],[167913.4050000012,433783.28400000185],[167906.4280000031,433781.1630000025],[167897.5700000003,433779.04300000146],[167888.2039999999,433776.4349000007],[167882.92700000107,433775.0549999997],[167877.25200000033,433773.0930000022],[167862.99600000307,433768.2430000007],[167851.75789999962,433764.881000001],[167836.8650000021,433759.79900000244],[167822.56000000238,433754.62100000307],[167809.87800000235,433750.4770999998],[167797.70990000293,433746.6339999996],[167781.96400000155,433742.08800000325],[167771.41090000048,433739.3500000015],[167762.0151000023,433736.77910000086],[167755.50300000235,433735.38599999994],[167751.41000000015,433734.2101000026],[167741.02100000158,433731.12590000033],[167728.5940000005,433727.9620000012],[167717.43900000304,433725.01200000197],[167674.97300000116,433712.35990000144],[167635.2420000024,433701.13510000333],[167623.65700000152,433697.51300000027],[167607.35400000215,433692.6630000025],[167576.9690000005,433684.15900000185],[167543.12900000066,433674.44900000095],[167535.02500000224,433671.8990000002],[167529.3049999997,433669.81610000134],[167518.22800000012,433666.77500000224],[167505.2240000032,433663.5840000026],[167474.0770000033,433655.5310000032],[167458.57400000095,433651.4990000017],[167441.05800000206,433647.44200000167],[167420.79900000244,433643.4680000022],[167404.4539999999,433639.7580000013],[167400.24400000274,433638.8249000013],[167397.90700000152,433638.4600000009],[167392.65799999982,433637.36890000105],[167382.06610000134,433635.33210000023],[167375.11199999973,433633.7389000021],[167370.9210000001,433633.3309000023],[167368.01099999994,433632.7420000024],[167360.97000000253,433631.4060000032],[167356.99300000072,433630.8200000003],[167354.43200000003,433630.6480000019],[167342.60590000078,433628.8980000019],[167332.82300000265,433627.1810000017],[167327.9050000012,433626.21300000325],[167316.7400000021,433624.2120000012],[167304.3830000013,433622.2589999996],[167295.5850000009,433621.0309000015],[167289.54700000212,433619.82400000095],[167283.38000000268,433618.93300000206],[167277.26099999994,433617.6610000022],[167275.0861000009,433617.3969000019],[167242.77600000054,433612.9290000014],[167240.08300000057,433612.4920000024],[167225.34100000188,433610.1009000018],[167224.37299999967,433609.9631000012],[167222.38500000164,433609.5899000019],[167216.59800000116,433608.44000000134],[167210.7589999996,433607.29509999976],[167205.15900000185,433606.16789999977],[167195.78400000185,433603.96400000155],[167188.2399000004,433602.06599999964],[167183.33000000194,433600.9130000025],[167179.15000000224,433599.688000001],[167172.16200000048,433597.68200000003],[167169.95600000024,433597.1480000019],[167165.65700000152,433595.9861000031],[167158.0850000009,433593.8498999998],[167146.91700000316,433590.3691000007],[167141.2960000001,433588.3739],[167130.8110000007,433584.5710000023],[167120.9530000016,433580.98310000077],[167110.84700000286,433576.8430000022],[167102.57400000095,433573.37790000066],[167098.5770000033,433571.61900000274],[167090.2190000005,433567.760900002],[167082.93500000238,433564.44299999997],[167077.12000000104,433561.66600000113],[167069.86100000143,433558.2820000015],[167063.6390000023,433555.2120000012],[167059.07600000128,433553.08100000024],[167054.6339999996,433550.8360000029],[167046.07100000232,433546.9470000006],[167041.49700000137,433544.813000001],[167036.44200000167,433542.55800000206],[167031.3639000021,433540.1090000011],[167029.40000000224,433539.44000000134],[167023.83110000193,433537.29100000113],[167019.6799999997,433535.67990000173],[167012.90000000224,433533.1950000003],[167010.37900000066,433532.41310000047],[167002.98100000247,433529.8340000026],[166996.7740000002,433527.7030000016],[166990.6490000002,433525.6849000007],[166986.16200000048,433523.7719000019],[166983.69800000265,433523.08300000057],[166977.35600000247,433521.4521000013],[166971.1170000024,433519.53400000185],[166963.9990000017,433517.7649000026],[166958.43100000173,433516.2430000007],[166953.44800000265,433514.94910000265],[166949.46600000188,433513.8560000025],[166942.37100000307,433511.5480000004],[166936.8340000026,433509.94900000095],[166926.1881000027,433506.92400000244],[166922.9130000025,433505.7589999996],[166920.62800000235,433504.9450000003],[166917.4759999998,433503.91600000113],[166912.6339999996,433502.33100000024],[166906.2790000029,433500.19299999997],[166897.87900000066,433497.2490000017],[166893.92300000042,433495.72100000083],[166890.3590000011,433494.11900000274],[166885.36300000176,433491.94299999997],[166878.81500000134,433489.00300000235],[166875.2950000018,433487.5310000032],[166872.8049999997,433486.34800000116],[166868.83600000292,433484.29000000283],[166864.007000003,433481.9621000029],[166859.50200000033,433479.48390000314],[166855.31700000167,433477.1339999996],[166852.8900000006,433475.76000000164],[166849.0930000022,433473.8670000024],[166845.17700000107,433471.41110000014],[166841.6480000019,433469.36000000313],[166840.10300000012,433468.4520000033],[166838.9450000003,433467.75],[166835.87100000307,433465.94299999997],[166831.55900000036,433463.4759999998],[166826.3890000023,433460.5920000002],[166822.32510000095,433458.40200000256],[166818.61000000313,433456.4361000024],[166814.09800000116,433454.1630000025],[166810.6150000021,433452.37000000104],[166808.48000000045,433451.1070000008],[166803.7890000008,433448.7490000017],[166800.3980000019,433447.27800000086],[166796.51010000333,433445.438000001],[166793.04100000113,433443.5549999997],[166791.8030000031,433443.05790000036],[166787.47200000286,433441.1080000028],[166784.47000000253,433439.49600000307],[166781.04900000244,433438.0840000026],[166777.46499999985,433436.37210000306],[166768.74610000104,433432.5520000011],[166762.4210000001,433429.98390000314],[166751.97300000116,433426.0230000019],[166744.98699999973,433423.4660000019],[166737.8049999997,433420.9610000029],[166727.87800000235,433417.3249000013],[166721.2250000015,433415.0850000009],[166714.14400000125,433412.8211000003],[166706.30700000003,433410.5600000024],[166700.36199999973,433408.7961000018],[166691.95600000024,433406.4569000006],[166683.27100000158,433403.7310000025],[166676.3120000027,433401.7009000033],[166668.88599999994,433399.12310000136],[166659.58000000194,433395.9210000001],[166650.50500000268,433392.58000000194],[166641.60400000215,433389.4470000006],[166633.54200000316,433386.69590000063],[166624.27000000328,433383.4670000002],[166616.1150000021,433380.94299999997],[166608.47900000215,433379.006000001],[166597.61900000274,433376.38700000197],[166588.61800000072,433374.45500000194],[166582.16200000048,433373.4119000025],[166575.34100000188,433372.43790000305],[166568.45700000226,433371.74500000104],[166563.23200000077,433371.252100002],[166556.6710000001,433370.69800000265],[166551.39600000158,433370.15100000054],[166545.59910000116,433369.38599999994],[166539.7030000016,433368.93400000036],[166532.72900000215,433368.23000000045],[166526.0549999997,433366.8900000006],[166518.194000002,433366.08100000024],[166494.1870000027,433361.61400000006],[166493.88010000065,433361.56390000135],[166483.60600000247,433359.7831000015],[166479.5089999996,433358.91700000316],[166475.4299999997,433358.1180000007],[166470.0610000007,433357.2740000002],[166465.194000002,433356.2820000015],[166461.17700000107,433355.17710000277],[166457.08900000155,433354.12800000235],[166452.38500000164,433352.9610000029],[166448.31599999964,433351.9761000015],[166442.27100000158,433350.3100000024],[166438.22700000182,433349.36900000274],[166432.94299999997,433347.62409999967],[166427.15799999982,433345.35890000314],[166421.44700000063,433342.8100000024],[166415.02500000224,433339.8060000017],[166410.78400000185,433337.7160000019],[166408.5450000018,433336.40000000224],[166383.33200000226,433324.7270000018],[166378.8270000033,433323.1009999998],[166375.14200000092,433321.79200000316],[166371.22300000116,433320.4579000026],[166364.4200000018,433318.73589999974],[166351.40300000086,433317.23800000176],[166347.05000000075,433316.55590000004],[166335.8500000015,433314.23900000006],[166317.5089999996,433311.28510000184],[166300.34100000188,433308.48600000143],[166281.61199999973,433305.8349000029],[166268.12700000033,433303.4120000005],[166250.18900000304,433300.5850000009],[166232.58300000057,433299.47100000083],[166211.38800000027,433299.4509000033],[166193.72900000215,433301.6710000001],[166168.58200000226,433307.09800000116],[166153.31400000304,433310.5571000017],[166133.72300000116,433315.07510000095],[166120.03400000185,433318.4660000019],[166105.069000002,433322.15200000256],[166091.22900000215,433326.0710000023],[166075.35700000077,433328.1831],[166058.76600000262,433328.2110000029],[166039.83100000024,433326.98790000007],[166022.28299999982,433324.6469999999],[166004.9040000029,433321.88800000027],[165997.1330000013,433320.4820000008],[165987.40600000322,433318.4130000025],[165978.56700000167,433316.29100000113],[165968.36000000313,433313.5491000004],[165951.82710000128,433308.80210000277],[165937.75500000268,433304.2299000025],[165919.4210000001,433298.33310000226],[165913.44590000063,433296.80490000173],[165907.52600000054,433295.40300000086],[165900.3650000021,433294.27700000256],[165884.12200000137,433292.626000002],[165880.0851000026,433292.70010000095],[165865.2650000006,433293.30900000036],[165861.96100000292,433293.5160000026],[165852.8040000014,433294.82400000095],[165844.16700000316,433296.73490000144],[165840.17570000142,433297.8702000007],[165833.70000000298,433299.7121000029],[165824.875,433303.03500000015],[165818.6550000012,433305.6330000013],[165812.73500000313,433308.1799999997],[165805.29900000244,433311.76000000164],[165790.54399999976,433318.09810000286],[165786.59800000116,433319.62010000274],[165781.3110000007,433321.7661000006],[165773.81500000134,433324.58999999985],[165762.13100000098,433328.3490000032],[165747.68300000206,433332.32400000095],[165741.0460000001,433333.8960000016],[165734.36900000274,433335.2619000003]]}}],"crs":{"type":"name","properties":{"name":"EPSG:28992"}}}