{"type": "FeatureCollection", "crs": {"type": "name", "properties": {"name": "urn:ogc:def:crs:EPSG::28992"}}, "features": [{"type": "Feature", "id": 8, "geometry": {"type": "LineString", "coordinates": [[190667.760699999, 504545.532400001], [190667.030200001, 504544.853100002], [190666.2355, 504544.163800001], [190665.4221, 504543.499400001], [190664.590500001, 504542.859999999], [190663.741, 504542.2458], [190662.873799998, 504541.657000002], [190661.989500001, 504541.093899999], [190661.085499998, 504540.555], [190658.412500001, 504538.906599998], [190655.714400001, 504537.2958], [190652.9945, 504535.7247], [190650.253400002, 504534.193300001], [190647.491700001, 504532.702100001], [190644.709899999, 504531.2513], [190641.908500001, 504529.8413], [190639.088100001, 504528.4725], [190636.249400001, 504527.145199999], [190633.3928, 504525.859499998], [190630.519000001, 504524.615699999], [190627.628800001, 504523.414000001], [190624.7225, 504522.2546], [190621.800999999, 504521.137699999], [190618.864700001, 504520.063499998], [190615.9144, 504519.032099999], [190612.9507, 504518.0438], [190609.974100001, 504517.0986], [190606.985399999, 504516.196800001], [190605.9756, 504515.940299999]]}, "properties": {"OBJECTID": 8, "SOORT": 6, "KPNIDENT": " ", "STATUS": 1}}, {"type": "Feature", "id": 9, "geometry": {"type": "LineString", "coordinates": [[189608.529399998, 504958.143399999], [189611.5251, 504956.033100002], [189612.1512, 504955.603799999], [189613.657900002, 504954.639699999], [189615.2062, 504953.743900001], [189616.7929, 504952.918299999], [189659.2086, 504932.039900001], [189659.361000001, 504931.964499999], [189660.944200002, 504931.132100001], [189662.488699999, 504930.229800001], [189663.991300002, 504929.259300001], [189665.449000001, 504928.222600002], [189674.353100002, 504921.214499999], [190041.4386, 504647.584600002], [190051.449999999, 504640.551199999], [190061.840999998, 504634.092], [190072.5788, 504628.227200001], [190083.6294, 504622.975499999], [190094.957800001, 504618.353599999], [190106.528200001, 504614.3759], [190118.304000001, 504611.055100001], [190130.2478, 504608.401799999], [190142.321899999, 504606.424199998], [190144.367800001, 504606.147999998], [190161.1818, 504604.166900001], [190178.053199999, 504602.756299999], [190285.727499999, 504595.5867], [190308.233600002, 504593.832800001], [190330.6943, 504591.5713], [190353.098299999, 504588.803300001], [190360.7119, 504587.7753]]}, "properties": {"OBJECTID": 9, "SOORT": 6, "KPNIDENT": " ", "STATUS": 1}}, {"type": "Feature", "id": 11, "geometry": {"type": "LineString", "coordinates": [[187517.141800001, 506364.290199999], [187457.513099998, 506461.434500001]]}, "properties": {"OBJECTID": 11, "SOORT": 6, "KPNIDENT": " ", "STATUS": 1}}, {"type": "Feature", "id": 12, "geometry": {"type": "LineString", "coordinates": [[190314.478700001, 504559.987599999], [190235.722199999, 504577.161200002], [190230.950800002, 504577.659400001], [190216.090799998, 504579.3244], [190201.2577, 504581.213399999], [190139.034299999, 504589.614999998], [190125.9833, 504591.752500001], [190113.072999999, 504594.6206], [190100.344500002, 504598.210000001], [190087.838, 504602.509500001], [190075.592999998, 504607.5055], [190063.6483, 504613.182100002], [190052.041700002, 504619.521299999], [190040.809900001, 504626.503199998], [190029.988499999, 504634.105599999], [189663.795499999, 504907.068399999], [189608.982700001, 504936.823199999]]}, "properties": {"OBJECTID": 12, "SOORT": 6, "KPNIDENT": " ", "STATUS": 1}}, {"type": "Feature", "id": 15, "geometry": {"type": "LineString", "coordinates": [[191696.771899998, 504605.1437], [191697.665899999, 504605.246599998], [191753.419500001, 504611.4014], [191809.238899998, 504616.927700002], [191865.116999999, 504621.824700002], [191865.589000002, 504621.863899998]]}, "properties": {"OBJECTID": 15, "SOORT": 6, "KPNIDENT": " ", "STATUS": 1}}, {"type": "Feature", "id": 16, "geometry": {"type": "LineString", "coordinates": [[192639.848700002, 504777.368299998], [192631.594799999, 504772.669500001], [192609.508499999, 504760.4626], [192587.121199999, 504748.816799998], [192564.4472, 504737.739599999], [192541.500999998, 504727.2381], [192518.296999998, 504717.318999998], [192494.036699999, 504707.6514], [192483.528299998, 504703.878199998]]}, "properties": {"OBJECTID": 16, "SOORT": 6, "KPNIDENT": " ", "STATUS": 1}}, {"type": "Feature", "id": 29, "geometry": {"type": "LineString", "coordinates": [[193240.684900001, 504294.745700002], [193241.7425, 504293.113699999], [193242.817200001, 504291.492899999], [193243.4166, 504290.604699999], [193243.733399998, 504290.139699999], [193243.9089, 504289.883499999], [193245.017499998, 504288.285700001], [193246.1428, 504286.6996], [193247.2848, 504285.125500001], [193248.411200002, 504283.606199998], [193248.443300001, 504283.563499998], [193249.618099999, 504282.013700001], [193250.8092, 504280.476500001], [193252.0165, 504278.9518], [193253.239700001, 504277.4399], [193254.478700001, 504275.941], [193255.7335, 504274.4553], [193257.003800001, 504272.982799999], [193258.2896, 504271.523699999], [193259.590599999, 504270.078299999], [193260.906800002, 504268.646699999], [193262.238000002, 504267.2289], [193263.583999999, 504265.825300001], [193264.944800001, 504264.435899999], [193266.32, 504263.061000001], [193267.7097, 504261.7005], [193269.113600001, 504260.354800001], [193270.5317, 504259.023899999], [193271.963599999, 504257.708099999], [193273.409299999, 504256.407400001], [193274.8686, 504255.1219], [193276.341400001, 504253.8519], [193277.827500001, 504252.5975], [193279.326699998, 504251.358800001], [193280.838799998, 504250.135899998], [193282.363699999, 504248.929000001], [193283.901299998, 504247.738299999], [193285.451299999, 504246.5638], [193287.013500001, 504245.4056], [193288.587900002, 504244.263999999], [193290.174199998, 504243.138999999], [193291.772300001, 504242.0308], [193293.381900001, 504240.939399999], [193295.002900001, 504239.8651], [193296.635200001, 504238.8079], [193298.278499998, 504237.767900001], [193299.932599999, 504236.745299999], [193301.5975, 504235.7401], [193303.272799999, 504234.752500001], [193304.9584, 504233.782600001], [193306.654100001, 504232.830600001], [193308.3598, 504231.896400001], [193310.075199999, 504230.9802], [193311.800099999, 504230.0821], [193313.534400001, 504229.202199999], [193315.277899999, 504228.340700001], [193317.030299999, 504227.497499999], [193318.791499998, 504226.672800001], [193320.561299998, 504225.866799999], [193322.339499999, 504225.079300001], [193324.1259, 504224.310699999], [193325.920299999, 504223.560899999], [193327.722399998, 504222.829999998], [193329.532200001, 504222.118099999], [193331.349300001, 504221.4254], [193333.173700001, 504220.751800001], [193335.004999999, 504220.097399998], [193336.8431, 504219.462299999], [193338.340300001, 504218.960999999], [193338.687899999, 504218.8466], [193340.541200001, 504218.249299999], [193342.403700002, 504217.668900002], [193344.015299998, 504217.1884], [193344.276999999, 504217.111400001], [193346.1589, 504216.570500001], [193348.049899999, 504216.048599999], [193349.9498, 504215.546], [193351.858399998, 504215.0627], [193353.775699999, 504214.598900001], [193355.701499999, 504214.154800002], [193356.5042, 504213.976], [193357.635699999, 504213.730500001], [193359.578400001, 504213.326099999], [193361.208099999, 504213.003600001], [193361.529599998, 504212.941799998], [193363.489399999, 504212.5777], [193365.458000001, 504212.234000001], [193367.4355, 504211.910700001], [193367.458999999, 504211.907000002], [193369.187100001, 504211.642700002], [193369.4223, 504211.607700001], [193371.412500001, 504211.299199998], [193373.402399998, 504210.968600001], [193375.392000001, 504210.615600001], [193377.381499998, 504210.240200002], [193379.370999999, 504209.8422], [193381.360399999, 504209.421399999], [193383.3497, 504208.977699999], [193385.338799998, 504208.511], [193387.327599999, 504208.021000002], [193389.3158, 504207.507800002], [193391.303199999, 504206.9712], [193393.2896, 504206.410999998], [193395.274799999, 504205.827100001], [193397.258400001, 504205.219500002], [193399.240200002, 504204.588], [193401.219999999, 504203.932500001], [193401.220199998, 504203.932399999], [193403.195099998, 504203.253800001], [193405.162700001, 504202.552700002], [193407.1226, 504201.8292], [193409.074499998, 504201.0836], [193411.018300001, 504200.3158], [193412.953699999, 504199.526000001], [193414.8803, 504198.714200001], [193416.798099998, 504197.880399998], [193418.706700001, 504197.024900001], [193420.605999999, 504196.147700001], [193422.4956, 504195.248799998], [193424.375399999, 504194.328400001], [193426.245000001, 504193.386599999], [193428.1043, 504192.423500001], [193429.9531, 504191.439100001], [193431.791000001, 504190.433600001], [193433.617899999, 504189.407099999], [193435.433499999, 504188.359700002], [193437.237599999, 504187.2916], [193439.030000001, 504186.2027], [193440.810400002, 504185.0933], [193442.578600001, 504183.963399999], [193444.3343, 504182.813299999], [193446.077399999, 504181.642900001], [193447.807599999, 504180.452500001], [193449.524700001, 504179.242199998], [193451.228500001, 504178.0121], [193452.918699998, 504176.7623], [193454.595100001, 504175.492899999], [193456.2575, 504174.2042], [193457.905699998, 504172.896299999], [193459.5394, 504171.569200002], [193461.158500001, 504170.223200001], [193462.762600001, 504168.858399998], [193464.3517, 504167.475000001], [193465.925500002, 504166.072999999], [193467.4837, 504164.6527], [193469.0262, 504163.214200001], [193470.552700002, 504161.757800002], [193470.5878, 504161.723900001], [193472.063000001, 504160.283399999], [193473.548700001, 504158.799800001], [193473.557, 504158.7914], [193475.034400001, 504157.281800002], [193476.495099999, 504155.754999999], [193477.938700002, 504154.210900001], [193479.3651, 504152.649799999], [193480.7742, 504151.072000001], [193482.1657, 504149.477400001], [193483.539299998, 504147.866500001], [193484.895, 504146.2392], [193486.232500002, 504144.595899999], [193487.551600002, 504142.936700001], [193488.8521, 504141.261799999], [193490.133900002, 504139.571400002], [193491.3968, 504137.865699999], [193492.640500002, 504136.144900002], [193493.8649, 504134.409299999], [193495.069800001, 504132.6589], [193496.254999999, 504130.894000001], [193497.420400001, 504129.114799999], [193498.565699998, 504127.321600001], [193499.170600001, 504126.355799999], [193499.6908, 504125.514600001], [193499.717399999, 504125.4712], [193500.795499999, 504123.6939], [193501.879700001, 504121.8598], [193502.218800001, 504121.276000001], [193502.9432, 504120.012499999], [193503.0726, 504119.7841], [193503.9857, 504118.152199998], [193503.990200002, 504118.144000001], [193505.007199999, 504116.279199999], [193506.0075, 504114.393599998], [193506.676800001, 504113.1019], [193506.986400001, 504112.4958], [193507.943799999, 504110.585900001], [193508.879500002, 504108.6642], [193509.793299999, 504106.730900001], [193510.685199998, 504104.7863], [193511.513599999, 504102.924800001], [193511.554900002, 504102.830600001], [193512.4023, 504100.864], [193513.227299999, 504098.886799999], [193514.0297, 504096.8992], [193514.8094, 504094.901500002], [193515.566199999, 504092.8939], [193515.600499999, 504092.801100001], [193515.672899999, 504092.6052]]}, "properties": {"OBJECTID": 29, "SOORT": 6, "KPNIDENT": " ", "STATUS": 1}}, {"type": "Feature", "id": 32, "geometry": {"type": "LineString", "coordinates": [[192822.8222, 505233.082600001], [192828.5722, 505227.368000001], [192836.390000001, 505217.25], [192848.48, 505203.280000001], [192869.489999998, 505186.129999999], [192883.359999999, 505174.440000001], [192894.460000001, 505166.41], [192917.949999999, 505149.170000002], [192952.93, 505128.350000001], [192967.859999999, 505118.142999999], [192982.789999999, 505107.936999999], [192997.719999999, 505097.73], [193008.2949, 505090.616900001], [193008.295000002, 505090.616799999], [193008.619800001, 505090.3983], [193008.619899999, 505090.3983], [193009.036699999, 505090.118000001], [193009.036800001, 505090.117899999], [193009.453499999, 505089.8376], [193009.453600001, 505089.837499999], [193009.870299999, 505089.5572], [193009.870499998, 505089.557100002], [193010.2872, 505089.276799999], [193010.287300002, 505089.276700001], [193010.704, 505088.996399999], [193010.704100002, 505088.996300001], [193011.120900001, 505088.715999998], [193011.120999999, 505088.715999998], [193011.537700001, 505088.435699999], [193011.537799999, 505088.435600001], [193011.954599999, 505088.155299999], [193011.954700001, 505088.155200001], [193012.371399999, 505087.874899998], [193012.3715, 505087.8748], [193012.453000002, 505087.82], [193012.788199998, 505087.594500002], [193012.788400002, 505087.5944], [193013.2051, 505087.314100001], [193013.205200002, 505087.314100001], [193013.6219, 505087.033799998], [193013.622099999, 505087.0337], [193014.038800001, 505086.753400002], [193014.038899999, 505086.7533], [193014.455699999, 505086.473000001], [193014.455800001, 505086.472899999], [193014.872499999, 505086.192699999], [193014.8726, 505086.192600001], [193015.2894, 505085.912300002], [193015.289500002, 505085.9122], [193015.500300001, 505085.770399999], [193015.500399999, 505085.770300001], [193027.186999999, 505077.91], [193030.3358, 505075.791999999], [193030.950399999, 505075.304400001], [193031.4813, 505074.726500001], [193031.915199999, 505074.072799999], [193032.241500001, 505073.359200001], [193032.452100001, 505072.603300001], [193032.541900001, 505071.823800001], [193032.5086, 505071.039900001], [193032.353100002, 505070.270799998], [193032.0792, 505069.535599999], [193031.693599999, 505068.852200001], [193028.059099998, 505063.449999999]]}, "properties": {"OBJECTID": 32, "SOORT": 6, "KPNIDENT": " ", "STATUS": 1}}, {"type": "Feature", "id": 36, "geometry": {"type": "LineString", "coordinates": [[193158.860399999, 504299.7421], [193177.396200001, 504296.127999999], [193182.474599998, 504294.745999999], [193187.3796, 504292.837699998], [193192.0568, 504290.424400002], [193196.454399999, 504287.532900002], [193200.523800001, 504284.195], [193227.770599999, 504258.506900001]]}, "properties": {"OBJECTID": 36, "SOORT": 6, "KPNIDENT": " ", "STATUS": 1}}, {"type": "Feature", "id": 44, "geometry": {"type": "LineString", "coordinates": [[193222.2744, 504294.241099998], [193222.8039, 504293.3268], [193223.338300001, 504292.4153], [193223.8774, 504291.5066], [193224.109999999, 504291.118000001], [193224.149999999, 504291.051399998], [193224.421399999, 504290.6008], [193224.969999999, 504289.697900001], [193225.523499999, 504288.797800001], [193226.081599999, 504287.900699999], [193226.509300001, 504287.2203], [193226.644499999, 504287.006499998], [193227.212099999, 504286.1153], [193228.361200001, 504284.342], [193229.528999999, 504282.580800001], [193230.180300001, 504281.615800001], [193230.524599999, 504281.1105], [193230.715300001, 504280.8321], [193231.9199, 504279.095899999], [193233.142700002, 504277.372400001], [193234.383499999, 504275.662], [193235.607500002, 504274.0112], [193235.6424, 504273.964699998], [193236.919, 504272.2808], [193238.213199999, 504270.610399999], [193239.524999999, 504268.953699999], [193240.8541, 504267.310899999], [193242.2005, 504265.682100002], [193243.563900001, 504264.067699999], [193244.9443, 504262.467700001], [193246.341400001, 504260.882300001], [193247.755100001, 504259.311700001], [193249.1853, 504257.756000001], [193250.631700002, 504256.215500001], [193252.094300002, 504254.690400001], [193253.572900001, 504253.1807], [193255.067299999, 504251.6866], [193256.577300001, 504250.2084], [193258.1028, 504248.746100001], [193259.6437, 504247.300000001], [193261.1996, 504245.870099999], [193262.770500001, 504244.456799999], [193264.356199998, 504243.059999999], [193265.956599999, 504241.68], [193267.5713, 504240.317000002], [193269.200300001, 504238.971000001], [193270.843400002, 504237.642200001], [193272.500399999, 504236.330800001], [193274.171100002, 504235.036899999], [193275.8554, 504233.760699999], [193277.552900001, 504232.502300002], [193279.263599999, 504231.261799999], [193280.987300001, 504230.039299998], [193282.7238, 504228.835099999], [193284.472800002, 504227.649300002], [193286.234299999, 504226.481899999], [193288.0079, 504225.333099999], [193289.793499999, 504224.2031], [193291.5909, 504223.091899998], [193293.399900001, 504221.999699999], [193295.2203, 504220.926600002], [193297.051899999, 504219.872699998], [193298.894400001, 504218.838100001], [193300.7478, 504217.823100001], [193302.6118, 504216.827500001], [193304.486099999, 504215.8517], [193306.3706, 504214.895599999], [193307.306000002, 504214.433400001]]}, "properties": {"OBJECTID": 44, "SOORT": 6, "KPNIDENT": " ", "STATUS": 1}}, {"type": "Feature", "id": 46, "geometry": {"type": "LineString", "coordinates": [[189545.136599999, 504870.747200001], [189138.319600001, 504648.7894]]}, "properties": {"OBJECTID": 46, "SOORT": 6, "KPNIDENT": " ", "STATUS": 1}}, {"type": "Feature", "id": 47, "geometry": {"type": "LineString", "coordinates": [[189039.885499999, 504595.084100001], [188633.136599999, 504373.163400002], [188633.119399998, 504373.153999999]]}, "properties": {"OBJECTID": 47, "SOORT": 6, "KPNIDENT": " ", "STATUS": 1}}, {"type": "Feature", "id": 48, "geometry": {"type": "LineString", "coordinates": [[189048.827399999, 504603.449999999], [189014.114100002, 504570.972600002], [189007.329399999, 504565.170600001], [189000.054299999, 504559.996800002], [188992.346799999, 504555.492400002], [188954.638700001, 504535.658100002], [188947.9276, 504532.062600002], [188736.180500001, 504416.5341], [188729.556400001, 504412.854600001], [188692.141399998, 504391.699099999], [188684.1842, 504387.657400001], [188675.8983, 504384.3413], [188667.349800002, 504381.777100001], [188633.119399998, 504373.153999999]]}, "properties": {"OBJECTID": 48, "SOORT": 6, "KPNIDENT": " ", "STATUS": 1}}, {"type": "Feature", "id": 49, "geometry": {"type": "LineString", "coordinates": [[187930.850699998, 504872.292800002], [187941.810800001, 504827.1041], [187944.1382, 504819.0121], [187947.1382, 504811.144499999], [187950.789299998, 504803.5572], [188010.991500001, 504690.859099999], [188000.761799999, 504660.408], [188101.480999999, 504594.9998], [188140.091499999, 504637.346799999]]}, "properties": {"OBJECTID": 49, "SOORT": 6, "KPNIDENT": " ", "STATUS": 1}}, {"type": "Feature", "id": 50, "geometry": {"type": "LineString", "coordinates": [[188140.091499999, 504637.346799999], [188224.440499999, 504577.059099998]]}, "properties": {"OBJECTID": 50, "SOORT": 6, "KPNIDENT": " ", "STATUS": 1}}, {"type": "Feature", "id": 51, "geometry": {"type": "LineString", "coordinates": [[189610.010899998, 504888.454999998], [189605.626200002, 504888.0108], [189601.3675, 504886.8763], [189597.342900001, 504885.080200002], [189524.5691, 504845.375100002], [189522.918699998, 504844.482700001]]}, "properties": {"OBJECTID": 51, "SOORT": 6, "KPNIDENT": " ", "STATUS": 1}}, {"type": "Feature", "id": 55, "geometry": {"type": "LineString", "coordinates": [[189545.136599999, 504870.747200001], [189519.365200002, 504846.6358], [189512.580600001, 504840.833799999], [189505.305500001, 504835.66], [189497.597899999, 504831.1556], [189459.889800001, 504811.321199998], [189453.1787, 504807.725699998], [189241.0825, 504692.0068], [189234.426899999, 504688.309500001], [189197.340300001, 504667.336100001], [189189.381200001, 504663.292800002], [189181.093199998, 504659.975499999], [189172.542399999, 504657.410500001], [189138.319600001, 504648.7894]]}, "properties": {"OBJECTID": 55, "SOORT": 6, "KPNIDENT": " ", "STATUS": 1}}, {"type": "Feature", "id": 56, "geometry": {"type": "LineString", "coordinates": [[188516.611099999, 504380.217], [188483.673099998, 504392.911899999], [188475.4969, 504396.4899], [188467.6723, 504400.782699998], [188460.261599999, 504405.756099999], [188425.676100001, 504431.2764], [188419.545000002, 504435.7291], [188372.787999999, 504469.1483], [188365.194600001, 504474.7958], [188340.704700001, 504493.739999998], [188333.111400001, 504499.387499999], [188247.791000001, 504560.3695], [188241.152899999, 504565.549699999], [188234.974199999, 504571.27], [188229.298599999, 504577.489799999], [188212.405499998, 504597.645399999]]}, "properties": {"OBJECTID": 56, "SOORT": 6, "KPNIDENT": " ", "STATUS": 1}}, {"type": "Feature", "id": 64, "geometry": {"type": "LineString", "coordinates": [[189610.096000001, 504884.455899999], [189606.344900001, 504884.0759], [189602.701699998, 504883.1054], [189599.258699998, 504881.568799999], [189526.484900001, 504841.863699999], [189523.0757, 504840.0372], [189461.751899999, 504807.781100001], [189455.094500002, 504804.214299999], [189242.998300001, 504688.4954], [189236.396000002, 504684.8277], [189176.082899999, 504650.7192], [189172.701900002, 504648.840999998], [189021.233800001, 504566.200599998], [189017.824499998, 504564.3741], [188956.500799999, 504532.117899999], [188949.843400002, 504528.551199999], [188738.096299998, 504413.022700001], [188731.525199998, 504409.372699998], [188670.874699999, 504375.0792], [188667.509599999, 504373.210000001], [188641.001899999, 504358.747499999], [188632.561099999, 504354.543200001], [188623.830200002, 504350.9802], [188614.857799999, 504348.078499999], [188605.693999998, 504345.854200002], [188596.389800001, 504344.319699999], [188586.997000001, 504343.483600002], [188577.568, 504343.350400001], [188568.155400001, 504343.921], [188558.8116, 504345.192200001], [188549.588599999, 504347.1569], [188540.537900001, 504349.804099999], [188531.709800001, 504353.119100001], [188523.153700002, 504357.0834], [188514.917100001, 504361.674899999], [188507.046, 504366.868099999], [188482.479499999, 504384.426800001], [188479.3649, 504386.6888], [188423.301100001, 504428.057799999], [188417.219099998, 504432.4749], [188370.462000001, 504465.894099999], [188362.747200001, 504471.631900001], [188338.257300001, 504490.576200001], [188330.785399999, 504496.133200001], [188143.931899998, 504629.685199998], [188102.818100002, 504584.592599999], [187991.203299999, 504657.076499999], [188002.308699999, 504690.134500001], [187943.6943, 504799.860199999], [187941.250500001, 504804.3781], [187931.122200001, 504822.871100001], [187929.840599999, 504825.2403], [187895.815699998, 504888.934599999]]}, "properties": {"OBJECTID": 64, "SOORT": 6, "KPNIDENT": " ", "STATUS": 1}}, {"type": "Feature", "id": 68, "geometry": {"type": "LineString", "coordinates": [[189169.780299999, 503778.5548], [189181.297200002, 503837.514899999], [189183.075199999, 503845.052900001], [189199.761500001, 503905.2577]]}, "properties": {"OBJECTID": 68, "SOORT": 6, "KPNIDENT": " ", "STATUS": 1}}, {"type": "Feature", "id": 72, "geometry": {"type": "LineString", "coordinates": [[187514.897799999, 503900.2271], [187515.629999999, 503900.621300001], [187584.713799998, 503937.751400001], [187593.988600001, 503942.493799999], [187655.761999998, 503972.498], [187666.754500002, 503978.006700002], [187816.8803, 504055.594000001], [187824.861099999, 504059.298999999], [187833.126600001, 504062.316100001], [187841.617600001, 504064.623799998], [187850.273200002, 504066.205499999], [187859.031500001, 504067.049899999], [187867.8299, 504067.150899999], [188264.0405, 504054.929400001], [188273.1921, 504054.2927], [188282.267299999, 504052.9518], [188291.212000001, 504050.9146], [188299.972800002, 504048.193300001], [188308.497499999, 504044.804099999], [188316.735199999, 504040.767200001], [188324.636999998, 504036.106800001], [188332.155499998, 504030.850499999], [188339.245999999, 504025.0297], [188686.595800001, 503716.683600001], [188694.760400001, 503709.593400002], [188780.097899999, 503637.1017], [188785.274900001, 503633.2005], [188790.871199999, 503629.929299999], [188796.810600001, 503627.332600001], [188803.0121, 503625.445700001], [188809.3913, 503624.294500001], [188815.861200001, 503623.8946], [188822.333700001, 503624.251499999], [188828.720400002, 503625.360199999], [188834.9344, 503627.205800001], [188840.890900001, 503629.762899999], [188941.028000001, 503679.864799999], [188950.645199999, 503684.808499999], [189114.5099, 503771.309999999], [189119.632199999, 503774.448199999], [189124.312399998, 503778.214000002], [189128.473999999, 503782.546100002], [189132.0491, 503787.373599999], [189134.979200002, 503792.617699999], [189141.921300001, 503807.152399998], [189146.850000001, 503818.338300001], [189151.086100001, 503829.804400001], [189154.613899998, 503841.5079], [189157.4201, 503853.405099999], [189159.494199999, 503865.451400001], [189160.828600001, 503877.602000002], [189161.418299999, 503889.8114], [189162.401900001, 503945.403099999], [189162.8574, 503952.105599999], [189163.981699999, 503958.728700001], [189165.763599999, 503965.206], [189168.185199998, 503971.472199999], [189171.222199999, 503977.464499999], [189174.843899999, 503983.122499999], [189179.0141, 503988.3893], [189183.690699998, 503993.212099999], [189188.8268, 503997.542399999], [189194.3706, 504001.3365], [189200.266600002, 504004.556400001], [189280.761, 504043.410300002], [189284.3343, 504045.517200001], [189287.510000002, 504048.186000001], [189290.2007, 504051.343199998], [189292.3323, 504054.901799999], [189327.522300001, 504126.536800001], [189330.472800002, 504132.175099999], [189333.706900001, 504137.6556], [189336.7509, 504141.9958], [189340.237399999, 504145.989300001], [189344.127099998, 504149.591200002], [189348.376400001, 504152.761100002], [189348.850499999, 504153.077399999]]}, "properties": {"OBJECTID": 72, "SOORT": 6, "KPNIDENT": " ", "STATUS": 1}}, {"type": "Feature", "id": 76, "geometry": {"type": "LineString", "coordinates": [[187558.807500001, 503902.416099999], [187593.6303, 503933.530099999], [187599.002500001, 503938.032400001], [187604.676800001, 503942.147300001], [187610.625500001, 503945.854600001], [187616.8193, 503949.136100002], [187657.509599999, 503968.899999999], [187668.590700001, 503974.4531], [187818.716800001, 504052.0405], [187826.3906, 504055.603], [187834.338199999, 504058.504099999], [187842.502500001, 504060.722899999], [187850.825199999, 504062.243799999], [187859.246599998, 504063.0557], [187867.706500001, 504063.152800001], [188263.917199999, 504050.931299999], [188272.760600001, 504050.316], [188281.530299999, 504049.020300001], [188290.173799999, 504047.0517], [188298.639600001, 504044.421999998], [188306.877300002, 504041.146899998], [188314.837699998, 504037.245999999], [188322.4734, 504032.742400002], [188329.738699999, 504027.6631], [188336.590500001, 504022.0383], [188683.940400001, 503713.692200001], [188692.170699999, 503706.544799998], [188742.4549, 503663.8299], [188749.066199999, 503657.600499999], [188755.125599999, 503650.833099999], [188760.589499999, 503643.576499999], [188771.352600001, 503627.636599999], [188775.2337, 503622.4078], [188779.565299999, 503617.545600001], [188784.313000001, 503613.088799998], [188789.438900001, 503609.072799999]]}, "properties": {"OBJECTID": 76, "SOORT": 6, "KPNIDENT": " ", "STATUS": 1}}, {"type": "Feature", "id": 77, "geometry": {"type": "LineString", "coordinates": [[188764.2304, 503645.3323], [188777.508299999, 503634.053100001], [188782.533799998, 503630.223999999], [188787.936999999, 503626.949099999], [188793.6567, 503624.2654], [188799.628800001, 503622.203000002], [188805.785700001, 503620.7852], [188812.0583, 503620.028000001], [188818.375799999, 503619.9399], [188824.666999999, 503620.521899998], [188830.861099999, 503621.767499998], [188836.888300002, 503623.662500001], [188842.6807, 503626.185699999], [188858.261599999, 503633.9813]]}, "properties": {"OBJECTID": 77, "SOORT": 6, "KPNIDENT": " ", "STATUS": 1}}, {"type": "Feature", "id": 78, "geometry": {"type": "LineString", "coordinates": [[189179.9333, 503863.193500001], [189168.9366, 503909.125799999], [189167.3226, 503917.389800001], [189166.409499999, 503925.760400001], [189166.203899998, 503934.177999999], [189166.361699998, 503943.092399999], [189166.8675, 503950.021899998], [189168.133200001, 503956.853500001], [189170.143599998, 503963.5042], [189172.874000002, 503969.893100001], [189176.2914, 503975.942499999], [189180.3541, 503981.578699999], [189185.012800001, 503986.733399998], [189190.210700002, 503991.343600001], [189195.8847, 503995.353500001], [189201.965799998, 503998.714200001], [189287.905900002, 504040.196600001], [189291.971500002, 504042.503699999], [189295.6954, 504045.329], [189299.012200002, 504048.623], [189301.863200001, 504052.327300001], [189304.1983, 504056.376800001], [189336.4978, 504122.127700001]]}, "properties": {"OBJECTID": 78, "SOORT": 6, "KPNIDENT": " ", "STATUS": 1}}, {"type": "Feature", "id": 80, "geometry": {"type": "LineString", "coordinates": [[189561.721099999, 504244.0099], [189571.949000001, 504245.567499999], [189582.240600001, 504246.626699999], [189592.571400002, 504247.184999999], [189602.917199999, 504247.241], [189677.969500002, 504245.824200001]]}, "properties": {"OBJECTID": 80, "SOORT": 6, "KPNIDENT": " ", "STATUS": 1}}, {"type": "Feature", "id": 81, "geometry": {"type": "LineString", "coordinates": [[191305.234000001, 504072.816599999], [191344.646899998, 504093.261300001], [191348.679699998, 504096.403200001], [191353.108100001, 504098.957699999], [191374.487, 504109.387600001]]}, "properties": {"OBJECTID": 81, "SOORT": 6, "KPNIDENT": " ", "STATUS": 1}}, {"type": "Feature", "id": 82, "geometry": {"type": "LineString", "coordinates": [[190199.296399999, 504151.8462], [190245.576900002, 504143.192899998], [190291.9575, 504135.093499999], [190338.431699999, 504127.5491], [190384.992699999, 504120.560800001], [190431.633900002, 504114.1296], [190451.481400002, 504111.123199999], [190471.198199999, 504107.353500001], [190490.754900001, 504102.826299999], [190510.122499999, 504097.5482], [190529.272100002, 504091.526999999], [190548.1752, 504084.7718], [190566.803800002, 504077.292599998], [190585.129999999, 504069.100499999], [190603.126699999, 504060.207699999], [190620.767000001, 504050.627500001], [190638.024700001, 504040.374000002], [190654.8741, 504029.462699998], [190671.290199999, 504017.909600001], [190687.248500001, 504005.731899999], [190702.725299999, 503992.947900001], [190717.697500002, 503979.576499999], [190732.142900001, 503965.637600001], [190746.039900001, 503951.151999999], [190779.681699999, 503914.703600001], [190789.5053, 503904.613000002], [190799.8519, 503895.059300002], [190810.692200001, 503886.069600001], [190821.995299999, 503877.669300001], [190833.729400001, 503869.882399999], [190845.861200001, 503862.730799999], [190858.3563, 503856.2348], [190871.179299999, 503850.412700001], [190884.293900002, 503845.281199999], [190897.662900001, 503840.854600001], [190911.248500001, 503837.1457], [190925.012200002, 503834.164799999], [190938.915100001, 503831.920400001], [190952.917599998, 503830.4188], [190966.9802, 503829.6644], [190981.063000001, 503829.659299999], [190995.1261, 503830.4034], [191009.129700001, 503831.8946], [191023.034200002, 503834.128899999], [191036.800099999, 503837.0997], [191050.3884, 503840.798700001], [191063.760699999, 503845.215399999], [191076.879000001, 503850.337400001], [191089.706300002, 503856.149999999], [191102.206099998, 503862.6369], [191114.3431, 503869.779599998], [191128.824099999, 503879.180500001], [191142.971900001, 503889.075800002], [191156.7696, 503899.453600001], [191170.200800002, 503910.301600002], [191183.249499999, 503921.606899999], [191358.0022, 504078.373799998], [191359.849199999, 504079.812800001], [191361.877300002, 504080.982700001], [191383.251499999, 504091.410300002]]}, "properties": {"OBJECTID": 82, "SOORT": 6, "KPNIDENT": " ", "STATUS": 1}}, {"type": "Feature", "id": 83, "geometry": {"type": "LineString", "coordinates": [[189383.051899999, 504085.917800002], [189385.945300002, 504091.1351], [189389.342500001, 504096.039299998], [189393.209899999, 504100.581900001], [189397.509399999, 504104.717900001], [189402.1983, 504108.406500001], [189409.090999998, 504113.3574], [189426.085700002, 504126.1219], [189442.683600001, 504139.3981], [189458.8695, 504153.173799999], [189474.6281, 504167.4362], [189483.419799998, 504175.127500001], [189492.6864, 504182.239500001], [189502.389800001, 504188.742899999], [189512.4901, 504194.611099999], [189522.945700001, 504199.819699999], [189533.7137, 504204.3475], [189544.7498, 504208.175700001], [189556.008499999, 504211.288699999], [189567.443599999, 504213.673700001], [189579.008099999, 504215.320799999], [189590.654399998, 504216.223299999], [189602.334600002, 504216.377500001], [189704.922499999, 504214.441], [189713.827199999, 504214.609499998], [189722.6939, 504215.449999999], [189731.471700002, 504216.957699999], [189740.110599998, 504219.124000002], [189748.5612, 504221.9366], [189756.7753, 504225.3792], [189780.0869, 504236.2027], [189786.070900001, 504238.599199999], [189792.277399998, 504240.34], [189798.6349, 504241.404899999], [189805.07, 504241.781599998], [189811.508299999, 504241.465799998], [189817.875599999, 504240.461100001], [189824.0984, 504238.779100001], [189871.208099999, 504223.286200002], [189911.678199999, 504210.299899999], [189952.331599999, 504197.899500001], [189993.159899998, 504186.087499999], [190034.154599998, 504174.866500001], [190067.238600001, 504166.457800001], [190100.500599999, 504158.783100002], [190133.2535, 504151.752], [190166.0649, 504144.998799998]]}, "properties": {"OBJECTID": 83, "SOORT": 6, "KPNIDENT": " ", "STATUS": 1}}, {"type": "Feature", "id": 87, "geometry": {"type": "LineString", "coordinates": [[190141.976799998, 504213.084600002], [190249.951400001, 504191.9122]]}, "properties": {"OBJECTID": 87, "SOORT": 6, "KPNIDENT": " ", "STATUS": 1}}, {"type": "Feature", "id": 93, "geometry": {"type": "LineString", "coordinates": [[187793.344300002, 504913.192000002], [187775.827, 504947.959100001], [187769.241700001, 504978.254900001], [187767.721299998, 504983.598099999], [187765.539900001, 504988.7071], [187697.960700002, 505122.833700001], [187694.647, 505138.0779]]}, "properties": {"OBJECTID": 93, "SOORT": 6, "KPNIDENT": " ", "STATUS": 1}}, {"type": "Feature", "id": 94, "geometry": {"type": "LineString", "coordinates": [[187671.726799998, 505183.568399999], [187661.4474, 505195.3028], [187654.874000002, 505208.349199999], [187651.200800002, 505216.473700002], [187648.224100001, 505224.8783], [187645.965, 505233.5035], [187644.439300001, 505242.288199998], [187643.658100002, 505251.1701], [187643.626800001, 505260.086300001], [187644.345600002, 505268.9734], [187715.0372, 505841.6688], [187720.758200001, 505856.182]]}, "properties": {"OBJECTID": 94, "SOORT": 6, "KPNIDENT": " ", "STATUS": 1}}, {"type": "Feature", "id": 95, "geometry": {"type": "LineString", "coordinates": [[187719.001600001, 506007.167199999], [187706.388900001, 506048.080499999], [187513.6215, 506362.1285], [187482.969300002, 506391.7073]]}, "properties": {"OBJECTID": 95, "SOORT": 6, "KPNIDENT": " ", "STATUS": 1}}, {"type": "Feature", "id": 96, "geometry": {"type": "LineString", "coordinates": [[187466.493099999, 506418.549600001], [187453.9921, 506459.274099998], [187380.054900002, 506579.729200002], [187376.733600002, 506584.4034], [187372.815200001, 506588.5898], [187368.370700002, 506592.2128], [187363.4804, 506595.206799999], [187358.232700001, 506597.5178], [187352.722399998, 506599.103999998], [187352.634300001, 506599.113600001], [187350.657299999, 506599.2632], [187347.822900001, 506599.315200001], [187345.012699999, 506599.176800001], [187342.239300001, 506598.851599999], [187339.514899999, 506598.343800001], [187336.851500001, 506597.658500001], [187334.260600001, 506596.801600002], [187331.752999999, 506595.7797], [187329.339200001, 506594.600000001], [187327.028999999, 506593.270399999], [187325.859499998, 506592.5145], [187324.831500001, 506591.7995], [187324.685199998, 506591.693799999], [187324.348000001, 506591.445999999], [187324.1041, 506591.2632], [187322.755199999, 506590.196400002], [187321.871800002, 506589.442600001], [187319.181600001, 506586.901500002], [187319.064100001, 506586.790199999], [187318.534499999, 506586.429499999], [187318.004500002, 506586.0693], [187316.364700001, 506584.9582], [187314.7223, 506583.850900002], [187314.206799999, 506583.5046], [187314.206599999, 506583.504500002], [187313.077199999, 506582.7476], [187311.4296, 506581.6481], [187309.779399998, 506580.552499998], [187309.232500002, 506580.190699998], [187309.193399999, 506580.164799999], [187309.193100002, 506580.1646], [187309.191399999, 506580.1635], [187308.126600001, 506579.4608], [187306.4712, 506578.373], [187304.813299999, 506577.289099999], [187303.152800001, 506576.209100001], [187301.489799999, 506575.133000001], [187299.824200001, 506574.060800001], [187298.156199999, 506572.992600001], [187296.485599998, 506571.928300001], [187294.8125, 506570.867899999], [187293.1369, 506569.811500002], [187291.458900001, 506568.759], [187289.7784, 506567.710499998], [187288.095400002, 506566.665899999], [187286.409899998, 506565.625300001], [187284.721999999, 506564.5887], [187283.0317, 506563.5561], [187281.3389, 506562.527399998], [187279.6437, 506561.502799999], [187277.9461, 506560.482099999], [187276.246100001, 506559.465500001], [187274.5438, 506558.452799998], [187272.839000002, 506557.444200002], [187271.131900001, 506556.4395], [187269.422400001, 506555.438900001], [187267.710499998, 506554.442400001], [187265.996300001, 506553.4498], [187264.279800002, 506552.461300001], [187262.561000001, 506551.4769], [187260.8398, 506550.4965], [187259.116300002, 506549.520199999], [187257.3906, 506548.547899999], [187255.662500001, 506547.579700001], [187253.9322, 506546.615600001], [187252.1996, 506545.655499998], [187250.4648, 506544.699499998], [187248.727699999, 506543.747699998], [187246.988299999, 506542.799899999], [187245.246800002, 506541.856199998], [187243.502999999, 506540.9166], [187241.756999999, 506539.9811], [187240.0088, 506539.049800001], [187238.258499999, 506538.1226], [187236.505899999, 506537.1994], [187234.751200002, 506536.280499998], [187232.9943, 506535.365600001], [187231.235300001, 506534.4549], [187229.474100001, 506533.5484], [187227.7108, 506532.646000002], [187225.9454, 506531.747699998], [187224.1778, 506530.853599999], [187222.408199999, 506529.9637], [187220.636500001, 506529.078000002], [187219.2322, 506528.379700001], [187218.862599999, 506528.196400002], [187217.086800002, 506527.318999998], [187215.308800001, 506526.445799999], [187213.5288, 506525.5768], [187211.746800002, 506524.712000001], [187209.962699998, 506523.851399999], [187208.176600002, 506522.995000001], [187206.388500001, 506522.1428], [187204.5984, 506521.294799998], [187202.806299999, 506520.451000001], [187201.012200002, 506519.611499999], [187199.216200002, 506518.7762], [187197.418099999, 506517.945099998], [187195.6182, 506517.1182], [187193.816300001, 506516.295600001], [187192.012400001, 506515.477299999], [187190.206599999, 506514.663199998], [187188.399, 506513.853300001], [187186.589400001, 506513.047699999], [187184.777899999, 506512.246399999], [187182.964499999, 506511.4494], [187181.149300002, 506510.656599998], [187179.332199998, 506509.868099999], [187177.5132, 506509.083900001], [187175.692499999, 506508.304000001], [187173.869800001, 506507.528299998], [187172.045400001, 506506.756999999], [187170.219099998, 506505.9899], [187168.391100001, 506505.227200001], [187166.5612, 506504.468800001], [187164.729600001, 506503.714699998], [187162.896200001, 506502.964899998], [187161.061000001, 506502.2194], [187159.224100001, 506501.4782], [187157.385400001, 506500.7414], [187155.545000002, 506500.008900002], [187153.7029, 506499.2808], [187151.859099999, 506498.556899998], [187150.013599999, 506497.837499999], [187148.1664, 506497.122400001], [187146.317499999, 506496.411600001], [187144.466899998, 506495.705200002], [187142.614700001, 506495.003199998], [187140.760899998, 506494.305500001], [187138.905400001, 506493.612199999], [187137.0482, 506492.9232], [187135.1895, 506492.238699999], [187133.329100002, 506491.558499999], [187131.4672, 506490.8827], [187129.603599999, 506490.211300001], [187127.738499999, 506489.544300001], [187125.871800002, 506488.881700002], [187124.003600001, 506488.2234], [187122.1338, 506487.569600001], [187120.262499999, 506486.920200001], [187118.389600001, 506486.275199998], [187116.515299998, 506485.634599999], [187114.639400002, 506484.998500001], [187112.7621, 506484.366700001], [187112.1776, 506484.171], [187043.629700001, 506461.249699999], [187039.632800002, 506458.700300001], [187036.8499, 506455.986299999], [187033.475699998, 506451.375599999]]}, "properties": {"OBJECTID": 96, "SOORT": 6, "KPNIDENT": " ", "STATUS": 1}}, {"type": "Feature", "id": 97, "geometry": {"type": "LineString", "coordinates": [[187772.1384, 504946.096999999], [187742.478100002, 505004.964699998], [187738.298300002, 505012.902899999], [187718.1008, 505049.646000002], [187714.856600001, 505056.0878], [187712.085200001, 505062.746599998], [187709.800900001, 505069.587900002], [187708.015700001, 505076.576099999], [187701.359299999, 505107.1987]]}, "properties": {"OBJECTID": 97, "SOORT": 6, "KPNIDENT": " ", "STATUS": 1}}, {"type": "Feature", "id": 98, "geometry": {"type": "LineString", "coordinates": [[187727.003400002, 505906.775800001], [187724.983199999, 505922.244600002], [187727.123300001, 505939.5821], [187727.761799999, 505947.473999999], [187727.7346, 505955.3917], [187727.041900001, 505963.278999999], [187725.6886, 505971.080200002], [187723.6842, 505978.739999998], [187721.043000001, 505986.2042], [187717.7837, 505993.420000002], [187713.929200001, 506000.336199999], [187484.215399999, 506374.575800002], [187479.598200001, 506389.553100001]]}, "properties": {"OBJECTID": 98, "SOORT": 6, "KPNIDENT": " ", "STATUS": 1}}, {"type": "Feature", "id": 104, "geometry": {"type": "LineString", "coordinates": [[191791.799600001, 504675.819400001], [191791.515299998, 504675.512200002], [191782.556699999, 504663.915899999], [191782.475299999, 504663.801899999], [191782.388300002, 504663.689300001], [191782.306400001, 504663.5746], [191782.219700001, 504663.462400001], [191782.1373, 504663.346799999], [191782.050999999, 504663.235100001], [191781.967700001, 504663.1182], [191781.881900001, 504663.007100001], [191781.797400001, 504662.888599999], [191781.712200001, 504662.778200001], [191781.626400001, 504662.6578], [191781.541900001, 504662.548099998], [191781.454599999, 504662.4254], [191781.3708, 504662.3167], [191781.281599998, 504662.191300001], [191781.1987, 504662.083500002], [191781.107500002, 504661.955200002], [191781.025400002, 504661.8484], [191775.2863, 504653.705699999], [191774.845699999, 504653.1697], [191773.9604, 504652.208299998], [191772.9496, 504651.241700001], [191772.095400002, 504650.523899999], [191771.119600002, 504649.798099998], [191770.125700001, 504649.149900001], [191769.078299999, 504648.554200001], [191767.922200002, 504647.9932], [191765.395100001, 504647.027800001], [191764.298500001, 504646.692200001], [191763.336199999, 504646.4639], [191762.6514, 504646.337499999], [191761.8803, 504646.2271], [191700.3519, 504639.552299999], [191692.1917, 504638.970400002], [191655.665800001, 504637.943100002], [191651.071600001, 504637.702399999], [191646.4945, 504637.239700001], [191611.2377, 504632.6833]]}, "properties": {"OBJECTID": 104, "SOORT": 6, "KPNIDENT": " ", "STATUS": 1}}, {"type": "Feature", "id": 107, "geometry": {"type": "LineString", "coordinates": [[187763.178100001, 505904.753800001], [187762.6864, 505904.427000001], [187743.555500001, 505897.6941], [187743.228100002, 505897.609200001], [187742.890999999, 505897.580699999], [187742.554000001, 505897.6094], [187742.226599999, 505897.694400001], [187741.918299999, 505897.833500002], [187741.637699999, 505898.022500001], [187741.393100001, 505898.256099999], [187741.191300001, 505898.527600002], [187741.0381, 505898.8292], [187740.938000001, 505899.1523], [187740.8937, 505899.4877], [187740.9067, 505899.8257], [187746.373, 505944.109900001], [187747.1329, 505953.5031], [187747.1006, 505962.926899999], [187746.276099999, 505972.314599998], [187744.6653, 505981.599800002], [187742.2797, 505990.716699999], [187739.136100002, 505999.600699998], [187735.256700002, 506008.189100001], [187730.669100001, 506016.420899998], [187709.907299999, 506050.245099999]]}, "properties": {"OBJECTID": 107, "SOORT": 6, "KPNIDENT": " ", "STATUS": 1}}, {"type": "Feature", "id": 240, "geometry": {"type": "LineString", "coordinates": [[191489.876899999, 504115.111900002], [191489.815200001, 504115.244600002], [191489.807799999, 504115.260400001], [191489.626400001, 504115.688700002], [191489.5821, 504115.784200002], [191489.550500002, 504115.8686], [191489.430199999, 504116.172600001], [191489.373100001, 504116.3169], [191489.141800001, 504116.842300002], [191489.026299998, 504117.090599999], [191488.9036, 504117.354899999], [191488.714400001, 504117.806000002], [191488.679900002, 504117.879700001], [191488.636599999, 504117.965100002], [191488.615499999, 504118.004900001], [191488.415399998, 504118.382800002], [191488.1668, 504118.894400001], [191488.165199999, 504118.8981], [191488.0865, 504119.073800001], [191487.9397, 504119.4175], [191487.805300001, 504119.704399999], [191487.755100001, 504119.8127], [191487.699099999, 504119.9333], [191487.5636, 504120.179000001], [191487.420400001, 504120.5207], [191487.355, 504120.655900002], [191487.325300001, 504120.716800001], [191487.206999999, 504120.959199999], [191487.046100002, 504121.3233], [191486.9716, 504121.4778], [191486.9078, 504121.609000001], [191486.900600001, 504121.6237], [191486.7234, 504121.989700001], [191486.5385, 504122.454700001], [191486.512200002, 504122.521200001], [191486.501200002, 504122.544100001], [191486.486000001, 504122.575599998], [191486.256700002, 504123.029100001], [191486.064399999, 504123.444499999], [191486.028099999, 504123.522999998], [191486.015900001, 504123.544799998], [191485.787300002, 504124.0671], [191485.657400001, 504124.3607], [191485.601399999, 504124.487100001], [191485.549699999, 504124.584600002], [191485.492899999, 504124.701299999], [191485.294500001, 504125.092599999], [191485.222800002, 504125.2623], [191485.148899999, 504125.437399998], [191485.068500001, 504125.6162], [191485.0022, 504125.841800001], [191484.866700001, 504126.152800001], [191484.845199998, 504126.1943], [191484.734700002, 504126.408100002], [191484.601100001, 504126.655299999], [191484.4428, 504126.945599999], [191484.384300001, 504127.081799999], [191484.348700002, 504127.164900001], [191484.269400001, 504127.351599999], [191484.113499999, 504127.683600001], [191483.957600001, 504127.987599999], [191483.9168, 504128.067200001], [191483.852200001, 504128.1884], [191483.804400001, 504128.295200001], [191483.627900001, 504128.712900002], [191483.554099999, 504128.9058], [191483.436500002, 504129.213199999], [191483.422200002, 504129.247400001], [191483.1822, 504129.763599999], [191483.153700002, 504129.825599998], [191482.966499999, 504130.231600001], [191482.941199999, 504130.279199999], [191482.720600002, 504130.728], [191482.690299999, 504130.7896], [191482.5154, 504131.182599999], [191482.401900001, 504131.465700001], [191482.329500001, 504131.652800001], [191482.254999999, 504131.845800001], [191482.131200001, 504132.169300001], [191482.057399999, 504132.384599999], [191481.976100001, 504132.597600002], [191481.962400001, 504132.633499999], [191481.861699998, 504132.924400002], [191481.768199999, 504133.167399999], [191481.6664, 504133.464400001], [191481.631200001, 504133.5471], [191481.522999998, 504133.8013], [191481.4487, 504133.9925], [191481.260200001, 504134.4826], [191481.243099999, 504134.526999999], [191481.104800001, 504134.980500001], [191481.068100002, 504135.0779], [191481.042399999, 504135.163600001], [191480.930100001, 504135.440000001], [191480.9243, 504135.454300001], [191480.867699999, 504135.615200002], [191480.788699999, 504135.800099999], [191480.662099998, 504136.1525], [191480.579999998, 504136.386599999], [191480.4725, 504136.692899998], [191480.3248, 504137.164299998], [191480.305100001, 504137.2478], [191480.279199999, 504137.344500002], [191480.2753, 504137.357500002], [191480.140900001, 504137.804400001], [191480.035599999, 504138.2018], [191479.995299999, 504138.341699999], [191479.988000002, 504138.3671], [191479.938099999, 504138.5649], [191479.745900001, 504139.238899998], [191479.710099999, 504139.322999999], [191479.5288, 504139.748799998], [191479.426399998, 504140.0002], [191479.366900001, 504140.228500001], [191479.3572, 504140.268199999], [191479.284000002, 504140.568399999], [191479.1032, 504140.923999999], [191479.031100001, 504141.0777], [191478.9903, 504141.205899999], [191478.986699998, 504141.217300002], [191478.876899999, 504141.639699999], [191478.703400001, 504142.113000002], [191478.679699998, 504142.173599999], [191478.678399999, 504142.177999999], [191478.660700001, 504142.235199999], [191478.482299998, 504142.717599999], [191478.320900001, 504143.115699999], [191478.277600002, 504143.2225], [191478.271499999, 504143.249400001], [191478.134599999, 504143.820599999], [191478.0218, 504144.089600001], [191477.9573, 504144.2434], [191477.8781, 504144.477200001], [191477.747699998, 504144.902600002], [191477.711800002, 504145.057599999], [191477.6609, 504145.276999999], [191477.6118, 504145.474399999], [191477.524799999, 504145.691], [191477.413400002, 504146.012800001], [191477.4089, 504146.0295], [191477.336399999, 504146.295600001], [191477.236699998, 504146.5627], [191477.129700001, 504146.8825], [191477.087400001, 504146.991500001], [191477.043699998, 504147.103999998], [191476.9892, 504147.302099999], [191476.8829, 504147.662500001], [191476.764199998, 504147.952500001], [191476.717999998, 504148.065200001], [191476.664500002, 504148.190200001], [191476.633200001, 504148.3039], [191476.487300001, 504148.739799999], [191476.447000001, 504148.9168], [191476.364700001, 504149.278999999], [191476.352699999, 504149.3123], [191476.183499999, 504149.8662], [191476.1741, 504149.904599998], [191476.057599999, 504150.3803], [191476.043099999, 504150.435600001], [191476.028000001, 504150.501600001], [191475.900699999, 504150.892299999], [191475.735300001, 504151.4001], [191475.7051, 504151.4877], [191475.577399999, 504151.837699998], [191475.572900001, 504151.8508], [191475.494399998, 504152.0755], [191475.443300001, 504152.1844], [191475.3803, 504152.402399998], [191475.3123, 504152.6226], [191475.277399998, 504152.826699998], [191475.265000001, 504152.8992], [191475.182, 504153.197299998], [191475.103500001, 504153.4465], [191474.966899998, 504153.726799998], [191474.949700002, 504153.785300002], [191474.861400001, 504154.086100001], [191474.7916, 504154.2775], [191474.7381, 504154.443300001], [191474.6325, 504154.749499999], [191474.607000001, 504154.8233], [191474.4815, 504155.285700001], [191474.452599999, 504155.385200001], [191474.420499999, 504155.465599999], [191474.3292, 504155.7212], [191474.062800001, 504156.466499999], [191473.989300001, 504156.673300002], [191473.870499998, 504157.007300001], [191473.719900001, 504157.475299999], [191473.6897, 504157.555], [191473.662900001, 504157.6327], [191473.6569, 504157.6503], [191473.3596, 504158.474800002], [191473.324499998, 504158.585499998], [191473.307300001, 504158.6395], [191473.232900001, 504158.826400001], [191473.106600001, 504159.1767], [191472.989700001, 504159.4692], [191472.974599998, 504159.532299999], [191472.928300001, 504159.725699998], [191472.8191, 504160.0079], [191472.7368, 504160.2678], [191472.673900001, 504160.4925], [191472.670400001, 504160.5035], [191472.568500001, 504160.822299998], [191472.555599999, 504160.8587], [191462.753699999, 504164.799800001]]}, "properties": {"OBJECTID": 240, "SOORT": 6, "KPNIDENT": " ", "STATUS": 1}}, {"type": "Feature", "id": 248, "geometry": {"type": "LineString", "coordinates": [[191787.6538, 504675.421], [191787.428800002, 504675.3992], [191786.425700001, 504675.302299999], [191785.422600001, 504675.2051], [191785.175299998, 504675.1811], [191785.0836, 504675.172200002], [191785.020399999, 504675.166099999], [191784.419599999, 504675.107700001], [191783.416499998, 504675.0101], [191782.4135, 504674.912300002], [191781.410500001, 504674.814399999], [191780.407499999, 504674.716200002], [191779.404599998, 504674.617800001], [191778.4016, 504674.519200001], [191777.398699999, 504674.420400001], [191777.3398, 504674.4146], [191776.987500001, 504674.379900001], [191776.395799998, 504674.3215], [191775.392999999, 504674.2223], [191775.383400001, 504674.221299998], [191774.390099999, 504674.122900002], [191773.3873, 504674.0233], [191772.996199999, 504673.9844], [191772.988000002, 504673.983600002], [191772.384399999, 504673.923500001], [191771.3816, 504673.8235], [191770.378899999, 504673.723299999], [191769.3761, 504673.622900002], [191768.373399999, 504673.522399999], [191767.370700002, 504673.421599999], [191766.368000001, 504673.320599999], [191765.916700002, 504673.2751], [191765.3653, 504673.2194], [191765.309099998, 504673.2137], [191765.245900001, 504673.2073], [191765.154300001, 504673.198100001], [191764.762800001, 504673.158500001], [191764.362599999, 504673.118000001], [191763.359999999, 504673.016399998], [191762.3574, 504672.9146], [191761.354800001, 504672.812600002], [191760.352200001, 504672.7104], [191759.349599998, 504672.607999999], [191758.347100001, 504672.505399998], [191758.183200002, 504672.488699999], [191758.1767, 504672.488000002], [191757.752500001, 504672.444499999], [191757.627, 504672.431600001], [191757.344599999, 504672.4027], [191756.342099998, 504672.299699999], [191755.339600001, 504672.1965], [191754.337200001, 504672.0931], [191753.3347, 504671.989500001], [191752.3323, 504671.885699999], [191751.975200001, 504671.848700002], [191751.3299, 504671.7817], [191751.2075, 504671.769000001], [191750.327599999, 504671.677499998], [191750.2225, 504671.666499998], [191749.3453, 504671.575199999], [191749.325199999, 504671.573100001], [191749.2018, 504671.560199998], [191749.194899999, 504671.559500001], [191748.322900001, 504671.468499999], [191748.1994, 504671.455600001], [191747.320599999, 504671.363699999], [191746.318300001, 504671.258699998], [191745.676800001, 504671.191399999], [191745.316, 504671.153499998], [191744.3138, 504671.048099998], [191743.3116, 504670.942499999], [191742.3094, 504670.8367], [191741.3072, 504670.730700001], [191740.305, 504670.624499999], [191739.302900001, 504670.518100001], [191738.300799999, 504670.411499999], [191737.298700001, 504670.304699998], [191736.296599999, 504670.197700001], [191735.294599999, 504670.090500001], [191734.2925, 504669.983100001], [191734.052999999, 504669.957400002], [191734.052099999, 504669.9573], [191733.7225, 504669.9219], [191733.2905, 504669.875500001], [191732.556200001, 504669.796500001], [191732.2885, 504669.767700002], [191731.286600001, 504669.659600001], [191730.284600001, 504669.551399998], [191729.282699998, 504669.443], [191728.2808, 504669.334399998], [191727.278900001, 504669.2256], [191726.277100001, 504669.116599999], [191725.275199998, 504669.007399999], [191725.1085, 504668.9892], [191724.273400001, 504668.897999998], [191723.271600001, 504668.788400002], [191722.906100001, 504668.748300001], [191722.269900002, 504668.678599998], [191721.268100001, 504668.568599999], [191720.266399998, 504668.4584], [191719.264699999, 504668.348000001], [191718.514699999, 504668.2652], [191718.503400002, 504668.263900001], [191718.263, 504668.237300001], [191717.261300001, 504668.126499999], [191716.2597, 504668.015500002], [191715.258099999, 504667.904300001], [191714.256499998, 504667.7929], [191713.254900001, 504667.681299999], [191712.253400002, 504667.569499999], [191711.251899999, 504667.4575], [191710.250399999, 504667.345199998], [191709.2489, 504667.232799999], [191708.673900001, 504667.168200001], [191708.247400001, 504667.120200001], [191707.245999999, 504667.007399999], [191706.244600002, 504666.894400001], [191705.2432, 504666.781199999], [191704.241799999, 504666.667800002], [191703.240499999, 504666.554099999], [191703.154599998, 504666.544399999], [191702.239100002, 504666.440299999], [191701.237799998, 504666.326299999], [191701.1237, 504666.313299999], [191700.2366, 504666.212099999], [191699.235300001, 504666.0977], [191698.234099999, 504665.983100001], [191697.330600001, 504665.879500002], [191697.232900001, 504665.868299998], [191696.231699999, 504665.753199998], [191695.230500001, 504665.638], [191694.229400001, 504665.522599999], [191693.2456, 504665.409000002], [191693.228300001, 504665.407000002], [191692.227200001, 504665.291200001], [191691.226100001, 504665.175099999], [191690.898899999, 504665.137200002], [191690.895799998, 504665.136799999], [191690.7152, 504665.115899999], [191690.225099999, 504665.058899999], [191689.8105, 504665.010699999], [191689.7848, 504665.007800002], [191689.7566, 504665.004500002], [191689.314100001, 504664.953000002], [191689.223999999, 504664.942499999], [191689.169, 504664.936099999], [191688.854400001, 504664.899500001], [191688.7982, 504664.892900001], [191688.263099998, 504664.830600001], [191688.223000001, 504664.8259], [191687.222100001, 504664.709100001], [191686.621399999, 504664.638900001], [191686.221099999, 504664.592099998], [191685.220199998, 504664.474800002], [191684.219300002, 504664.3574], [191683.218400002, 504664.239799999], [191682.471299998, 504664.151900001], [191682.217500001, 504664.122000001], [191681.715999998, 504664.062899999], [191681.216699999, 504664.004000001], [191680.2159, 504663.885699999], [191679.215100002, 504663.767299999], [191678.214299999, 504663.648699999], [191677.702599999, 504663.588], [191677.6939, 504663.5869], [191677.213599999, 504663.529899999], [191676.212900002, 504663.4109], [191675.212200001, 504663.2916], [191674.2115, 504663.172200002], [191673.9188, 504663.137200002], [191673.210900001, 504663.0526], [191672.210200001, 504662.932799999], [191671.209600002, 504662.812800001], [191670.209100001, 504662.692499999], [191669.208500002, 504662.572099999], [191668.7443, 504662.516199999], [191668.208000001, 504662.451499999], [191667.996599998, 504662.425999999], [191667.2075, 504662.330699999], [191666.206999999, 504662.209600002], [191665.206599999, 504662.088399999], [191664.4384, 504661.995200001], [191664.375500001, 504661.987599999], [191664.206099998, 504661.967], [191663.205699999, 504661.845400002], [191662.205400001, 504661.7236], [191661.204999998, 504661.601500001], [191661.0101, 504661.5777], [191660.444699999, 504661.508699998], [191660.204700001, 504661.4793], [191659.204399999, 504661.356899999], [191658.204100002, 504661.234299999], [191657.2038, 504661.111400001], [191656.203600001, 504660.988400001], [191655.203400001, 504660.865200002], [191654.203200001, 504660.741799999], [191653.203000002, 504660.6182], [191652.864399999, 504660.576299999], [191652.2029, 504660.4943], [191651.202799998, 504660.370299999], [191650.2027, 504660.246100001], [191649.331500001, 504660.137699999], [191649.206700001, 504660.122200001], [191649.2027, 504660.1217], [191648.317200001, 504660.011300001], [191648.202599999, 504659.997000001], [191647.202599999, 504659.872200001], [191646.202599999, 504659.747200001], [191645.2027, 504659.622000001], [191644.2027, 504659.496599998], [191643.202799998, 504659.370900001], [191642.2029, 504659.245099999], [191641.2031, 504659.119100001], [191640.203200001, 504658.992899999], [191639.413400002, 504658.892999999], [191639.203400001, 504658.8664], [191638.203600001, 504658.739799999], [191637.203899998, 504658.613000002], [191636.2042, 504658.486000001], [191635.204399999, 504658.358800001], [191634.204799999, 504658.2313], [191633.2051, 504658.103700001], [191632.205499999, 504657.975900002], [191631.205899999, 504657.847899999], [191630.206300002, 504657.719599999], [191629.206700001, 504657.591200002], [191628.207199998, 504657.4626], [191627.207699999, 504657.333799999], [191627.002900001, 504657.307300001], [191626.907299999, 504657.295000002], [191626.326099999, 504657.219999999], [191626.2304, 504657.207600001], [191626.2082, 504657.204799999], [191625.208799999, 504657.0755], [191624.209399998, 504656.9461], [191623.210000001, 504656.816500001], [191622.2106, 504656.686700001], [191621.211199999, 504656.556600001], [191620.2119, 504656.426399998], [191619.2126, 504656.296], [191618.213399999, 504656.165399998], [191617.2141, 504656.034600001], [191616.214899998, 504655.903499998], [191615.215700001, 504655.772300001], [191614.216499999, 504655.640900001], [191613.7742, 504655.582699999], [191613.281199999, 504655.517700002], [191613.217399999, 504655.509300001], [191612.2183, 504655.377500001], [191611.2192, 504655.2454], [191610.220100001, 504655.113200001], [191609.221099999, 504654.980799999], [191608.292800002, 504654.8576], [191608.222100001, 504654.848200001], [191606.224199999, 504654.582400002], [191604.226300001, 504654.315699998], [191602.228599999, 504654.048300002], [191600.230999999, 504653.780000001], [191599.392099999, 504653.667100001], [191598.2335, 504653.511], [191596.236099999, 504653.2412], [191594.2388, 504652.9705], [191592.241700001, 504652.699099999], [191590.244600002, 504652.426899999], [191588.2476, 504652.153900001], [191586.250799999, 504651.879999999], [191584.254000001, 504651.6054], [191582.257399999, 504651.329999998], [191580.260899998, 504651.053800002], [191578.2645, 504650.776700001], [191576.268199999, 504650.4989], [191574.272, 504650.2203], [191572.275899999, 504649.940900002], [191570.279899999, 504649.660700001], [191568.2841, 504649.379700001], [191566.2883, 504649.097800002], [191564.2927, 504648.815200001], [191562.297200002, 504648.531800002], [191560.301800001, 504648.2476], [191558.306499999, 504647.9626], [191557.2355, 504647.809300002], [191556.311299998, 504647.676800001], [191554.316300001, 504647.3902], [191552.3213, 504647.1028], [191550.326499999, 504646.814599998], [191548.331799999, 504646.525600001], [191546.337200001, 504646.235800002], [191544.342700001, 504645.9452], [191542.348299999, 504645.653900001], [191540.3541, 504645.361699998], [191538.359900001, 504645.068700001], [191537.551199999, 504644.9496], [191536.365899999, 504644.774900001], [191534.372000001, 504644.480300002], [191532.3783, 504644.184900001], [191530.384599999, 504643.888799999], [191528.391100001, 504643.591800001], [191526.397599999, 504643.294], [191524.404300001, 504642.995499998], [191522.4111, 504642.6961], [191520.418099999, 504642.3959], [191518.425099999, 504642.094999999], [191517.874899998, 504642.011799999], [191516.432300001, 504641.793200001], [191514.439599998, 504641.490699999], [191512.762499999, 504641.235399999], [191332.528000001, 504613.771400001], [191332.526299998, 504613.771200001], [191261.918200001, 504603.011999998]]}, "properties": {"OBJECTID": 248, "SOORT": 6, "KPNIDENT": " ", "STATUS": 1}}, {"type": "Feature", "id": 249, "geometry": {"type": "LineString", "coordinates": [[190385.008099999, 504583.233399998], [190524.548900001, 504564.392099999], [190535.843499999, 504563.126499999], [190547.183800001, 504562.372900002], [190558.546500001, 504562.133000001], [190569.908399999, 504562.407099999], [190599.0579, 504563.763999999], [190608.581, 504554.9016]]}, "properties": {"OBJECTID": 249, "SOORT": 6, "KPNIDENT": " ", "STATUS": 1}}, {"type": "Feature", "id": 280, "geometry": {"type": "LineString", "coordinates": [[191406.791200001, 504141.948600002], [191409.797699999, 504144.6393], [191409.0506, 504166.416700002], [191423.182999998, 504173.311299998], [191444.0064, 504160.104400001]]}, "properties": {"OBJECTID": 280, "SOORT": 6, "KPNIDENT": " ", "STATUS": 1}}, {"type": "Feature", "id": 281, "geometry": {"type": "LineString", "coordinates": [[191409.067499999, 504138.6085], [191432.0418, 504125.418200001], [191440.335000001, 504122.443], [191448.3257, 504126.574900001], [191448.965399999, 504128.2432], [191447.5803, 504138.482099999], [191448.243999999, 504139.362199999], [191445.891399998, 504156.573399998]]}, "properties": {"OBJECTID": 281, "SOORT": 6, "KPNIDENT": " ", "STATUS": 1}}, {"type": "Feature", "id": 286, "geometry": {"type": "LineString", "coordinates": [[191383.251499999, 504091.410300002], [191374.487, 504109.387600001], [191374.831099998, 504121.905999999]]}, "properties": {"OBJECTID": 286, "SOORT": 6, "KPNIDENT": " ", "STATUS": 1}}, {"type": "Feature", "id": 339, "geometry": {"type": "LineString", "coordinates": [[191972.022999998, 504167.192699999], [191971.987599999, 504167.610300001], [191954.761599999, 504179.1151], [191953.799899999, 504179.760600001], [191948.598900001, 504183.706700001], [191944.793900002, 504186.955400001], [191944.453600001, 504187.219599999], [191943.580899999, 504187.738899998], [191942.088399999, 504188.494399998], [191940.574499998, 504189.137800001], [191939.0403, 504189.661600001], [191937.804400001, 504189.998300001], [191936.874200001, 504190.202], [191935.942499999, 504190.363499999], [191931.937100001, 504190.811500002], [191931.011700001, 504190.856400002], [191930.084800001, 504190.846900001], [191929.642999999, 504190.824099999], [191868.413199998, 504185.059], [191863.560400002, 504184.4758], [191858.743999999, 504183.643800002], [191828.9036, 504177.694499999], [191824.087299999, 504176.862500001], [191819.234499998, 504176.279300001], [191793.963199999, 504173.899900001], [191777.4157, 504172.478100002]]}, "properties": {"OBJECTID": 339, "SOORT": 6, "KPNIDENT": " ", "STATUS": 1}}, {"type": "Feature", "id": 346, "geometry": {"type": "LineString", "coordinates": [[192764.6591, 504217.186799999], [192764.660999998, 504217.2848], [192745.2491, 504225.774500001], [192739.780099999, 504228.833000001], [192735.671, 504231.4639], [192734.725900002, 504231.862100001], [192734.087699998, 504232.095600002], [192732.479400001, 504232.582600001], [192730.8704, 504232.9571], [192729.262200002, 504233.211300001], [192727.980599999, 504233.328499999], [192726.706999999, 504233.369100001], [192723.056699999, 504233.418499999], [192705.2491, 504229.398699999], [192687.3462, 504225.827199999], [192669.359299999, 504222.706099998], [192651.299800001, 504220.0374], [192644.914900001, 504218.9529], [192612.4208, 504212.286800001], [192607.754500002, 504211.492800001], [192603.045200001, 504211.016100001], [192581.3719, 504209.882800002], [192559.674600001, 504209.392999999]]}, "properties": {"OBJECTID": 346, "SOORT": 6, "KPNIDENT": " ", "STATUS": 1}}, {"type": "Feature", "id": 350, "geometry": {"type": "LineString", "coordinates": [[192000.5689, 504169.8805], [192208.271600001, 504189.436700001], [192234.609299999, 504191.5713], [192260.993700001, 504193.020300001], [192287.406800002, 504193.782499999], [192313.830800001, 504193.857500002], [192340.2478, 504193.245200001], [192526.717999998, 504186.496100001], [192549.7914, 504186.013999999], [192572.868900001, 504186.237599999], [192595.9287, 504187.1666], [192618.949299999, 504188.800099999], [192641.909200002, 504191.136599999], [192664.787, 504194.173999999], [192687.5612, 504197.909400001], [192710.210499998, 504202.339299999], [192732.7139, 504207.459600002], [192755.050099999, 504213.265500002]]}, "properties": {"OBJECTID": 350, "SOORT": 6, "KPNIDENT": " ", "STATUS": 1}}, {"type": "Feature", "id": 351, "geometry": {"type": "LineString", "coordinates": [[192790.826900002, 504225.5484], [192809.229800001, 504231.765999999], [192827.4483, 504238.504900001], [192845.467500001, 504245.7597], [192863.272999998, 504253.524599999], [192890.936500002, 504265.9723], [192907.742800001, 504273.1373], [192924.819899999, 504279.630399998], [192942.141100001, 504285.441300001], [192959.679099999, 504290.560800001], [192977.406300001, 504294.980999999], [192995.2947, 504298.694800001], [193013.316399999, 504301.696400002], [193031.442899998, 504303.9811], [193049.6457, 504305.545299999], [193067.896299999, 504306.386599999], [193086.165800001, 504306.503600001], [193104.4256, 504305.8961], [193122.647, 504304.565200001], [193140.8013, 504302.512800001], [193158.859900001, 504299.742199998]]}, "properties": {"OBJECTID": 351, "SOORT": 6, "KPNIDENT": " ", "STATUS": 1}}, {"type": "Feature", "id": 353, "geometry": {"type": "LineString", "coordinates": [[187764.290800001, 505913.7676], [187766.871599998, 505934.675700001], [187767.727499999, 505944.673099998], [187767.833799999, 505954.706599999], [187767.1899, 505964.719900001], [187765.7993, 505974.657099999], [187763.669799998, 505984.4626], [187760.8134, 505994.081500001], [187757.245999999, 506003.459899999], [187752.987599999, 506012.545499999], [187748.061999999, 506021.2874], [187369.608199999, 506637.8475], [187362.1481, 506631.678300001], [187360.599100001, 506630.399900001], [187346.286600001, 506619.439199999], [187344.6897, 506618.230999999], [187325.331599999, 506604.0196], [187323.691300001, 506602.875100002], [187317.0623, 506598.396499999], [187316.160500001, 506597.822000001], [187315.8486, 506597.6094], [187313.504500002, 506596.195099998], [187311.837900002, 506595.147300001], [187308.549699999, 506593.030499998], [187305.263799999, 506590.911499999], [187301.947099999, 506588.8402], [187298.6239, 506586.7806], [187295.302999999, 506584.718899999], [187291.9844, 506582.654899999], [187288.6677, 506580.588599999], [187287.0101, 506579.5546], [187285.342, 506578.537300002], [187281.926800001, 506576.631000001], [187278.514600001, 506574.722899999], [187275.105300002, 506572.812899999], [187271.698600002, 506570.901000001], [187268.294399999, 506568.987], [187264.8924, 506567.070700001], [187261.4562, 506565.2148], [187258.0163, 506563.367600001], [187254.5788, 506561.518399999], [187251.1435, 506559.6668], [187247.710299999, 506557.813000001], [187244.278900001, 506555.956700001], [187242.540600002, 506555.0702], [187239.0374, 506553.347899999], [187235.536899999, 506551.623500001], [187232.038899999, 506549.896899998], [187228.543200001, 506548.168099999], [187225.049699999, 506546.436999999], [187221.5581, 506544.703499999], [187219.8004, 506543.860399999], [187216.229699999, 506542.285999998], [187212.662, 506540.7097], [187209.097199999, 506539.131299999], [187205.534899998, 506537.550700001], [187201.975099999, 506535.967900001], [187198.417399999, 506534.3827], [187194.861099999, 506532.796700001], [187191.264400002, 506531.299699999], [187187.670299999, 506529.8004], [187184.078499999, 506528.298799999], [187180.488899998, 506526.794799998], [187176.901099999, 506525.288400002], [187175.107900001, 506524.534200002], [187171.486499999, 506523.108100001], [187167.8642, 506521.686799999], [187164.244100001, 506520.263], [187160.6259, 506518.8367], [187157.009300001, 506517.4078], [187153.394299999, 506515.976300001], [187149.7806, 506514.541999999], [187147.949900001, 506513.885200001], [187144.2663, 506512.6314], [187140.585299999, 506511.375300001], [187136.906599998, 506510.116799999], [187133.23, 506508.855799999], [187129.555399999, 506507.592300002], [187127.718800001, 506506.959600002], [187124.0218, 506505.761599999], [187120.325599998, 506504.564800002], [187116.631299999, 506503.365400001], [187112.938700002, 506502.163400002], [187109.247699998, 506500.958700001], [187105.519299999, 506499.738899998], [187103.618500002, 506499.116700001], [187099.796399999, 506497.933699999], [187084.504900001, 506493.210499998], [187080.6807, 506492.033799998], [187065.371300001, 506487.3642], [187063.501800001, 506486.648400001], [187061.647999998, 506485.885899998], [187059.244199999, 506485.094500002]]}, "properties": {"OBJECTID": 353, "SOORT": 6, "KPNIDENT": " ", "STATUS": 1}}, {"type": "Feature", "id": 354, "geometry": {"type": "LineString", "coordinates": [[191228.5156, 504556.6006], [191226.389400002, 504537.816], [191134.601599999, 504523.829399999], [191108.333500002, 504538.265999999]]}, "properties": {"OBJECTID": 354, "SOORT": 6, "KPNIDENT": " ", "STATUS": 1}}, {"type": "Feature", "id": 355, "geometry": {"type": "LineString", "coordinates": [[187675.394299999, 505335.365400001], [187665.174899999, 505252.577500001], [187664.722899999, 505246.455600001], [187664.8737, 505240.3189], [187665.625799999, 505234.226599999], [187666.971900001, 505228.237500001], [187668.899, 505222.409299999], [187671.388500001, 505216.798300002], [187688.537099998, 505182.762899999], [187688.599199999, 505182.647300001], [187688.6644, 505182.536800001], [187688.7337, 505182.4289], [187688.8072, 505182.323899999], [187688.8847, 505182.221900001], [187688.9661, 505182.123100001], [187689.051199999, 505182.0277], [187689.1391, 505181.9351], [187689.224599998, 505181.840300001], [187689.310699999, 505181.745700002], [187689.3906, 505181.643399999], [187689.4659, 505181.533300001], [187689.538600001, 505181.415899999], [187689.611400001, 505181.293299999], [187689.6884, 505181.170200001], [187689.7685, 505181.044799998], [187689.8539, 505180.9201], [187689.942699999, 505180.7927], [187690.037599999, 505180.667100001], [187690.136300001, 505180.538699999], [187690.241799999, 505180.413400002], [187690.351500001, 505180.2852], [187690.468199998, 505180.1609], [187690.5671, 505179.9606], [187690.697999999, 505179.837000001], [187690.832600001, 505179.7042], [187690.977299999, 505179.5887], [187691.1281, 505179.475299999], [187691.285399999, 505179.366300002], [187691.448800001, 505179.260499999], [187691.6184, 505179.159200002], [187691.794300001, 505179.062600002], [187691.976100001, 505178.970899999], [187692.163899999, 505178.885200001], [187692.3576, 505178.804699998], [187692.556699999, 505178.7315], [187692.761300001, 505178.664000001], [187692.970899999, 505178.604899999], [187693.1855, 505178.552099999], [187693.4045, 505178.508499999], [187693.627900001, 505178.471900001], [187693.855, 505178.444899999], [187694.0858, 505178.426100001], [187694.319600001, 505178.416999999], [187694.5561, 505178.417100001], [187694.7949, 505178.427000001], [187695.042300001, 505178.4333], [187695.289299998, 505178.4553], [187695.416900001, 505178.482500002], [187710.120900001, 505184.988200001], [187711.0647, 505185.833700001], [187713.473700002, 505187.3433]]}, "properties": {"OBJECTID": 355, "SOORT": 6, "KPNIDENT": " ", "STATUS": 1}}, {"type": "Feature", "id": 486, "geometry": {"type": "LineString", "coordinates": [[194831.668000001, 515004.829], [194827.706, 515006.359999999], [194811.743000001, 515014.684999999], [194806.355999999, 515018.879999999], [194805.094999999, 515020.941], [194796.260000002, 515022.840999998], [194791.546, 515020.863000002], [194783.471999999, 515022.563000001], [194770.763, 515024.598000001]]}, "properties": {"OBJECTID": 486, "SOORT": 6, "KPNIDENT": " ", "STATUS": 1}}, {"type": "Feature", "id": 639, "geometry": {"type": "LineString", "coordinates": [[187721.703400001, 505171.5044], [187720.354200002, 505170.990699999], [187718.030900002, 505171.033599999], [187704.907900002, 505161.7388], [187703.892900001, 505161.043499999], [187703.5222, 505160.774799999], [187703.3783, 505160.586199999], [187703.243900001, 505160.3935], [187703.1182, 505160.198399998], [187703.0024, 505159.999899998], [187702.895199999, 505159.799899999], [187702.797699999, 505159.5977], [187702.708900001, 505159.394699998], [187702.6294, 505159.190699998], [187702.558699999, 505158.986499999], [187702.4965, 505158.782499999], [187702.443300001, 505158.578699999], [187702.397599999, 505158.376600001], [187702.361299999, 505158.174800001], [187702.331, 505157.976], [187702.3103, 505157.777899999], [187702.294399999, 505157.5836], [187702.287599999, 505157.390799999], [187702.285500001, 505157.2018], [187702.291000001, 505157.015299998], [187702.309500001, 505156.829399999], [187702.342500001, 505156.644400001], [187702.433800001, 505156.446899999], [187702.4639, 505156.2775], [187702.499699999, 505156.1118], [187702.537099998, 505155.951000001], [187702.580899999, 505155.7938], [187702.624000002, 505155.641600002], [187702.673500001, 505155.493000001], [187702.721500002, 505155.348900001], [187702.774599999, 505155.2086], [187702.8268, 505155.072299998], [187702.881900001, 505154.9397], [187702.9353, 505154.8105], [187702.983100001, 505154.684], [187703.017700002, 505154.558400001], [187703.046, 505154.433200002], [187703.071899999, 505154.308200002], [187703.093800001, 505154.182399999], [187703.118299998, 505154.057], [187703.147799999, 505153.932500001], [187703.182100002, 505153.809099998], [187703.2212, 505153.686999999], [187703.265099999, 505153.566599999], [187703.313700002, 505153.447799999], [187703.366900001, 505153.331099998], [187703.394900002, 505153.274300002], [187730.541999999, 505099.394400001], [187732.8528, 505095.087499999], [187735.382100001, 505090.905099999], [187751.792399999, 505065.282000002], [187754.321600001, 505061.099599998], [187756.6325, 505056.7927], [187776.1811, 505017.993900001]]}, "properties": {"OBJECTID": 639, "SOORT": 6, "KPNIDENT": " ", "STATUS": 1}}, {"type": "Feature", "id": 644, "geometry": {"type": "LineString", "coordinates": [[191052.3211, 504533.352699999], [191036.3587, 504539.885400001], [191010.383200001, 504535.679699998]]}, "properties": {"OBJECTID": 644, "SOORT": 6, "KPNIDENT": " ", "STATUS": 1}}, {"type": "Feature", "id": 645, "geometry": {"type": "LineString", "coordinates": [[191053.144299999, 504529.433899999], [191049.051100001, 504516.23], [191039.452300001, 504514.675799999], [191011.241300002, 504517.283199999], [191005.6884, 504517.444200002], [191000.159400001, 504516.904199999], [190975.392700002, 504512.894200001], [190942.7841, 504507.980300002], [190910.075599998, 504503.781599998], [190877.283100002, 504500.300000001], [190844.4221, 504497.5374], [190811.5086, 504495.495000001], [190778.558200002, 504494.173900001], [190745.586800002, 504493.574499998], [190712.610199999, 504493.697299998], [190679.644200001, 504494.542100001], [190646.704599999, 504496.108600002], [190613.807100002, 504498.396000002], [190580.967700001, 504501.403200001], [190548.202, 504505.128800001], [190533.723200001, 504510.942499999]]}, "properties": {"OBJECTID": 645, "SOORT": 6, "KPNIDENT": " ", "STATUS": 1}}, {"type": "Feature", "id": 646, "geometry": {"type": "LineString", "coordinates": [[191039.590100002, 504510.646000002], [191010.873199999, 504513.300099999], [191005.825100001, 504513.4465], [191000.798700001, 504512.955699999], [190976.032099999, 504508.945700001], [190955.324200001, 504505.7401], [190922.847100001, 504501.302900001], [190890.281399999, 504497.571699999], [190857.642299999, 504494.5484], [190824.945300002, 504492.234299999], [190792.205699999, 504490.6305], [190759.439100001, 504489.737799998], [190726.660799999, 504489.556600001], [190693.8862, 504490.087000001], [190661.130899999, 504491.3288], [190628.410300002, 504493.281300001], [190595.739799999, 504495.943700001], [190563.134799998, 504499.314599998]]}, "properties": {"OBJECTID": 646, "SOORT": 6, "KPNIDENT": " ", "STATUS": 1}}, {"type": "Feature", "id": 649, "geometry": {"type": "LineString", "coordinates": [[192046.3561, 504693.6888], [192048.433400001, 504692.931200001], [192057.968499999, 504689.917399999], [192067.504500002, 504686.906599998], [192077.0414, 504683.898699999], [192082.708900001, 504682.112199999], [192084.742899999, 504681.757100001], [192084.7542, 504681.756200001], [192086.801800001, 504681.5986], [192088.849399999, 504681.441100001], [192090.897100002, 504681.2837], [192092.944800001, 504681.126499999], [192094.989100002, 504680.9584], [192096.140799999, 504680.836800002], [192097.0317, 504680.737300001], [192099.091400001, 504680.495700002], [192101.151099999, 504680.238000002], [192103.2108, 504679.964200001], [192105.270300001, 504679.6743], [192107.329500001, 504679.3682], [192109.388300002, 504679.046100002], [192109.4584, 504679.034899998], [192111.4465, 504678.707899999], [192113.503899999, 504678.353500001], [192115.5605, 504677.983100001], [192117.616099998, 504677.5966], [192119.670600001, 504677.193999998], [192142.074700002, 504672.5737], [192148.347100001, 504671.555100001], [192154.683200002, 504671.070999999], [192161.037500001, 504671.125100002], [192187.321899999, 504672.7973], [192213.555599999, 504675.133200001], [192239.721900001, 504678.1316], [192265.804000001, 504681.790399998], [192291.785300002, 504686.107299998], [192317.649099998, 504691.079599999], [192343.379099999, 504696.704100002], [192368.9586, 504702.9771], [192394.371399999, 504709.894699998], [192414.131700002, 504710.5726], [192433.875700001, 504711.6219]]}, "properties": {"OBJECTID": 649, "SOORT": 6, "KPNIDENT": " ", "STATUS": 1}}, {"type": "Feature", "id": 692, "geometry": {"type": "LineString", "coordinates": [[192033.796500001, 504693.1107], [192033.671999998, 504693.104800001], [192031.6587, 504693.009100001], [192029.645500001, 504692.912700001], [192027.632300001, 504692.815400001], [192025.619199999, 504692.717300002], [192023.6061, 504692.6184], [192021.592999998, 504692.5187], [192021.3675, 504692.5075], [192019.5799, 504692.418299999], [192017.567000002, 504692.317000002], [192015.554000001, 504692.214899998], [192013.541099999, 504692.111900002], [192012.314599998, 504692.048900001], [192011.528200001, 504692.008200001], [192009.5154, 504691.903700002], [192007.502599999, 504691.7984], [192005.4899, 504691.692299999], [192003.477200001, 504691.585299999], [192003.264699999, 504691.574000001], [192001.464499999, 504691.477600001], [191999.451900002, 504691.369100001], [191997.439300001, 504691.2597], [191995.426800001, 504691.149599999], [191993.414299998, 504691.038600001], [191991.401900001, 504690.926800001], [191989.3895, 504690.814300001], [191987.377099998, 504690.7009], [191985.364799999, 504690.5867], [191983.352600001, 504690.471700002], [191981.340399999, 504690.355900001], [191979.328200001, 504690.239399999], [191977.316100001, 504690.122000001], [191975.304000001, 504690.003800001], [191973.291999999, 504689.8847], [191971.280000001, 504689.764899999], [191969.268100001, 504689.644299999], [191967.256200001, 504689.5229], [191965.244399998, 504689.400699999], [191963.2326, 504689.277600002], [191961.220800001, 504689.1538], [191959.209199999, 504689.029199999], [191957.197500002, 504688.903700002], [191955.185899999, 504688.7775], [191953.174400002, 504688.650400002], [191952.953200001, 504688.636399999], [191951.162900001, 504688.522599999], [191949.151500002, 504688.3939], [191947.140099999, 504688.264400002], [191945.128800001, 504688.134100001], [191943.1175, 504688.0031], [191942.587400001, 504687.968400002], [191942.111900002, 504687.937199999], [191941.1063, 504687.871199999], [191940.100699998, 504687.804900002], [191939.095100001, 504687.738499999], [191938.089600001, 504687.6719], [191937.083999999, 504687.605], [191937.0636, 504687.603700001], [191936.078499999, 504687.537999999], [191935.072999999, 504687.470699999], [191934.067499999, 504687.403299998], [191933.061999999, 504687.3356], [191932.056499999, 504687.2678], [191931.050999999, 504687.199700002], [191930.045600001, 504687.131499998], [191929.040100001, 504687.063000001], [191928.034699999, 504686.994399998], [191927.029300001, 504686.925500002], [191926.023899999, 504686.856400002], [191925.0185, 504686.7872], [191924.5374, 504686.754000001], [191924.441100001, 504686.747299999], [191924.013099998, 504686.717700001], [191923.8565, 504686.706900001], [191923.760400001, 504686.700199999], [191923.0077, 504686.6481], [191922.0024, 504686.578200001], [191920.997099999, 504686.508099999], [191919.991799999, 504686.437899999], [191918.986400001, 504686.367400002], [191917.981199998, 504686.296700001], [191916.975900002, 504686.225900002], [191915.970600002, 504686.154800002], [191914.965399999, 504686.083500002], [191913.960099999, 504686.0121], [191912.9549, 504685.940400001], [191912.693599999, 504685.921700001], [191911.949700002, 504685.868500002], [191910.944499999, 504685.796399999], [191909.939399999, 504685.724199999], [191908.9342, 504685.651700001], [191907.929000001, 504685.579], [191906.923900001, 504685.506099999], [191905.9188, 504685.4331], [191904.913699999, 504685.3598], [191903.908599999, 504685.2863], [191902.903499998, 504685.2126], [191902.329700001, 504685.170499999], [191902.209899999, 504685.161600001], [191901.898499999, 504685.138700001], [191901.435800001, 504685.104699999], [191901.310400002, 504685.095400002], [191900.893399999, 504685.064599998], [191899.8884, 504684.990400001], [191898.883400001, 504684.915899999], [191897.878400002, 504684.841200002], [191897.350000001, 504684.801800001], [191896.873399999, 504684.7663], [191895.8684, 504684.691199999], [191894.863499999, 504684.615899999], [191893.858600002, 504684.540399998], [191892.853599999, 504684.464699998], [191892.503899999, 504684.4384], [191891.848700002, 504684.388799999], [191890.843800001, 504684.312800001], [191889.8389, 504684.236499999], [191889.576099999, 504684.216499999], [191888.834100001, 504684.16], [191887.8292, 504684.083299998], [191886.8244, 504684.0064], [191886.195099998, 504683.958099999], [191886.1314, 504683.953200001], [191885.819600001, 504683.929299999], [191884.814800002, 504683.852000002], [191883.809999999, 504683.774500001], [191882.805199999, 504683.696800001], [191881.808200002, 504683.6195], [191881.800500002, 504683.618900001], [191880.795699999, 504683.540800001], [191879.791000001, 504683.462499999], [191878.7863, 504683.384], [191877.781599998, 504683.305199999], [191876.776900001, 504683.226300001], [191876.612399999, 504683.213399999], [191875.772300001, 504683.1472], [191874.7676, 504683.067899998], [191873.763, 504682.988400001], [191873.069800001, 504682.933400001], [191872.758400001, 504682.9087], [191871.753800001, 504682.8288], [191870.749200001, 504682.7487], [191870.708500002, 504682.7454], [191869.7447, 504682.668400001], [191868.7852, 504682.591499999], [191868.7401, 504682.5878], [191867.735599998, 504682.507100001], [191866.7311, 504682.426199999], [191865.726599999, 504682.345100001], [191864.722100001, 504682.263799999], [191863.862100001, 504682.193999998], [191863.717599999, 504682.182300001], [191862.713199999, 504682.100499999], [191862.442000002, 504682.078400001], [191861.9111, 504682.035100002], [191861.708700001, 504682.018599998], [191861.156300001, 504681.973499998], [191861.149, 504681.972899999], [191860.704300001, 504681.936500002], [191860.6712, 504681.933800001], [191860.663600001, 504681.933200002], [191860.193399999, 504681.8946], [191859.699900001, 504681.854200002], [191858.8651, 504681.785599999], [191858.695500001, 504681.771600001], [191857.691100001, 504681.688900001], [191857.261700001, 504681.653499998], [191856.686799999, 504681.605999999], [191855.682500001, 504681.5229], [191854.678100001, 504681.4395], [191853.673799999, 504681.355999999], [191852.669500001, 504681.272300001], [191852.6008, 504681.2665], [191851.6653, 504681.1884], [191850.660999998, 504681.104200002], [191850.319499999, 504681.075599998], [191849.656800002, 504681.019900002], [191848.652600002, 504680.935400002], [191847.648400001, 504680.8506], [191846.7181, 504680.772], [191846.644200001, 504680.765700001], [191845.640000001, 504680.680599999], [191844.635899998, 504680.595199998], [191843.631700002, 504680.5097], [191842.627599999, 504680.423999999], [191841.623500001, 504680.338], [191840.619399998, 504680.251899999], [191839.615400001, 504680.1655], [191838.611299999, 504680.079], [191837.607299998, 504679.9923], [191836.9903, 504679.9388]]}, "properties": {"OBJECTID": 692, "SOORT": 6, "KPNIDENT": " ", "STATUS": 1}}, {"type": "Feature", "id": 695, "geometry": {"type": "LineString", "coordinates": [[192085.226500001, 504676.6105], [192087.028000001, 504675.673599999], [192088.829500001, 504674.7366], [192090.630899999, 504673.799600001], [192092.432300001, 504672.862399999], [192093.454500001, 504672.330699999], [192094.222800002, 504671.927099999], [192096.000700001, 504671.009799998], [192097.7762, 504670.097899999], [192099.544399999, 504669.1765], [192101.435699999, 504668.621800002], [192103.331300002, 504668.075599998], [192105.226300001, 504667.5231], [192105.290800001, 504667.5042], [192107.120499998, 504666.964299999], [192109.014199998, 504666.399099998], [192110.909299999, 504665.832800001], [192112.806699999, 504665.267200001], [192114.702399999, 504664.692000002], [192116.596500002, 504664.107099999], [192117.545400001, 504663.813700002], [192117.545600001, 504663.8136], [192117.653900001, 504663.777600002], [192117.764400002, 504663.741099998], [192117.979600001, 504663.669599999], [192117.984499998, 504663.667399999], [192118.199499998, 504663.594999999], [192118.204399999, 504663.592799999], [192118.2093, 504663.590700001], [192118.424199998, 504663.517499998], [192118.429099999, 504663.515299998], [192118.547499999, 504663.476], [192118.645, 504663.443500001], [192118.8609, 504663.371199999], [192118.865800001, 504663.368999999], [192118.8708, 504663.366799999], [192118.997900002, 504663.3237], [192119.086800002, 504663.293499999], [192119.302499998, 504663.218699999], [192119.307399999, 504663.216400001], [192119.3123, 504663.2141], [192119.443100002, 504663.166999999], [192119.526999999, 504663.136599999], [192119.741599999, 504663.0583], [192119.746599998, 504663.0559], [192119.751600001, 504663.0535], [192119.965999998, 504662.974399999], [192120.180300001, 504662.894499999], [192120.185400002, 504662.892000001], [192120.190400001, 504662.8895], [192120.333999999, 504662.835499998], [192120.4047, 504662.808800001], [192120.4463, 504662.793000001], [192120.619199999, 504662.7271], [192120.624400001, 504662.724599998], [192120.629500002, 504662.721999999], [192120.845199998, 504662.6417], [192120.850499999, 504662.639199998], [192121.066100001, 504662.558200002], [192121.2282, 504662.4969], [192121.281599998, 504662.476399999], [192121.286899999, 504662.473700002], [192121.5009, 504662.388599999], [192121.506200001, 504662.3858], [192121.511599999, 504662.383099999], [192121.725400001, 504662.2971], [192121.8957, 504662.228100002], [192121.939300001, 504662.210299999], [192121.944800001, 504662.2075], [192121.950300001, 504662.204599999], [192122.118099999, 504662.135899998], [192122.164799999, 504662.116799999], [192122.379000001, 504662.028200001], [192122.384599999, 504662.025199998], [192122.390299998, 504662.0222], [192122.604400001, 504661.932799999], [192122.610100001, 504661.929699998], [192122.617800001, 504661.9265], [192122.824000001, 504661.839499999], [192122.829799999, 504661.836300001], [192123.009100001, 504661.761799999], [192123.0447, 504661.747099999], [192123.0506, 504661.743999999], [192123.265700001, 504661.654399998], [192123.344099998, 504661.6215], [192123.480300002, 504661.562199999], [192123.486400001, 504661.558800001], [192123.716699999, 504661.4892], [192123.723299999, 504661.4866], [192123.73, 504661.483899999], [192123.934799999, 504661.423799999], [192123.962200001, 504661.4157], [192124.194600001, 504661.3466], [192124.201499999, 504661.343800001], [192124.434099998, 504661.273899999], [192124.441199999, 504661.2709], [192124.6741, 504661.200100001], [192124.681200001, 504661.197099999], [192124.6884, 504661.1941], [192124.903200001, 504661.127999999], [192124.905900002, 504661.127099998], [192124.9219, 504661.122200001], [192125.153000001, 504661.043699998], [192125.160100002, 504661.039900001], [192125.167199999, 504661.036200002], [192125.3882, 504660.942299999], [192125.4487, 504660.914500002]]}, "properties": {"OBJECTID": 695, "SOORT": 6, "KPNIDENT": " ", "STATUS": 1}}, {"type": "Feature", "id": 775, "geometry": {"type": "LineString", "coordinates": [[190608.393800002, 504554.594799999], [190607.736299999, 504554.3002], [190606.911499999, 504553.9355], [190606.099399999, 504553.536200002], [190605.338399999, 504552.998599999], [190604.584600002, 504552.434599999], [190603.828899998, 504551.867899999], [190603.069899999, 504551.302499998], [190602.307100002, 504550.739599999], [190601.5403, 504550.179499999], [190600.769900002, 504549.6217], [190599.996399999, 504549.064100001], [190599.3277, 504548.588399999], [190599.218600001, 504548.510699999], [190598.4373, 504547.958900001], [190597.652399998, 504547.4091], [190596.863600001, 504546.862100001], [190596.070900001, 504546.318100002], [190595.2744, 504545.7766], [190594.450800002, 504545.316599999], [190593.585700002, 504544.991], [190592.718600001, 504544.669599999], [190591.8497, 504544.352400001], [190590.978799999, 504544.0396], [190590.1061, 504543.730900001], [190589.2315, 504543.4265], [190588.355099998, 504543.1263], [190587.4769, 504542.8303], [190586.596900001, 504542.538600001], [190585.7152, 504542.2513], [190584.831599999, 504541.9683], [190583.946400002, 504541.6897], [190583.0594, 504541.415399998], [190582.170699999, 504541.145300001], [190581.280400001, 504540.8796], [190580.388500001, 504540.618299998], [190579.494899999, 504540.361400001], [190578.5997, 504540.108899999], [190577.7029, 504539.8609], [190576.804499999, 504539.6173], [190575.904599998, 504539.3781], [190575.0033, 504539.142999999], [190574.100400001, 504538.912700001], [190573.195999999, 504538.686900001], [190572.290100001, 504538.465500001], [190571.878400002, 504538.366500001], [190571.3829, 504538.248799998], [190570.474100001, 504538.0372], [190569.5638, 504537.830699999], [190568.651999999, 504537.6294], [190567.738899998, 504537.433400001], [190566.8244, 504537.242600001], [190565.908500001, 504537.057100002], [190564.9912, 504536.876800001], [190564.072700001, 504536.701900002], [190563.153000001, 504536.532200001], [190562.232000001, 504536.367899999], [190561.309799999, 504536.208900001], [190560.386500001, 504536.055199999], [190559.462000001, 504535.906800002], [190558.536499999, 504535.763700001], [190557.609900001, 504535.625999998], [190556.682300001, 504535.493700001], [190555.753699999, 504535.366700001], [190554.824099999, 504535.245099999], [190553.893599998, 504535.128899999], [190552.962299999, 504535.018100001], [190552.030099999, 504534.912700001], [190551.096999999, 504534.8127], [190550.163199998, 504534.7181], [190549.228700001, 504534.629000001], [190548.293400001, 504534.545400001], [190547.357500002, 504534.4672], [190546.420899998, 504534.394400001], [190545.483800001, 504534.327100001], [190544.546, 504534.2652], [190543.607700001, 504534.208799999], [190542.669, 504534.157900002], [190541.729699999, 504534.112500001], [190540.789999999, 504534.0726], [190539.8499, 504534.038199998], [190538.909499999, 504534.011], [190537.969099998, 504534.0011], [190537.041299999, 504534.009799998], [190526.851500001, 504534.5187], [190516.707600001, 504535.610199999], [190421.124899998, 504548.516100001], [190419.7476, 504548.703299999], [190408.644900002, 504550.5777], [190397.681200001, 504553.1426], [190386.8992, 504556.387899999], [190376.3413, 504560.301100001], [190363.196699999, 504565.646200001], [190360.539099999, 504566.556600001], [190357.7962, 504567.162999999], [190349.8376, 504568.458500002], [190322.557599999, 504572.513900001], [190316.279399998, 504573.358899999], [190235.437600002, 504581.829]]}, "properties": {"OBJECTID": 775, "SOORT": 6, "KPNIDENT": " ", "STATUS": 1}}, {"type": "Feature", "id": 776, "geometry": {"type": "LineString", "coordinates": [[191006.3937, 504565.9309], [190967.816799998, 504559.684900001], [190937.298999999, 504555.074499998], [190906.690499999, 504551.111000001], [190876.004999999, 504547.796], [190845.256200001, 504545.131000001], [190814.457899999, 504543.117400002], [190783.6239, 504541.755800001], [190752.767999999, 504541.0471], [190721.903999999, 504540.9914], [190691.045699999, 504541.588799998]]}, "properties": {"OBJECTID": 776, "SOORT": 6, "KPNIDENT": " ", "STATUS": 1}}, {"type": "Feature", "id": 781, "geometry": {"type": "LineString", "coordinates": [[192507.1899, 504725.7117], [192480.559099998, 504715.343699999], [192453.659400001, 504705.695], [192426.510200001, 504696.772599999], [192399.131000001, 504688.582899999], [192371.5416, 504681.1318], [192343.761999998, 504674.424600001], [192315.8123, 504668.466400001], [192287.712499999, 504663.2612], [192259.482999999, 504658.812899999], [192231.144200001, 504655.1248], [192202.716499999, 504652.1994], [192174.220400002, 504650.038899999], [192145.676600002, 504648.6448], [192095.3794, 504646.8653], [192043.4694, 504644.758200001], [191991.583999999, 504642.1107], [191939.7291, 504638.9232], [191887.9102, 504635.195900001], [191836.1329, 504630.929400001]]}, "properties": {"OBJECTID": 781, "SOORT": 6, "KPNIDENT": " ", "STATUS": 1}}, {"type": "Feature", "id": 782, "geometry": {"type": "LineString", "coordinates": [[191723.868000001, 504619.809999999], [191672.826900002, 504613.905099999], [191621.849300001, 504607.4749], [191570.9406, 504600.520199999], [191520.106199998, 504593.041700002], [191338.207899999, 504565.324200001], [191333.2733, 504564.2498], [191328.513300002, 504562.562100001], [191301.258900002, 504550.913800001]]}, "properties": {"OBJECTID": 782, "SOORT": 6, "KPNIDENT": " ", "STATUS": 1}}, {"type": "Feature", "id": 785, "geometry": {"type": "LineString", "coordinates": [[189272.946899999, 503997.021000002], [189275.577199999, 503988.318399999], [189277.068300001, 503989.116700001], [189277.948100001, 503989.5944], [189278.9672, 503989.783500001], [189279.996399999, 503989.951699998], [189280.104899999, 503989.9571], [189280.9487, 503990.279199999], [189281.8728, 503990.665399998], [189282.794199999, 503991.056899998], [189283.7337, 503991.4109], [189284.675500002, 503991.7601], [189285.341899998, 503992.68], [189286.1763, 503993.251699999], [189287.604400001, 503992.593699999], [189288.597600002, 503992.836399999], [189289.653299998, 503992.949700002], [189290.626200002, 503993.234499998], [189291.699999999, 503993.310400002], [189292.6347, 503993.674400002], [189293.258699998, 503994.6822], [189294.296100002, 503994.833500002], [189295.7709, 503994.078600001], [189296.862399999, 503994.117600001], [189297.901799999, 503994.264699999], [189298.9936, 503994.303300001], [189300.027199998, 503994.462400001], [189300.945500001, 503994.860300001], [189302.036600001, 503994.9003], [189303.292300001, 503994.599300001], [189304.388500001, 503994.460700002], [189304.420000002, 503994.563499998], [189305.1954, 503995.257599998], [189306.399999999, 503995.0623], [189308.423300002, 503993.171100002], [189309.240899999, 503993.777600002], [189310.223900001, 503993.960000001], [189310.283, 503993.978700001], [189312.0033, 503994.4144], [189313.691599999, 503994.943300001], [189315.395, 503995.471999999], [189316.7502, 503996.6237], [189318.245200001, 503997.524099998], [189318.991099998, 503998.1076], [189319.581, 503998.673799999], [189320.8849, 503999.853300001], [189322.289099999, 504000.871800002], [189323.508299999, 504002.141600002], [189324.6195, 504003.533300001], [189325.508099999, 504005.1776], [189326.091400001, 504007.145300001], [189326.394900002, 504009.367899999], [189326.807999998, 504011.379099999], [189325.155999999, 504015.533500001], [189324.881700002, 504018.029100001], [189324.9036, 504019.235199999], [189325.045000002, 504019.979800001], [189325.508699998, 504021.575399999], [189326.451099999, 504022.692400001], [189327.581599999, 504023.640999999], [189328.526700001, 504023.721099999], [189329.470899999, 504023.961800002], [189330.8739, 504024.739799999], [189332.061999999, 504025.7152], [189333.352899998, 504026.630899999], [189334.5737, 504027.620700002], [189335.795299999, 504028.630199999], [189336.928399999, 504029.718699999], [189339.558400001, 504029.884500001], [189340.990200002, 504030.868900001], [189352.338100001, 504026.203899998], [189352.627300002, 504026.173599999], [189355.034299999, 504028.943], [189356.031800002, 504030.914099999], [189383.051899999, 504085.917800002]]}, "properties": {"OBJECTID": 785, "SOORT": 6, "KPNIDENT": " ", "STATUS": 1}}, {"type": "Feature", "id": 787, "geometry": {"type": "LineString", "coordinates": [[191527.070099998, 504581.276500002], [191546.463799998, 504584.036800001], [191565.908100002, 504586.415199999], [191675.682799999, 504598.748300001], [191686.417100001, 504590.1932], [191697.3565, 504591.422200002], [191699.2458, 504591.638], [191757.8796, 504598.092599999], [191816.585900001, 504603.850000001], [191825.328299999, 504614.386599999], [191865.443700001, 504617.838100001], [191866.402800001, 504617.918499999], [192006.682700001, 504629.951699998], [192024.4208, 504631.153499998], [192060.118799999, 504632.8015], [192095.8277, 504634.193300001], [192146.125, 504635.9727], [192175.071199998, 504637.3873], [192203.968800001, 504639.580800001], [192232.7969, 504642.551600002], [192261.534499999, 504646.297499999], [192290.1609, 504650.816], [192318.655200001, 504656.103599999], [192346.9967, 504662.156500001], [192375.165100001, 504668.970400002], [192403.139699999, 504676.540399998], [192473.958700001, 504696.7311], [192484.795699999, 504700.084199999], [192495.472199999, 504703.9179], [192519.822700001, 504713.621399999], [192543.1195, 504723.580200002], [192566.157600001, 504734.1237], [192588.9223, 504745.245200001], [192611.399099998, 504756.937600002], [192633.5737, 504769.193399999], [192642.470699999, 504774.258200001], [192660.0513, 504784.583799999], [192677.346299998, 504795.381000001], [192694.3431, 504806.641800001], [192711.029199999, 504818.358100001], [192727.3924, 504830.521200001], [192764.528999999, 504858.913199998], [192770.213500001, 504863.323800001], [192922.9197, 504984.0381]]}, "properties": {"OBJECTID": 787, "SOORT": 6, "KPNIDENT": " ", "STATUS": 1}}, {"type": "Feature", "id": 788, "geometry": {"type": "LineString", "coordinates": [[191310.9342, 504548.341899998], [191527.070099998, 504581.276500002]]}, "properties": {"OBJECTID": 788, "SOORT": 6, "KPNIDENT": " ", "STATUS": 1}}, {"type": "Feature", "id": 789, "geometry": {"type": "LineString", "coordinates": [[191039.590100002, 504510.646000002], [190977.387400001, 504500.574700002], [190952.806600001, 504496.801100001], [190928.167199999, 504493.430500001], [190903.475900002, 504490.464000002], [190872.187100001, 504487.292199999], [190840.839299999, 504484.769099999], [190809.445900001, 504482.8959], [190778.020500001, 504481.6732], [190746.5766, 504481.101599999], [190715.127500001, 504481.181400001], [190683.686799999, 504481.912500001], [190614.340300001, 504484.243900001], [190606.4672, 504485.031199999], [190598.709600002, 504486.588199999], [190591.1424, 504488.899599999], [190563.134799998, 504499.314599998]]}, "properties": {"OBJECTID": 789, "SOORT": 6, "KPNIDENT": " ", "STATUS": 1}}, {"type": "Feature", "id": 790, "geometry": {"type": "LineString", "coordinates": [[190903.920499999, 504486.4888], [190928.676800001, 504489.463100001], [190953.381099999, 504492.842500001], [190978.026700001, 504496.6261], [191037.847199999, 504506.311700001]]}, "properties": {"OBJECTID": 790, "SOORT": 6, "KPNIDENT": " ", "STATUS": 1}}, {"type": "Feature", "id": 791, "geometry": {"type": "LineString", "coordinates": [[190903.920499999, 504486.4888], [190872.5493, 504483.308600001], [190841.118900001, 504480.778900001], [190809.6428, 504478.900699999], [190778.1347, 504477.674800001], [190746.607799999, 504477.1017], [190715.0759, 504477.181699999], [190683.5524, 504477.914799999], [190595.829599999, 504480.864], [190583.710499998, 504481.5616], [190553.697000001, 504484.010200001], [190540.449099999, 504485.267299999], [190527.239, 504486.8737], [190251.7685, 504524.068700001], [190234.1853, 504526.759599999], [190187.4947, 504534.750599999], [190186.776000001, 504534.874699999], [190140.042300001, 504543.011300001], [190125.204399999, 504545.954100002], [190110.520399999, 504549.588100001], [190096.022599999, 504553.905299999], [190081.742800001, 504558.896299999], [190067.712099999, 504564.550099999], [190053.9615, 504570.854400001], [190040.5209, 504577.795299999], [190027.4199, 504585.3576], [190014.687199999, 504593.524799999], [190002.350699998, 504602.278900001], [189754.116999999, 504787.313999999], [189745.5438, 504793.564100001], [189690.953600001, 504832.481800001], [189686.666999999, 504835.606800001], [189628.514800001, 504878.953899998], [189625.238600001, 504881.0583], [189621.702100001, 504882.687899999], [189617.973700002, 504883.811099999], [189614.125599999, 504884.406199999], [189610.2322, 504884.4617]]}, "properties": {"OBJECTID": 791, "SOORT": 6, "KPNIDENT": " ", "STATUS": 1}}, {"type": "Feature", "id": 793, "geometry": {"type": "LineString", "coordinates": [[191528.450399999, 504147.8202], [191529.480300002, 504147.998399999], [191538.141199999, 504149.337900002], [191546.8627, 504150.199900001], [191555.6182, 504150.581700001], [191564.3816, 504150.4822], [191658.2366, 504146.836399999], [191685.840999998, 504146.130899999], [191713.454300001, 504146.158100002], [191741.057100002, 504146.918099999], [191768.630100001, 504148.410300002], [191796.1538, 504150.6338], [191967.779800002, 504166.793200001]]}, "properties": {"OBJECTID": 793, "SOORT": 6, "KPNIDENT": " ", "STATUS": 1}}, {"type": "Feature", "id": 794, "geometry": {"type": "LineString", "coordinates": [[191462.753699999, 504164.799800001], [191472.555599999, 504160.8587], [191483.3039, 504164.780699998], [191494.2278, 504168.1829], [191505.302299999, 504171.057500001], [191516.501899999, 504173.397999998], [191524.530999999, 504175.0493], [191534.564199999, 504179.363400001], [191544.82, 504183.117800001], [191555.267200001, 504186.300900001], [191565.874000002, 504188.903200001]]}, "properties": {"OBJECTID": 794, "SOORT": 6, "KPNIDENT": " ", "STATUS": 1}}, {"type": "Feature", "id": 795, "geometry": {"type": "LineString", "coordinates": [[191753.4386, 504630.930500001], [191738.828899998, 504625.462900002], [191683.8827, 504619.257300001], [191629.008699998, 504612.443799999], [191574.213399999, 504605.022999998], [191519.503699999, 504596.996100001], [191337.605300002, 504569.2786], [191332.177200001, 504568.096700002], [191326.941300001, 504566.2403], [191300.153999999, 504554.7916], [191270.259199999, 504550.236200001], [191251.660399999, 504560.1274]]}, "properties": {"OBJECTID": 795, "SOORT": 6, "KPNIDENT": " ", "STATUS": 1}}, {"type": "Feature", "id": 796, "geometry": {"type": "LineString", "coordinates": [[191723.868000001, 504619.809999999], [191693.236499999, 504608.0647], [191685.107500002, 504605.311999999], [191676.772399999, 504603.266399998], [191668.2927, 504601.9432], [191565.4615, 504590.3902], [191545.939100001, 504588.002300002], [191526.467500001, 504585.230900001], [191301.258900002, 504550.913800001]]}, "properties": {"OBJECTID": 796, "SOORT": 6, "KPNIDENT": " ", "STATUS": 1}}, {"type": "Feature", "id": 820, "geometry": {"type": "LineString", "coordinates": [[190197.765999999, 504149.105], [190199.489999998, 504152.193100002], [190199.676199999, 504153.179000001], [190200.3803, 504156.096700002], [190201.0407, 504159.026500002], [190201.657400001, 504161.968199998], [190202.4263, 504166.005100001], [190202.509199999, 504166.308200002], [190202.638500001, 504166.594599999], [190202.811099999, 504166.8572], [190203.022700001, 504167.089499999], [190203.267999999, 504167.285799999], [190203.541099999, 504167.441300001], [190203.835200001, 504167.552099999], [190204.142999999, 504167.615400001], [190204.456900001, 504167.629799999], [190204.769099999, 504167.594799999], [190241.7797, 504160.653000001], [190278.855300002, 504154.0669], [190315.9923, 504147.837099999], [190320.259300001, 504147.038699999], [190324.482799999, 504146.0352], [190354.727200001, 504138.074099999], [190359.491700001, 504136.957600001], [190364.309799999, 504136.101599999], [190364.409699999, 504136.0867], [190407.101599999, 504129.928399999]]}, "properties": {"OBJECTID": 820, "SOORT": 6, "KPNIDENT": " ", "STATUS": 1}}, {"type": "Feature", "id": 823, "geometry": {"type": "LineString", "coordinates": [[192507.1899, 504725.7117], [192484.868299998, 504709.6798], [192477.874400001, 504705.214200001], [192470.534200002, 504701.343800001], [192462.898499999, 504698.095199998], [192455.0198, 504695.491], [192402.043000001, 504680.3871], [192374.1723, 504672.8453], [192346.1087, 504666.056699999], [192317.872499999, 504660.026299998], [192289.484099999, 504654.758299999], [192260.9641, 504650.256700002], [192232.333299998, 504646.524599999], [192203.612399999, 504643.5649], [192174.8222, 504641.379500002], [192145.983600002, 504639.970199998], [192095.686299998, 504638.1908], [192059.9487, 504636.797899999], [192024.221999999, 504635.148499999], [192006.3409, 504633.937100001], [191894.133499999, 504624.311999999], [191885.559, 504623.9461], [191876.984700002, 504624.316799998], [191868.473700002, 504625.421300001], [191836.1329, 504630.929400001]]}, "properties": {"OBJECTID": 823, "SOORT": 6, "KPNIDENT": " ", "STATUS": 1}}, {"type": "Feature", "id": 824, "geometry": {"type": "LineString", "coordinates": [[191804.9551, 504636.033100002], [191820.353599999, 504633.537700001], [191875.247299999, 504638.215300001], [191930.189300001, 504642.287099998], [191985.172899999, 504645.752500001], [192040.191300001, 504648.611200001], [192095.238000002, 504650.862799998], [192145.5352, 504652.642299999], [192173.0493, 504653.974100001], [192200.519499999, 504656.020599999], [192227.927099999, 504658.780699998], [192255.253800001, 504662.252300002], [192282.480900001, 504666.433200002], [192309.5902, 504671.320500001], [192336.563299999, 504676.9109], [192363.381900001, 504683.200599998], [192390.027899999, 504690.185400002], [192416.4833, 504697.860599998], [192442.730300002, 504706.220899999], [192468.750999998, 504715.2608], [192494.528000001, 504724.973999999], [192520.043699998, 504735.3541], [192532.402800001, 504744.920699999]]}, "properties": {"OBJECTID": 824, "SOORT": 6, "KPNIDENT": " ", "STATUS": 1}}, {"type": "Feature", "id": 825, "geometry": {"type": "LineString", "coordinates": [[192578.631900001, 504766.5636], [192593.894499999, 504769.9285], [192618.953400001, 504783.286600001], [192643.645399999, 504797.3116], [192667.9527, 504811.9932], [192691.857799999, 504827.320900001], [192715.343499999, 504843.2839], [192738.392900001, 504859.870499998], [192760.989599999, 504877.068799999], [192947.855, 505023.2885], [192957.3473, 505035.668200001]]}, "properties": {"OBJECTID": 825, "SOORT": 6, "KPNIDENT": " ", "STATUS": 1}}, {"type": "Feature", "id": 826, "geometry": {"type": "LineString", "coordinates": [[192960.011100002, 505053.987799998], [192750.020399999, 504891.087299999], [192732.023400001, 504877.3178], [192713.7311, 504863.943100002], [192695.1523, 504850.9694], [192681.957899999, 504836.1842], [192668.488299999, 504821.6492]]}, "properties": {"OBJECTID": 826, "SOORT": 6, "KPNIDENT": " ", "STATUS": 1}}, {"type": "Feature", "id": 832, "geometry": {"type": "LineString", "coordinates": [[187721.756700002, 505710.965300001], [187726.822900001, 505752.007800002], [187727.296700001, 505756.872499999], [187727.5196, 505761.755100001], [187728.1252, 505792.1767], [187728.348200001, 505797.059300002], [187728.822000001, 505801.923999999], [187736.144499999, 505861.246100001], [187736.256499998, 505861.9494], [187736.451099999, 505862.870999999], [187736.677499998, 505863.707199998], [187736.997099999, 505864.671], [187737.2544, 505865.404899999], [187737.701499999, 505866.755800001], [187738.024999999, 505867.6536], [187738.3924, 505868.540899999], [187738.8013, 505869.417199999], [187739.409499999, 505870.5667], [187740.184799999, 505871.837400001], [187740.814100001, 505872.750599999], [187741.863600001, 505874.1028], [187742.267299999, 505874.568100002], [187743.1655, 505875.5101], [187743.265900001, 505875.587200001], [187744.0638, 505876.228700001], [187744.905499998, 505876.871100001], [187745.632399999, 505877.4003], [187745.7267, 505877.472399998], [187746.112399999, 505877.6917], [187746.2159, 505877.759199999], [187746.371300001, 505877.843800001], [187746.482999999, 505877.916900001], [187746.6272, 505877.995000001], [187746.739999998, 505878.0691], [187746.8805, 505878.145300001], [187746.994399998, 505878.2203], [187747.246300001, 505878.370700002], [187747.380199999, 505878.443799999], [187747.496100001, 505878.520500001], [187747.627300002, 505878.5922], [187747.744100001, 505878.669599999], [187747.873, 505878.740200002], [187748.1175, 505878.887800001], [187748.2357, 505878.966400001], [187748.361000001, 505879.0352], [187748.479899999, 505879.1142], [187748.6039, 505879.182399999], [187748.723200001, 505879.261799999], [187748.9661, 505879.409200002], [187749.081599999, 505879.4727], [187749.194400001, 505879.547800001], [187760.968800001, 505887.381700002], [187761.030400001, 505887.354699999]]}, "properties": {"OBJECTID": 832, "SOORT": 6, "KPNIDENT": " ", "STATUS": 1}}, {"type": "Feature", "id": 847, "geometry": {"type": "LineString", "coordinates": [[193007.381299999, 505074.7744], [193006.634399999, 505074.1061], [193005.887600001, 505073.437800001], [193005.140700001, 505072.7696], [193004.4164, 505072.1215], [193004.060199998, 505071.742199998], [193003.774900001, 505071.3072], [193003.5691, 505070.829399999], [193003.448899999, 505070.323199999], [193003.418000001, 505069.803800002], [193003.477200001, 505069.287], [193003.624899998, 505068.7881], [193003.8565, 505068.3222], [193004.165100001, 505067.9034], [193004.541499998, 505067.544199999], [193004.974199999, 505067.255399998], [193005.450300001, 505067.045699999], [193005.955499999, 505066.921500001], [193013.145, 505065.802700002], [193014.895500001, 505065.521299999], [193018.824099999, 505064.889600001], [193024.420600001, 505063.960999999], [193028.1479, 505063.437600002], [193033.0988, 505058.967300002], [193036.964699998, 505055.4804], [193041.3774, 505055.201299999]]}, "properties": {"OBJECTID": 847, "SOORT": 6, "KPNIDENT": " ", "STATUS": 1}}, {"type": "Feature", "id": 857, "geometry": {"type": "LineString", "coordinates": [[187786.081999999, 504909.533], [187738.905900002, 505003.164799999], [187734.7929, 505010.976], [187702.986900002, 505068.837499999], [187698.7401, 505076.902800001], [187637.038899999, 505199.3631], [187632.931400001, 505208.382399999], [187629.5462, 505217.696899999], [187626.904399998, 505227.2489], [187625.022399999, 505236.9791], [187624.5, 505241.890900001], [187624.4287, 505246.829799999], [187624.809, 505251.7546], [187679.199099999, 505692.386700001], [187680.655999999, 505705.655499998], [187689.265099999, 505795.149300002], [187690.011100002, 505801.944200002], [187707.302700002, 505942.0286], [187707.809, 505948.333299998], [187707.776099999, 505954.658300001], [187707.204100002, 505960.957400002], [187706.097199999, 505967.184799999], [187704.301800001, 505975.267299999], [187702.723099999, 505981.1998], [187700.658100002, 505986.980999999], [187698.121100001, 505992.571199998], [187695.1294, 505997.9318], [187537.300700001, 506255.0594], [187527.718699999, 506270.059500001], [187493.664000001, 506321.318999998], [187488.757100001, 506329.000399999], [187413.197099999, 506452.099399999], [187408.568999998, 506459.952], [187378.278000001, 506513.521699999], [187369.2403, 506528.855900001], [187353.110100001, 506555.134500001], [187351.030099999, 506557.982799999], [187348.521600001, 506560.462099999], [187345.649099998, 506562.508699998], [187342.486499999, 506564.07], [187339.114999998, 506565.105799999], [187335.621399999, 506565.589600001], [187332.0953, 506565.5088], [187328.627500001, 506564.865600001], [187325.307, 506563.6765], [187322.2192, 506561.971999999], [187301.043699998, 506548.381099999], [187279.480799999, 506535.413600001], [187257.548799999, 506523.080600001], [187235.266399998, 506511.392499998], [187212.652600002, 506500.359299999], [187189.726599999, 506489.990400001], [187166.508000001, 506480.294599999], [187143.016399998, 506471.280099999], [187119.2718, 506462.954700001], [187060.783300001, 506443.397]]}, "properties": {"OBJECTID": 857, "SOORT": 6, "KPNIDENT": " ", "STATUS": 1}}, {"type": "Feature", "id": 859, "geometry": {"type": "LineString", "coordinates": [[187706.492199998, 505070.764400002], [187702.3123, 505078.702599999], [187640.611099999, 505201.162900001], [187636.634100001, 505209.895599999], [187633.3565, 505218.914099999], [187630.798700001, 505228.162500001], [187628.976399999, 505237.583500002], [187628.789900001, 505238.924800001]]}, "properties": {"OBJECTID": 859, "SOORT": 6, "KPNIDENT": " ", "STATUS": 1}}, {"type": "Feature", "id": 860, "geometry": {"type": "LineString", "coordinates": [[187650.896299999, 505207.362500001], [187646.0196, 505213.584899999], [187641.660399999, 505220.180100001], [187637.846900001, 505227.1052], [187634.603999998, 505234.315200001], [187632.6719, 505239.9003], [187631.298599999, 505245.6483], [187630.497499999, 505251.503600001], [187630.2762, 505257.409299999], [187630.537900001, 505264.017099999], [187631.165600002, 505270.600299999], [187683.169, 505691.896699999], [187684.637600001, 505705.272500001], [187690.833500002, 505769.680399999], [187691.745299999, 505776.609000001], [187693.138799999, 505783.456900001], [187695.007100001, 505790.1908], [187697.341200002, 505796.777800001], [187709.169399999, 505826.783599999]]}, "properties": {"OBJECTID": 860, "SOORT": 6, "KPNIDENT": " ", "STATUS": 1}}, {"type": "Feature", "id": 861, "geometry": {"type": "LineString", "coordinates": [[187693.600400001, 505798.195300002], [187693.980999999, 505801.4542], [187711.272599999, 505941.538600001], [187711.806200001, 505948.183499999], [187711.771499999, 505954.8497], [187711.1686, 505961.488699999], [187710.002, 505968.052099999]]}, "properties": {"OBJECTID": 861, "SOORT": 6, "KPNIDENT": " ", "STATUS": 1}}, {"type": "Feature", "id": 862, "geometry": {"type": "LineString", "coordinates": [[187722.911200002, 505938.109999999], [187723.1534, 505940.072099999], [187723.764800001, 505947.6285], [187723.738699999, 505955.209600002], [187723.0755, 505962.761700001], [187721.7797, 505970.2313], [187719.8605, 505977.565499999], [187717.331599999, 505984.712499999], [187714.2108, 505991.6215], [187710.520199999, 505998.243700001], [187488.831500001, 506359.4091]]}, "properties": {"OBJECTID": 862, "SOORT": 6, "KPNIDENT": " ", "STATUS": 1}}, {"type": "Feature", "id": 864, "geometry": {"type": "LineString", "coordinates": [[187722.911200002, 505938.109999999], [187722.5799, 505940.647], [187721.318500001, 505947.960900001], [187719.463500001, 505955.147300001], [187717.0273, 505962.158], [187714.0262, 505968.9461], [187707.935600001, 505981.326299999], [187702.8455, 505991.989], [187700.809500001, 505996.069600001], [187698.5385, 506000.024300002], [187540.7097, 506257.151900001], [187531.0504, 506272.272999998], [187510.3312, 506303.4597], [187506.5592, 506309.6074], [187503.240200002, 506316.011], [187500.3913, 506322.637200002], [187498.0275, 506329.451400001], [187488.831500001, 506359.4091]]}, "properties": {"OBJECTID": 864, "SOORT": 6, "KPNIDENT": " ", "STATUS": 1}}, {"type": "Feature", "id": 865, "geometry": {"type": "LineString", "coordinates": [[189348.8156, 504153.054099999], [189359.078699999, 504160.054000001], [189369.202799998, 504167.253400002], [189369.644099999, 504167.576000001], [189385.005800001, 504179.1142], [189400.009, 504191.1149], [189414.639699999, 504203.5669], [189428.884399999, 504216.458799999], [189439.153099999, 504225.525600001], [189449.9045, 504234.014600001], [189461.1061, 504241.899900001], [189472.724100001, 504249.157699998], [189484.7234, 504255.766199999], [189497.067600001, 504261.705400001], [189509.719599999, 504266.957199998], [189522.640999999, 504271.505899999], [189535.7929, 504275.337699998], [189549.135400001, 504278.441100001], [189562.6283, 504280.806499999], [189576.230799999, 504282.427000001], [189589.901799999, 504283.297499999], [189603.600000001, 504283.4155], [189706.187899999, 504281.478999998], [189711.9408, 504281.696699999], [189717.632100001, 504282.563900001], [189723.1888, 504284.069400001], [189728.5394, 504286.193999998], [189747.507199999, 504295.000599999], [189755.748399999, 504298.4564], [189764.226100001, 504301.282900002], [189772.892200001, 504303.464200001], [189781.697799999, 504304.987799998], [189790.5931, 504305.845199998], [189799.527600002, 504306.031599998], [189808.450800002, 504305.5458], [189817.3123, 504304.3906], [189826.061900001, 504302.5726], [189834.649999999, 504300.1021], [189887.642299999, 504282.6745], [189921.3528, 504271.918299999], [189955.248599999, 504261.761500001], [189989.3191, 504252.2071], [190023.5537, 504243.258099999], [190057.941500001, 504234.9175], [190092.471799999, 504227.187800001], [190127.133699998, 504220.071400002], [190274.553100001, 504191.1642], [190317.886799999, 504182.915100001], [190361.309, 504175.144900002], [190404.814300001, 504167.854499999], [190448.397399999, 504161.0447], [190468.363699999, 504157.673599999], [190488.1974, 504153.594500002], [190507.873399999, 504148.812399998], [190527.366999999, 504143.3336], [190546.653299998, 504137.164900001], [190565.708000001, 504130.314100001], [190584.506999999, 504122.789799999], [190603.0264, 504114.6017], [190621.242899999, 504105.7601], [190639.133400001, 504096.276099999], [190656.6752, 504086.161699999], [190673.8462, 504075.429900002], [190690.624600001, 504064.094099998], [190706.9892, 504052.1686], [190722.919199999, 504039.668699998], [190738.3946, 504026.609999999], [190753.3957, 504013.009199999], [190767.9036, 503998.883400001], [190781.899799999, 503984.250500001], [190803.009799998, 503961.357299998], [190812.315699998, 503951.721900001], [190822.0482, 503942.5174], [190832.187100001, 503933.762699999], [190842.7117, 503925.475699998], [190853.600499999, 503917.6734], [190864.517900001, 503910.694200002], [190875.838100001, 503904.3895], [190887.519699998, 503898.782299999], [190899.519499999, 503893.893399999], [190911.7936, 503889.740699999], [190924.296799999, 503886.339400001], [190936.983199999, 503883.702100001], [190949.806000002, 503881.838500001], [190962.718199998, 503880.755399998], [190975.6723, 503880.456799999], [190988.620700002, 503880.943700001], [191001.515799999, 503882.214499999], [191013.475200001, 503884.094700001], [191025.313700002, 503886.627], [191036.995700002, 503889.803800002], [191048.486200001, 503893.615400001], [191059.750799999, 503898.0506], [191070.755600002, 503903.096000001], [191081.467700001, 503908.736299999], [191091.854699999, 503914.954799999], [191101.885699999, 503921.732799999], [191111.530499998, 503929.049899999], [191120.760200001, 503936.884100001], [191309.034600001, 504105.781100001], [191325.563200001, 504120.609900001]]}, "properties": {"OBJECTID": 865, "SOORT": 6, "KPNIDENT": " ", "STATUS": 1}}, {"type": "Feature", "id": 886, "geometry": {"type": "LineString", "coordinates": [[189336.497699998, 504122.127599999], [189340.9232, 504130.285599999], [189345.993299998, 504138.0594], [189351.674699999, 504145.398200002], [189357.930300001, 504152.2542], [189364.7194, 504158.582400002], [189371.997400001, 504164.341499999], [189387.456500001, 504175.9529], [189402.5548, 504188.0297], [189417.278299998, 504200.560699999], [189431.613400001, 504213.534200002], [189441.7172, 504222.455600001], [189452.296, 504230.808200002], [189463.3178, 504238.567000002], [189474.749299999, 504245.708299998], [189486.556000002, 504252.2108], [189498.702100001, 504258.0546], [189511.151000001, 504263.222100001], [189523.864999998, 504267.697799999], [189536.805799998, 504271.4681], [189549.9342, 504274.521600001], [189563.210499998, 504276.849100001], [189576.594700001, 504278.443500001], [189590.0462, 504279.300099999], [189603.524500001, 504279.416200001], [189706.112399999, 504277.479699999], [189712.318300001, 504277.714499999], [189718.457699999, 504278.649999999], [189724.451900002, 504280.274099998], [189730.223900001, 504282.566], [189749.191599999, 504291.3726], [189757.155400001, 504294.712000001], [189765.347600002, 504297.443399999], [189773.721999999, 504299.551199999], [189782.2311, 504301.023499999], [189790.8268, 504301.8521], [189799.460499998, 504302.032099999], [189808.083299998, 504301.5627], [189816.646400001, 504300.446400002], [189825.101399999, 504298.6897], [189833.400400002, 504296.302299999], [189886.392700002, 504278.874699999], [189922.900400002, 504267.254799999], [189959.6239, 504256.336199999], [189996.549899999, 504246.123199999], [190033.664700001, 504236.6193], [190070.954700001, 504227.8281], [190108.406300001, 504219.752900001], [190116.1184, 504217.844999999], [190123.654599998, 504215.330899999], [190130.967500001, 504212.226500001], [190138.0108, 504208.5515], [190170.9432, 504189.667100001]]}, "properties": {"OBJECTID": 886, "SOORT": 6, "KPNIDENT": " ", "STATUS": 1}}, {"type": "Feature", "id": 887, "geometry": {"type": "LineString", "coordinates": [[190840.0997, 503880.487399999], [190852.054699998, 503873.438700002], [190864.379700001, 503867.058800001], [190877.037099998, 503861.366900001], [190889.988600001, 503856.3805], [190903.195, 503852.114500001], [190916.6162, 503848.581900001], [190930.2115, 503845.793499999], [190943.9397, 503843.7577], [190957.759100001, 503842.480599999]]}, "properties": {"OBJECTID": 887, "SOORT": 6, "KPNIDENT": " ", "STATUS": 1}}, {"type": "Feature", "id": 891, "geometry": {"type": "LineString", "coordinates": [[190214.287, 504181.145599999], [190251.708000001, 504186.166999999], [190259.8464, 504186.9221], [190268.019200001, 504187.010000002], [190276.171999998, 504186.430300001], [190284.250100002, 504185.1866], [190338.637200002, 504175.0733], [190393.1578, 504165.706999999], [190447.8017, 504157.089299999], [190468.725499999, 504153.535300002], [190489.5011, 504149.198199999], [190510.099199999, 504144.084199999], [190530.490699999, 504138.200399999], [190550.647, 504131.555199999], [190570.5396, 504124.158], [190590.140500002, 504116.019200001], [190609.4219, 504107.150199998], [190628.356899999, 504097.563499998], [190646.918499999, 504087.272700001], [190665.080699999, 504076.292300001], [190682.8178, 504064.637800001], [190700.104899999, 504052.325599998], [190716.917599998, 504039.373], [190733.232099999, 504025.798300002], [190749.0255, 504011.620700002], [190764.275400002, 503996.860199999], [190778.960499998, 503981.537500001], [190800.0691, 503958.6457], [190808.603399999, 503949.771899998], [190817.494600002, 503941.2557], [190826.727699999, 503933.1116], [190836.2872, 503925.353100002], [190841.172800001, 503921.296], [190845.791000001, 503916.937100001], [190850.123300001, 503912.2938], [190858.8191, 503902.8926], [190868.017700002, 503893.982799999], [190877.691300001, 503885.590999998], [190887.810699999, 503877.742699999]]}, "properties": {"OBJECTID": 891, "SOORT": 6, "KPNIDENT": " ", "STATUS": 1}}, {"type": "Feature", "id": 914, "geometry": {"type": "LineString", "coordinates": [[190710.706999999, 504710.896400001], [190711.411600001, 504710.1831], [190713.378400002, 504707.917599998], [190714.0484, 504707.070799999], [190714.682799999, 504706.159699999], [190715.323600002, 504705.256000001], [190715.923, 504704.324499998], [190716.4991, 504703.3783], [190717.034699999, 504702.408300001], [190717.5348, 504701.418900002], [190717.9725, 504700.4005], [190718.358399998, 504699.361900002], [190718.567699999, 504698.737500001], [190718.721500002, 504698.315900002], [190719.066300001, 504697.263300002], [190719.380100001, 504696.353300001], [190719.690900002, 504695.556699999], [190719.726, 504695.471999999], [190720.090700001, 504694.599599998], [190720.479899999, 504693.738699999], [190720.783199999, 504693.0995], [190721.972399998, 504690.287900001], [190722.634599999, 504689.1219], [190723.525699999, 504687.659299999], [190725.2234, 504685.138999999], [190727.057, 504682.732299998], [190729.138, 504680.068100002], [190731.100900002, 504677.206799999], [190731.5178, 504676.545600001], [190732.888, 504674.225099999], [190734.504700001, 504671.140299998], [190735.9454, 504667.962299999], [190737.2049, 504664.701200001], [190738.278200001, 504661.367400002], [190739.1613, 504657.971500002], [190739.850499999, 504654.524300002], [190740.342799999, 504651.036899999], [190740.635899998, 504647.520599999], [190740.7282, 504643.9868], [190740.6184, 504640.447000001], [190740.306400001, 504636.912700001], [190739.792300001, 504633.395500001], [190739.077100001, 504629.907000002], [190738.1624, 504626.4586], [190737.0504, 504623.061799999], [190735.744100001, 504619.727899998], [190734.247000001, 504616.4681], [190732.563299999, 504613.293099999], [190730.697900001, 504610.2139], [190728.656100001, 504607.240600001], [190726.4441, 504604.383499999], [190724.133099999, 504601.722600002], [190724.068399999, 504601.6523], [190722.612799998, 504600.103599999], [190722.4221, 504599.901099999], [190692.433600001, 504568.0363], [190690.4892, 504565.986400001], [190688.124000002, 504563.562800001], [190685.719500002, 504561.175299998], [190683.2764, 504558.824499998], [190682.010899998, 504557.635499999], [190680.794799998, 504556.511300001], [190679.829799999, 504555.632300001], [190678.273699999, 504554.238499999], [190675.713599999, 504552.006900001], [190673.114999998, 504549.817400001], [190670.478799999, 504547.670600001], [190667.8057, 504545.567299999], [190667.760699999, 504545.532400001]]}, "properties": {"OBJECTID": 914, "SOORT": 6, "KPNIDENT": " ", "STATUS": 1}}, {"type": "Feature", "id": 927, "geometry": {"type": "LineString", "coordinates": [[190856.975000001, 503910.652199998], [190867.585700002, 503904.295899998], [190878.540199999, 503898.5524], [190889.803199999, 503893.440299999], [190901.338399999, 503888.976100001], [190913.1085, 503885.174199998], [190925.075399999, 503882.046700001], [190937.2007, 503879.603999998], [190949.445099998, 503877.853700001], [190961.769200001, 503876.801600002]]}, "properties": {"OBJECTID": 927, "SOORT": 6, "KPNIDENT": " ", "STATUS": 1}}, {"type": "Feature", "id": 928, "geometry": {"type": "LineString", "coordinates": [[190917.508299999, 503868.149799999], [190930.518599998, 503868.609099999], [190943.483100001, 503869.792100001], [190956.3616, 503871.695], [190969.1142, 503874.311999999], [190977.667300001, 503875.9278], [190986.328499999, 503876.7938], [190994.1917, 503877.3785], [191002.0286, 503878.247499999], [191014.204399999, 503880.161800001], [191026.257199999, 503882.7399], [191038.150600001, 503885.974100001], [191049.849199999, 503889.854800001], [191061.317600001, 503894.370200001], [191072.521600001, 503899.506900001], [191083.427499998, 503905.249400001], [191094.002599999, 503911.580400001], [191104.2152, 503918.4811], [191114.034499999, 503925.930599999], [191123.431200001, 503933.906599998], [191347.7623, 504135.1492]]}, "properties": {"OBJECTID": 928, "SOORT": 6, "KPNIDENT": " ", "STATUS": 1}}, {"type": "Feature", "id": 930, "geometry": {"type": "LineString", "coordinates": [[192071.5286, 504215.181699999], [192114.777800001, 504208.255399998], [192205.693700001, 504216.8156], [192232.744399998, 504219.008000001], [192259.842999998, 504220.496199999], [192286.971099999, 504221.278999999], [192314.110399999, 504221.3561], [192341.2425, 504220.727200001], [192527.7126, 504213.978100002], [192543.6807, 504213.5757], [192559.6536, 504213.524], [192580.8072, 504219.4617], [192601.768800002, 504226.045400001]]}, "properties": {"OBJECTID": 930, "SOORT": 6, "KPNIDENT": " ", "STATUS": 1}}, {"type": "Feature", "id": 931, "geometry": {"type": "LineString", "coordinates": [[192849.502999999, 504288.230599999], [192878.817200001, 504293.267099999], [192892.113699999, 504295.366900001], [192909.263500001, 504302.155900002], [192926.658, 504308.290800001], [192944.2722, 504313.762899999], [192962.081, 504318.564399999], [192980.058699999, 504322.6884], [192998.179699998, 504326.128899999], [193016.4179, 504328.881000001], [193034.747200001, 504330.9408], [193053.1413, 504332.305300001], [193071.573899999, 504332.972600002], [193090.018599998, 504332.9417], [193108.448800001, 504332.212699998], [193126.838300001, 504330.786600001], [193145.160599999, 504328.665399998], [193163.3895, 504325.852200001]]}, "properties": {"OBJECTID": 931, "SOORT": 6, "KPNIDENT": " ", "STATUS": 1}}, {"type": "Feature", "id": 932, "geometry": {"type": "LineString", "coordinates": [[191486.434799999, 504199.4344], [191490.398200002, 504200.7575], [191494.405699998, 504202.010899998], [191498.436299998, 504203.187800001], [191502.488600001, 504204.287599999], [191503.175700001, 504204.4659], [191515.687199999, 504207.305500001], [191528.342700001, 504209.412099998], [191541.099399999, 504210.778900001], [191553.914000001, 504211.400899999], [191566.743099999, 504211.276299998], [191660.598200001, 504207.630600002], [191686.605300002, 504206.9661], [191712.620900001, 504206.992400002], [191738.626600001, 504207.709600002], [191764.604200002, 504209.116999999], [191790.5352, 504211.2139], [191816.401299998, 504213.998500001], [191866.897999998, 504220.1142], [191873.626699999, 504220.838300001], [192012.8178, 504233.943799999], [192015.153299998, 504234.152800001], [192212.468800001, 504250.894900002], [192238.419100001, 504252.781199999], [192264.407400001, 504254.039999999], [192290.418499999, 504254.670499999], [192316.4373, 504254.6723], [192342.4485, 504254.045400001], [192527.541000001, 504247.346099999], [192548.761100002, 504246.9562], [192569.981699999, 504247.322099999], [192591.175799999, 504248.443300001], [192612.316500001, 504250.318399999], [192633.377099998, 504252.945], [192651.896600001, 504255.590399999], [192667.758299999, 504258.044100001], [192683.558800001, 504260.8649], [192699.2896, 504264.0513], [192710.197099999, 504266.392700002], [192727.090300001, 504270.3292], [192743.8356, 504274.853999998], [192746.315400001, 504275.570799999], [192761.689399999, 504280.208700001], [192776.9516, 504285.201900002], [192792.094000001, 504290.547600001], [192814.914299998, 504298.9027], [192831.619199999, 504305.2467], [192848.167300001, 504311.988899998], [192864.549199998, 504319.125599999], [192866.6032, 504320.049800001], [192884.202599999, 504327.582600001], [192902.067200001, 504334.462400001], [192920.173, 504340.68], [192938.495299999, 504346.2269], [192957.009500001, 504351.095699999], [192975.690299999, 504355.279599998], [192994.512400001, 504358.773200002], [193013.450399999, 504361.5715], [193032.478500001, 504363.670899998], [193051.570999999, 504365.068500001], [193070.702100001, 504365.7623], [193089.845699999, 504365.751600001], [193096.8818, 504365.2291], [193103.817699999, 504363.9353], [193110.568999998, 504361.8858], [193124.152800001, 504356.7053], [193137.580800001, 504351.1336], [193150.842, 504345.1754], [193155.721900001, 504343.153999999], [193160.760600001, 504341.569600001], [193165.919199999, 504340.4344]]}, "properties": {"OBJECTID": 932, "SOORT": 6, "KPNIDENT": " ", "STATUS": 1}}, {"type": "Feature", "id": 934, "geometry": {"type": "LineString", "coordinates": [[191525.285799999, 504170.9879], [191535.2128, 504172.522700001], [191545.208999999, 504173.510299999], [191555.244399998, 504173.947700001], [191565.288600001, 504173.8336], [191565.396000002, 504173.829399999], [191570.283300001, 504173.7654], [191575.167399999, 504173.952799998], [191605.532600001, 504175.9014], [191610.416700002, 504176.0889], [191615.3039, 504176.024900001], [191659.304099999, 504174.315699998], [191682.8576, 504173.675000001], [191706.4197, 504173.582400002], [191729.977600001, 504174.037799999], [191753.5185, 504175.041000001], [191777.0297, 504176.591499999], [191817.713799998, 504191.283799998]]}, "properties": {"OBJECTID": 934, "SOORT": 6, "KPNIDENT": " ", "STATUS": 1}}, {"type": "Feature", "id": 935, "geometry": {"type": "LineString", "coordinates": [[191918.6734, 504204.807399999], [191870.1631, 504212.576299999], [191863.234900001, 504213.438999999], [191856.263500001, 504213.816199999], [191849.282699998, 504213.706], [191842.3266, 504213.109099999], [191816.882300001, 504210.0275], [191790.910500001, 504207.2315], [191764.873599999, 504205.1261], [191738.789999999, 504203.712900002], [191712.678100001, 504202.992800001], [191686.556200001, 504202.966400001], [191660.442899998, 504203.6336], [191566.5878, 504207.279300001], [191553.4978, 504207.391600002], [191540.424899999, 504206.712000001], [191527.416999999, 504205.243299998], [191514.5218, 504202.990699999], [191501.7863, 504199.962499999], [191489.257300001, 504196.1697], [191476.980500001, 504191.6263], [191465.0009, 504186.3488], [191460.868700001, 504168.330800001]]}, "properties": {"OBJECTID": 935, "SOORT": 6, "KPNIDENT": " ", "STATUS": 1}}, {"type": "Feature", "id": 937, "geometry": {"type": "LineString", "coordinates": [[192115.164299998, 504204.142499998], [192072.835299999, 504200.157000002], [192067.958900001, 504199.824200001], [192063.071899999, 504199.742600001], [192032.645500001, 504200.0174], [192027.758499999, 504199.935800001], [192022.882199999, 504199.603], [191970.284600001, 504194.650699999], [191969.956300002, 504194.591800001], [191969.642299999, 504194.479200002], [191969.351399999, 504194.316], [191969.091699999, 504194.106800001], [191968.8704, 504193.857299998], [191968.693599999, 504193.5744], [191968.566300001, 504193.266100001], [191968.491999999, 504192.941], [191968.4727, 504192.607999999], [191968.509100001, 504192.276500002], [191968.600000001, 504191.955600001], [191968.743000001, 504191.654300001], [191968.934099998, 504191.380899999], [191987.397300001, 504169.172800001], [191988.077799998, 504168.704399999]]}, "properties": {"OBJECTID": 937, "SOORT": 6, "KPNIDENT": " ", "STATUS": 1}}, {"type": "Feature", "id": 960, "geometry": {"type": "LineString", "coordinates": [[191460.868700001, 504168.330800001], [191465.0222, 504186.3499], [191382.706500001, 504340.5436], [191381.789700001, 504341.980599999], [191380.661800001, 504343.258699998], [191379.350000001, 504344.3473], [191377.885699999, 504345.219999999], [191376.304200001, 504345.8561], [191374.6435, 504346.240200002], [191372.943300001, 504346.3631], [191371.2445, 504346.221799999], [191360.263300002, 504344.443799999]]}, "properties": {"OBJECTID": 960, "SOORT": 6, "KPNIDENT": " ", "STATUS": 1}}, {"type": "Feature", "id": 961, "geometry": {"type": "LineString", "coordinates": [[191255.317000002, 504327.454100002], [191229.725400001, 504323.2916], [191227.8893, 504322.827799998], [191226.159899998, 504322.0559], [191224.588500001, 504320.998799998], [191223.221799999, 504319.687800001], [191222.100200001, 504318.161899999], [191221.256900001, 504316.4661], [191220.717, 504314.650899999], [191220.4965, 504312.769900002], [191220.6019, 504310.879000001], [191221.030099999, 504309.034200002], [191221.768300001, 504307.290199999], [191222.794799998, 504305.6987], [191254.886100002, 504263.6895], [191286.414799999, 504221.256499998], [191317.375399999, 504178.407200001], [191347.7623, 504135.1492], [191363.884, 504130.8039]]}, "properties": {"OBJECTID": 961, "SOORT": 6, "KPNIDENT": " ", "STATUS": 1}}, {"type": "Feature", "id": 967, "geometry": {"type": "LineString", "coordinates": [[192893.815499999, 504291.600900002], [192881.757599998, 504286.371300001], [192855.3792, 504274.501800001], [192851.067000002, 504272.731699999], [192846.646600001, 504271.2524], [192814.876800001, 504261.785], [192808.730500001, 504259.722600002], [192792.287799999, 504253.797600001], [192775.707400002, 504248.269499999], [192758.999000002, 504243.141399998], [192758.685600001, 504243.019900002], [192758.397, 504242.847600002], [192758.1413, 504242.629500002], [192757.925700001, 504242.3715], [192757.7564, 504242.0812], [192757.6382, 504241.7665], [192757.574200001, 504241.4366], [192757.566500001, 504241.100499999], [192757.6151, 504240.767900001], [192757.718699999, 504240.448199999], [192757.874499999, 504240.1503], [192758.0779, 504239.8827], [192758.323199999, 504239.653000001], [192779.442200001, 504222.974800002], [192780.8649, 504222.102400001]]}, "properties": {"OBJECTID": 967, "SOORT": 6, "KPNIDENT": " ", "STATUS": 1}}, {"type": "Feature", "id": 968, "geometry": {"type": "LineString", "coordinates": [[191870.768599998, 504216.530200001], [191874.001699999, 504216.855900001], [192013.192699999, 504229.961399999], [192014.331799999, 504230.066]]}, "properties": {"OBJECTID": 968, "SOORT": 6, "KPNIDENT": " ", "STATUS": 1}}, {"type": "Feature", "id": 969, "geometry": {"type": "LineString", "coordinates": [[191969.387699999, 504209.582400002], [192017.3466, 504226.901900001], [192025.676899999, 504229.5053], [192034.202500001, 504231.372499999], [192042.858399998, 504232.4892], [192212.807, 504246.909200002], [192238.6609, 504248.7885], [192264.5526, 504250.0427], [192290.467099998, 504250.6708], [192316.389199998, 504250.672600001], [192342.303800002, 504250.048], [192527.396299999, 504243.3488], [192546.976599999, 504242.959899999], [192566.559099998, 504243.210299999], [192586.123, 504244.099599998], [192605.647399999, 504245.626899999], [192625.1116, 504247.790600002], [192632.850099999, 504248.4747], [192640.618299998, 504248.5561], [192648.3693, 504248.0341], [192666.720600002, 504246.319800001], [192685.110199999, 504245.080699999], [192703.525600001, 504244.317899998]]}, "properties": {"OBJECTID": 969, "SOORT": 6, "KPNIDENT": " ", "STATUS": 1}}, {"type": "Feature", "id": 973, "geometry": {"type": "LineString", "coordinates": [[192652.462200001, 504251.630600002], [192668.415600002, 504254.098499998], [192684.307399999, 504256.935600001], [192700.129099999, 504260.1404], [192711.036600001, 504262.481800001], [192728.066, 504266.449999999], [192744.946400002, 504271.011300001], [192747.426199999, 504271.728100002], [192762.503600001, 504276.2718], [192777.474399999, 504281.155200001], [192792.330899999, 504286.375799999]]}, "properties": {"OBJECTID": 973, "SOORT": 6, "KPNIDENT": " ", "STATUS": 1}}, {"type": "Feature", "id": 975, "geometry": {"type": "LineString", "coordinates": [[192751.8369, 504256.469799999], [192767.3226, 504265.625], [192782.572299998, 504275.168299999], [192797.576000001, 504285.093600001], [192804.427700002, 504289.357799999], [192811.6008, 504293.055599999], [192819.048799999, 504296.162900001], [192834.907200001, 504302.244800001], [192850.623799998, 504308.6842], [192866.1906, 504315.477899998], [192868.244600002, 504316.402100001], [192885.708500002, 504323.876899999], [192903.435800001, 504330.7038], [192921.4023, 504336.873599999], [192939.583700001, 504342.377799999], [192957.955400001, 504347.209100001], [192976.4925, 504351.3609], [192995.169799998, 504354.827599999], [193013.962099999, 504357.604400001], [193032.843899999, 504359.6877], [193051.7896, 504361.074499998], [193070.773400001, 504361.763], [193089.7698, 504361.752300002], [193096.3662, 504361.262400001], [193102.868500002, 504360.0495], [193109.197900001, 504358.128199998], [193127.0042, 504351.241500001], [193144.533399999, 504343.6774]]}, "properties": {"OBJECTID": 975, "SOORT": 6, "KPNIDENT": " ", "STATUS": 1}}, {"type": "Feature", "id": 976, "geometry": {"type": "LineString", "coordinates": [[187817.514699999, 504926.776900001], [187772.492199998, 505016.134500001], [187744.682500001, 505047.8805], [187744.420499999, 505048.180500001]]}, "properties": {"OBJECTID": 976, "SOORT": 6, "KPNIDENT": " ", "STATUS": 1}}, {"type": "Feature", "id": 977, "geometry": {"type": "LineString", "coordinates": [[187836.2678, 504937.339000002], [187718.526299998, 505171.024500001]]}, "properties": {"OBJECTID": 977, "SOORT": 6, "KPNIDENT": " ", "STATUS": 1}}, {"type": "Feature", "id": 979, "geometry": {"type": "LineString", "coordinates": [[187516.738600001, 503896.664700001], [187524.659899998, 503900.933400001], [187586.6074, 503934.228], [187590.9692, 503936.517200001]]}, "properties": {"OBJECTID": 979, "SOORT": 6, "KPNIDENT": " ", "STATUS": 1}}, {"type": "Feature", "id": 983, "geometry": {"type": "LineString", "coordinates": [[191037.847199999, 504506.311700001], [191040.353399999, 504506.5042], [191042.856600001, 504506.275400002], [191045.286400001, 504505.6318], [191047.574700002, 504504.591600001], [191049.657099999, 504503.183800001], [191051.475200001, 504501.447999999], [191062.9956, 504488.379799999]]}, "properties": {"OBJECTID": 983, "SOORT": 6, "KPNIDENT": " ", "STATUS": 1}}, {"type": "Feature", "id": 985, "geometry": {"type": "LineString", "coordinates": [[191314.028900001, 504503.255800001], [191297.805, 504532.739999998], [191297.1481, 504534.1994], [191296.7324, 504535.745000001], [191296.568700001, 504537.337000001], [191296.660999998, 504538.934900001], [191297.007100001, 504540.497499999], [191297.598000001, 504541.984900001], [191298.4186, 504543.358899999], [191299.447999999, 504544.5845], [191300.659600001, 504545.630100001], [191302.022599999, 504546.469099998], [191303.501899999, 504547.079799999], [191305.059799999, 504547.446800001], [191310.9342, 504548.341899998]]}, "properties": {"OBJECTID": 985, "SOORT": 6, "KPNIDENT": " ", "STATUS": 1}}, {"type": "Feature", "id": 1000, "geometry": {"type": "LineString", "coordinates": [[191327.922899999, 504343.259500001], [191389.943500001, 504353.301600002], [191391.3563, 504353.407699998], [191392.7665, 504353.271899998], [191394.133099999, 504352.897999998], [191395.416099999, 504352.296999998], [191396.5781, 504351.486400001], [191397.585099999, 504350.489799999], [191398.407900002, 504349.336399999], [191399.022300001, 504348.059799999], [191399.410500001, 504346.6972], [191399.561099999, 504345.2885], [191400.249000002, 504319.539299998], [191400.489399999, 504317.2359], [191401.081500001, 504314.9969], [191402.0112, 504312.875799999], [191456.2379, 504211.2984], [191458.3486, 504207.9967], [191460.9494, 504205.065400001], [191463.976300001, 504202.576499999], [191467.354899999, 504200.591200002], [191471.002300002, 504199.158300001], [191474.8288, 504198.312899999], [191478.7403, 504198.0759], [191482.640900001, 504198.453000002], [191486.434599999, 504199.4351]]}, "properties": {"OBJECTID": 1000, "SOORT": 6, "KPNIDENT": " ", "STATUS": 1}}, {"type": "Feature", "id": 1002, "geometry": {"type": "LineString", "coordinates": [[188825.148400001, 503604.7621], [188831.082800001, 503607.442899998], [188836.7546, 503610.641800001], [188842.118900001, 503614.333500002], [188847.1327, 503618.488600001], [188861.380100001, 503631.409600001], [188866.5823, 503635.8138], [188872.0724, 503639.853500001], [188877.824999999, 503643.509799998], [188883.813299999, 503646.765700001], [188942.8178, 503676.287599999], [188952.512600001, 503681.2711], [189116.3772, 503767.772599999], [189116.547899999, 503767.8627], [189123.287500001, 503771.848499998], [189129.6107, 503776.4663], [189135.4586, 503781.673099998], [189140.7764, 503787.420200001], [189170.379700001, 503822.6906]]}, "properties": {"OBJECTID": 1002, "SOORT": 6, "KPNIDENT": " ", "STATUS": 1}}, {"type": "Feature", "id": 1006, "geometry": {"type": "LineString", "coordinates": [[189138.7458, 503791.222899999], [189145.530699998, 503805.4285], [189150.557999998, 503816.838100001], [189154.878800001, 503828.533500001], [189158.4771, 503840.471099999], [189161.339499999, 503852.606199998], [189163.4551, 503864.8935], [189164.816199999, 503877.287], [189165.417599998, 503889.740600001], [189165.696199998, 503905.480900001]]}, "properties": {"OBJECTID": 1006, "SOORT": 6, "KPNIDENT": " ", "STATUS": 1}}, {"type": "Feature", "id": 1008, "geometry": {"type": "LineString", "coordinates": [[188711.132599998, 503667.085900001], [188674.283799998, 503685.957400002], [188318.566300001, 504001.7344], [188312.658199999, 504006.536899999], [188306.355599999, 504010.808600001], [188299.706, 504014.517299999], [188292.759599999, 504017.634799998], [188285.5689, 504020.137800001], [188278.188099999, 504022.007199999], [188270.673, 504023.2291], [188263.0801, 504023.794199999], [188223.332899999, 504035.375100002]]}, "properties": {"OBJECTID": 1008, "SOORT": 6, "KPNIDENT": " ", "STATUS": 1}}, {"type": "Feature", "id": 1051, "geometry": {"type": "LineString", "coordinates": [[192908.9749, 505140.130399998], [192912.396000002, 505137.693399999], [192915.662, 505135.366900001], [192918.9179, 505133.028099999], [192922.161800001, 505130.674800001], [192925.3937, 505128.307], [192928.613600001, 505125.924600001], [192931.821600001, 505123.5277], [192935.0176, 505121.116300002], [192938.201699998, 505118.690400001], [192941.3737, 505116.249899998], [192944.533799998, 505113.7949], [192947.681899998, 505111.325399999], [192950.818100002, 505108.8413], [192953.942299999, 505106.342700001], [192957.054499999, 505103.829599999], [192960.1547, 505101.302000001], [192963.243000001, 505098.759799998], [192966.3193, 505096.203200001], [192969.3836, 505093.631900001], [192972.436000001, 505091.0462], [192975.479400001, 505088.449499998], [192990.789900001, 505075.380600002], [192992.022599999, 505074.608899999], [192992.447500002, 505074.446600001], [192993.4274, 505074.2313], [192994.738499999, 505074.081799999], [192996.3539, 505073.897700001], [192997.653499998, 505073.956300002], [192998.8895, 505074.2676], [192999.709600002, 505074.842300002], [192999.7788, 505074.888599999], [193000.544100001, 505075.398600001], [193001.378600001, 505075.954799999], [193002.213100001, 505076.511], [193003.047699999, 505077.067200001], [193003.8816, 505077.624200001], [193004.715, 505078.1818], [193005.5484, 505078.739500001], [193006.321899999, 505079.257199999], [193006.3651, 505079.280099999], [193006.941100001, 505079.658599999]]}, "properties": {"OBJECTID": 1051, "SOORT": 6, "KPNIDENT": " ", "STATUS": 1}}, {"type": "Feature", "id": 1053, "geometry": {"type": "LineString", "coordinates": [[193277.462200001, 504218.8277], [193287.294599999, 504215.4793], [193297.287099998, 504212.644000001], [193307.412700001, 504210.329300001], [193317.6446, 504208.5414], [193321.746399999, 504207.703400001], [193325.738200001, 504206.441500001], [193327.710700002, 504205.713300001], [193329.700599998, 504205.0022], [193331.697900001, 504204.312199999], [193333.324700002, 504203.7674], [193333.702199999, 504203.643199999], [193335.7086, 504202.9965], [193337.7141, 504202.371599998], [193339.4386, 504201.850000001], [193339.717999998, 504201.766899999], [193341.719700001, 504201.1809], [193343.718600001, 504200.612300001], [193345.714299999, 504200.059500001], [193347.7062, 504199.521200001], [193349.693799999, 504198.9958], [193351.676800001, 504198.481899999], [193352.499400001, 504198.271499999], [193353.6547, 504197.9782], [193355.627099998, 504197.483100001], [193357.270599999, 504197.075100001], [193357.593699999, 504196.995299999], [193359.554000001, 504196.5134], [193361.507800002, 504196.0359], [193363.454599999, 504195.5616], [193363.477699999, 504195.556000002], [193365.165399998, 504195.144900002], [193365.394299999, 504195.0891], [193367.326299999, 504194.616999999], [193369.250500001, 504194.144099999], [193371.166499998, 504193.668900002], [193373.074000001, 504193.190299999], [193374.972600002, 504192.706900001], [193376.861900002, 504192.217500001], [193378.741700001, 504191.720899999], [193380.611499999, 504191.2159], [193382.470899999, 504190.701200001], [193384.319600001, 504190.1756], [193386.157099999, 504189.6382], [193387.982900001, 504189.0876], [193389.796599999, 504188.5229], [193391.597600002, 504187.9428], [193393.385499999, 504187.346500002], [193395.159600001, 504186.732900001], [193395.1598, 504186.732799999], [193396.922899999, 504186.0999], [193398.6787, 504185.446199998], [193400.4267, 504184.7718], [193402.1666, 504184.077], [193403.898200002, 504183.361699998], [193405.621199999, 504182.6261], [193407.335499998, 504181.870299999], [193409.040800001, 504181.0944], [193410.736900002, 504180.298500001], [193412.4234, 504179.482700001], [193414.100299999, 504178.647], [193415.767200001, 504177.7918], [193417.423900001, 504176.916900001], [193419.0702, 504176.022700001], [193420.705899999, 504175.109099999], [193422.330699999, 504174.1763], [193423.944499999, 504173.2245], [193425.5469, 504172.253800001], [193427.137800001, 504171.2643], [193428.717, 504170.256200001], [193430.2841, 504169.229499999], [193431.8391, 504168.184500001], [193433.381700002, 504167.121300001], [193434.911699999, 504166.039900001], [193436.428800002, 504164.940699998], [193436.471999999, 504164.908599999]]}, "properties": {"OBJECTID": 1053, "SOORT": 6, "KPNIDENT": " ", "STATUS": 1}}, {"type": "Feature", "id": 1070, "geometry": {"type": "LineString", "coordinates": [[193163.412, 504325.848299999], [193164.290100001, 504325.696400002], [193165.253400002, 504325.525600001], [193166.2163, 504325.352499999], [193167.179099999, 504325.179200001], [193168.1415, 504325.003699999], [193169.103599999, 504324.826000001], [193170.065200001, 504324.646000002], [193171.0264, 504324.463799998], [193171.987199999, 504324.279300001], [193172.9476, 504324.0933], [193173.907900002, 504323.906500001], [193174.867800001, 504323.717300002], [193175.827199999, 504323.526000001], [193176.786200002, 504323.332400002], [193177.7447, 504323.136500001], [193178.7027, 504322.9384], [193179.660599999, 504322.739500001], [193180.618099999, 504322.538600001], [193181.575100001, 504322.335499998], [193182.531599998, 504322.130199999], [193183.4881, 504321.924600001], [193184.444499999, 504321.718600001], [193185.400899999, 504321.512699999], [193186.357799999, 504321.308600001], [193187.314399999, 504321.103599999], [193188.2718, 504320.9014], [193189.228799999, 504320.697299998], [193190.186799999, 504320.497000001], [193191.144299999, 504320.294599999], [193191.708799999, 504320.177299999], [193191.943500001, 504320.145300001], [193192.5134, 504320.050799999], [193193.081500001, 504319.9329], [193193.646600001, 504319.791499998], [193194.207800001, 504319.626800001], [193194.7641, 504319.4388], [193195.314599998, 504319.227499999], [193195.8583, 504318.993299998], [193196.394299999, 504318.736299999], [193196.921500001, 504318.456700001], [193197.439100001, 504318.154899999], [193197.945999999, 504317.831099998], [193198.104800001, 504317.723700002], [193198.441399999, 504317.485800002], [193198.924400002, 504317.1193], [193199.068100002, 504317.004099999], [193199.403000001, 504316.740699999], [193199.872200001, 504316.344799999], [193200.327199999, 504315.928100001], [193200.767000001, 504315.491], [193201.1908, 504315.034200002], [193201.385200001, 504314.811700001], [193201.597800002, 504314.558200002], [193201.987, 504314.063700002], [193202.357500002, 504313.5513], [193202.708700001, 504313.021699999], [193203.039700001, 504312.4756], [193203.0546, 504312.4498], [193203.0638, 504312.423700001], [193203.441199999, 504311.3836], [193203.8255, 504310.345800001], [193204.216699999, 504309.3103], [193204.614799999, 504308.277199998], [193205.0198, 504307.246599998], [193205.431600001, 504306.218400002], [193205.850299999, 504305.1928], [193206.275699999, 504304.1697], [193206.476599999, 504303.693300001], [193206.664700001, 504303.128400002], [193206.811099999, 504302.694600001], [193207.032400001, 504302.0757], [193207.291700002, 504301.363000002], [193207.419, 504301.0306], [193207.822799999, 504299.992800001], [193207.8246, 504299.988299999], [193208.246800002, 504298.9641], [193208.4102, 504298.574099999], [193208.685899999, 504297.9421], [193209.0484, 504297.124299999], [193209.139400002, 504296.926600002], [193209.608899999, 504295.918900002], [193209.739, 504295.643300001], [193210.093199998, 504294.918400001], [193210.4815, 504294.135400001], [193210.5898, 504293.923999999], [193211.101100001, 504292.937100001], [193211.2751, 504292.6054], [193211.625500001, 504291.9573], [193212.1186, 504291.0583], [193212.160599999, 504290.9833], [193212.261399999, 504290.803800002], [193212.707899999, 504290.016100001], [193213.262600001, 504289.053100001], [193213.824499998, 504288.094300002], [193214.393599998, 504287.139800001], [193214.969799999, 504286.189599998], [193215.553100001, 504285.243700001], [193216.143300001, 504284.302299999], [193216.740600001, 504283.365400001], [193217.344799999, 504282.432999998], [193217.955899999, 504281.505100001], [193218.573899999, 504280.581900001], [193219.198600002, 504279.663400002], [193219.8301, 504278.749699999], [193220.4683, 504277.840700001], [193221.113200001, 504276.9366], [193221.764699999, 504276.037300002], [193221.831500001, 504275.945900001], [193222.211599998, 504275.427900001], [193222.422200002, 504275.1426], [193223.084800001, 504274.251899999], [193223.7524, 504273.365200002], [193224.425000001, 504272.4826], [193225.102600001, 504271.603999998], [193225.785100002, 504270.729499999], [193226.472600002, 504269.859099999], [193227.164999999, 504268.992800001], [193227.862199999, 504268.130800001], [193228.564199999, 504267.2729], [193229.2711, 504266.419199999], [193229.982700001, 504265.569800001], [193230.699000001, 504264.7247], [193231.4201, 504263.883900002], [193232.145799998, 504263.047400001], [193232.876200002, 504262.2152], [193233.581099998, 504261.362799998], [193234.290899999, 504260.514600001], [193235.0055, 504259.670499999], [193235.7249, 504258.830499999], [193236.449200001, 504257.994800001], [193237.178199999, 504257.1633], [193237.912, 504256.335999999], [193238.650400002, 504255.513], [193239.3935, 504254.6943], [193240.1413, 504253.879900001], [193240.8937, 504253.069899999], [193241.650600001, 504252.2643], [193242.412099998, 504251.463100001], [193245.412599999, 504248.215], [193247.078600001, 504246.752900001], [193248.698199999, 504245.2487], [193250.3915, 504243.8226], [193252.137200002, 504242.456500001], [193253.821800001, 504241.031100001], [193255.460200001, 504239.5581], [193257.152600002, 504238.1461], [193258.8497, 504236.741799999], [193260.669199999, 504235.482799999], [193262.369899999, 504234.088799998], [193264.098099999, 504232.729200002], [193265.8717, 504231.4278], [193267.665399998, 504230.155099999], [193269.445799999, 504228.8686], [193271.285500001, 504227.6635], [193273.082699999, 504226.405299999], [193274.887699999, 504225.159699999], [193276.754500002, 504224.003699999], [193278.588399999, 504222.804400001], [193279.179200001, 504222.457899999], [193288.418200001, 504219.3189], [193297.8015, 504216.641899999], [193307.306000002, 504214.433400001]]}, "properties": {"OBJECTID": 1070, "SOORT": 6, "KPNIDENT": " ", "STATUS": 1}}, {"type": "Feature", "id": 1073, "geometry": {"type": "LineString", "coordinates": [[193441.782200001, 504160.833099999], [193442.364999998, 504160.367600001], [193443.8149, 504159.181000002], [193445.250700001, 504157.977499999], [193446.6723, 504156.757199999], [193448.079399999, 504155.520199999], [193449.471900001, 504154.266800001], [193450.8495, 504152.997099999], [193452.212200001, 504151.711199999], [193453.559500001, 504150.409499999], [193454.8915, 504149.091899998], [193456.207899999, 504147.7588], [193456.2381, 504147.7278], [193457.508499999, 504146.410300002], [193458.785999998, 504145.054200001], [193458.793099999, 504145.046599999], [193460.061700001, 504143.667800002], [193461.313900001, 504142.2742], [193462.549600001, 504140.866], [193463.7687, 504139.443399999], [193464.970899999, 504138.006499998], [193466.156199999, 504136.555599999], [193467.324299999, 504135.090799998], [193468.475099999, 504133.612399999], [193469.6085, 504132.120499998], [193470.724199999, 504130.615400001], [193471.822099999, 504129.0973], [193472.902100001, 504127.566399999], [193473.964000002, 504126.0229], [193475.007599998, 504124.467], [193476.032900002, 504122.898899999], [193477.039700001, 504121.3189], [193478.027800001, 504119.7271], [193478.997099999, 504118.1239], [193479.947500002, 504116.509300001], [193480.448600002, 504115.6402], [193480.878899999, 504114.883699998], [193480.900899999, 504114.844700001], [193481.791000001, 504113.247200001], [193482.683800001, 504111.600099999], [193482.9626, 504111.076200001], [193483.5572, 504109.942600001], [193483.663400002, 504109.737799998], [193484.410999998, 504108.274900001], [193484.414700001, 504108.2676], [193485.245200001, 504106.597399998], [193486.059500001, 504104.910100002], [193486.603, 504103.755100001], [193486.853999998, 504103.213399999], [193487.628400002, 504101.507399999], [193488.3827, 504099.792399999], [193489.116799999, 504098.068700001], [193489.830600001, 504096.3365], [193490.491, 504094.6798], [193490.523899999, 504094.596000001], [193491.196699999, 504092.847399998], [193491.848900001, 504091.0911], [193492.4804, 504089.327199999], [193493.090999998, 504087.556000002], [193493.680799998, 504085.7777], [193493.7075, 504085.695599999], [193493.763700001, 504085.522100002], [193493.9681, 504084.885299999], [193494.2509, 504083.989500001], [193494.529199999, 504083.090300001], [193494.803199999, 504082.187899999], [193495.073100001, 504081.282299999], [193495.3389, 504080.373500001], [193495.6008, 504079.4617], [193495.858899999, 504078.5469], [193496.113400001, 504077.629099999], [193496.264899999, 504077.0735], [193496.375700001, 504076.7115], [193496.6558, 504075.796599999], [193496.936500002, 504074.8796], [193497.217900001, 504073.9606], [193497.499899998, 504073.039500002], [193497.782600001, 504072.1164], [193498.065900002, 504071.191199999], [193498.349800002, 504070.263900001], [193498.634399999, 504069.334600002], [193498.919500001, 504068.403299998], [193499.2053, 504067.469900001], [193499.491700001, 504066.534600001], [193499.778700002, 504065.597199999], [193500.066199999, 504064.657900002], [193500.162, 504064.345100001], [193500.168400001, 504064.324299999], [193500.288800001, 504063.7018], [193500.475699998, 504062.7359], [193500.662900001, 504061.768399999], [193500.850499999, 504060.7993], [193500.928800002, 504060.394400001]]}, "properties": {"OBJECTID": 1073, "SOORT": 6, "KPNIDENT": " ", "STATUS": 1}}, {"type": "Feature", "id": 1074, "geometry": {"type": "LineString", "coordinates": [[192783.346000001, 505256.2993], [192783.556699999, 505256.065200001], [192783.589699998, 505256.028200001], [192783.6483, 505255.9628], [192783.969000001, 505255.601799998], [192783.9833, 505255.5856], [192784.122099999, 505255.427999999], [192784.286400001, 505255.242699999], [192784.373500001, 505255.144900002], [192784.561900001, 505254.934700001], [192784.6032, 505254.888900001], [192784.7643, 505254.7108], [192784.878800001, 505254.585099999], [192784.919, 505254.541000001], [192785.155200001, 505254.2841], [192785.1719, 505254.265900001], [192785.2333, 505254.1996], [192785.354899999, 505254.068700001], [192785.544599999, 505253.866], [192785.5451, 505253.865499999], [192785.854499999, 505253.538400002], [192785.858800001, 505253.533799998], [192785.932799999, 505253.4562], [192786.062199999, 505253.320300002], [192786.160399999, 505253.2172], [192786.234499998, 505253.1393], [192786.317000002, 505253.0528], [192786.467799999, 505252.894400001], [192786.695599999, 505252.655299999], [192786.7786, 505252.568100002], [192786.948899999, 505252.389400002], [192787.033300001, 505252.300900001], [192787.092599999, 505252.238499999], [192787.297200002, 505252.023899999], [192787.409699999, 505251.9058], [192787.563999999, 505251.743799999], [192787.601399999, 505251.704700001], [192787.729600001, 505251.570099998], [192787.8336, 505251.460999999], [192788.052200001, 505251.231699999], [192788.105799999, 505251.175500002], [192788.346500002, 505250.922899999], [192788.3772, 505250.890700001], [192788.3803, 505250.887499999], [192788.657099999, 505250.597100001], [192788.704599999, 505250.547400001], [192788.936099999, 505250.3046], [192788.968600001, 505250.270399999], [192789.034000002, 505250.2018], [192789.0997, 505250.133000001], [192789.217, 505250.010000002], [192789.365400001, 505249.854400001], [192789.499600001, 505249.7137], [192789.556000002, 505249.654599998], [192789.698600002, 505249.505100001], [192789.7839, 505249.415600002], [192790.033199999, 505249.154300001], [192790.069699999, 505249.116099998], [192790.336399999, 505248.836599998], [192790.356800001, 505248.815200001], [192790.369199999, 505248.802200001], [192790.645, 505248.513099998], [192790.7064, 505248.448899999], [192790.9342, 505248.210099999], [192791.044500001, 505248.094599999], [192791.224199999, 505247.906300001], [192791.383400001, 505247.739599999], [192791.477600001, 505247.640799999], [192791.514899999, 505247.601799998], [192791.704599999, 505247.403099999], [192791.722800002, 505247.384], [192791.806000002, 505247.2969], [192792.063499998, 505247.028999999], [192792.0986, 505246.992800001], [192792.3105, 505246.7753], [192792.407299999, 505246.6767], [192793.094599999, 505245.990800001], [192794.534600001, 505244.627599999], [192794.720100001, 505244.458900001], [192796.0242, 505243.313999999], [192797.563000001, 505242.050099999], [192798.226399999, 505241.532099999], [192798.666099999, 505241.1974], [192799.150600001, 505240.836199999], [192800.7621, 505239.6479], [192801.921999998, 505238.794300001], [192802.374200001, 505238.462000001], [192803.1818, 505237.868999999], [192803.986900002, 505237.278499998], [192805.600099999, 505236.0975], [192807.2139, 505234.918900002], [192808.211599998, 505234.1917], [192808.823199999, 505233.737599999], [192810.377799999, 505232.501800001], [192811.866300002, 505231.198800001], [192812.418000001, 505230.6831], [192813.289700001, 505229.829], [192814.648499999, 505228.391800001], [192815.942299999, 505226.885899998], [192816.126699999, 505226.659000002], [192817.1996, 505225.340300001], [192818.470199998, 505223.807100002], [192819.6633, 505222.394699998], [192819.754900001, 505222.2874], [192821.020399999, 505220.8193], [192821.0537, 505220.781100001], [192821.708299998, 505220.033100002], [192822.3664, 505219.288400002], [192823.692899998, 505217.809300002], [192823.742800001, 505217.7542], [192825.033100002, 505216.343899999], [192826.132599998, 505215.162700001], [192826.386799999, 505214.891899999], [192827.746300001, 505213.4454], [192829.107799999, 505212], [192830.385499999, 505210.646699999], [192830.471299998, 505210.5559], [192831.8369, 505209.113000002], [192833.204399999, 505207.671300001], [192834.574000001, 505206.230799999], [192835.574900001, 505205.180100001], [192835.945900001, 505204.791999999], [192837.328299999, 505203.3638], [192838.723999999, 505201.949700002], [192840.133000001, 505200.549800001], [192841.555199999, 505199.164000001], [192842.990400001, 505197.7925], [192843.376499999, 505197.428199999], [192844.4386, 505196.435400002], [192845.899700001, 505195.092700001], [192847.3737, 505193.764400002], [192848.860300001, 505192.450599998], [192850.359499998, 505191.1514], [192851.658199999, 505190.046300001], [192851.871300001, 505189.866799999], [192853.395399999, 505188.596900001], [192853.6459, 505188.390299998], [192854.931400001, 505187.341200002], [192856.479800001, 505186.100400001], [192858.0403, 505184.874499999], [192859.6129, 505183.6635], [192861.1976, 505182.467599999], [192862.564300001, 505181.455400001], [192862.796100002, 505181.285399999], [192864.418400001, 505180.109000001], [192864.487599999, 505180.0594], [192866.0528, 505178.947500002], [192867.6994, 505177.800799999], [192869.2788, 505176.7225], [192869.358199999, 505176.668900002], [192871.0231, 505175.544399999], [192872.689199999, 505174.421300001], [192874.356400002, 505173.2995], [192876.024599999, 505172.179099999], [192877.693999998, 505171.059999999], [192879.364500001, 505169.942200001], [192879.550999999, 505169.817600001], [192881.0361, 505168.825800002], [192882.708799999, 505167.710700002], [192884.382599998, 505166.596999999], [192886.057500001, 505165.4846], [192887.7335, 505164.373599999], [192889.410599999, 505163.263900001], [192891.001600001, 505162.213100001], [192891.088799998, 505162.155499998], [192892.768199999, 505161.048500001], [192894.448600002, 505159.9428], [192896.130100001, 505158.838500001], [192897.812800001, 505157.7355], [192899.4965, 505156.633900002], [192901.181400001, 505155.533599999], [192902.867400002, 505154.434599999], [192903.2401, 505154.1919], [192904.554400001, 505153.337000001], [192906.242600001, 505152.240699999], [192907.931899998, 505151.145799998], [192909.622299999, 505150.052200001], [192911.3138, 505148.959899999], [192913.0064, 505147.868999999], [192914.536899999, 505146.884399999]]}, "properties": {"OBJECTID": 1074, "SOORT": 6, "KPNIDENT": " ", "STATUS": 1}}, {"type": "Feature", "id": 1076, "geometry": {"type": "LineString", "coordinates": [[189568.212099999, 504892.3365], [189556.8204, 504881.6785], [189122.804200001, 504644.880899999], [189107.6767, 504641.07]]}, "properties": {"OBJECTID": 1076, "SOORT": 6, "KPNIDENT": " ", "STATUS": 1}}, {"type": "Feature", "id": 1092, "geometry": {"type": "LineString", "coordinates": [[189062.960999999, 504616.673300002], [189051.5693, 504606.0154], [188631.220800001, 504376.674800001], [188623.975200001, 504373.0737], [188616.4758, 504370.0363], [188608.353, 504369.488000002], [188600.212000001, 504369.5614]]}, "properties": {"OBJECTID": 1092, "SOORT": 6, "KPNIDENT": " ", "STATUS": 1}}, {"type": "Feature", "id": 1093, "geometry": {"type": "LineString", "coordinates": [[188548.843600001, 504372.6754], [188540.7533, 504373.585999999], [188532.756200001, 504375.1116], [188525.678599998, 504379.032600001], [188518.921100002, 504383.4826], [188202.127799999, 504609.908], [188192.107000001, 504621.864]]}, "properties": {"OBJECTID": 1093, "SOORT": 6, "KPNIDENT": " ", "STATUS": 1}}, {"type": "Feature", "id": 1094, "geometry": {"type": "LineString", "coordinates": [[188516.611099999, 504380.217], [188212.405499998, 504597.645399999]]}, "properties": {"OBJECTID": 1094, "SOORT": 6, "KPNIDENT": " ", "STATUS": 1}}, {"type": "Feature", "id": 1099, "geometry": {"type": "LineString", "coordinates": [[189172.429699998, 504653.257199999], [189170.7861, 504652.352400001], [189017.667599998, 504568.819499999]]}, "properties": {"OBJECTID": 1099, "SOORT": 6, "KPNIDENT": " ", "STATUS": 1}}, {"type": "Feature", "id": 1100, "geometry": {"type": "LineString", "coordinates": [[188667.229800001, 504377.6219], [188665.593800001, 504376.7214], [188639.086100001, 504362.2588], [188630.317499999, 504357.920400001], [188621.2302, 504354.296500001], [188611.882300001, 504351.410500001], [188602.333799999, 504349.280699998], [188592.645500001, 504347.9208], [188582.8796, 504347.339499999], [188573.0984, 504347.5405], [188563.364599999, 504348.522599999], [188553.740400001, 504350.279300001], [188544.2874, 504352.799600001], [188535.066100001, 504356.067200001], [188526.135299999, 504360.0614], [188517.552299999, 504364.7564], [188509.372000001, 504370.122299999], [188484.805399999, 504387.6811], [188483.2903, 504388.772599999]]}, "properties": {"OBJECTID": 1100, "SOORT": 6, "KPNIDENT": " ", "STATUS": 1}}, {"type": "Feature", "id": 1101, "geometry": {"type": "LineString", "coordinates": [[187937.514899999, 504827.860199999], [187936.897, 504829.0097], [187900.4333, 504897.269400001]]}, "properties": {"OBJECTID": 1101, "SOORT": 6, "KPNIDENT": " ", "STATUS": 1}}, {"type": "Feature", "id": 1128, "geometry": {"type": "LineString", "coordinates": [[188147.469500002, 504023.227299999], [188262.952, 504019.665199999]]}, "properties": {"OBJECTID": 1128, "SOORT": 6, "KPNIDENT": " ", "STATUS": 1}}, {"type": "Feature", "id": 1129, "geometry": {"type": "LineString", "coordinates": [[188915.989300001, 503642.991099998], [188956.270300001, 503652.5517], [189136.9133, 503747.912700001], [189142.6138, 503751.322099999], [189147.919300001, 503755.318500001], [189152.769499999, 503759.856699999], [189157.1094, 503764.8851], [189160.889800001, 503770.346700002], [189164.0678, 503776.179400001], [189166.052299999, 503780.3345], [189173.9892, 503820.966600001]]}, "properties": {"OBJECTID": 1129, "SOORT": 6, "KPNIDENT": " ", "STATUS": 1}}, {"type": "Feature", "id": 1130, "geometry": {"type": "LineString", "coordinates": [[189183.932599999, 503863.122699998], [189195.631200001, 503905.331500001], [189196.289900001, 503942.5568], [189196.731800001, 503947.6437], [189197.868900001, 503952.621599998], [189199.6796, 503957.395799998], [189202.129500002, 503961.875799999], [189205.1721, 503965.976300001], [189208.749499999, 503969.6197], [189212.793900002, 503972.736499999], [189217.228500001, 503975.267700002], [189299.968800001, 504015.205600001], [189306.0667, 504018.577199999], [189311.7546, 504022.6021], [189316.9628, 504027.230999999], [189321.627599999, 504032.407099999], [189325.6917, 504038.067000002], [189329.105300002, 504044.1415], [189361.404800002, 504109.892299999], [189365.261100002, 504116.907699998], [189369.745700002, 504123.5392], [189374.8204, 504129.730599999]]}, "properties": {"OBJECTID": 1130, "SOORT": 6, "KPNIDENT": " ", "STATUS": 1}}, {"type": "Feature", "id": 1131, "geometry": {"type": "LineString", "coordinates": [[188262.952, 504019.665199999], [188215.586300001, 504033.4659], [188210.658100002, 504034.569699999], [188205.630199999, 504035.0438], [188200.582600001, 504034.8805], [188195.595800001, 504034.0825], [188147.469500002, 504023.227299999]]}, "properties": {"OBJECTID": 1131, "SOORT": 6, "KPNIDENT": " ", "STATUS": 1}}, {"type": "Feature", "id": 1132, "geometry": {"type": "LineString", "coordinates": [[189169.780299999, 503778.5548], [189187.630800001, 503815.9285], [189190.955499999, 503823.579500001], [189193.726599999, 503831.447999999], [189195.93, 503839.493900001], [189197.554400001, 503847.6763], [189198.591699999, 503855.953699999], [189199.036499999, 503864.284000002], [189199.761500001, 503905.2577]]}, "properties": {"OBJECTID": 1132, "SOORT": 6, "KPNIDENT": " ", "STATUS": 1}}, {"type": "Feature", "id": 1133, "geometry": {"type": "LineString", "coordinates": [[188187.981600001, 504036.465599999], [188147.5962, 504027.356400002], [187875.217500001, 504035.758200001], [187868.880800001, 504035.725400001], [187862.562899999, 504035.2366], [187856.296500001, 504034.294500001], [187853.132300001, 504033.7016], [187845.078600001, 504031.740899999], [187837.2478, 504029.023200002], [187829.711100001, 504025.572900001], [187691.023200002, 503953.908300001], [187648.32, 503944.167599998]]}, "properties": {"OBJECTID": 1133, "SOORT": 6, "KPNIDENT": " ", "STATUS": 1}}, {"type": "Feature", "id": 1144, "geometry": {"type": "LineString", "coordinates": [[189975.329999998, 504217.5792], [190017.439399999, 504205.666000001], [190017.7927, 504205.5689], [190022.286200002, 504204.457199998], [190026.831, 504203.5781], [190063.885600001, 504197.394400001], [190070.546, 504196.022399999], [190088.6536, 504191.695900001], [190106.814599998, 504187.5995], [190139.310600001, 504180.623500001], [190171.864599999, 504173.923099998], [190172.1899, 504173.8277], [190172.494600002, 504173.6789], [190172.769900002, 504173.480999999], [190173.008000001, 504173.239599999], [190173.202199999, 504172.9617], [190173.346900001, 504172.655000001], [190173.438000001, 504172.328400001], [190173.472800002, 504171.991099998], [190173.4505, 504171.652800001], [190173.371599998, 504171.323100001], [190173.193500001, 504170.828200001], [190172.210200001, 504167.987199999], [190171.2698, 504165.134399999], [190170.372200001, 504162.269900002], [190169.5176, 504159.3935], [190168.705699999, 504156.505399998], [190166.325599998, 504147.825800002], [190166.003899999, 504146.8772], [190166.122900002, 504143.210299999]]}, "properties": {"OBJECTID": 1144, "SOORT": 6, "KPNIDENT": " ", "STATUS": 1}}, {"type": "Feature", "id": 1160, "geometry": {"type": "LineString", "coordinates": [[187558.788400002, 503862.165399998], [187841.192200001, 504008.092700001], [187847.200399999, 504010.8204], [187853.454100002, 504012.924800001], [187859.888900001, 504014.384399999], [187866.4386, 504015.1842], [187873.035599999, 504015.315699998], [188262.448100001, 504003.3039], [188269.0922, 504002.767999999], [188275.6505, 504001.5759], [188282.0583, 503999.739599999], [188288.252500001, 503997.276900001], [188294.171999998, 503994.212299999], [188299.758499999, 503990.5759], [188304.956900001, 503986.4036], [188743.502300002, 503597.0988], [188749.8583, 503591.886700001], [188756.602499999, 503587.1877], [188763.693700001, 503583.030699998], [188771.088300001, 503579.441199999], [188778.741, 503576.441], [188786.605, 503574.048700001], [188794.631999999, 503572.278900001]]}, "properties": {"OBJECTID": 1160, "SOORT": 6, "KPNIDENT": " ", "STATUS": 1}}, {"type": "Feature", "id": 1169, "geometry": {"type": "LineString", "coordinates": [[188811.369800001, 503570.3983], [188819.4111, 503570.3695], [188827.431899998, 503570.945500001], [188835.386599999, 503572.123100001], [188843.2302, 503573.895599999], [188850.918299999, 503576.252999999], [188858.407299999, 503579.181899998], [188865.654899999, 503582.6657], [189146.0167, 503730.668099999], [189152.4608, 503734.455899999], [189158.532499999, 503738.8158], [189164.181200001, 503743.711399999], [189169.3596, 503749.102000002], [189174.024700001, 503754.942499999], [189178.137499999, 503761.1842], [189181.663699999, 503767.775199998], [189200.924600001, 503808.1017], [189204.3312, 503815.866900001], [189217.382399999, 503824.438299999], [189217.9494, 503824.871599998], [189218.448899999, 503825.381200001], [189218.8708, 503825.956700001], [189219.206500001, 503826.586399999], [189219.449099999, 503827.257399999], [189220.105300002, 503829.578699999], [189221.978, 503839.328699999], [189222.373199999, 503841.289299998], [189222.740499999, 503843.2553], [189223.079799999, 503845.226199999], [189223.391100001, 503847.201900002], [189223.674400002, 503849.181699999], [189223.929499999, 503851.1653], [189224.156399999, 503853.152399998], [189224.355099998, 503855.142499998], [189224.5255, 503857.135200001], [189224.667599998, 503859.130100001], [189224.781399999, 503861.126899999], [189224.8277, 503862.125799999], [189224.876200002, 503862.398200002], [189226.2335, 503939.103500001], [189226.6886, 503943.805399999], [189227.8763, 503948.377700001], [189229.766899999, 503952.706799999], [189232.313700002, 503956.6855], [189235.453499999, 503960.215], [189239.108399998, 503963.207899999], [189243.187800001, 503965.59], [189259.969000001, 503973.690099999], [189257.087000001, 503979.665600002], [189261.4355, 503981.768399999], [189256.379099999, 503989.023699999]]}, "properties": {"OBJECTID": 1169, "SOORT": 6, "KPNIDENT": " ", "STATUS": 1}}, {"type": "Feature", "id": 1191, "geometry": {"type": "LineString", "coordinates": [[189374.8204, 504129.730599999], [189376.191100001, 504130.7808], [189382.089400001, 504136.509799998], [189388.4998, 504141.659400001], [189404.641899999, 504153.7839], [189420.407400001, 504166.394400001], [189435.781500001, 504179.4791], [189450.75, 504193.025899999], [189460.124200001, 504201.2817], [189469.957600001, 504208.9848], [189480.217599999, 504216.1098], [189490.8704, 504222.633000001], [189501.880600002, 504228.5328], [189513.2119, 504233.789900001], [189524.826699998, 504238.386700001], [189536.6866, 504242.307999998], [189548.752300002, 504245.540899999], [189560.984000001, 504248.0746], [189571.260000002, 504252.482099999], [189581.739399999, 504256.3814], [189592.397100002, 504259.763099998], [189603.2075, 504262.619199999]]}, "properties": {"OBJECTID": 1191, "SOORT": 6, "KPNIDENT": " ", "STATUS": 1}}, {"type": "Feature", "id": 1192, "geometry": {"type": "LineString", "coordinates": [[189634.693799999, 504262.025199998], [189678.0482, 504249.954500001], [189705.583000001, 504249.434700001], [189713.0931, 504249.6336], [189720.554400001, 504250.5121], [189727.905299999, 504252.0627], [189735.0856, 504254.2729], [189742.036200002, 504257.124499999], [189761.004000001, 504265.9311], [189768.554699998, 504269.0141], [189776.361499999, 504271.374400001], [189784.355599999, 504272.9912], [189792.4661, 504273.850000001], [189800.621399999, 504273.943399999], [189808.749499999, 504273.270500001], [189816.7784, 504271.837200001], [189824.6373, 504269.656199999], [189880.4241, 504251.309700001], [189912.329999998, 504241.0198], [189944.352200001, 504231.097800002], [189976.486499999, 504221.545000002], [190021.518399999, 504220.496199999]]}, "properties": {"OBJECTID": 1192, "SOORT": 6, "KPNIDENT": " ", "STATUS": 1}}, {"type": "Feature", "id": 1194, "geometry": {"type": "LineString", "coordinates": [[190366.667300001, 504151.149300002], [190407.6675, 504134.020399999], [190433.789999999, 504130.4881], [190454.2667, 504127.386399999], [190474.6087, 504123.497200001], [190494.785500001, 504118.826400001], [190514.767099999, 504113.381000001], [190534.523899999, 504107.168900002], [190554.0264, 504100.199499998], [190573.2456, 504092.483199999], [190592.152899999, 504084.031300001], [190610.720199998, 504074.856600001], [190628.919799998, 504064.972600002], [190646.7247, 504054.394099999], [190664.1083, 504043.136700001], [190681.0449, 504031.217300002], [190697.509199999, 504018.6536], [190713.4767, 504005.464200001], [190728.923599999, 503991.668900002], [190743.827, 503977.287999999], [190758.164700001, 503962.3431], [190791.806400001, 503925.894699998], [190800.992699999, 503916.457400002], [190810.6668, 503907.5209], [190820.8015, 503899.110399999], [190831.3682, 503891.249499999], [190842.337200001, 503883.960299999], [190853.145100001, 503880.693399999], [190864.096299998, 503877.945], [190875.166000001, 503875.7212], [190886.329, 503874.027199998]]}, "properties": {"OBJECTID": 1194, "SOORT": 6, "KPNIDENT": " ", "STATUS": 1}}, {"type": "Feature", "id": 1195, "geometry": {"type": "LineString", "coordinates": [[190916.536499999, 503864.2696], [190926.581099998, 503859.113200001], [190936.859900001, 503854.440900002], [190947.3495, 503850.263599999], [190958.0262, 503846.590599999], [190971.182599999, 503846.085499998], [190984.347199999, 503846.279100001], [190997.482999999, 503847.170699999], [191010.552999999, 503848.758000001], [191023.520500001, 503851.036400001], [191036.3488, 503853.999400001], [191049.001800001, 503857.638799999], [191061.443999998, 503861.944400001], [191073.6402, 503866.903900001], [191085.556200001, 503872.503400002], [191097.158300001, 503878.727200001], [191108.413899999, 503885.557599999], [191119.2914, 503892.9756], [191129.760000002, 503900.960099999], [191139.7903, 503909.4888], [191275.600900002, 504031.321600001], [191279.335499998, 504034.501699999], [191283.2293, 504037.4848], [191307.709399998, 504055.255800001], [191311.603100002, 504058.238899998], [191315.337699998, 504061.419], [191347.404899999, 504090.185800001]]}, "properties": {"OBJECTID": 1195, "SOORT": 6, "KPNIDENT": " ", "STATUS": 1}}, {"type": "Feature", "id": 1196, "geometry": {"type": "LineString", "coordinates": [[192956.8347, 505064.824000001], [192818.113600001, 504956.2766], [192816.309, 504955.337400001], [192744.0119, 504898.765900001], [192743.857500002, 504898.645100001], [192743.088, 504898.0438], [192742.3134, 504897.4397], [192740.767000001, 504896.237199999], [192740.376400001, 504895.9342], [192739.2183, 504895.037599999], [192737.667399999, 504893.840999998], [192737.6578, 504893.833700001], [192736.114100002, 504892.647399999], [192734.558699999, 504891.456700001], [192733.0009, 504890.2689], [192731.440900002, 504889.084100001], [192729.878699999, 504887.9023], [192728.314199999, 504886.723499998], [192726.747499999, 504885.547600001], [192725.178599998, 504884.374699999], [192723.6074, 504883.204700001], [192722.034000002, 504882.037799999], [192720.4584, 504880.873799998], [192718.880600002, 504879.712900002], [192717.3006, 504878.554900002], [192715.718400002, 504877.399900001], [192714.134, 504876.248], [192712.547400001, 504875.098999999], [192710.958700001, 504873.9531], [192709.367800001, 504872.810199998], [192707.774700001, 504871.670299999], [192706.179400001, 504870.533399999], [192704.581999999, 504869.399599999], [192702.982500002, 504868.268800002], [192701.434099998, 504867.1785], [192701.380800001, 504867.140999999], [192699.776900001, 504866.0163], [192698.171, 504864.8946], [192696.562899999, 504863.776000001], [192694.952599999, 504862.660399999], [192693.340300001, 504861.547899999], [192691.725900002, 504860.4384], [192690.109299999, 504859.331999999], [192688.490699999, 504858.228700001], [192687.2806, 504857.406800002], [192686.869800001, 504857.128699999], [192686.058699999, 504856.579700001], [192685.247000001, 504856.031500001], [192684.434799999, 504855.484099999], [192683.866, 504855.101300001], [192683.622099999, 504854.937399998], [192682.808899999, 504854.3915], [192682.790399998, 504854.379099999], [192681.995200001, 504853.8464], [192681.1809, 504853.302099999], [192680.366099998, 504852.758499999], [192679.550900001, 504852.215700001], [192678.735100001, 504851.673700001], [192677.918699998, 504851.132399999], [192677.1019, 504850.591899998], [192676.284600001, 504850.052200001], [192675.466699999, 504849.513300002], [192674.6653, 504848.986299999], [192674.6483, 504848.975200001], [192674.568500001, 504848.922699999], [192674.323800001, 504848.7621], [192674.227699999, 504848.699000001], [192673.829500001, 504848.437800001], [192673.0101, 504847.9012], [192672.190200001, 504847.365400001], [192671.369800001, 504846.830400001], [192670.548900001, 504846.296100002], [192669.727400001, 504845.762600001], [192668.905499998, 504845.229899999], [192668.083099999, 504844.697999999], [192667.260200001, 504844.166900001], [192666.436700001, 504843.636500001], [192665.612799998, 504843.107000001], [192664.7883, 504842.578200001], [192664.120900001, 504842.150899999], [192663.963399999, 504842.0502], [192663.137899999, 504841.522999998], [192662.311999999, 504840.9965], [192661.4855, 504840.470899999], [192660.9373, 504840.122699998], [192660.658599999, 504839.945999999], [192659.8312, 504839.4219], [192659.3365, 504839.109099999], [192659.2322, 504839.043299999], [192659.003199998, 504838.898600001], [192658.174800001, 504838.3761], [192658.0165, 504838.2764], [192657.345800001, 504837.854400001], [192656.516399998, 504837.3334], [192655.686500002, 504836.813299999], [192654.8561, 504836.293900002], [192654.7623, 504836.235300001], [192654.606899999, 504836.138300002], [192654.5902, 504836.127900001], [192654.025199998, 504835.775400002], [192653.794100001, 504835.631299999], [192653.193799999, 504835.257599998], [192652.825800002, 504835.0288], [192652.361900002, 504834.740600001], [192651.5295, 504834.224399999], [192650.696600001, 504833.708999999], [192649.863299999, 504833.1943], [192649.029399998, 504832.680500001], [192648.195099998, 504832.1675], [192647.360300001, 504831.655200001], [192646.524999999, 504831.143800002], [192645.689199999, 504830.633099999], [192644.852899998, 504830.123199999], [192644.5777, 504829.955699999], [192644.524900001, 504829.923599999], [192644.0266, 504829.6206], [192644.016100001, 504829.6142], [192643.1789, 504829.105900001], [192642.3411, 504828.5984], [192641.502900001, 504828.091699999], [192640.664299998, 504827.5858], [192639.9329, 504827.145599999], [192639.824999999, 504827.080800001], [192639.404399998, 504826.829999998], [192638.9826, 504826.5812], [192638.135200001, 504826.0898], [192637.283, 504825.606600001], [192636.734999999, 504825.301800001], [192636.425799999, 504825.1318], [192635.5638, 504824.665199999], [192634.697000001, 504824.206900001], [192633.825300001, 504823.756999999], [192632.948800001, 504823.315400001], [192632.067499999, 504822.882199999], [192632.010899998, 504822.854699999], [192631.181400001, 504822.4573], [192630.290600002, 504822.041000001], [192629.395, 504821.633099999], [192629.1173, 504821.508699998], [192629.1074, 504821.504299998], [192628.866, 504821.397100002], [192628.4947, 504821.233600002], [192627.785799999, 504820.926600002], [192627.589600001, 504820.842799999], [192626.6798, 504820.4604], [192625.765299998, 504820.0867], [192624.846099999, 504819.7216], [192624.686900001, 504819.659499999], [192624.017099999, 504819.401299998], [192623.922200002, 504819.365200002], [192622.993500002, 504819.017499998], [192622.060199998, 504818.678599998], [192621.122299999, 504818.348499998], [192620.1796, 504818.027199998], [192619.876899999, 504817.9263], [192619.285399999, 504817.732099999], [192619.2322, 504817.714899998], [192618.280200001, 504817.411499999], [192617.930100001, 504817.3026], [192617.685199998, 504817.227200001], [192617.3235, 504817.1171], [192617.169799998, 504817.070799999], [192575.959199999, 504804.688299999], [192575.9575, 504804.6877], [192565.599399999, 504801.575399999]]}, "properties": {"OBJECTID": 1196, "SOORT": 6, "KPNIDENT": " ", "STATUS": 1}}, {"type": "Feature", "id": 1197, "geometry": {"type": "LineString", "coordinates": [[192552.143100001, 504796.851100001], [192547.7366, 504794.7601], [192547.4287, 504794.612100001], [192547.3741, 504794.585900001], [192547.032900002, 504794.422499999], [192546.162300002, 504794.006299999], [192545.291299999, 504793.5909], [192544.4199, 504793.176399998], [192543.548099998, 504792.762600001], [192542.675900001, 504792.3497], [192541.803399999, 504791.937600002], [192541.168400001, 504791.6384], [192541.166099999, 504791.6373], [192540.930399999, 504791.5264], [192540.057100002, 504791.116], [192539.1833, 504790.7064], [192538.3092, 504790.297600001], [192537.434700001, 504789.889699999], [192537.138799999, 504789.751899999], [192537.1373, 504789.751200002], [192536.559799999, 504789.4826], [192535.684500001, 504789.076299999], [192534.808800001, 504788.670899998], [192533.932799999, 504788.2663], [192533.056299999, 504787.862500001], [192532.179499999, 504787.4595], [192531.302299999, 504787.057399999], [192530.900600001, 504786.873599999], [192530.845600002, 504786.8484], [192530.534899998, 504786.706500001], [192530.424699999, 504786.656100001], [192529.546799999, 504786.2557], [192528.668400001, 504785.8561], [192527.789700001, 504785.4573], [192526.910599999, 504785.059300002], [192526.031100001, 504784.6622], [192525.151299998, 504784.265999999], [192524.747699998, 504784.0845], [192524.638300002, 504784.035399999], [192524.271000002, 504783.870499998], [192523.3904, 504783.475900002], [192522.509399999, 504783.0821], [192521.6281, 504782.689199999], [192520.746399999, 504782.2971], [192519.864300001, 504781.9058], [192518.981800001, 504781.5154], [192518.098999999, 504781.125799999], [192517.215799998, 504780.737100001], [192516.765900001, 504780.539500002], [192516.756299999, 504780.535300002], [192516.332199998, 504780.349199999], [192515.873399999, 504780.148200002], [192515.448199999, 504779.962099999], [192514.563900001, 504779.5759], [192513.679200001, 504779.190499999], [192512.794199999, 504778.8059], [192511.908799998, 504778.422200002], [192511.869600002, 504778.405299999], [192511.022999998, 504778.0394], [192510.1369, 504777.657299999], [192509.250399999, 504777.2762], [192508.363499999, 504776.895799998], [192507.476300001, 504776.5163], [192506.8594, 504776.252999999], [192506.5887, 504776.137600001], [192505.700800002, 504775.759799998], [192504.8125, 504775.382800002], [192503.923799999, 504775.006700002], [192503.470100001, 504774.815000001], [192503.4016, 504774.7861], [192503.3994, 504774.7852], [192503.0348, 504774.6314], [192502.145500001, 504774.256999999], [192502.073899999, 504774.2269], [192501.2557, 504773.883400001], [192500.365699999, 504773.510600001], [192500.021899998, 504773.366900001], [192499.475200001, 504773.138700001], [192498.5845, 504772.7676], [192497.693300001, 504772.397399999], [192496.801800001, 504772.028000001], [192495.91, 504771.659499999], [192495.879500002, 504771.646899998], [192495.0178, 504771.2918], [192494.8301, 504771.214600001], [192494.125300001, 504770.925000001], [192493.2324, 504770.559], [192492.657699998, 504770.324000001], [192492.339200001, 504770.1939], [192491.445599999, 504769.829599999], [192490.5517, 504769.4661], [192489.657400001, 504769.103500001], [192489.626499999, 504769.090999998], [192489.6217, 504769.089000002], [192488.762800001, 504768.741799999], [192487.867899999, 504768.380899999], [192486.972600002, 504768.020799998], [192486.077, 504767.661600001], [192485.181000002, 504767.303300001], [192484.440000001, 504767.0077], [192484.284699999, 504766.945799999], [192483.388, 504766.589200001], [192482.491, 504766.233399998], [192481.6186, 504765.888300002], [192481.593699999, 504765.878400002], [192480.695999999, 504765.524300002], [192479.798, 504765.171100002], [192478.899700001, 504764.818700001], [192478.000999998, 504764.4672], [192477.102000002, 504764.116500001], [192476.2027, 504763.7667], [192475.302999999, 504763.4177], [192474.403000001, 504763.069600001], [192473.502700001, 504762.7223], [192472.945, 504762.5077], [192472.6021, 504762.3759], [192471.701099999, 504762.030299999], [192470.799800001, 504761.685600001], [192470.2245, 504761.4661], [192469.8981, 504761.341800001], [192468.996199999, 504760.998799998], [192468.093899999, 504760.6567], [192467.191300001, 504760.315400001], [192466.2883, 504759.975000001], [192465.9932, 504759.863899998], [192465.3851, 504759.635400001], [192464.661800001, 504759.3642], [192464.4815, 504759.296700001], [192463.794500001, 504759.039900001], [192463.785500001, 504759.036499999], [192463.577599999, 504758.958900001], [192463.0801, 504758.7733], [192463.074000001, 504758.7711], [192462.673300002, 504758.6219], [192461.9859, 504758.366300002], [192461.768800002, 504758.285700001], [192460.863899998, 504757.9505], [192460.497299999, 504757.8149], [192459.958799999, 504757.616099998], [192459.1041, 504757.301199999], [192459.053300001, 504757.282499999], [192458.147500001, 504756.9498], [192457.241300002, 504756.618000001], [192456.380800001, 504756.303800002], [192456.334899999, 504756.287], [192455.428100001, 504755.956900001], [192454.5211, 504755.627599999], [192454.2005, 504755.511500001], [192453.613699999, 504755.299199998], [192453.173, 504755.140099999], [192453.096299998, 504755.112399999], [192452.706, 504754.971700002], [192451.798, 504754.645], [192451.453000002, 504754.521200001], [192450.889699999, 504754.319200002], [192449.9811, 504753.9943], [192449.072099999, 504753.670200001], [192448.162900001, 504753.346999999], [192447.2533, 504753.024599999], [192446.343499999, 504752.7031], [192445.4333, 504752.3825], [192444.5229, 504752.062800001], [192443.612100001, 504751.743900001], [192443.3402, 504751.648800001], [192442.701099999, 504751.425799999], [192441.789700001, 504751.108600002], [192440.877999999, 504750.792300001], [192439.9661, 504750.4769], [192439.053800002, 504750.162300002], [192438.1413, 504749.8486], [192437.861000001, 504749.752500001], [192437.803199999, 504749.7326], [192437.228399999, 504749.535799999], [192436.633699998, 504749.3325], [192436.315200001, 504749.2238], [192435.401799999, 504748.912700001], [192434.488000002, 504748.602400001], [192433.574000001, 504748.293099999], [192432.659699999, 504747.9846], [192431.745000001, 504747.676899999], [192431.331799999, 504747.538199998], [192430.8301, 504747.370200001], [192429.914900001, 504747.064300001], [192428.999400001, 504746.759199999], [192428.0836, 504746.4551], [192427.792399999, 504746.3585], [192427.167599998, 504746.151799999], [192426.938499998, 504746.076099999], [192426.251200002, 504745.849300001], [192425.3345, 504745.547800001], [192424.417599998, 504745.247099999], [192424.241300002, 504745.189399999], [192423.500399999, 504744.947299998], [192423.063099999, 504744.804699998], [192422.582899999, 504744.6483], [192421.665100001, 504744.350299999], [192421.655000001, 504744.346999999], [192421.5392, 504744.309500001], [192420.747000001, 504744.053100001], [192419.828699999, 504743.756700002], [192418.910100002, 504743.461300001], [192417.991099998, 504743.166700002], [192417.071899999, 504742.873], [192416.1525, 504742.5801], [192415.232700001, 504742.288199998], [192414.3127, 504741.997099999], [192413.3924, 504741.706799999], [192412.471799999, 504741.4175], [192411.550999999, 504741.129000001], [192410.629900001, 504740.841400001], [192409.708500002, 504740.554699998], [192408.786800001, 504740.268800002], [192408.314100001, 504740.1226], [192408.197999999, 504740.0867], [192407.8649, 504739.983899999], [192407.329999998, 504739.818999998], [192406.942699999, 504739.6998], [192406.020199999, 504739.416499998], [192405.097399998, 504739.134199999], [192404.174400002, 504738.852699999], [192403.2511, 504738.572099999], [192402.559099998, 504738.362399999], [192402.441799998, 504738.326900002], [192402.327599999, 504738.292399999], [192401.4038, 504738.013500001], [192400.479699999, 504737.735599998], [192399.555399999, 504737.458500002], [192398.630800001, 504737.182300001], [192397.705899999, 504736.9069], [192396.7808, 504736.6325], [192395.8554, 504736.358899999], [192394.9298, 504736.086199999], [192394.003899999, 504735.814399999], [192393.0777, 504735.543400001], [192392.614799999, 504735.408399999], [192392.151299998, 504735.273400001], [192391.224599998, 504735.0042], [192390.297699999, 504734.7359], [192389.370499998, 504734.468400002], [192388.443100002, 504734.201900002], [192387.5154, 504733.9362], [192387.5152, 504733.9362], [192386.831599999, 504733.741], [192385.659200002, 504733.407499999], [192383.802099999, 504732.882399999], [192381.943999998, 504732.3607], [192380.084899999, 504731.842599999], [192378.224800002, 504731.3281], [192376.363699999, 504730.817000002], [192374.501699999, 504730.309500001], [192372.638700001, 504729.805500001], [192371.557799999, 504729.514800001], [192370.774799999, 504729.305100001], [192368.909899998, 504728.808200002], [192367.044100001, 504728.314800002], [192365.177299999, 504727.824999999], [192363.309599999, 504727.3387], [192361.441, 504726.855999999], [192359.5715, 504726.376800001], [192357.701099999, 504725.9012], [192355.829700001, 504725.429099999], [192353.9575, 504724.9606], [192352.084399998, 504724.4956], [192350.2104, 504724.034200002], [192348.3356, 504723.576299999], [192346.459800001, 504723.122000001], [192344.583299998, 504722.671300001], [192342.705800001, 504722.224100001], [192340.827500001, 504721.780499998], [192338.948399998, 504721.340500001], [192337.068500001, 504720.903999999], [192335.1877, 504720.471099999], [192333.3061, 504720.0418], [192331.423700001, 504719.616], [192329.5405, 504719.193799999], [192327.656500001, 504718.775199998], [192325.771699999, 504718.360199999], [192323.886100002, 504717.9487], [192321.999699999, 504717.540800001], [192320.112599999, 504717.136500001], [192318.2247, 504716.735800002], [192316.335999999, 504716.3387], [192314.446600001, 504715.9452], [192312.556499999, 504715.555199999], [192310.665600002, 504715.1688], [192308.774, 504714.7861], [192306.881700002, 504714.4069], [192304.988600001, 504714.031300001], [192303.094799999, 504713.659299999], [192301.200399999, 504713.290899999], [192299.305199999, 504712.926100001], [192297.409400001, 504712.5649], [192295.512800001, 504712.2073], [192293.615600001, 504711.853300001], [192291.717700001, 504711.502900001], [192289.819200002, 504711.156100001], [192287.920000002, 504710.812899999], [192286.020199999, 504710.473299999], [192284.1197, 504710.1373], [192282.218600001, 504709.804900002], [192280.316799998, 504709.476199999], [192278.4144, 504709.151000001], [192276.511500001, 504708.829500001], [192274.607900001, 504708.511500001], [192272.703699999, 504708.1972], [192270.798900001, 504707.886500001], [192268.8935, 504707.579399999], [192266.987599999, 504707.276000001], [192266.589299999, 504707.213], [192265.081099998, 504706.976100001], [192263.173999999, 504706.679900002], [192261.266399998, 504706.3873], [192259.358199999, 504706.098299999], [192257.4494, 504705.812899999], [192255.540100001, 504705.531199999], [192253.6303, 504705.2531], [192251.719999999, 504704.978599999], [192249.809099998, 504704.707699999], [192247.897799999, 504704.440499999], [192245.9859, 504704.176899999], [192244.0735, 504703.916900001], [192242.160700001, 504703.660599999], [192240.247400001, 504703.407900002], [192238.333500002, 504703.158799998], [192236.419300001, 504702.9133], [192234.504500002, 504702.671500001], [192232.589299999, 504702.4333], [192230.673700001, 504702.198800001], [192228.757599998, 504701.967900001], [192226.840999998, 504701.740600001], [192224.9241, 504701.517000001], [192223.006700002, 504701.296999998], [192221.0889, 504701.080600001], [192219.170699999, 504700.867899999], [192217.252099998, 504700.6589], [192215.333099999, 504700.453400001], [192213.413800001, 504700.251600001], [192211.493999999, 504700.0535], [192209.573899999, 504699.859000001], [192207.6534, 504699.668200001], [192205.732500002, 504699.480999999], [192203.811299998, 504699.297400001], [192201.889800001, 504699.1175], [192199.967900001, 504698.941199999], [192198.045699999, 504698.768599998], [192196.123100001, 504698.5997], [192194.200300001, 504698.434300002], [192192.277100001, 504698.272700001], [192190.353599999, 504698.114700001], [192188.429900002, 504697.960299999], [192186.505800001, 504697.809599999], [192184.5814, 504697.662500001], [192182.656800002, 504697.519099999], [192180.731899999, 504697.3794], [192178.8068, 504697.243299998], [192176.8814, 504697.110800002], [192174.955699999, 504696.982099999], [192173.029800002, 504696.856899999], [192171.103700001, 504696.7355], [192169.1774, 504696.617600001], [192167.250799999, 504696.5035], [192165.324000001, 504696.392999999], [192163.397, 504696.2861], [192161.469799999, 504696.1829], [192159.542399999, 504696.0834], [192158.578600001, 504696.035500001], [192120.066799998, 504696.519200001], [192093.655699998, 504695.584800001], [192092.072099999, 504695.5286], [192090.057799999, 504695.456300002], [192088.0436, 504695.383200001], [192086.029399998, 504695.3092], [192084.015299998, 504695.234499998], [192082.0011, 504695.159000002], [192079.987100001, 504695.082699999], [192077.973000001, 504695.0055], [192075.958999999, 504694.9276], [192073.945, 504694.848900001], [192071.931000002, 504694.769299999], [192069.916999999, 504694.688900001], [192067.903099999, 504694.607799999], [192065.8893, 504694.525800001], [192063.875399999, 504694.443], [192061.8616, 504694.359499998], [192059.847899999, 504694.2751], [192057.834100001, 504694.1899], [192057.506099999, 504694.175900001], [192055.8204, 504694.1039], [192053.806699999, 504694.017099999], [192051.793099999, 504693.929499999], [192049.7795, 504693.8411], [192047.765900001, 504693.751899999], [192045.3858, 504693.645399999]]}, "properties": {"OBJECTID": 1197, "SOORT": 6, "KPNIDENT": " ", "STATUS": 1}}, {"type": "Feature", "id": 1199, "geometry": {"type": "LineString", "coordinates": [[192938.1193, 505010.591400001], [192926.466499999, 504995.394200001], [192921.134399999, 504989.0088], [192915.289999999, 504983.0887], [192908.973700002, 504977.674899999], [192767.738899998, 504866.466499999], [192762.099599998, 504862.0909], [192724.963, 504833.698899999], [192705.8202, 504819.539500002], [192686.2377, 504805.994899999], [192666.235100001, 504793.078699999], [192659.999299999, 504789.495700002], [192653.5222, 504786.370200001], [192646.837299999, 504783.7183], [192639.978999998, 504781.5537], [192624.785300002, 504777.475099999], [192609.532099999, 504773.624699999]]}, "properties": {"OBJECTID": 1199, "SOORT": 6, "KPNIDENT": " ", "STATUS": 1}}, {"type": "Feature", "id": 1200, "geometry": {"type": "LineString", "coordinates": [[192938.1193, 505010.591400001], [192763.454599999, 504873.9186], [192742.5616, 504857.9824], [192721.281300001, 504842.567200001], [192699.626600001, 504827.682399999], [192677.610800002, 504813.337200001], [192655.247299999, 504799.5403], [192632.549800001, 504786.300099999], [192609.532099999, 504773.624699999]]}, "properties": {"OBJECTID": 1200, "SOORT": 6, "KPNIDENT": " ", "STATUS": 1}}, {"type": "Feature", "id": 1202, "geometry": {"type": "LineString", "coordinates": [[191905.031800002, 504648.4197], [191944.3189, 504661.524999999], [191993.438299999, 504664.499200001], [192042.5845, 504666.991], [192091.752799999, 504669.000100002], [192092.078400001, 504669.038699999], [192092.393300001, 504669.129999999], [192092.689100001, 504669.271499999], [192092.957800001, 504669.459399998], [192093.192200001, 504669.688700002], [192093.385899998, 504669.953200001], [192093.533799998, 504670.2458], [192093.631999999, 504670.558699999], [192093.677700002, 504670.883400001], [192093.6697, 504671.211100001], [192093.6083, 504671.533199999], [192093.495099999, 504671.8409], [192093.333099999, 504672.125999998], [192093.126800001, 504672.380800001], [192092.881499998, 504672.5984], [192092.6041, 504672.7731]]}, "properties": {"OBJECTID": 1202, "SOORT": 6, "KPNIDENT": " ", "STATUS": 1}}, {"type": "Feature", "id": 1206, "geometry": {"type": "LineString", "coordinates": [[190725.605500001, 504691.961399999], [190726.218499999, 504690.898400001], [190727.042399999, 504689.565400001], [190728.608800001, 504687.269499999], [190730.2969, 504685.0781], [190732.4564, 504682.301399998], [190734.541200001, 504679.247499999], [190734.984099999, 504678.541900001], [190736.438999999, 504676.066399999], [190738.154800002, 504672.7762], [190739.6829, 504669.387600001], [190741.017499998, 504665.911200002], [190742.1536, 504662.358100001], [190743.086800002, 504658.739700001], [190743.8134, 504655.067499999], [190744.3303, 504651.353500001], [190744.635000002, 504647.6094], [190744.725699998, 504643.847600002], [190744.601599999, 504640.080200002], [190744.262200002, 504636.319499999], [190743.707800001, 504632.5779], [190742.9397, 504628.8675], [190741.959399998, 504625.2007], [190740.7696, 504621.589600001], [190739.373300001, 504618.0462], [190737.774500001, 504614.582199998], [190735.977600001, 504611.2093], [190733.9879, 504607.938900001], [190731.8112, 504604.781800002], [190729.453899998, 504601.7489], [190726.991999999, 504598.925000001], [190726.9232, 504598.850499999], [190725.413899999, 504597.248100001], [190725.223200001, 504597.045600001], [190695.234700002, 504565.180799998], [190693.265299998, 504563.106600001], [190690.854600001, 504560.639800001], [190688.403900001, 504558.209800001], [190685.913800001, 504555.817200001], [190684.6241, 504554.607099999], [190683.3847, 504553.463], [190682.401299998, 504552.568399999], [190680.815400001, 504551.149799999], [190678.2064, 504548.878699999], [190675.558400001, 504546.6505], [190672.872200001, 504544.465700001], [190670.148499999, 504542.325100001], [190670.102600001, 504542.289700001]]}, "properties": {"OBJECTID": 1206, "SOORT": 6, "KPNIDENT": " ", "STATUS": 1}}, {"type": "Feature", "id": 1228, "geometry": {"type": "LineString", "coordinates": [[187772.1384, 504946.096999999], [187765.331900001, 504977.410100002], [187763.9498, 504982.267499998], [187761.966600001, 504986.912099998], [187701.3598, 505107.199000001]]}, "properties": {"OBJECTID": 1228, "SOORT": 6, "KPNIDENT": " ", "STATUS": 1}}, {"type": "Feature", "id": 1230, "geometry": {"type": "LineString", "coordinates": [[187650.896299999, 505207.362500001], [187647.2018, 505215.704300001], [187644.2119, 505224.3237], [187641.9472, 505233.161400001], [187640.423300002, 505242.156500001], [187639.650699999, 505251.247000001], [187639.634799998, 505260.370299999], [187640.375700001, 505269.463399999], [187709.169399999, 505826.783599999]]}, "properties": {"OBJECTID": 1230, "SOORT": 6, "KPNIDENT": " ", "STATUS": 1}}, {"type": "Feature", "id": 1233, "geometry": {"type": "LineString", "coordinates": [[187711.0647, 505185.833700001], [187690.6406, 505226.370099999], [187688.0176, 505232.2819], [187685.987199999, 505238.422499999], [187684.568999998, 505244.7326], [187683.7766, 505251.1514], [187683.617800001, 505257.616999999], [187684.093899999, 505264.067000002], [187760.555, 505883.502999999]]}, "properties": {"OBJECTID": 1233, "SOORT": 6, "KPNIDENT": " ", "STATUS": 1}}, {"type": "Feature", "id": 1235, "geometry": {"type": "LineString", "coordinates": [[187712.140000001, 505753.712000001], [187717.6567, 505711.470699999], [187671.294, 505335.870900001], [187655.671100002, 505296.239]]}, "properties": {"OBJECTID": 1235, "SOORT": 6, "KPNIDENT": " ", "STATUS": 1}}, {"type": "Feature", "id": 1240, "geometry": {"type": "LineString", "coordinates": [[191944.049699999, 504665.6472], [191904.125, 504662.873100001], [191899.025400002, 504662.3596], [191893.960900001, 504661.571899999], [191864.029100001, 504656.085700002], [191859.432300001, 504655.359099999], [191854.805500001, 504654.858399998], [191805.671500001, 504650.512899999], [191805.340399999, 504650.509500001], [191805.013300002, 504650.560800001], [191804.699099999, 504650.6653], [191804.406500001, 504650.820300002], [191804.143399999, 504651.021400001], [191803.917199999, 504651.2632], [191803.733899999, 504651.538899999], [191803.5986, 504651.841200002], [191803.515099999, 504652.161600001], [191803.485599998, 504652.4914], [191803.510899998, 504652.821600001], [191803.590300001, 504653.142999999], [191803.721700002, 504653.447000001], [191803.9014, 504653.725099999], [191822.634500001, 504678.032400001], [191823.283, 504678.7951]]}, "properties": {"OBJECTID": 1240, "SOORT": 6, "KPNIDENT": " ", "STATUS": 1}}, {"type": "Feature", "id": 1242, "geometry": {"type": "LineString", "coordinates": [[192033.796500001, 504693.1107], [192094.011399999, 504674.094099998], [192106.183499999, 504669.974199999], [192118.176899999, 504665.3598], [192121.707400002, 504663.682], [192125.028900001, 504661.620999999], [192125.156500001, 504661.514699999], [192125.264800001, 504661.388700001], [192125.3508, 504661.2465], [192125.412, 504661.092099998], [192125.446800001, 504660.9296], [192125.454300001, 504660.763599999], [192125.434099998, 504660.598700002], [192125.3869, 504660.439399999], [192125.313999999, 504660.290100001], [192125.217399999, 504660.155000001], [192125.0997, 504660.037700001], [192124.964299999, 504659.941500001], [192124.814800002, 504659.868999999], [192124.655299999, 504659.822299998], [192124.490400001, 504659.802700002]]}, "properties": {"OBJECTID": 1242, "SOORT": 6, "KPNIDENT": " ", "STATUS": 1}}, {"type": "Feature", "id": 1243, "geometry": {"type": "LineString", "coordinates": [[192566.1811, 504825.986900002], [192566.083000001, 504824.9903], [192565.9267, 504824.002599999], [192565.866300002, 504823.0002], [192565.183800001, 504818.046399999], [192565.108100001, 504817.046300001], [192565.164799999, 504816.026000001], [192565.333500002, 504814.988499999], [192565.370200001, 504813.9712], [192565.654100001, 504811.904300001], [192565.500700001, 504810.916200001], [192565.7009, 504808.862199999], [192566.0319, 504806.7881], [192566.251400001, 504805.742800001], [192566.4998, 504803.681400001], [192566.233600002, 504802.7106], [192565.6402, 504801.789799999], [192565.453000002, 504800.8068], [192564.660599999, 504778.450599998], [192564.677999999, 504778.107700001], [192564.753800001, 504777.772700001], [192564.885699999, 504777.455699999], [192565.069899999, 504777.165899999], [192565.301100001, 504776.911800001], [192565.5722, 504776.701099999], [192565.875399999, 504776.539900001], [192566.201699998, 504776.4329], [192566.541499998, 504776.383299999], [192566.884799998, 504776.392499998], [192567.221500002, 504776.4604], [192567.541499998, 504776.584899999], [192592.693999998, 504789.372200001], [192617.490899999, 504802.836100001], [192656.217099998, 504829.572500002], [192658.136300001, 504830.833500002], [192674.594599999, 504841.3299], [192690.852600001, 504852.1338]]}, "properties": {"OBJECTID": 1243, "SOORT": 6, "KPNIDENT": " ", "STATUS": 1}}, {"type": "Feature", "id": 1246, "geometry": {"type": "LineString", "coordinates": [[191325.994199999, 504120.995200001], [191328.766399998, 504123.918099999], [191331.033100002, 504127.248199999], [191332.735599998, 504130.8992], [191333.829500001, 504134.776299998], [191334.286499999, 504138.778700002], [191334.094799999, 504142.802499998], [191333.259300001, 504146.743299998], [191331.8017, 504150.498799998], [191329.759799998, 504153.971299998], [191299.298300002, 504196.746100001], [191268.272700001, 504239.113499999], [191236.6886, 504281.066199999], [191235.158500001, 504282.780699998], [191233.384399999, 504284.2414], [191231.408, 504285.414000001], [191209.113400001, 504296.426100001], [191206.956900001, 504297.727200001], [191205.0484, 504299.370700002], [191203.441799998, 504301.3103], [191202.182399999, 504303.491500001], [191201.3057, 504305.852499999], [191200.836399999, 504308.327], [191200.787700001, 504310.845199998], [191201.160999998, 504313.335900001], [191201.945799999, 504315.7291], [191203.120000001, 504317.9573], [191204.650400002, 504319.957600001], [191206.493900001, 504321.673700001], [191208.5986, 504323.057100002], [191210.905000001, 504324.068799999], [191213.348200001, 504324.680399999], [191229.083299998, 504327.239700001], [191288.080200002, 504336.8356], [191289.798700001, 504337.114799999]]}, "properties": {"OBJECTID": 1246, "SOORT": 6, "KPNIDENT": " ", "STATUS": 1}}, {"type": "Feature", "id": 1262, "geometry": {"type": "LineString", "coordinates": [[187440.382599998, 506438.364500001], [187417.795699999, 506460.161400001], [187412.789700001, 506465.3539], [187408.170899998, 506470.893599998], [187403.963399999, 506476.751899999], [187400.189199999, 506482.898200002], [187381.7599, 506515.490499999], [187372.6494, 506530.948399998], [187356.519200001, 506557.227000002], [187354.060899999, 506560.593199998], [187351.096299998, 506563.5233], [187347.701499999, 506565.942000002], [187343.9639, 506567.787099998], [187339.979499999, 506569.011300001], [187335.8506, 506569.583000001], [187331.683499999, 506569.487500001], [187327.585099999, 506568.727400001], [187323.6609, 506567.322099999], [187320.011700001, 506565.307700001], [187298.9342, 506551.7797], [187277.471000001, 506538.872200001], [187255.6406, 506526.5962], [187233.461300001, 506514.962099999], [187210.952199999, 506503.979899999], [187188.132300001, 506493.659000002], [187165.0211, 506484.008000001], [187141.6382, 506475.0352], [187118.0035, 506466.748300001], [187059.320500001, 506447.125599999], [187059.316500001, 506447.134799998], [187048.7531, 506445.871800002], [187034.745999999, 506447.576699998]]}, "properties": {"OBJECTID": 1262, "SOORT": 6, "KPNIDENT": " ", "STATUS": 1}}, {"type": "Feature", "id": 1265, "geometry": {"type": "LineString", "coordinates": [[187494.468800001, 506327.4135], [187492.166099999, 506331.092999998], [187416.6061, 506454.1919], [187414.367600001, 506457.910799999]]}, "properties": {"OBJECTID": 1265, "SOORT": 6, "KPNIDENT": " ", "STATUS": 1}}, {"type": "Feature", "id": 1266, "geometry": {"type": "LineString", "coordinates": [[187463.123500001, 506416.392900001], [187454.9877, 506424.225299999], [187452.046700001, 506427.438299999], [187449.534000002, 506430.996300001], [187362.2555, 506572.804000001], [187359.875, 506575.2892], [187357.164700001, 506577.409899998], [187354.18, 506579.123], [187350.981699999, 506580.3935], [187345.868799999, 506581.688299999], [187340.6395, 506582.375999998], [187335.365699999, 506582.447099999], [187330.119800001, 506581.900699999]]}, "properties": {"OBJECTID": 1266, "SOORT": 6, "KPNIDENT": " ", "STATUS": 1}}, {"type": "Feature", "id": 1268, "geometry": {"type": "LineString", "coordinates": [[187440.371599998, 506438.357799999], [187360.836599998, 506567.932700001], [187359.1668, 506570.262400001], [187357.182599999, 506572.330899999], [187354.924400002, 506574.096099999], [187352.438099999, 506575.5222], [187349.774099998, 506576.5801], [187344.7137, 506577.834800001], [187339.534899998, 506578.437199999], [187334.321600001, 506578.377500001], [187329.157900002, 506577.656599998], [187324.127500001, 506576.2863], [187319.311700001, 506574.288699999], [187314.7883, 506571.6961], [187293.975699998, 506558.368999999], [187272.784899998, 506545.651799999], [187251.2337, 506533.555300001], [187229.340300001, 506522.0898], [187207.123199999, 506511.264800001], [187184.601199999, 506501.089499999], [187161.793200001, 506491.572500002], [187138.718499999, 506482.721799999], [187115.396400001, 506474.5449], [187034.745999999, 506447.576699998]]}, "properties": {"OBJECTID": 1268, "SOORT": 6, "KPNIDENT": " ", "STATUS": 1}}, {"type": "Feature", "id": 1273, "geometry": {"type": "LineString", "coordinates": [[192561.620099999, 504826.685699999], [192561.158199999, 504824.733100001], [192560.1263, 504818.821199998], [192559.871100001, 504817.8486], [192559.525400002, 504816.889899999], [192558.697299998, 504814.993500002], [192558.389899999, 504814.028900001], [192558.006000001, 504813.076000001], [192557.057599999, 504811.197999999], [192556.103500001, 504808.3092], [192555.690099999, 504807.360800002], [192554.774500001, 504805.4778], [192553.967300002, 504803.5781], [192553.609900001, 504802.621199999], [192553.184999999, 504801.674600001], [192552.822900001, 504800.718400002], [192552.404399998, 504799.7709], [192552.064199999, 504798.811299998], [192551.665899999, 504797.8607], [192552.181400001, 504796.77], [192547.060400002, 504779.5352], [192547.008099999, 504779.3277], [192546.9672, 504779.189800002], [192546.938700002, 504779.052200001], [192546.897999998, 504778.914700001], [192546.869399998, 504778.7762], [192546.828899998, 504778.639199998], [192546.800000001, 504778.499499999], [192546.759799998, 504778.363200001], [192546.730700001, 504778.221700002], [192546.690699998, 504778.086199999], [192546.6613, 504777.942699999], [192546.6217, 504777.8081], [192546.591800001, 504777.662099998], [192546.552700002, 504777.528499998], [192546.522300001, 504777.3796], [192546.4837, 504777.247099999], [192546.452799998, 504777.094900001], [192546.414700001, 504776.9637], [192546.383299999, 504776.807700001], [192546.345699999, 504776.6778], [192546.313700002, 504776.5178], [192546.2766, 504776.389199998], [192546.243999999, 504776.2247], [192546.207600001, 504776.097600002], [192546.1743, 504775.928199999], [192546.1384, 504775.8026], [192546.104400001, 504775.627599999], [192546.0592, 504775.451299999], [192546.034600001, 504775.3233], [192546.000100002, 504775.2007], [192545.964600001, 504775.014199998], [192545.925900001, 504774.867199998], [192545.5964, 504773.816199999], [192545.562100001, 504773.734499998], [192544.905299999, 504771.915399998], [192544.5682, 504771.255600002], [192544.0284, 504770.299199998], [192542.9804, 504768.713199999], [192542.2722, 504767.768399999], [192541.454300001, 504766.7881], [192540.4778, 504765.739500001], [192539.5119, 504764.817000002], [192538.656199999, 504764.082600001], [192537.445900001, 504763.1633], [192535.3083, 504761.6602], [192533.9102, 504760.794500001], [192515.794599999, 504752.885600001], [192497.532200001, 504745.321800001], [192479.129500002, 504738.105900001], [192473.367800001, 504736.118700001], [192467.490499999, 504734.505100001], [192438.073399998, 504727.434999999], [192430.730999999, 504725.355099998], [192412.040800001, 504719.434599999], [192393.241999999, 504713.868299998]]}, "properties": {"OBJECTID": 1273, "SOORT": 6, "KPNIDENT": " ", "STATUS": 1}}, {"type": "Feature", "id": 1274, "geometry": {"type": "LineString", "coordinates": [[187558.658199999, 503862.307300001], [187558.475299999, 503862.5064], [187558.2324, 503863.482099999], [187557.989599999, 503864.457699999], [187557.7467, 503865.433400001], [187557.503800001, 503866.409000002], [187557.261, 503867.384599999], [187557.018100001, 503868.360300001], [187556.775199998, 503869.335900001], [187556.532299999, 503870.311500002], [187556.2894, 503871.287099998], [187556.046399999, 503872.262699999], [187555.8035, 503873.238299999], [187555.5605, 503874.2139], [187555.450800002, 503874.6545], [187555.413199998, 503874.798799999], [187555.3717, 503874.9582], [187555.3627, 503874.9932], [187555.312100001, 503875.187600002], [187555.299400002, 503875.236200001], [187555.298999999, 503875.2381], [187555.298500001, 503875.239799999], [187555.261500001, 503875.381999999], [187555.225000001, 503875.522599999], [187555.210999999, 503875.576400001], [187555.160399999, 503875.770799998], [187555.156399999, 503875.7861], [187555.1098, 503875.9652], [187555.088, 503876.0493], [187555.059300002, 503876.159600001], [187555.022399999, 503876.3013], [187555.008699998, 503876.353999998], [187554.958099999, 503876.5484], [187554.941, 503876.6142], [187554.907600001, 503876.742800001], [187554.8596, 503876.927299999], [187554.857000001, 503876.937199999], [187554.806400001, 503877.1316], [187554.802000001, 503877.148800001], [187554.755899999, 503877.326000001], [187554.7533, 503877.335999999], [187554.7053, 503877.520399999], [187554.654800002, 503877.7148], [187554.619800001, 503877.849199999], [187554.604200002, 503877.909200002], [187554.553599998, 503878.103599999], [187554.5031, 503878.298], [187554.498300001, 503878.316199999], [187554.452500001, 503878.4925], [187554.401900001, 503878.686900001], [187554.369199999, 503878.8127], [187554.351399999, 503878.881299999], [187554.300799999, 503879.0757], [187554.2502, 503879.270100001], [187554.2434, 503879.296399999], [187554.199700002, 503879.464499999], [187554.149099998, 503879.6589], [187554.142299999, 503879.684900001], [187554.136100002, 503879.708999999], [187554.132300001, 503879.729499999], [187554.123, 503879.781500001], [187554.114399999, 503879.833500002], [187554.112799998, 503879.843600001], [187554.038600001, 503880.3321], [187553.997299999, 503880.897799999], [187554.044100001, 503881.463100001], [187554.177999999, 503882.014400002], [187554.395599999, 503882.538199998], [187554.691799998, 503883.022], [187555.0594, 503883.454], [187555.489399999, 503883.823899999], [187555.9716, 503884.122699998], [187605.285700001, 503909.604899999], [187609.448899999, 503911.635400001], [187613.701699998, 503913.471000001], [187646.503699999, 503926.736200001], [187650.7564, 503928.571800001], [187654.919599999, 503930.602299999], [187692.918900002, 503950.238000002]]}, "properties": {"OBJECTID": 1274, "SOORT": 6, "KPNIDENT": " ", "STATUS": 1}}, {"type": "Feature", "id": 1275, "geometry": {"type": "LineString", "coordinates": [[188793.240699999, 503567.831], [188794.631999999, 503572.278900001], [188795.085000001, 503573.1822], [188795.2588, 503582.497299999], [188795.145399999, 503583.395399999], [188795.028299998, 503584.035599999], [188794.850000001, 503584.788899999], [188794.595199998, 503585.636700001], [188794.331700001, 503586.355999999], [188793.939800002, 503587.245299999], [188793.6481, 503587.8147], [188793.332899999, 503588.364100002], [188792.821600001, 503589.1494], [188792.267299999, 503589.886100002], [188791.675299998, 503590.5726], [188791.206999999, 503591.055], [188790.3805, 503591.779399998], [188789.9287, 503592.135899998], [188789.3893, 503592.518399999], [188788.7522, 503592.914999999], [188788.0209, 503593.304200001], [188787.436799999, 503593.73], [188786.9881, 503594.114300001], [188786.570799999, 503594.434300002], [188786.134, 503594.734000001], [188785.687199999, 503595.008000001], [188785.201699998, 503595.270799998], [188784.747099999, 503595.487500001], [188784.427700002, 503595.625300001], [188777.247000001, 503598.762499999], [188770.3763, 503602.5306], [188763.870999999, 503606.899300002], [188757.783399999, 503611.8334], [188744.509599999, 503623.616700001], [188740.949999999, 503626.631200001], [188737.253699999, 503629.476300001], [188709.022799999, 503650.176399998], [188705.326499999, 503653.021600001], [188701.766899999, 503656.0361], [188671.541900001, 503682.867600001]]}, "properties": {"OBJECTID": 1275, "SOORT": 6, "KPNIDENT": " ", "STATUS": 1}}, {"type": "Feature", "id": 1276, "geometry": {"type": "LineString", "coordinates": [[188811.4157, 503567.219900001], [188811.369800001, 503570.3983], [188811.123399999, 503571.246100001], [188813.171399999, 503580.334899999], [188813.4954, 503581.180199999], [188813.761399999, 503581.7742], [188814.113600001, 503582.463500001], [188814.563099999, 503583.226199999], [188814.990499999, 503583.862], [188815.380100001, 503584.381700002], [188816.001499999, 503585.1162], [188816.438099999, 503585.574900001], [188817.1217, 503586.2159], [188817.835200001, 503586.799699999], [188818.574000001, 503587.325300001], [188819.143300001, 503587.682700001], [188820.118299998, 503588.189599998], [188820.642200001, 503588.428100001], [188821.256900001, 503588.671599999], [188821.970400002, 503588.904899999], [188822.773200002, 503589.109000001], [188823.441799998, 503589.3836], [188823.969099998, 503589.649999999], [188824.450599998, 503589.861299999], [188824.9461, 503590.048599999], [188825.445300002, 503590.2082], [188825.9793, 503590.348299999], [188826.4725, 503590.450300001], [188826.979699999, 503590.529399998], [188834.6578, 503591.873399999], [188842.185400002, 503593.896499999], [188849.502700001, 503596.582600001], [188856.551399998, 503599.910300002], [188872.3488, 503608.249699999], [188876.420899998, 503610.282200001], [188880.5812, 503612.1274], [188914.123599999, 503626.099199999], [188918.2839, 503627.944400001], [188922.355900001, 503629.9769], [188958.198899999, 503648.8983]]}, "properties": {"OBJECTID": 1276, "SOORT": 6, "KPNIDENT": " ", "STATUS": 1}}, {"type": "Feature", "id": 1280, "geometry": {"type": "LineString", "coordinates": [[191315.612500001, 504573.918499999], [191274.425500002, 504578.112], [191250.9498, 504574.5348], [191250.776799999, 504572.687600002], [191249.876200002, 504572.2469], [191248.4089, 504565.7566], [191249.514800001, 504563.8466]]}, "properties": {"OBJECTID": 1280, "SOORT": 6, "KPNIDENT": " ", "STATUS": 1}}, {"type": "Feature", "id": 1281, "geometry": {"type": "LineString", "coordinates": [[191652.877, 504623.444499999], [191611.782400001, 504628.588300001], [191564.236000001, 504622.040600002], [191516.754500002, 504615.037799999], [191363.376600001, 504591.666200001], [191358.527399998, 504591.054499999], [191353.653099999, 504590.693], [191323.260899998, 504589.223700002], [191318.386599999, 504588.862199999], [191313.537300002, 504588.250500001], [191273.8039, 504582.195900001]]}, "properties": {"OBJECTID": 1281, "SOORT": 6, "KPNIDENT": " ", "STATUS": 1}}, {"type": "Feature", "id": 1283, "geometry": {"type": "LineString", "coordinates": [[191213.668400001, 504572.293099999], [191212.323100001, 504572.593899999], [191209.885699999, 504575.257100001], [191119.481199998, 504561.4813], [191110.0319, 504560.032299999], [191102.647100002, 504560.701900002], [191103.296999998, 504541.529599998]]}, "properties": {"OBJECTID": 1283, "SOORT": 6, "KPNIDENT": " ", "STATUS": 1}}, {"type": "Feature", "id": 1284, "geometry": {"type": "LineString", "coordinates": [[191006.3937, 504565.9309], [191036.3587, 504539.885400001]]}, "properties": {"OBJECTID": 1284, "SOORT": 6, "KPNIDENT": " ", "STATUS": 1}}, {"type": "Feature", "id": 1295, "geometry": {"type": "LineString", "coordinates": [[191009.7223, 504539.7575], [190974.5119, 504534.056499999], [190966.32, 504532.356899999], [190936.777199998, 504524.857000001], [190931.210499998, 504523.6204], [190925.579500001, 504522.719999999], [190893.793400001, 504518.958299998], [190861.933699999, 504515.880800001], [190830.015299998, 504513.488699999], [190798.0528, 504511.783399999], [190766.061099999, 504510.7654], [190734.0548, 504510.4353], [190702.048900001, 504510.793299999], [190670.057999998, 504511.839200001], [190638.096999999, 504513.572500002], [190606.1807, 504515.992400002], [190605.9756, 504515.940299999], [190602.8609, 504515.4663], [190601.784899998, 504515.446400002], [190598.562899999, 504515.425500002], [190595.376200002, 504515.367699999], [190592.2346, 504515.219599999], [190591.200300001, 504515.134300001], [190582.020500001, 504514.0495], [190576.936799999, 504513.525600001], [190576.589600001, 504513.4976], [190575.920899998, 504513.4289], [190569.830899999, 504512.908500001], [190565.774500001, 504512.622900002], [190555.910500001, 504512.1435]]}, "properties": {"OBJECTID": 1295, "SOORT": 6, "KPNIDENT": " ", "STATUS": 1}}, {"type": "Feature", "id": 1298, "geometry": {"type": "LineString", "coordinates": [[190589.755199999, 504485.147700001], [190584.035799999, 504485.5484], [190554.022300001, 504487.997000001], [190540.879500002, 504489.244100001], [190527.7742, 504490.837699998], [190252.303800002, 504528.032699998], [190234.860100001, 504530.702199999], [190190.703499999, 504538.259599999]]}, "properties": {"OBJECTID": 1298, "SOORT": 6, "KPNIDENT": " ", "STATUS": 1}}, {"type": "Feature", "id": 1299, "geometry": {"type": "LineString", "coordinates": [[189691.1164, 504837.296100002], [189689.023600001, 504838.839200001], [189630.905299999, 504882.160999998], [189627.1611, 504884.566], [189623.119399998, 504886.428399999], [189618.858399998, 504887.712000001], [189614.4606, 504888.392099999], [189610.010899998, 504888.455499999]]}, "properties": {"OBJECTID": 1299, "SOORT": 6, "KPNIDENT": " ", "STATUS": 1}}, {"type": "Feature", "id": 1301, "geometry": {"type": "LineString", "coordinates": [[190218.471299998, 504546.4309], [190188.616799999, 504542.8774], [190181.3717, 504542.281199999], [190174.102400001, 504542.2128], [190166.847399998, 504542.672800001], [190159.645, 504543.658599999], [190140.728399999, 504546.952], [190126.074200001, 504549.858399998], [190111.572000001, 504553.4474], [190097.253600001, 504557.711199999], [190083.1505, 504562.6404], [190069.2936, 504568.224199999], [190055.713100001, 504574.450399999], [190042.438999999, 504581.305399999], [190029.5002, 504588.774099998], [190016.925099999, 504596.8402], [190004.741300002, 504605.4859], [189756.4736, 504790.546399999], [189747.900400002, 504796.796500001], [189714.3917, 504820.684999999], [189708.956500001, 504824.847600002], [189703.818799999, 504829.372400001], [189699.002700001, 504834.238000002], [189694.530900002, 504839.421799999], [189676.193100002, 504862.2119]]}, "properties": {"OBJECTID": 1301, "SOORT": 6, "KPNIDENT": " ", "STATUS": 1}}, {"type": "Feature", "id": 1302, "geometry": {"type": "LineString", "coordinates": [[190246.3325, 504549.747000001], [190234.356699999, 504548.321600001], [190152.064800002, 504559.432999998], [190137.0689, 504561.845699999], [190122.214499999, 504565.014400002], [190107.5394, 504568.930799998], [190093.0814, 504573.584899999], [190078.8774, 504578.964899998], [190064.964000002, 504585.0568], [190051.376699999, 504591.845199998], [190038.150400002, 504599.3125], [190025.318999998, 504607.4397], [190012.9153, 504616.205800001], [189666.162700001, 504874.6776], [189657.0024, 504886.061999999]]}, "properties": {"OBJECTID": 1302, "SOORT": 6, "KPNIDENT": " ", "STATUS": 1}}, {"type": "Feature", "id": 1303, "geometry": {"type": "LineString", "coordinates": [[190218.4712, 504546.430199999], [190151.5295, 504555.468899999], [190136.333799999, 504557.913899999], [190121.281199999, 504561.1248], [190106.410500001, 504565.093400002], [190091.7597, 504569.809599999], [190077.366300002, 504575.261300001], [190063.2674, 504581.434500001], [190049.4989, 504588.313299999], [190036.096299998, 504595.880199999], [190023.093800001, 504604.115699999], [190010.524799999, 504612.998799998], [189676.193100002, 504862.2119]]}, "properties": {"OBJECTID": 1303, "SOORT": 6, "KPNIDENT": " ", "STATUS": 1}}, {"type": "Feature", "id": 1306, "geometry": {"type": "LineString", "coordinates": [[191034.2049, 504539.536699999], [191010.383200001, 504535.679699998], [190977.412900001, 504521.224199999]]}, "properties": {"OBJECTID": 1306, "SOORT": 6, "KPNIDENT": " ", "STATUS": 1}}]}