{"type": "FeatureCollection", "crs": {"type": "name", "properties": {"name": "urn:ogc:def:crs:EPSG::28992"}}, "features": [{"type": "Feature", "id": 37, "geometry": {"type": "LineString", "coordinates": [[200632.263999999, 503395.767000001], [200632.083999999, 503395.921], [200632.022, 503395.938999999], [200631.079999998, 503396.732000001], [200630.416999999, 503397.25], [200622.596000001, 503403.140000001], [200608.795000002, 503413.465999998], [200592.559, 503426.024999999], [200587.533, 503430.283], [200587.513999999, 503430.311000001], [200576.050000001, 503439.953000002], [200575.263999999, 503440.669], [200569.613000002, 503445.090999998], [200559.581999999, 503452.539999999], [200558.977000002, 503452.987], [200557.100000001, 503454.447999999], [200556.344999999, 503454.980999999], [200546.662999999, 503462.684], [200530.949999999, 503474.918000001], [200523.243000001, 503480.956999999], [200518.811000001, 503482.495000001], [200518.675999999, 503482.541999999], [200514.491, 503479.188999999], [200509.925000001, 503473.066], [200508.357000001, 503471.328000002], [200507.638999999, 503470.114], [200506.223999999, 503468.399], [200502.622000001, 503463.658], [200502.111000001, 503462.901999999], [200488.728999998, 503446.243000001], [200476.061000001, 503430.390000001], [200463.829, 503414.822000001], [200451.021000002, 503399.440000001], [200438.432999998, 503383.862], [200425.831999999, 503367.583000001], [200413.232999999, 503351.355], [200406.199999999, 503341.704], [200412.467999998, 503334.829999998], [200422.022999998, 503327.855], [200432.563000001, 503327.182], [200432.796999998, 503327.166999999], [200450.215999998, 503326.530000001], [200470.649, 503326.412999999], [200476.497000001, 503326.210000001], [200476.589000002, 503326.140999999], [200480.546999998, 503326.352000002], [200483.598999999, 503326.162], [200483.629999999, 503326.210000001], [200492.261999998, 503326.048999999], [200512.335999999, 503325.682999998], [200531.875999998, 503325.702], [200551.287, 503325.221000001], [200556.620999999, 503325.188000001], [200556.715, 503325.184], [200563.958999999, 503324.894000001], [200571.388, 503321.901999999], [200587.164000001, 503309.283], [200603.342, 503296.317000002], [200615.168000001, 503286.510000002], [200616.324999999, 503285.550999999], [200616.701000001, 503285.239], [200629.265999999, 503275.355], [200643.230999999, 503264.256999999], [200662.296, 503249.260000002], [200666.623, 503239.344999999], [200666.390999999, 503237.041999999], [200665.666000001, 503229.837000001], [200659.217999998, 503218.842999998], [200648.366, 503201.145], [200637.618000001, 503183.568], [200627.254000001, 503166.261], [200616.623, 503148.171999998], [200610.083000001, 503138.015999999], [200598.708000001, 503120.467999998], [200596.465, 503117.131999999], [200586.305, 503102.237], [200584.645, 503100.217999998], [200584.556000002, 503100.213], [200573.710000001, 503085.057], [200560.802000001, 503068.642999999], [200548.401999999, 503053.587000001], [200535.829999998, 503037.789999999], [200523.693999998, 503021.949000001], [200510.734000001, 503005.732999999], [200498.309999999, 502990.309999999], [200487.169, 502976.258000001], [200474.677000001, 502960.374000002], [200461.52, 502944.096999999], [200448.671, 502927.557999998], [200435.914000001, 502911.982000001], [200428.134, 502901.886], [200415.824999999, 502885.752999999], [200402.338, 502868.908], [200389.046999998, 502852.453000002], [200376.269000001, 502836.335000001], [200365.704, 502823.43], [200352.932, 502807.464000002], [200343.182999998, 502795.140999999], [200329.794, 502778.526999999], [200317.136, 502762.765000001], [200304.890999999, 502747.035999998], [200301.291999999, 502742.311000001], [200291.199999999, 502729.98], [200283.875999998, 502720.873], [200276.186999999, 502711.223000001], [200272.932999998, 502707.313999999], [200282.730999999, 502699.375999998], [200278.938000001, 502694.456999999], [200276.954, 502691.905000001], [200268.272, 502680.254000001], [200266.401000001, 502677.897999998], [200263.508000001, 502673.644000001], [200267.477000002, 502669.761], [200256.138999999, 502655.431000002], [200245.510000002, 502641.675999999], [200235.938000001, 502629.561000001], [200214.568999998, 502601.763], [200201.776000001, 502585.420000002], [200187.787, 502567.397], [200181.131999999, 502558.881999999], [200170.541999999, 502567.340999998], [200154.283, 502554.482999999], [200139.574999999, 502541.706], [200114.807999998, 502511.335999999], [200090.776999999, 502480.019000001], [200065.993999999, 502448.897], [200053.565000001, 502434.489], [200039.780999999, 502419.528000001], [200026.561999999, 502405.395], [200012.414999999, 502391.925999999], [199997.945, 502378.907000002], [199983.311000001, 502366.241], [199967.919, 502353.98], [199949.710000001, 502341.057999998], [199940.98, 502347.585999999], [199930.534000002, 502355.346999999], [199913.684, 502365.802000001], [199897.671, 502375.252999999], [199881.048999999, 502385.259], [199864.515000001, 502395.136999998], [199847.103999998, 502404.93], [199829.214000002, 502412.098999999], [199809.838, 502416.695999999], [199791.901000001, 502419.193999998], [199765.741, 502422.114999998], [199747.166999999, 502426.234999999], [199728.524, 502430.504999999], [199720.156399999, 502430.6351]]}, "properties": {"OBJECTID": 37, "SOORT": 1, "KPNIDENT": "15246", "STATUS": 1}}, {"type": "Feature", "id": 123, "geometry": {"type": "LineString", "coordinates": [[218953.092, 539026.192000002], [218910.958999999, 538993.443], [218893.068999998, 538980.761], [218852.206, 538950.199000001], [218721.249000002, 538835.377999999], [218697.603, 538814.511999998]]}, "properties": {"OBJECTID": 123, "SOORT": 1, "KPNIDENT": "17804", "STATUS": 1}}, {"type": "Feature", "id": 126, "geometry": {"type": "LineString", "coordinates": [[218965.497000001, 539049.232999999], [218974.1252, 539034.217399999], [218959.651000001, 539019.52]]}, "properties": {"OBJECTID": 126, "SOORT": 1, "KPNIDENT": "17817", "STATUS": 1}}, {"type": "Feature", "id": 134, "geometry": {"type": "LineString", "coordinates": [[218876.260299999, 539188.618299998], [218880.408799998, 539181.1413], [218886.267900001, 539170.069800001], [218892.839200001, 539157.173300002], [218901.031100001, 539143.2907], [218908.485199999, 539126.5955], [218911.3061, 539119.027399998]]}, "properties": {"OBJECTID": 134, "SOORT": 1, "KPNIDENT": "17812", "STATUS": 1}}, {"type": "Feature", "id": 135, "geometry": {"type": "LineString", "coordinates": [[218911.279100001, 539119.011500001], [218912.142999999, 539117.636999998], [218933.019000001, 539089.571199998], [218959.704999998, 539046.208000001]]}, "properties": {"OBJECTID": 135, "SOORT": 1, "KPNIDENT": "17805", "STATUS": 1}}, {"type": "Feature", "id": 150, "geometry": {"type": "LineString", "coordinates": [[203114.212000001, 511286.159600001], [203104.258000001, 511299.335999999], [203095.237, 511316.011], [203087.43, 511325.866999999], [203081.559, 511333.214000002], [203077.006999999, 511349.440000001], [203069.545000002, 511368.484000001], [203057.048999999, 511384.449000001], [203043.021000002, 511399.486000001], [203037.015999999, 511405.934999999], [203034.962000001, 511408.759], [203029.602000002, 511416.454], [203029.515000001, 511416.572000001]]}, "properties": {"OBJECTID": 150, "SOORT": 1, "KPNIDENT": "17487", "STATUS": 1}}, {"type": "Feature", "id": 204, "geometry": {"type": "LineString", "coordinates": [[218959.651000001, 539019.52], [218919.732999999, 538983.289999999], [218903.978, 538968.408], [218867.517999999, 538935.375999998], [218807.034000002, 538880.550000001], [218713.818999998, 538796.138], [218681.089000002, 538766.085999999], [218668.1391, 538754.202], [218651.831799999, 538739.5011], [218638.4432, 538727.635000002], [218624.645300001, 538714.901500002], [218622.362399999, 538713.9289], [218618.182799999, 538715.962299999], [218614.505399998, 538715.869199999], [218609.849599998, 538717.286800001], [218606.2555, 538719.853799999], [218602.862599999, 538723.440200001], [218594.1186, 538736.6965], [218585.760600001, 538750.892700002], [218578.498599999, 538762.98], [218570.782900002, 538774.2097], [218562.035700001, 538787.614100002], [218550.9811, 538793.334199999], [218523.6866, 538804.227600001], [218508.421799999, 538809.7784]]}, "properties": {"OBJECTID": 204, "SOORT": 1, "KPNIDENT": "17806", "STATUS": 1}}, {"type": "Feature", "id": 206, "geometry": {"type": "LineString", "coordinates": [[218563.336800002, 538806.7575], [218559.660999998, 538809.123599999], [218557.807, 538806.204300001], [218555.393199999, 538807.7075], [218557.395799998, 538810.581799999], [218553.9487, 538812.800700001], [218514.8693, 538825.5834]]}, "properties": {"OBJECTID": 206, "SOORT": 1, "KPNIDENT": "17813", "STATUS": 1}}, {"type": "Feature", "id": 294, "geometry": {"type": "LineString", "coordinates": [[197814.905999999, 513593.550999999], [197813.596000001, 513596.857000001], [197810.800000001, 513604.565000001], [197802.622000001, 513620.568999998], [197792.375999998, 513637.535], [197783.737, 513651.875999998], [197773.094999999, 513668.544], [197762.306000002, 513685.864], [197752.537, 513702.123], [197741.296, 513720.118999999], [197729.254000001, 513738.745000001], [197718.668000001, 513755.050999999], [197708.267999999, 513772.199000001], [197697.693, 513789.509], [197686.912999999, 513806.443999998], [197674.228999998, 513826.566], [197664.421, 513842.374000002], [197653.653000001, 513859.445999999], [197642.927999999, 513876.635000002], [197633.223999999, 513891.284000002], [197624.068, 513903.620000001], [197610.589000002, 513917.267000001], [197596.541000001, 513930.816], [197582.452, 513943.881000001], [197568.035, 513957.695999999], [197557.509, 513968.357999999], [197544.142000001, 513984.357000001], [197532.037, 514000.206], [197519.750999998, 514016.546], [197507.945, 514033.204], [197498.355999999, 514047.019000001], [197492.885000002, 514055.577], [197481.824000001, 514072.579], [197472.210000001, 514090.066], [197463.429000001, 514108.927000001], [197455.295000002, 514127.425999999], [197445.375, 514149.166999999], [197434.708000001, 514166.311999999], [197422.616, 514181.445], [197408.693, 514195.27], [197391.873, 514211.561999999], [197378.574000001, 514224.427000001], [197364.204999998, 514237.201000001], [197348.701000001, 514249.434999999], [197333.971999999, 514261.296], [197319.467, 514273], [197303.811999999, 514285.048999999], [197288.723000001, 514296.157000002], [197274.142999999, 514307.188999999], [197258.877999999, 514319.147999998], [197240.318, 514332.623], [197224.818, 514344.728], [197209.271000002, 514356.478], [197193.111000001, 514369.463], [197177.410999998, 514381.493999999], [197158.837000001, 514395.252999999], [197143.024999999, 514407.958000001], [197127.767999999, 514419.642000001], [197110.745000001, 514432.568], [197094.748, 514444.782000002], [197077.289999999, 514458.048999999], [197061.535, 514469.614], [197045.215, 514481.829999998], [197029.368999999, 514494.427000001], [197013.973999999, 514506.250999998], [196994.973000001, 514519.945], [196981.204, 514531.925000001], [196966.870000001, 514547.759], [196952.684999999, 514563.671], [196937.506999999, 514574.664000001], [196920.532000002, 514586.57], [196904.965, 514597.997000001], [196889.265000001, 514609.07], [196874.149999999, 514619.954999998], [196858.537, 514631.142000001], [196842.585000001, 514641.941], [196826.723000001, 514653.572999999], [196811.239999998, 514664.602000002], [196795.980999999, 514675.370000001], [196780.410999998, 514687.002], [196766.166000001, 514697.015999999], [196750.471000001, 514708.890999999], [196734.848000001, 514720.936999999], [196718.820999999, 514733.477000002], [196702.276000001, 514746.265999999], [196687.109999999, 514757.368999999], [196670.083000001, 514770.32], [196653.274, 514783.214000002], [196636.954, 514795.642999999], [196620.48, 514808.302999999], [196606.859000001, 514818.561000001], [196590.519000001, 514831.118000001], [196574.407000002, 514843.473000001], [196558.695999999, 514855.475000001], [196542.714000002, 514867.442000002], [196528.302000001, 514878.366999999], [196512.728999998, 514890.897999998], [196496.816, 514902.892999999], [196479.965, 514915.120999999], [196462.590999998, 514926.094000001], [196447.594000001, 514936.113000002], [196431.366999999, 514948.925999999], [196414.807999998, 514962.412], [196399.394000001, 514974.693999998], [196382.322000001, 514987.877999999], [196365.259, 515001.583000001], [196351.881999999, 515011.688999999], [196333.022, 515026.813999999], [196314.171999998, 515041.416000001], [196297.684999999, 515054.557999998], [196288.002, 515062.427999999], [196274.197999999, 515073.295000002], [196258.101, 515085.866999999], [196242.763, 515097.866999999], [196227.333999999, 515110.057999998], [196210.195, 515123.232999999], [196194.969999999, 515135.460999999], [196179.375, 515147.778999999], [196163.796, 515159.949000001], [196148.261, 515172.188999999], [196133.024, 515184.260000002], [196118.048, 515196.028999999], [196102.670000002, 515208.112], [196087.348000001, 515220.236000001], [196072.278999999, 515231.873], [196055.655000001, 515245.140000001], [196040.265999999, 515257.403000001], [196024.975000001, 515269.66], [196008.149, 515280.541999999], [195998.976, 515280.498], [195989.441, 515277.817000002], [195983.443, 515272.574999999], [195979.822999999, 515268.182], [195977.776000001, 515264.598000001], [195976.956, 515261.259], [195976.401999999, 515240.338], [195976.436000001, 515219.760000002], [195976.602000002, 515199.789000001], [195976.945, 515174.526000001], [195977.011999998, 515157.313000001], [195977.16, 515137.364999998], [195976.726, 515117.066], [195977.059999999, 515096.463], [195978.175000001, 515076.706], [195978.953000002, 515060.318], [195980.517000001, 515040.289000001], [195982.09, 515019.759], [195983.811999999, 514998.921], [195985.929000001, 514978.227000002], [195987.465, 514957.877999999], [195989.072000001, 514937.401999999], [195990.614, 514917.625], [195992.114999998, 514898.081999999], [195994.204999998, 514878.032000002], [195995.622000001, 514859.465], [195997.997000001, 514839.105999999], [196000.282000002, 514818.451000001], [196002.545000002, 514798.546999998], [196004.868000001, 514778.971999999], [196008.140999999, 514754.416000001], [196010.504000001, 514734.234000001], [196013.252999999, 514714.037999999], [196015.712000001, 514693.844999999], [196018.129999999, 514673.278000001], [196017.377999999, 514654.329999998], [196013.499000002, 514636.962000001], [196007.965, 514619.875999998], [196002.397, 514603.002], [195996.239, 514585.199999999], [195990.357000001, 514567.816], [195984.885000002, 514550.454], [195978.963, 514533.090999998], [195973.647, 514516.500999998], [195967.873, 514499.960000001], [195962.079999998, 514483.155999999], [195956.728, 514465.931000002], [195952.550000001, 514448.443], [195951.454, 514430.274], [195950.909000002, 514412.458999999], [195950.800999999, 514394.377], [195950.662, 514376.046], [195950.052000001, 514357.813999999], [195949.873, 514339.574000001], [195949.526000001, 514321.159000002], [195949.607999999, 514302.640999999], [195949.738000002, 514283.938000001], [195949.706999999, 514265.756000001], [195949.513999999, 514247.302000001], [195949.763999999, 514230.655000001], [195949.892999999, 514212.760000002], [195950.07, 514194.414999999], [195949.684999999, 514175.166000001], [195947.919, 514156.495000001], [195945.429000001, 514141.259], [195939.125999998, 514122.028999999], [195932.581, 514103.969000001], [195928.671, 514096.151999999], [195922.195999999, 514087.596999999], [195908.131000001, 514073.513], [195894.100000001, 514060.061000001], [195880.138, 514046.265999999], [195866.557, 514032.530999999], [195852.342, 514018.649], [195838.409000002, 514004.807], [195824.260000002, 513991.024], [195810.351, 513977.131999999], [195796.34, 513963.640000001], [195782.624000002, 513949.831], [195768.816, 513936.138], [195755.125, 513922.350000001], [195741.655999999, 513908.991999999], [195727.896000002, 513895.864], [195714.690000001, 513882.574999999], [195701.838, 513869.752999999], [195691.863000002, 513860.600000001], [195686.515000001, 513858.063000001], [195671.596000001, 513841.537999999], [195659.32, 513828.129999999], [195646.710000001, 513814.454], [195634.248, 513801.015999999], [195622.208999999, 513787.590999998], [195607.471999999, 513766.986000001], [195597.213, 513750.820999999], [195586.931000002, 513734.629000001], [195576.659000002, 513717.692000002], [195566.425000001, 513701.024], [195556.105999999, 513684], [195545.978, 513667.517999999], [195535.798999999, 513650.877], [195525.465999998, 513634.057], [195515.530999999, 513617.412], [195505.838, 513601.147999998], [195495.752, 513584.396000002], [195485.098999999, 513568.206], [195473.93, 513552.947000001], [195462.160999998, 513537.653000001], [195451.969000001, 513522.951000001], [195442.219000001, 513508.203000002], [195432.109000001, 513490.732000001], [195419.828000002, 513475.670000002], [195407.302000001, 513461.778000001], [195392.833000001, 513444.157000002], [195381.355999999, 513428.173999999], [195369.895, 513411.390999999], [195358.192000002, 513395.414999999], [195346.234000001, 513379.249000002], [195334.914999999, 513363.596000001], [195323.548999999, 513347.794], [195312.022999998, 513331.855], [195300.052000001, 513315.793000001], [195288.607000001, 513300.070999999], [195276.280999999, 513284.149999999], [195263.75, 513268.177999999], [195251.142000001, 513252.368000001], [195239.607999999, 513235.921999998], [195229.035, 513218.267999999], [195218.993000001, 513203.487], [195210.136, 513191.089000002], [195199.096999999, 513175.692000002], [195187.719999999, 513160.149], [195176.510000002, 513144.403000001], [195166.441, 513127.918000001], [195157.971000001, 513110.603], [195151.434999999, 513092.816], [195144.827, 513074.456999999], [195138.059, 513055.738000002], [195131.859999999, 513037.249000002], [195125.162, 513018.473999999], [195118.886, 512999.947000001], [195112.294, 512981.454999998], [195105.243999999, 512962.607000001], [195098.473999999, 512944.493000001], [195092.046999998, 512926.120999999], [195085.451000001, 512908.237], [195078.989, 512889.805], [195072.307999998, 512871.460000001], [195065.851, 512853.249000002], [195059.366, 512835.078000002], [195053.114999998, 512816.833000001], [195046.772999998, 512798.657000002], [195040.449999999, 512780.622000001], [195034.028000001, 512763.414000001], [195031.888, 512757.344999999], [195030.559, 512753.309999999], [195030.954999998, 512748.344999999], [195031.522, 512744.486000001], [195036.493999999, 512736.072000001], [195040.921999998, 512727.361000001]]}, "properties": {"OBJECTID": 294, "SOORT": 1, "KPNIDENT": "3292", "STATUS": 1}}, {"type": "Feature", "id": 295, "geometry": {"type": "LineString", "coordinates": [[197412.752, 503981.285999998], [197493.344000001, 503973.429000001], [197467.727000002, 503916.868000001], [197463.414999999, 503882.627999999], [197463.923, 503830.125], [197464.936999999, 503791.572999999], [197463.923, 503778.636999998], [197462.908, 503764.941], [197463.669, 503748.708999999], [197467.219999999, 503737.041000001], [197470.212000001, 503727.607000001], [197466.204999998, 503711.171], [197466.458999999, 503691.640999999], [197476.351, 503619.609000001], [197485.359999999, 503551.846999999], [197489.539999999, 503509.024], [197494.588, 503481.850000001], [197498.416999999, 503466.920000002], [197505.011, 503451.449000001], [197513.888999999, 503435.215999998], [197528.092, 503412.642999999], [197540.774, 503388.294], [197550.919, 503369.271000002], [197561.572000001, 503356.335999999], [197604.436000001, 503320.827], [197618.131999999, 503305.609000001], [197625.995000001, 503290.390999999], [197632.59, 503265.535], [197651.105, 503210.75], [197664.039999999, 503186.147], [197693.715999998, 503143.283], [197717.811000001, 503114.622000001], [197748.500999998, 503080.381000001], [197773.609999999, 503058.568999998], [197820.353999998, 503019.771000002], [197866.693999998, 502980.703000002], [197905.754000001, 502947.223000001], [197967.895, 502894.721000001], [198015.831, 502853.125], [198098.009, 502784.136], [198122.612, 502760.802000001], [198150.004000001, 502727.322000001], [198172.831, 502710.581999999], [198263.125, 502656.557999998], [198317.657000002, 502624.853999998], [198371.934, 502596.193], [198413.530999999, 502575.140999999], [198448.532000002, 502557.133000001], [198427.028000001, 502494.098999999], [198421.140000001, 502478.506999999], [198412.835999999, 502461.458000001], [198344.425000001, 502345.013999999], [198324.758000001, 502312.629999999], [198315.627999999, 502295.890000001], [198307.491, 502286.574000001], [198271.102000002, 502260.738000002], [198235.732999999, 502237.807], [198160.844000001, 502194.329], [198141.243999999, 502185.715]]}, "properties": {"OBJECTID": 295, "SOORT": 1, "KPNIDENT": "3293", "STATUS": 1}}, {"type": "Feature", "id": 296, "geometry": {"type": "LineString", "coordinates": [[211146.443999998, 472650.914999999], [211146.401999999, 472650.872000001], [211137.708000001, 472638.298], [211125.260000002, 472627.894000001], [211109.874000002, 472615.585999999], [211094.396000002, 472603.309], [211079.022999998, 472591.245000001], [211063.703000002, 472578.899999999], [211048.719999999, 472567.366999999], [211032.276999999, 472555.739], [211015.223000001, 472545.541999999], [210996.765000001, 472541.726], [210977.535, 472545.302999999], [210953.539000001, 472544.583000001], [210935.973999999, 472544.056000002], [210917.048999999, 472542.923999999], [210898.011999998, 472541.625999998], [210879.182999998, 472539.863000002], [210859.647999998, 472537.585999999], [210841.083999999, 472535.208999999], [210822.482999999, 472532.423], [210803.579999998, 472529.348999999], [210784.234999999, 472525.807], [210755.774, 472520.098999999], [210737.708000001, 472514.322000001], [210717.84, 472507], [210699.046999998, 472500.646000002], [210679.541999999, 472494.682], [210660.487, 472488.721000001], [210640.963, 472482.436000001], [210621.697000001, 472476.243000001], [210602.441, 472469.947000001], [210583.083999999, 472463.561999999], [210565.294, 472457.486000001], [210545.907000002, 472451.32], [210526.532000002, 472445.261], [210507.274999999, 472439.116], [210488.011, 472432.835999999], [210467.953000002, 472425.943], [210452.010000002, 472420.798999999], [210432.976, 472414.664999999], [210413.942000002, 472408.530000001], [210394.908, 472402.396000002], [210375.874000002, 472396.261], [210356.864, 472390.083000001], [210338.034000002, 472384.164999999], [210319.041000001, 472378.254000001], [210300.057, 472372.213], [210282.120999999, 472367.030000001], [210263.43, 472360.635000002], [210244.873, 472354.763], [210225.888, 472348.848000001], [210206.533, 472342.668000001], [210184.471000001, 472336.519000001], [210165.859000001, 472331.546], [210147.245000001, 472326.500999998], [210127.93, 472321.704], [210108.153000001, 472318.088], [210088.313999999, 472313.588], [210068.539999999, 472309.293000001], [210048.741999999, 472306.037999999], [210028.388999999, 472303.377999999], [210008.401000001, 472300.704], [209988.881999999, 472298.114999998], [209969.022, 472295.863000002], [209949.050999999, 472293.737], [209928.967999998, 472291.708000001], [209908.795000002, 472289.818999998], [209888.364, 472288.186999999], [209868.511999998, 472285.949000001], [209848.383000001, 472284.182999998], [209828.363000002, 472282.633000001], [209808.102000002, 472280.59], [209789.848000001, 472279.088], [209770.522, 472278.392000001], [209751.34, 472279.932999998], [209732.039000001, 472283.377999999], [209712.859000001, 472288.574999999], [209694.434, 472294.800000001], [209676.879000001, 472303.771000002], [209659.647999998, 472313.662999999], [209643.359999999, 472324.754999999], [209627.765000001, 472337.392000001], [209611.616999999, 472353.478999998], [209598.784000002, 472368.704999998], [209585.784000002, 472382.947000001], [209571.568, 472396.960000001], [209556.362, 472409.829999998], [209539.210000001, 472420.702], [209522.202, 472430.664000001], [209504.528000001, 472438.851], [209486.618999999, 472445.572000001], [209467.644000001, 472451.359000001], [209446.204, 472456.477000002], [209426.715999998, 472459.25], [209407.193999998, 472460.296999998], [209387.91, 472460.024999999], [209367.923, 472458.822999999], [209348.032000002, 472455.666000001], [209327.234999999, 472450.087000001], [209308.145, 472444.109000001], [209289.771000002, 472436.085999999], [209272.252999999, 472427.07], [209255.366, 472416.826000001], [209239.465, 472405.363000002], [209223.285999998, 472393.636], [209207.649, 472382.359999999], [209190.748, 472371.515000001], [209176.168000001, 472361.191], [209170.028999999, 472357.094999999], [209163.539999999, 472352.897999998], [209155.436000001, 472347.759], [209145.838, 472340.899999999], [209142.664000001, 472338.276000001], [209131.594999999, 472328.921999998], [209114.386999998, 472315.636], [209097.164999999, 472302.339000002], [209073.91, 472283.870000001], [209058.66, 472271.359999999], [209056.478, 472269.331999999], [209054.046, 472267.377], [209051.298, 472265.581], [209050.394000001, 472265.057999998], [209048.960000001, 472264.070999999], [209039.969999999, 472258.074000001], [209026.232999999, 472250.046999998], [209009.396000002, 472240.409000002], [208992.300000001, 472231.142999999], [208975.287, 472221.943], [208957.657000002, 472213.259], [208939.539000001, 472204.072000001], [208921.552000001, 472196.102000002], [208903.072000001, 472188.287999999], [208884.388, 472181.098000001], [208865.537999999, 472174.436000001], [208846.250999998, 472167.693], [208826.818, 472160.938000001], [208808.958000001, 472154.506000001], [208790.241, 472148.135000002], [208771.234999999, 472141.789000001], [208752.227000002, 472135.434], [208733.587000001, 472128.592999998], [208714.712000001, 472122.506999999], [208695.445999999, 472115.997000001], [208675.673, 472109.184], [208656.125, 472102.563000001], [208636.965, 472096.342], [208618.978999998, 472092.294], [208599.109000001, 472092.342], [208579.250999998, 472096.158], [208560.225000001, 472103.629000001], [208543.649999999, 472115.067000002], [208529.934, 472129.362], [208518.506000001, 472145.965999998], [208510.010000002, 472164.118000001], [208502.899999999, 472183.204999998], [208496.263, 472201.921], [208489.991999999, 472219.173999999], [208482.225000001, 472239.193], [208475.300000001, 472258.322000001], [208468.932, 472276.815000001], [208462.335000001, 472295.315000001], [208455.504000001, 472313.905999999], [208448.962000001, 472332.541999999], [208442.18, 472350.967], [208435.221000001, 472370.577], [208428.671, 472389.030000001], [208421.927000001, 472408.287999999], [208415.427000001, 472427.664000001], [208408.727000002, 472446.965], [208402.278999999, 472466.447999999], [208396.066, 472483.995999999], [208390.123, 472502.478], [208383.627999999, 472521.004999999], [208377.719999999, 472539.811000001], [208371.666000001, 472558.677999999], [208364.909000002, 472577.401999999], [208358.903000001, 472595.932999998], [208352.302999999, 472614.662], [208345.818, 472633.633000001], [208338.785999998, 472652.965], [208331.848000001, 472672.940000001], [208324.873, 472692.888], [208323.383000001, 472712.405000001], [208325.855, 472732.375], [208328.816, 472752.653000001], [208331.710000001, 472772.495999999], [208334.541000001, 472792.035], [208337.473999999, 472811.669], [208340.131999999, 472831.622000001], [208342.706, 472851.851], [208342.734999999, 472871.366], [208338.986000001, 472890.730999999], [208336.754000001, 472897.396000002]]}, "properties": {"OBJECTID": 296, "SOORT": 1, "KPNIDENT": "3294", "STATUS": 1}}, {"type": "Feature", "id": 297, "geometry": {"type": "LineString", "coordinates": [[217426.043000001, 490381.491999999], [217429.851, 490379.535], [217432.177000001, 490380.116999999], [217435.594000001, 490385.059], [217438.138, 490389.274999999], [217439.228, 490393.636], [217437.441, 490395.899999999], [217260.381999999, 490496.912999999], [217224.114, 490518.728999998], [217202.844999999, 490532.059999999], [217184.401000001, 490549.171999998], [216973.796999998, 490803.377999999], [216951.155999999, 490826.828000002], [216951.704999998, 490827.477000002], [216975.304000001, 490856.739], [216988.997000001, 490872.704999998], [217001.717999998, 490884.804000001], [217020.011, 490896.445999999], [217034.442000002, 490912.905999999], [217048.934, 490929.743000001], [217064.188000001, 490947.124000002], [217075.958999999, 490959.977000002], [217089.969000001, 490975.772999998], [217104.322000001, 490991.166000001], [217117.785, 491005.758000001], [217126.77, 491015.127999999], [217138.670000002, 491030.943], [217150.548999999, 491047.813000001], [217164.300000001, 491063.221999999], [217177.93, 491078.600000001], [217191.603, 491093.535999998], [217206.215999998, 491108.916999999], [217219.52, 491123.908], [217234.057999998, 491139.651000001], [217248.305, 491155.050999999], [217260.670000002, 491169.416999999]]}, "properties": {"OBJECTID": 297, "SOORT": 1, "KPNIDENT": "3295", "STATUS": 1}}, {"type": "Feature", "id": 298, "geometry": {"type": "LineString", "coordinates": [[204496.886999998, 508153.546999998], [204497.414000001, 508153.603999998], [204497.276000001, 508155.145], [204496.535, 508156], [204495.616999999, 508177.245000001], [204496.021000002, 508179.544], [204495.153000001, 508203.892000001], [204494.078000002, 508207.048999999], [204493.469000001, 508207.748], [204478.822000001, 508207.48], [204457.072000001, 508207.102000002], [204456.346999999, 508207.578000002], [204453.440000001, 508229.072999999], [204453.013, 508236.747000001], [204453.712000001, 508251.102000002], [204455.083000001, 508265.329999998], [204455.175999999, 508267.907000002], [204455.559, 508269.552999999], [204452.605999999, 508272.258000001], [204438.761, 508285.963], [204431.541999999, 508292.261999998], [204422.695, 508299.473000001], [204405.068, 508309.734999999], [204386.412999999, 508320.142999999], [204368.963, 508330.374000002], [204351.195999999, 508341.267999999], [204334.309, 508351.464000002], [204317.68, 508361.596000001], [204300.094999999, 508371.210000001], [204281.353999998, 508379.342], [204271.578000002, 508383.024], [204261.344000001, 508385.289999999], [204245.504999999, 508388.366], [204236.669, 508388.528000001], [204229.037999999, 508387.081], [204217.546999998, 508381.976], [204199.855999999, 508372.092999998], [204190.892999999, 508367.659000002], [204181.215999998, 508364.68], [204170.136, 508363.73], [204159.388, 508364.776000001], [204139.395, 508368.340999998], [204128.848999999, 508370.136], [204117.899, 508370.989999998], [204107.011999998, 508370.532000002], [204096.741, 508369.065000001], [204086.359000001, 508367.920000002], [204076.022999998, 508368.916999999], [204057.186000001, 508375.089000002], [204037.524999999, 508381.717999998], [204019.153000001, 508387.353999998], [203999.982000001, 508392.752], [203995.170000002, 508394.353999998], [203991.118999999, 508397.329], [203987.98, 508401.147999998], [203985.313000001, 508407.552000001], [203985.574999999, 508417.846000001], [203986.394000001, 508427.510000002], [203987.884, 508447.732000001], [203989.397999998, 508467.905999999], [203990.864999998, 508487.427999999], [203992.390999999, 508508.041000001], [203993.945, 508528.693999998], [203995.589000002, 508549.342999998], [203997.213, 508569.914000001], [203998.947000001, 508590.872000001], [204000.644000001, 508610.274], [204002.386999998, 508629.759], [204004.226, 508649.842999998], [204005.809, 508669.190000001], [204007.645, 508689.177999999], [204009.390999999, 508709.134], [204011.149999999, 508729.171999998], [204012.956, 508749.077], [204014.657000002, 508768.442000002], [204016.366999999, 508788.618999999], [204018.046999998, 508808.162], [204019.050999999, 508827.561000001], [204018.123, 508846.688000001], [204016.934, 508866.627], [204015.403999999, 508888.820999999], [204014.77, 508899.105], [204014.061000001, 508908.640000001], [204012.713, 508927.506999999], [204010.565000001, 508946.379999999], [204007.261999998, 508965.925999999], [204002.919, 508985.232999999], [204001.495000001, 508998.079], [204001.563000001, 509005.050000001], [204002.373, 509024.502], [204003.221000001, 509043.763999999], [204004.066, 509062.077], [204004.326000001, 509068.159000002], [204004.43, 509069.491999999], [204005.320999999, 509083.403000001], [204006.528000001, 509103.719999999], [204007.497000001, 509122.875999998], [204008.635000002, 509141.780999999], [204009.726, 509161.307999998], [204011.039000001, 509181.541000001], [204012.182999998, 509201.313000001], [204013.616999999, 509220.173], [204015.316, 509238.684999999], [204014.879000001, 509259.666000001], [204016.473999999, 509282.118000001], [204017.987, 509285.438000001], [204019.078000002, 509300.355999999], [204021.921999998, 509309.515999999], [204033.559, 509318.976], [204051.151999999, 509330.5], [204067.405000001, 509343.861000001], [204082.857000001, 509357.938999999], [204096.879999999, 509371.361000001], [204109.997000001, 509385.017999999], [204114.078000002, 509389.920000002], [204119.605999999, 509398.191], [204123.846999999, 509407.693999998], [204126.778999999, 509417.784000002], [204130.285, 509438.072999999], [204132.916000001, 509458.009], [204135.914000001, 509477.984000001], [204137.945, 509494.155000001], [204140.267999999, 509512.443], [204142.482000001, 509530.73], [204145.405999999, 509549.362], [204149.353999998, 509567.478], [204154.142000001, 509587.822999999], [204158.193, 509605.870999999], [204159.234000001, 509625.34], [204157.304000001, 509644.607999999], [204153.399, 509663.844999999], [204149.061000001, 509682.884], [204143.629999999, 509702.868999999], [204137.074999999, 509721.145], [204129.197999999, 509738.892999999], [204121.208000001, 509756.925000001], [204113.741999999, 509775.353999998], [204109.603999998, 509794.335999999], [204109.327, 509812.561999999], [204111.603999998, 509832.066], [204114.934, 509851.078000002], [204118.385000002, 509870.07], [204121.526999999, 509888.870000001], [204124.105999999, 509907.993999999], [204127.986000001, 509927.074000001], [204135.331, 509944.785999998], [204147.395, 509956.403999999], [204164.396000002, 509963.239], [204182.664999999, 509969.717], [204199.298999999, 509979.375999998], [204206.473000001, 509997.574000001], [204206.344999999, 510017.388999999], [204205.182999998, 510036.984000001], [204208.046999998, 510056.741], [204215.011999998, 510075.142000001], [204224.024999999, 510092.368999999], [204233.471999999, 510110.210000001], [204241.546999998, 510128.644000001], [204247.059, 510146.960000001], [204250.386999998, 510164.743000001], [204253.146000002, 510183.484999999], [204254.717, 510202.877], [204253.170000002, 510221.969000001], [204250.118999999, 510241.789999999], [204247.188999999, 510261.298999999], [204246.831, 510280.842], [204247.192000002, 510299.666000001], [204247.201000001, 510321.357000001], [204246.442000002, 510342.213], [204245.011999998, 510362.714000002], [204242.34, 510382.782000002], [204238.388, 510401.963], [204231.452, 510421.484999999], [204221.329, 510438.964000002], [204207.096000001, 510453.980999999], [204189.756000001, 510465.675999999], [204172.782000002, 510476.388], [204158.204, 510490.412], [204148.088, 510508.004000001], [204141.897, 510528.414000001], [204142.583000001, 510548.677999999], [204149.991, 510567.079999998], [204159.585000001, 510584.653999999], [204168.993000001, 510602.153000001], [204177.732999999, 510621.193], [204184.265000001, 510639.109000001], [204190.622000001, 510656.903999999], [204186.743000001, 510677.943999998], [204171.870999999, 510691.534000002], [204158.488000002, 510704.975000001], [204151.820999999, 510722.940000001], [204154.009, 510742.267000001], [204155.583999999, 510762.307999998], [204153.4001, 510764.7522]]}, "properties": {"OBJECTID": 298, "SOORT": 1, "KPNIDENT": "3297", "STATUS": 1}}, {"type": "Feature", "id": 404, "geometry": {"type": "LineString", "coordinates": [[200669.515000001, 516131.493999999], [200658.460000001, 516137.605999999], [200641.090999998, 516147.796], [200623.258000001, 516158.681000002], [200603.340999998, 516169.333999999], [200586.666999999, 516178.829999998], [200570.241999999, 516187.403000001], [200552.27, 516197.379999999], [200524.467, 516214.868000001], [200523.607000001, 516219.111000001], [200524.918000001, 516223.045000002], [200540.98, 516251.657000002], [200553.186999999, 516272.340999998], [200564.377, 516291.668000001], [200573.870999999, 516308.283], [200580.651999999, 516323.541000001], [200588.800999999, 516342.379999999], [200596.294, 516359.427999999], [200603.030999999, 516376.640000001], [200611.169, 516396.984999999], [200617.949999999, 516414.276999999], [200624.395, 516431.177999999], [200631.701000001, 516454.783], [200637.717999998, 516475.886999998], [200641.809, 516493.583999999], [200646.671999998, 516513.037999999], [200652.693, 516532.491], [200659.409000002, 516547.776000001], [200667.978, 516569.313999999], [200677.491999999, 516588.357999999], [200685.969000001, 516605.651000001], [200697.158, 516622.265000001], [200712.077, 516639.219000001], [200723.945, 516646.34], [200733.778000001, 516649.052000001], [200736.877, 516657.666000001], [200745.978, 516670.035], [200757.967, 516684.835000001], [200771.846999999, 516697.267999999], [200790.377, 516708.438999999], [200807.800000001, 516719.866999999], [200825.409000002, 516730.732999999], [200842.081999999, 516742.16], [200857.818999998, 516752.276999999], [200874.199000001, 516761.295000002], [200892.289000001, 516769.699000001], [200911.453000002, 516777.561000001], [200928.541000001, 516784.925000001], [200938.035999998, 516787.009], [200950.785, 516788.412], [200970.227000002, 516790.715], [200989.912, 516792.335999999], [201009.596999999, 516793.726], [201029.112, 516795.870999999], [201048.778000001, 516797.905999999], [201069.055, 516799.601], [201089.399, 516801.296999998], [201108.726, 516804.009], [201127.585999999, 516807.541000001], [201147.07, 516810.726], [201168.800999999, 516812.787], [201189.034000002, 516812.973999999], [201208.517000001, 516810.164000001], [201228.561999999, 516805.480999999], [201246.359000001, 516801.171999998], [201264.905999999, 516794.052999999], [201283.892000001, 516787.055], [201303.897, 516779.596000001], [201322.886, 516771.796999998], [201340.517000001, 516764.338], [201358.488000002, 516756.539000001], [201375.623, 516749.092], [201393.144000001, 516739.693999998], [201410.655000001, 516729.421], [201426.017000001, 516718.368000001], [201443.813999999, 516706.379000001], [201460.112, 516693.827], [201476.045000002, 516682.044], [201491.397999998, 516669.848000001], [201505.447999999, 516656.359000001], [201519.873, 516641.934], [201534.673, 516626.760000002], [201547.225000001, 516613.458999999], [201561.837000001, 516596.410999998], [201573.265000001, 516581.423999999], [201583.943, 516565.875], [201594.809, 516549.202], [201605.401999999, 516532.004000001], [201616.539999999, 516512.107999999], [201625.158, 516496.559], [201633.213, 516481.197999999], [201642.017999999, 516463.962000001], [201650.261, 516444.853999998], [201656.631000001, 516426.868999999], [201662.625, 516406.449999999], [201669.182, 516384.717999998], [201674.614999998, 516366.171999998], [201679.861000001, 516348], [201684.169, 516329.577], [201686.881999999, 516311.267000001], [201689.977000002, 516288.988000002], [201692.103, 516269.695999999], [201694.138, 516248.673], [201695.493999999, 516230.703000002], [201695.833000001, 516210.357999999], [201697.190000001, 516192.489], [201696.511, 516173.162], [201695.155000001, 516151.800000001], [201692.412, 516131.811000001], [201690.408, 516111.449999999], [201687.355999999, 516092.462000001], [201684.982999999, 516072.796], [201682.947999999, 516052.519000001], [201681.252999999, 516033.530999999], [201678.201000001, 516012.508000001], [201675.489, 515993.859000001], [201671.081, 515973.853999998], [201667.495999999, 515953.84], [201663.620999999, 515933.945], [201660.23, 515915.973999999], [201655.482999999, 515894.612], [201651.414999999, 515874.267999999], [201647.263999999, 515856.048999999], [201642.598999999, 515835.952], [201634.149999999, 515801.533], [201627.780000001, 515777.179000001], [201624.221000001, 515773.807], [201615.603, 515772.870000001], [201597.993999999, 515771.372000001], [201578.004999999, 515769.357999999], [201562.747000001, 515769.357999999], [201562.408, 515752.065000001], [201566.333000001, 515733.155000001], [201570.545000002, 515713.173999999], [201569.188999999, 515692.829], [201563.425000001, 515671.127999999], [201557.66, 515654.175000001], [201557.66, 515631.796], [201555.280000001, 515611.197000001], [201551.346000001, 515590.59], [201548.910999998, 515570.545000002], [201546.476, 515552.186000001], [201543.079999998, 515532.921999998], [201538.795000002, 515513.780999999], [201536.171999998, 515491.675000001], [201533.548999999, 515469.006999999], [201530.874000002, 515451.612], [201528.5, 515433.302000001], [201526.127, 515413.296], [201523.414000001, 515393.629999999], [201519.873, 515372.340999998], [201517.250999998, 515354.543000001], [201516.313999999, 515333.561000001], [201515.565000001, 515312.767000001], [201514.252999999, 515292.909000002], [201513.317000002, 515273.238000002], [201512.567000002, 515254.692000002], [201512.754999999, 515235.208999999], [201512.942000002, 515215.537999999], [201512.754999999, 515196.616999999], [201513.317000002, 515174.697999999], [201513.129000001, 515162.896000002], [201515.752, 515151.280999999], [201521.039999999, 515135.322999999], [201524.77, 515116.673999999], [201527.822000001, 515096.669], [201529.614999998, 515077.657000002], [201531.114, 515055.925999999], [201531.863000002, 515047.120999999], [201536.546999998, 515019.769000001], [201542.063000001, 514996.438999999], [201547.488000002, 514976.094000001], [201553.032000002, 514957.386], [201556.967, 514937.34], [201560.713, 514920.105], [201566.136999998, 514898.48], [201572.579999998, 514880.170000002], [201580.377999999, 514860.164999999], [201588.177000001, 514842.872000001], [201597.671, 514822.188000001], [201601.401000001, 514811.677000001], [201615.642000001, 514803.877999999], [201630.403000001, 514792.901999999], [201644.454, 514782.037], [201654.636, 514771.666000001], [201667.283, 514757.188000001], [201681.184999999, 514733.791999999], [201689.322999999, 514717.855], [201697.379999999, 514700.800000001], [201708.311000001, 514682.590999998], [201719.013999999, 514664.949999999], [201728.193999998, 514649.588], [201738.123, 514632.914999999], [201749.475000001, 514612.844000001], [201755.916999999, 514596.568], [201759.666999999, 514586.829999998], [201764.732999999, 514579.954], [201779.313000001, 514566.73], [201798.300999999, 514550.454], [201813.057999998, 514534.936999999], [201826.734000001, 514520.511999998], [201837.973000001, 514507.052999999], [201852.399, 514487.728], [201864.576000001, 514472.179000001], [201876.379000001, 514457.941], [201889.866999999, 514443.140999999], [201903.73, 514427.778999999], [201916.469000001, 514414.478], [201930.52, 514399.304000001], [201944.068999998, 514385.561999999], [201959.328000002, 514369.625999998], [201973.23, 514354.028000001], [201986.454, 514339.447999999], [202001.373, 514323.511999998], [202013.579999998, 514311.305], [202025.5, 514296.267999999], [202038.800999999, 514280.905999999], [202050.791000001, 514264.982000001], [202080.570999999, 514219.267000001], [202082.077, 514215.149999999], [202081.702, 514210.092], [202077.017999999, 514204.096999999], [202062.881000001, 514190.390999999], [202047.605999999, 514176.370999999], [202035.991, 514166.442000002], [202030.184, 514162.508000001], [202021.853, 514159.739], [202008.640000001, 514155.576000001], [202004.706, 514152.579], [202002.458000001, 514148.458000001], [202002.864999998, 514128.544], [202006.579, 514117.359000001], [202009.763999999, 514104.995000001], [202011.342, 514082.870999999], [202009.577, 514073.897], [202004.221000001, 514059.135000002], [201997.212000001, 514039.989], [201990.658, 514021.837000001], [201983.537999999, 514003.188000001], [201976.605, 513984.910999998], [201969.971999999, 513966.727000002], [201963.682999998, 513947.741999999], [201955.623, 513929.271000002], [201944.987, 513912.622000001], [201933.918000001, 513896.399999999]]}, "properties": {"OBJECTID": 404, "SOORT": 1, "KPNIDENT": "3332", "STATUS": 1}}, {"type": "Feature", "id": 405, "geometry": {"type": "LineString", "coordinates": [[221383.737, 503116.427999999], [221389.355999999, 503116.116999999], [221409.098000001, 503114.712000001], [221428.363000002, 503113.390000001], [221447.93, 503112.017999999], [221467.581999999, 503110.686999999], [221485.982000001, 503109.539000001], [221491.892000001, 503108.962000001], [221500.267000001, 503108.491], [221520.059, 503107.175999999], [221539.813000001, 503105.820999999], [221559.145, 503104.557999998], [221579.352000002, 503103.202], [221599.318, 503101.829], [221618.93, 503100.463], [221638.238000002, 503099.026999999], [221657.061999999, 503097.629999999], [221676.164000001, 503096.212000001], [221696.186999999, 503094.638999999], [221715.27, 503093.213], [221734.827, 503091.695], [221753.723999999, 503090.278999999], [221774.445, 503088.745999999], [221795.706, 503087.052000001], [221815.076000001, 503085.631000001], [221834.134, 503084.199000001], [221853.579999998, 503082.688000001], [221872.703000002, 503081.212000001], [221891.850000001, 503079.804000001], [221911.146000002, 503078.338], [221930.759, 503076.859999999], [221949.831999999, 503075.368999999], [221969.460000001, 503073.881999999], [221988.943999998, 503072.379999999], [222007.409000002, 503071.026999999], [222031.702, 503069.226], [222050.723999999, 503067.754999999], [222069.778000001, 503066.361000001], [222089.397, 503064.818999998], [222108.533, 503063.317000002], [222127.666000001, 503061.853999998], [222148.337000001, 503060.285999998], [222166.894000001, 503058.859999999], [222185.816, 503057.465], [222205.337000001, 503055.967999998], [222219.736000001, 503054.857000001], [222240.537999999, 503053.304000001], [222259.399, 503051.864999998], [222279.048, 503050.322999999], [222296.081, 503049.017000001], [222311.690000001, 503047.774999999], [222332.232000001, 503046.16], [222350.423999999, 503044.653999999], [222359.296999998, 503043.510000002], [222373.895, 503042.219000001], [222380.34, 503041.969999999], [222398.942000002, 503041.454], [222418.146000002, 503043.734000001], [222437.368000001, 503047.670000002], [222455.987, 503053.204], [222473.467, 503059.701000001], [222488.355999999, 503065.471999999], [222496.397999998, 503067.414000001], [222513.534000002, 503073.559999999], [222550.554000001, 503088.004000001], [222578.232000001, 503098.221000001], [222628.460000001, 503116.642000001], [222656.666000001, 503127.739], [222669.710999999, 503132.671], [222682.581, 503137.074999999], [222693.511, 503139.717], [222703.734999999, 503141.302000001], [222716.780999999, 503142.535999998], [222726.829, 503142.888], [222737.539999999, 503142.363000002], [222746.530999999, 503141.129999999], [222752.638999999, 503139.743000001]]}, "properties": {"OBJECTID": 405, "SOORT": 1, "KPNIDENT": "3333", "STATUS": 1}}, {"type": "Feature", "id": 406, "geometry": {"type": "LineString", "coordinates": [[217260.670000002, 491169.416999999], [217271.452, 491180.307], [217271.852000002, 491180.590999998], [217276.27, 491184.522999998], [217283.017999999, 491191.256000001], [217300.23, 491206.460000001], [217315.545000002, 491219.535], [217331.577, 491232.976], [217347.081999999, 491246.699999999], [217362.804000001, 491260.726], [217377.327, 491273.890000001], [217390.794, 491286.175000001], [217405.977000002, 491300.059], [217420.952, 491314.103999998], [217436.931000002, 491328.436000001], [217451.530000001, 491342.015999999], [217466.831, 491356.469000001], [217478.881999999, 491367.381999999], [217493.077, 491381.682999998], [217510.162, 491396.609000001], [217524.157000002, 491410.66], [217538.311999999, 491426.328000002], [217552.357000001, 491440.530999999], [217566.237, 491452.033], [217574.918000001, 491458.765000001], [217591.259, 491471.728999998], [217607.93, 491484.260000002], [217624.112, 491496.903999999], [217640.407000002, 491509.587000001], [217653.942000002, 491519.675000001], [217662.853, 491526.454999998], [217677.857000001, 491537.897], [217693.743999999, 491550.372000001], [217711.214000002, 491564.276999999], [217726.829999998, 491577.66], [217742.552000001, 491593.213], [217758.938000001, 491612.116], [217771.752999999, 491627.738000002], [217784.800000001, 491643.945999999], [217797.91, 491659.956999999], [217803.809, 491666.846999999], [217816.763999999, 491682.338], [217828.032000002, 491695.467999998], [217850.831999999, 491723.030999999], [218300.486000001, 491593.261999998], [218316.881000001, 491580.704], [218324.504999999, 491569.662]]}, "properties": {"OBJECTID": 406, "SOORT": 1, "KPNIDENT": "3334", "STATUS": 1}}, {"type": "Feature", "id": 407, "geometry": {"type": "LineString", "coordinates": [[202644.482999999, 512011.063000001], [202648.602000002, 512014.004000001], [202663.103999998, 512025.681000002], [202674.559, 512040.524], [202687.432999998, 512055.081999999], [202704.076000001, 512069.486000001], [202714.638, 512085.995999999], [202719.170000002, 512105.353999998], [202721.379999999, 512125.048], [202725.920000002, 512144.471999999], [202727.886999998, 512163.758000001], [202727.763999999, 512182.962000001], [202728.243999999, 512202.458000001], [202729.796999998, 512221.817000002], [202733.671, 512240.697000001], [202740.954999998, 512258.857999999], [202748.392000001, 512276.697999999], [202755.772999998, 512295.249000002], [202763.214000002, 512313.462000001], [202770.785999998, 512331.964000002], [202778.186999999, 512350.614], [202785.381999999, 512368.868999999], [202794.905000001, 512389.412], [202806.684999999, 512405.517000001], [202818.756999999, 512421.000999998], [202828.460000001, 512437.785], [202835.625, 512455.568999998], [202841.432999998, 512473.015000001], [202847.092999998, 512491.952], [202853.07, 512511.713], [202858.842, 512530.397999998], [202865.111000001, 512549.114999998], [202871.715, 512567.548999999], [202878.397, 512586.083000001], [202886.015999999, 512601.973999999], [202897.653000001, 512617.717999998], [202912.352000002, 512630.682], [202927.594999999, 512643.425999999], [202941.975000001, 512657.302000001], [202954.452, 512672.806000002], [202964.839000002, 512689.603], [202971.515999999, 512708.057], [202975.079, 512727.934999999], [202977.193, 512748.215999998], [202974.357000001, 512766.844000001], [202968.364999998, 512785.408], [202962.112, 512803.765999999], [202955.818, 512823.311999999], [202953.681000002, 512842.625999998], [202957.269000001, 512861.953000002], [202964.316, 512880.471000001], [202973.412999999, 512898.114999998], [202981.855999999, 512914.438000001], [202994.550999999, 512937.247000001], [203004.563000001, 512954.546999998], [203013.662999999, 512969.835000001], [203025.84, 512990.192000002], [203035.947000001, 513006.969000001], [203046.346000001, 513024.412], [203057.309, 513043.739], [203064.462000001, 513063.730999999], [203061.741, 513081.228], [203051.370999999, 513105.217], [203040.98, 513126.612], [203032.149, 513145.467], [203025.831999999, 513162.734000001], [203022.272999998, 513178.967999998], [203022.153000001, 513210.763999999], [203024.197000001, 513232.603], [203029.647, 513252.327], [203035.77, 513271.636999998], [203041.048, 513292.105], [203041.166999999, 513314.048999999], [203037.366999999, 513334.960999999], [203030.943999998, 513360.057], [203024.894000001, 513381.463], [203018.908, 513402.427000001], [203012.285, 513424.098999999], [203006.508000001, 513442.184], [202999.276999999, 513463.486000001], [202991.370999999, 513483.864999998], [202983.859999999, 513501.712000001], [202975.613000002, 513519.410999998], [202966.936000001, 513537.096999999], [202958.320999999, 513557.543000001], [202950.901000001, 513577.511], [202943.274999999, 513599.098000001], [202936.971000001, 513616.827], [202931.061999999, 513633.840999998], [202923.783, 513653.670000002], [202914.761999998, 513671.835999999], [202900.736000001, 513687.778999999], [202887.022999998, 513701.116], [202878.458000001, 513718.462000001], [202877.783, 513741.309999999], [202877.030000001, 513759.77], [202870.298999999, 513779.493999999], [202863.135000002, 513797.482000001], [202858.469000001, 513821.401000001], [202860.510000002, 513839.603999998], [202866.833000001, 513860.658], [202867.381999999, 513881.373], [202856.002, 513897.745000001], [202839.546999998, 513908.054000001], [202824.028999999, 513918.32], [202811.517000001, 513932.497000001], [202803.386999998, 513949.300999999], [202794.265000001, 513972.061000001], [202785.923999999, 513992.780000001], [202777.778000001, 514014.004000001], [202770.695999999, 514031.995000001], [202766.164000001, 514054.962000001], [202761.598999999, 514071.491], [202755.471000001, 514090.02], [202749.541999999, 514108.622000001], [202744.908, 514131.640000001], [202739.931000002, 514152.307999998], [202736.355, 514171.390999999], [202732.620999999, 514191], [202729.272, 514211.563000001], [202724.627, 514230.973999999], [202719.890999999, 514250.734000001], [202714.938000001, 514271.826000001], [202710.245999999, 514291.311999999], [202705.655999999, 514310.909000002], [202701.190000001, 514329.311999999], [202696.699999999, 514348.454999998], [202691.973000001, 514368.511999998], [202687.158, 514388.614999998], [202682.653999999, 514407.811000001], [202677.907000002, 514427.714000002], [202673.342, 514446.888], [202668.673, 514466.511999998], [202664.291999999, 514485.028999999], [202659.326000001, 514505.421], [202654.682999998, 514525.263], [202650.443999998, 514543.048999999], [202645.817000002, 514562.456], [202641.260000002, 514581.710000001], [202636.401999999, 514602.438999999], [202631.713, 514621.765999999], [202627.443, 514640.136999998], [202623.006999999, 514658.622000001], [202618.379000001, 514677.938000001], [202613.635000002, 514698.026000001], [202608.995999999, 514717.232000001], [202604.489, 514736.918000001], [202599.776000001, 514756.258000001], [202594.993000001, 514776.186999999], [202590.123, 514796.988000002], [202585.48, 514816.34], [202581.199000001, 514835.138], [202576.795000002, 514853.204], [202572.204999998, 514872.998], [202567.429000001, 514892.609999999], [202562.863000002, 514912.013], [202558.050999999, 514931.941], [202552.728999998, 514954.344000001], [202548.124000002, 514973.565000001], [202543.664000001, 514992.344000001], [202539.432, 515010.348999999], [202535.013, 515029.092999998], [202529.853999998, 515050.294], [202525.373, 515069.305], [202520.874000002, 515088.133000001], [202516.300999999, 515107.416999999], [202511.809, 515126.772], [202507.34, 515145.484000001], [202502.613000002, 515165.120000001], [202497.960000001, 515184.385000002], [202493.592, 515202.960999999], [202488.912999999, 515222.916000001], [202483.991999999, 515243.557], [202479.616, 515261.960000001], [202475.043000001, 515281.302999999], [202470.458000001, 515300.346999999], [202465.576000001, 515321.234000001], [202460.91, 515340.888], [202456.059, 515361.500999998], [202451.386, 515380.881000001], [202447.173999999, 515399.254999999], [202442.592, 515418.548999999], [202437.609000001, 515440.105], [202432.897999998, 515460.232000001], [202428.333000001, 515479.206999999], [202424.004999999, 515497.965999998], [202419.68, 515515.942000002], [202414.666000001, 515537.133000001], [202409.908, 515557.135000002], [202405.408, 515576.030999999], [202400.916000001, 515595.151999999], [202396.686999999, 515613.006999999], [202391.965, 515632.769000001], [202387.164000001, 515652.818], [202382.544, 515672.195999999], [202377.796999998, 515692.298], [202373.504999999, 515710.449999999], [202368.794, 515729.987], [202364.232000001, 515749.659000002], [202359.427000001, 515769.561000001], [202354.868999999, 515789.217], [202350.414999999, 515807.717999998], [202345.701000001, 515827.515000001], [202341.114, 515846.815000001], [202336.364999998, 515866.522999998], [202331.611000001, 515886.789999999], [202327.192000002, 515905.236000001], [202322.75, 515924.074000001], [202318.010000002, 515943.351], [202313.636, 515962.438000001], [202308.759, 515983.006999999], [202304.072000001, 516002.364], [202299.756000001, 516021.037999999], [202295.125, 516040.331999999], [202290.469999999, 516059.739], [202285.952, 516078.863000002], [202280.929000001, 516099.813999999], [202276.370999999, 516118.806000002], [202271.951000001, 516137.822000001], [202267.370999999, 516156.932999998], [202262.782000002, 516176.513999999], [202257.877999999, 516196.952], [202252.730999999, 516218.638999999], [202248.002999999, 516238.344999999], [202243.807, 516255.901000001], [202239.210000001, 516275.368999999], [202234.829999998, 516293.929000001], [202231.469999999, 516308.017999999], [202227.035, 516326.603], [202221.927000001, 516347.651000001], [202216.874000002, 516369.030000001], [202211.655999999, 516391.390999999], [202207.133000001, 516410.526999999], [202202.511, 516429.864999998], [202197.826000001, 516449.715], [202193.214000002, 516468.934999999], [202188.605, 516488.381999999], [202183.296, 516511.054000001], [202178.603999998, 516530.827], [202174.432999998, 516548.379000001], [202169.93, 516566.807999998], [202165.469000001, 516585.903999999], [202161.136999998, 516603.534000002], [202156.192000002, 516624.327], [202151.418000001, 516644.166999999], [202146.136999998, 516663.563999999], [202140.059, 516682.760000002], [202135.440000001, 516699.828000002], [202127.623, 516719.090999998], [202117.993999999, 516736.298], [202106.723999999, 516753.228999998], [202093.866, 516769.987], [202080.899, 516784.953000002], [202068.296, 516797.897999998], [202052.443999998, 516809.798999999], [202034.601, 516818.302000001], [202011.011, 516828.890000001], [201993.901000001, 516837.418000001], [201976.544, 516845.66], [201957.377, 516854.574999999], [201938.965999998, 516862.942000002], [201885.324999999, 516886.480999999]]}, "properties": {"OBJECTID": 407, "SOORT": 1, "KPNIDENT": "3335", "STATUS": 1}}, {"type": "Feature", "id": 408, "geometry": {"type": "LineString", "coordinates": [[211276.989, 472488.864], [211273.221000001, 472488.278000001], [211258.017999999, 472497.414000001], [211251.171999998, 472515.739], [211244.697999999, 472533.588], [211237.725000001, 472551.897999998], [211230.940000001, 472570.186000001], [211224.350000001, 472588.175999999], [211217.701000001, 472606.160999998], [211211.127999999, 472624.348000001], [211204.868999999, 472642.567000002], [211198.410999998, 472660.464000002], [211191.908, 472678.901000001], [211187.829999998, 472689.688999999], [211182.561000001, 472693.835000001], [211177.609000001, 472689.842999998], [211172.311000001, 472684.324999999], [211166.377, 472673.973000001], [211164.203000002, 472670.388999999], [211159.309, 472664.837000001], [211158.682, 472663.846999999], [211156.679000001, 472661.511], [211146.443999998, 472650.914999999]]}, "properties": {"OBJECTID": 408, "SOORT": 1, "KPNIDENT": "3337", "STATUS": 1}}, {"type": "Feature", "id": 409, "geometry": {"type": "LineString", "coordinates": [[187689.943999998, 510868.539999999], [187708.851, 510855.429000001], [187747.800999999, 510823.359000001], [187785.986000001, 510791.043000001], [187819.721999999, 510754.864], [187853.265000001, 510720.160999998], [187885.890000001, 510686.873], [187920.794, 510655.193], [187959.715, 510626.088], [187999.590999998, 510597.710000001], [188039.526000001, 510569.113000002], [188079.210999999, 510540.956999999], [188118.225000001, 510513.440000001], [188157.458999999, 510486.673999999], [188197.088, 510460.734999999], [188238.059999999, 510434.138999999], [188278.947000001, 510407.721000001], [188319.776999999, 510382.203000002], [188359.370999999, 510356.425000001], [188399.146000002, 510330.131000001], [188439.228999998, 510303.201000001], [188478.633000001, 510274.215999998], [188516.219999999, 510245.611000001], [188553.179000001, 510214.892000001], [188590.511999998, 510184.408], [188626.623, 510153.513], [188661.741999999, 510121.350000001], [188696, 510087.541000001], [188728.806000002, 510052.851], [188761.897, 510018.149999999], [188794.772999998, 509982.831999999], [188827.544, 509949.057999998], [188862.068999998, 509917.447999999], [188900.877, 509891.079999998], [188941.721999999, 509867.993000001], [188983.828000002, 509844.763999999], [189025.146000002, 509820.727000002], [189063.813000001, 509792.890999999], [189099.967999998, 509761.537999999], [189135.395, 509729.875999998], [189170.875, 509697.006999999], [189205.912999999, 509666.635000002], [189242.175999999, 509637.624000002], [189280.431000002, 509609.039000001], [189318.333000001, 509581.355999999], [189337.458999999, 509567.98], [189397.318, 509530.348000001], [189437.910999998, 509506.778000001], [189478.739, 509483.344000001], [189503.649, 509469.743999999], [189509.353, 509469.324000001], [189514.140999999, 509472.228], [189544.952, 509507.884], [189559.855, 509524.41], [189565.454, 509532.449999999]]}, "properties": {"OBJECTID": 409, "SOORT": 1, "KPNIDENT": "3328", "STATUS": 1}}, {"type": "Feature", "id": 410, "geometry": {"type": "LineString", "coordinates": [[212164.335000001, 477228.052000001], [212185.578000002, 477270.945999999], [212195.190000001, 477288.745999999], [212204.423, 477305.980999999], [212213.916999999, 477323.783], [212222.631000001, 477340.079999998], [212232.09, 477357.713], [212241.011, 477374.423], [212250.364999998, 477391.340999998], [212259.842999998, 477408.818], [212269.5, 477426.519000001], [212278.460999999, 477443.184999999], [212287.741, 477460.256000001], [212296.886999998, 477477.118000001], [212305.333000001, 477492.822000001], [212310.449000001, 477502.155000001], [212319.982999999, 477519.624000002], [212330.322000001, 477538.287], [212339.337000001, 477555.101], [212348.537, 477572.057], [212357.635000002, 477588.798999999], [212366.449999999, 477605.517999999], [212375.940000001, 477623.125], [212384.795000002, 477640.675999999], [212393.638999999, 477657.977000002], [212402.958999999, 477675.918000001], [212411.528999999, 477692.243999999], [212420.515000001, 477709.557999998], [212429.517000001, 477726.375], [212438.355, 477743], [212448.535999998, 477760.642000001], [212459.780000001, 477778.570999999], [212470.145, 477794.544], [212480.749000002, 477810.776999999], [212491.706999999, 477826.951000001], [212502.77, 477843.072000001], [212511.327, 477855.695], [212522.456, 477872.138999999], [212532.699999999, 477887.072000001], [212539.592, 477896.48], [212545.945, 477905.041000001], [212556.602000002, 477920.088], [212567.940000001, 477935.25], [212578.890999999, 477950.050999999], [212586.337000001, 477960.557999998], [212597.587000001, 477976.144000001], [212608.313000001, 477990.579], [212619.113000002, 478005.390999999], [212629.252999999, 478018.977000002], [212639.026999999, 478032.567000002], [212643.07, 478038.388999999], [212645.866, 478040.629999999], [212648.892999999, 478043.491], [212653.057999998, 478049.245999999], [212663.528999999, 478063.570999999], [212672.708000001, 478076.339000002], [212683.989999998, 478091.669], [212694.973000001, 478107.088], [212704.697000001, 478122.055], [212714.258000001, 478138.416000001], [212724.237, 478153.761999998], [212734.991, 478168.195999999], [212744.611000001, 478181.362], [212753.681000002, 478193.743000001], [212768.015999999, 478213.390000001], [212775.647999998, 478220.243999999], [212783.759, 478235.98], [212788.331, 478243.818999998], [212794.175000001, 478249.967], [212798.914000001, 478256.901000001], [212813.120000001, 478273.907000002], [212817.296999998, 478279.432], [212825.458000001, 478294.511], [212836.489999998, 478310.811000001], [212846.285, 478323.940000001], [212852.986000001, 478331.476], [212857.603, 478338.852000002], [212863.877, 478348.581999999], [212871.565000001, 478358.427999999], [212876.982000001, 478366.952], [212887.359000001, 478380.094999999], [212890.044, 478383.719000001], [212893.162, 478388.249000002], [212899.760000002, 478396.475000001], [212905.763, 478404.010000002], [212915.706, 478418.267999999], [212925.956999999, 478432.863000002], [212936.728999998, 478446.528000001], [212946.912, 478460.055], [212957.263, 478474.142999999], [212970.322000001, 478491.318], [212982.287999999, 478505.892000001], [212993.993000001, 478520.044], [213005.824000001, 478534.464000002], [213017.725000001, 478548.366999999], [213029.366, 478560.888], [213038.191, 478570.561000001], [213051.171999998, 478584.692000002], [213063.732999999, 478597.778999999], [213076.066, 478610.925999999], [213086.857999999, 478622.309999999], [213095.708999999, 478631.919], [213109.219000001, 478646.160999998], [213121.875, 478659.774999999], [213134.276999999, 478672.925000001], [213146.787999999, 478686.131000001], [213159.276999999, 478699.351], [213171.329999998, 478712.489], [213182.673, 478724.874000002], [213196.129000001, 478739.456], [213209.395, 478754.182999998], [213222.480999999, 478768.342999998], [213235.504999999, 478782.289000001], [213248.269000001, 478796.002], [213261.375999998, 478809.929000001], [213274.863000002, 478824.050999999], [213287.727000002, 478837.627], [213300.579, 478851.052999999], [213313.594000001, 478864.515000001], [213325.166000001, 478876.471000001], [213329.995999999, 478881.375], [213343.272999998, 478895.204999998], [213356.715999998, 478909.745999999], [213369.524, 478924.182999998], [213382.250999998, 478938.59], [213398.006999999, 478956.447000001], [213409.625999998, 478970.033], [213421.429000001, 478983.995999999], [213434.368999999, 478999.147], [213446.32, 479013.686000001], [213457.18, 479026.866], [213461.892999999, 479032.920000002], [213468.82, 479041.938999999], [213480.504999999, 479056.868999999], [213485.425999999, 479063.418000001], [213490.851, 479070.133000001], [213496.469000001, 479077.925000001], [213510.727000002, 479096.18], [213520.723999999, 479109.916000001], [213532.313000001, 479125.487], [213543.791000001, 479139.932999998], [213555.454, 479154.800999999], [213568.359000001, 479171.585000001], [213582.298999999, 479189.574000001], [213594.673999999, 479206.118999999], [213605.403000001, 479221.800999999], [213616.355999999, 479238.028000001], [213627.149999999, 479254.620000001], [213638.159000002, 479271.741], [213650.034000002, 479290.271000002], [213661.072000001, 479306.364999998], [213671.557999998, 479321.756999999], [213682.392999999, 479338.112], [213693.318, 479354.513], [213703.894000001, 479370.530999999], [213714.912, 479387.416999999], [213725.499000002, 479403.493000001], [213736.877999999, 479420.662], [213748.327, 479437.351], [213759.541999999, 479453.884], [213770.050999999, 479469.497000001], [213778.605, 479482.576000001], [213788.868000001, 479497.640000001], [213798.265999999, 479512.478999998], [213808.567000002, 479528.563000001], [213819.392999999, 479545.076000001], [213831.605, 479563.129000001], [213840.028999999, 479576.114], [213850.647999998, 479591.98], [213861.392000001, 479608.23], [213872.469999999, 479624.980999999], [213883.035999998, 479640.936000001], [213893.903000001, 479656.587000001], [213910.324999999, 479674.899], [213924.109000001, 479688.636999998], [213934.971000001, 479707.026999999], [213941.072000001, 479726.771000002], [213950.517999999, 479743.037999999], [213961.309, 479759.291000001], [213971.385000002, 479774.355], [213981.592, 479790.425000001], [213984.092, 479793.921], [213990.576000001, 479803.881999999], [214000.701000001, 479819.441], [214011.526999999, 479835.934], [214022.458999999, 479852.342999998], [214036.842999998, 479873.780000001], [214047.629999999, 479890.412999999], [214054.989, 479901.602000002], [214057.984000001, 479906.059], [214068.714000002, 479922.131000001], [214079.697999999, 479938.326000001], [214090.375, 479954.124000002], [214099.127, 479966.765999999], [214104.412, 479973.883000001], [214114.991999999, 479991.054000001], [214125.831, 480006.811999999], [214137.094000001, 480022.921], [214148.537, 480039.186999999], [214159.82, 480054.967], [214170.213, 480068.936000001], [214181.471999999, 480084.364999998], [214193.074999999, 480100.526000001], [214204.738000002, 480116.941], [214216.563999999, 480133.727000002], [214229.554000001, 480152.465], [214237.254999999, 480163.991999999], [214247.802000001, 480180.692000002], [214259.006999999, 480197.727000002], [214269.745999999, 480213.640999999], [214281.346999999, 480229.932999998], [214294.116999999, 480248.692000002], [214303.791000001, 480262.188000001], [214314.581, 480278.045000002], [214325.943999998, 480294.289999999], [214337.068, 480309.206], [214348.420000002, 480324.995999999], [214359.254999999, 480340.886999998], [214370.631000001, 480356.952], [214375.995999999, 480364.460999999], [214387.135000002, 480378.489999998], [214395.006000001, 480386.052999999], [214401.048999999, 480397.613000002], [214407.748, 480407.458999999], [214419.081999999, 480423.787], [214430.158, 480439.066], [214440.447999999, 480453.190000001], [214452.089000002, 480469.809], [214463.579, 480486.293000001], [214475.059999999, 480502.846999999], [214486.997000001, 480520.035], [214498.313000001, 480536.300999999], [214511.734000001, 480555.666999999], [214523.441, 480572.515999999], [214535.204999998, 480589.471000001], [214546.609999999, 480604.815000001], [214553.780000001, 480613.999000002], [214556.929000001, 480622.212000001], [214563.159000002, 480638.785999998], [214571.73, 480655.866999999], [214580.083999999, 480669.982000001], [214586.642999999, 480691.206], [214594.732999999, 480713.511], [214601.313000001, 480732.84], [214608.059, 480756.269000001], [214614.184, 480775.559999999], [214619.649999999, 480793.486000001], [214620.412, 480815.342], [214622.829, 480834.598000001], [214625.813999999, 480853.232000001], [214628.726, 480873.155999999], [214631.73, 480892.857999999], [214634.585999999, 480913.363000002], [214636.932999998, 480931.361000001], [214639.892999999, 480951.863000002], [214642.774999999, 480970.504000001], [214644.745999999, 480982.991], [214648.237, 480997.476], [214653.486000001, 481009.322000001], [214662.804000001, 481023.252], [214666.631999999, 481030.794], [214667.011, 481037.548999999], [214663.835000001, 481045.335999999], [214658.577, 481055.469999999], [214657.302000001, 481065.710000001], [214657.515999999, 481072.853999998], [214660.800000001, 481092.932999998], [214664.261, 481113.581], [214667.929000001, 481136.248], [214672.076000001, 481162.565000001], [214672.239999998, 481163.202], [214672.463, 481164.651000001], [214672.682, 481166.225000001], [214672.714000002, 481167.373], [214675.280999999, 481186.975000001], [214677.546, 481206.057999998], [214679.614, 481223.991], [214682.131000001, 481242.710000001], [214684.508000001, 481261.458999999], [214686.261999998, 481273.846999999], [214689.188000001, 481293.035], [214692.634, 481314.379000001], [214695.488000002, 481334.013], [214698.635000002, 481353.848999999], [214701.629999999, 481374.114999998], [214704.421999998, 481393.723999999], [214707.429000001, 481414.907000002], [214710.421999998, 481434.631000001], [214713.210999999, 481454.188000001], [214716.228, 481473.692000002], [214719.449999999, 481493.250999998], [214722.206999999, 481514.335999999], [214724.651000001, 481534.153999999], [214727.82, 481555.289000001], [214730.511, 481574.5], [214733.179000001, 481594.182999998], [214736.419, 481615.333000001], [214739.274, 481634.756999999], [214742.063000001, 481654.809999999], [214744.798, 481675.397999998], [214747.407000002, 481695.745999999], [214749.868999999, 481713.453000002], [214752.431000002, 481731.642000001], [214755.816, 481752.767000001], [214758.613000002, 481771.68], [214762.048999999, 481791.616999999], [214764.886999998, 481811.296999998], [214767.725000001, 481829.995000001], [214770.445999999, 481848.550000001], [214773.241, 481868.210000001], [214776.037999999, 481888.034000002], [214778.783, 481907.522], [214781.923999999, 481928.013999999], [214784.734999999, 481947.495999999], [214787.772, 481967.638], [214791.024999999, 481987.379000001], [214794.144000001, 482007.357999999], [214795.980999999, 482021.82], [214798.715999998, 482040.662], [214799.945, 482050.851], [214801.699000001, 482064.734000001], [214803.936000001, 482083.987], [214806.098000001, 482102.671999998], [214807.824000001, 482121.423], [214809.791000001, 482141.283], [214811.249000002, 482161.383000001], [214812.533, 482180.699999999], [214813.710999999, 482203.068], [214814.136999998, 482220.991], [214815.239999998, 482249.414999999], [214815.377, 482263.243999999], [214815.693, 482282.572000001], [214815.874000002, 482301.601], [214815.41, 482321.094999999], [214815.114999998, 482340.594000001], [214815.105999999, 482359.498], [214815.094000001, 482380.535999998], [214815.002, 482403.936999999], [214814.844999999, 482423.636999998], [214815.250999998, 482442.340999998], [214815.438999999, 482461.280000001], [214815.537, 482480.691], [214816.16, 482505.037999999], [214817.153000001, 482522.715], [214817.986000001, 482537.289000001], [214818.265000001, 482541.875999998], [214818.473999999, 482544.024999999], [214818.703000002, 482546.041999999], [214818.704999998, 482554.454], [214818.592, 482579.559999999], [214818.993000001, 482598.925999999], [214818.710999999, 482617.390999999], [214819.146000002, 482637.348000001], [214819.184999999, 482638.447000001], [214820.350000001, 482657.807999998], [214821.098000001, 482676.603999998], [214821.607000001, 482696.390999999], [214821.831, 482715.405000001], [214822.131000001, 482734.688000001], [214822.640000001, 482753.568], [214822.892000001, 482776.070999999], [214823.306000002, 482795.647], [214823.363000002, 482815.480999999], [214823.307999998, 482834.625999998], [214823.245000001, 482849.506999999], [214823.769000001, 482874.596000001], [214825.763999999, 482892.171], [214829.313999999, 482908.589000002], [214833.971000001, 482925.482999999], [214839.921, 482943.866], [214846.719000001, 482960.912], [214854.465, 482979.504000001], [214862.015000001, 482997.778000001], [214869.432999998, 483015.250999998], [214877.557999998, 483034.213], [214885.855999999, 483052.219000001], [214893.975000001, 483069.407000002], [214901.352000002, 483084.93], [214907.581, 483096.317000002], [214914.015000001, 483105.813999999], [214920.539999999, 483115.967], [214928.315000001, 483132.548999999], [214933.796999998, 483149.886], [214939.627, 483168.914999999], [214946.081999999, 483187.706999999], [214956.447999999, 483211.033], [214964.074000001, 483227.931000002], [214972.039000001, 483245.620999999], [214980.245000001, 483263.813000001], [214988.449999999, 483282.440000001], [214996.993999999, 483300.763], [215005.660999998, 483318.381999999], [215013.634, 483335.296], [215022.447000001, 483353.269000001], [215030.949000001, 483371.684999999], [215030.886, 483371.739999998], [215040.502999999, 483392.533], [215049.370000001, 483411.449000001], [215057.719999999, 483429.502], [215065.925999999, 483446.875], [215073.991, 483464.568999998], [215083.963, 483486.613000002], [215092.022999998, 483503.947999999], [215100.502, 483522.059], [215108.82, 483538.971000001], [215117.221999999, 483556.193999998], [215124.287999999, 483571.131999999], [215128.486000001, 483580.015999999], [215133.079999998, 483589.798999999], [215134.120000001, 483591.818], [215141.636999998, 483608.208000001], [215149.473999999, 483625.184999999], [215157.263, 483643.237], [215167.574999999, 483666.967], [215174.195, 483683.265000001], [215178.721000001, 483694.010000002], [215179.721000001, 483697.908], [215180.307, 483700.594000001], [215181.140999999, 483704.271000002], [215181.583999999, 483706.302999999], [215182.006999999, 483708.188999999], [215182.302000001, 483709.151999999], [215185.653000001, 483722.504000001], [215188.824000001, 483734.118999999], [215193.506999999, 483752.285], [215197.587000001, 483770.175999999], [215201.427999999, 483787.835000001], [215205.783, 483807.313999999], [215211.973000001, 483834.054000001], [215216.100000001, 483852.736000001], [215220.346999999, 483870.682999998], [215224.403999999, 483888.811000001], [215228.721999999, 483907.594000001], [215234.548, 483932.544], [215238.952, 483951.102000002], [215243.980999999, 483972.355], [215248.329999998, 483990.934999999], [215253.495000001, 484009.324000001], [215258.414999999, 484027.886], [215262.726, 484045.868999999], [215265.342, 484063.890000001], [215267.601, 484081.905999999], [215269.449000001, 484100.425999999], [215271.307, 484117.758000001], [215272.511999998, 484130.934], [215274.305, 484148.868000001], [215276.318999998, 484168.515999999], [215278.350000001, 484188.046999998], [215280.473999999, 484208.443999998], [215283.057999998, 484233.563000001], [215285.25, 484251.453000002], [215287.537999999, 484256.842999998], [215294.463, 484266.921999998], [215300.541000001, 484277.395], [215301.831, 484284.510000002], [215299.291000001, 484298.524], [215298.493999999, 484298.640000001], [215290.991, 484300.18], [215292.546, 484317.715999998], [215294.416999999, 484337.976], [215296.151999999, 484358.149999999], [215297.339000002, 484377.999000002], [215298.043000001, 484399.695999999], [215298.692000002, 484419.452], [215299.028000001, 484433.083000001], [215298.774999999, 484444.009], [215299.509, 484463.425999999], [215300.359999999, 484482.427000001], [215300.056000002, 484501.691], [215301.491999999, 484521.640000001], [215301.02, 484547.838], [215301.491999999, 484570.022999998], [215301.491999999, 484591.028999999], [215301.728, 484645.548999999], [215303.144000001, 484694.169], [215302.671999998, 484714.938999999], [215302.671999998, 484734.291999999], [215301.899, 484746.618000001], [215301.888, 484767.682], [215302.267999999, 484788.295000002], [215302.976, 484809.127999999], [215303.535999998, 484827.929000001], [215303.695999999, 484849.749000002], [215304.217, 484880.107999999], [215304.480999999, 484900.982999999], [215304.817000002, 484926.225000001], [215305.522, 484939.171], [215305.703000002, 484951.18], [215305.373, 484975.664000001], [215306.421999998, 484996.703000002], [215306.532000002, 485012.578000002], [215306.256999999, 485037.627999999], [215306.760000002, 485051.098000001], [215307.103, 485068.199000001], [215307.625, 485087.300999999], [215307.515000001, 485099.813999999], [215306.651000001, 485110.511], [215306.748, 485129.454], [215308.384, 485154.909000002], [215308.498, 485175.261], [215309.515000001, 485193.861000001], [215310.109999999, 485212.747000001], [215310.386999998, 485234.155000001], [215310.745000001, 485252.945], [215310.348999999, 485269.616999999], [215310.473000001, 485289.237], [215309.133000001, 485310.098999999], [215309.706999999, 485324.708000001], [215311.752999999, 485350.717], [215311.074999999, 485371.515999999], [215310.978, 485396.202], [215311.449000001, 485416.886999998], [215311.475000001, 485436.967999998], [215311.585000001, 485451.307999998], [215312.327, 485471.805], [215312.170000002, 485489.699999999], [215312.557999998, 485509.752], [215312.197999999, 485531.554000001], [215312.521000002, 485550.883000001], [215312.748, 485571.02], [215312.526000001, 485590.800999999], [215313.287, 485616.460000001], [215313.443, 485635.456], [215314.750999998, 485655.535999998], [215314.111000001, 485676.120999999], [215314.579, 485693.412], [215315.188000001, 485712.999000002], [215316.307, 485718.905000001], [215316.452, 485733.237], [215317.294, 485739.868000001], [215318.175000001, 485747.331999999], [215318.916000001, 485756.145], [215321.208999999, 485774.892000001], [215323.328000002, 485793.644000001], [215326.943, 485811.940000001], [215329.965999998, 485832.508000001], [215333.296999998, 485854.122000001], [215336.798999999, 485871.162], [215339.741999999, 485882.421], [215340.379000001, 485884.142999999], [215341.285999998, 485886.456], [215341.995999999, 485897.419], [215347.515999999, 485913.441], [215352.188000001, 485923.147999998], [215356.789999999, 485928.670000002], [215360.377999999, 485941.783], [215363.291999999, 485953.644000001], [215363.737, 485956.219999999], [215364.302999999, 485958.723000001], [215364.903999999, 485961.142999999], [215366.443999998, 485967.326000001], [215368.013999999, 485973.943], [215369.962000001, 485983.256999999], [215371.190000001, 485989.804000001], [215376.905000001, 486007.563000001], [215383.280000001, 486026.113000002], [215390.544, 486046.157000002], [215397.509, 486065.544], [215403.157000002, 486084.326000001], [215408.024, 486103.177999999], [215413.256000001, 486122.004999999], [215418.134, 486140.124000002], [215423.094000001, 486158.921], [215428.932, 486179.175000001], [215433.916999999, 486197.662], [215438.921, 486216.057999998], [215443.962000001, 486235.449000001], [215448.879000001, 486254.254000001], [215455.796, 486282.348000001], [215460.030999999, 486300.261999998], [215465.166999999, 486317.638], [215470.717, 486337.068999998], [215473.721000001, 486348.929000001], [215474.807999998, 486359.886], [215476.686999999, 486379.782000002], [215479.188999999, 486399.373], [215480.708000001, 486408.289000001], [215483.712000001, 486419.651000001], [215489.081999999, 486440.063000001], [215494.440000001, 486461.624000002], [215499.977000002, 486481.100000001], [215506.66, 486500.133000001], [215513.675999999, 486517.563999999], [215522.105, 486537.164000001], [215529.690000001, 486555.337000001], [215537.232000001, 486573.644000001], [215544.427999999, 486592.59], [215550.182, 486612.528999999], [215555.445, 486633.471999999], [215559.973000001, 486651.999000002], [215561.785, 486672.118000001], [215563.725000001, 486692.399999999], [215565.640000001, 486712.655999999], [215567.827, 486732.254000001], [215569.941, 486752.304000001], [215572.052000001, 486772.263], [215574.300999999, 486792.324000001], [215576.592, 486811.988000002], [215579.203000002, 486836.734000001], [215581.149999999, 486856.984000001], [215583.574999999, 486877.199999999], [215585.692000002, 486896.931000002], [215587.488000002, 486916.484000001], [215588.638999999, 486930.348000001], [215589.357999999, 486939.798], [215590.09, 486959.138], [215591.337000001, 486978.921], [215593.254000001, 486997.112], [215596.34, 487015.673999999], [215599.605999999, 487036.695], [215602.366999999, 487055.043000001], [215604.945999999, 487074.344999999], [215608.338, 487097.346999999], [215610.515999999, 487115.561000001], [215612.912999999, 487134.028000001], [215613.252, 487152.101], [215611.112, 487170.671999998], [215609.923999999, 487184.109999999], [215610.258000001, 487190.296], [215611.545000002, 487201.640000001], [215611.645, 487203.181000002], [215612.686999999, 487212.353999998], [215613.962000001, 487225.131000001], [215614.254999999, 487228.875], [215614.544, 487232.434], [215614.554000001, 487234.048], [215614.633000001, 487235.456999999], [215614.734000001, 487236.895], [215614.989, 487239.890999999], [215615.973999999, 487252.699000001], [215616.864, 487265.613000002], [215617.486000001, 487273.524], [215617.883000001, 487275.223000001], [215620.260000002, 487294.034000002], [215623.162999999, 487312.921], [215623.642999999, 487315.817000002], [215626.134, 487332.352000002], [215629.133000001, 487351.219000001], [215632.978999998, 487380.929000001], [215635.024, 487400.159000002], [215636.278999999, 487419.125], [215636.918000001, 487438.456999999], [215638.146000002, 487458.351], [215639.987, 487483.335000001], [215642.024, 487501.585999999], [215644.857999999, 487521.960999999], [215647.493000001, 487540.934], [215650.717999998, 487558.25], [215656.090999998, 487575.704999998], [215663.254999999, 487591.440000001], [215669.965999998, 487607.035999998], [215675.787999999, 487628.77], [215676.289000001, 487646.840999998], [215675.543000001, 487665.006999999], [215674.18, 487684.545000002], [215672.337000001, 487703.969999999], [215670.618000001, 487724.581999999], [215669.739, 487747.857999999], [215670.897999998, 487768.649], [215671.929000001, 487784.903000001], [215674.434999999, 487803.366], [215678.616999999, 487819.482999999], [215680.243999999, 487826.16], [215680.239999998, 487826.395], [215682.238000002, 487842.436999999], [215683.745999999, 487870.173999999], [215685.192000002, 487889.219999999], [215686.440000001, 487907.675000001], [215686.614999998, 487917.796], [215686.142000001, 487938.532000002], [215686.583000001, 487958.717], [215687.659000002, 487977.318], [215688.831, 487997.019000001], [215690.896000002, 488021.057], [215691.741, 488042.304000001], [215693.171999998, 488060.677000001], [215694.515000001, 488079.285], [215695.675999999, 488095.980999999], [215697.227000002, 488118.759], [215698.469000001, 488137.331], [215699.697999999, 488157.225000001], [215701.089000002, 488175.899], [215703.129000001, 488195.425000001], [215704.633000001, 488221.91], [215706.170000002, 488243.25], [215707.761, 488262.737], [215709.658, 488282.309999999], [215712.370000001, 488311.309999999], [215713.662999999, 488322.820999999], [215715.410999998, 488341.223000001], [215717.166999999, 488360.300999999], [215719.024999999, 488379.618999999], [215720.897999998, 488399.544], [215722.795000002, 488418.442000002], [215725.363000002, 488442.287999999], [215727.193999998, 488458.530999999], [215728.193999998, 488469.182999998], [215728.714000002, 488474.708999999], [215728.969999999, 488480.465999998], [215729.767999999, 488493.101], [215731.081999999, 488514.239], [215732.447000001, 488533.577], [215733.175000001, 488553.278999999], [215734.629000001, 488571.521000002], [215735.609000001, 488590.219000001], [215736.528999999, 488609.006999999], [215737.443, 488628.199000001], [215738.024999999, 488637.396000002], [215739.699000001, 488646.557999998], [215742.993999999, 488666.875], [215746.436999999, 488685.978999998], [215750.131999999, 488705.855999999], [215753.436000001, 488724.747000001], [215757.686999999, 488748.072999999], [215760.908, 488763.326000001], [215764.881999999, 488780.978999998], [215765.949999999, 488785.432], [215765.997000001, 488786.160999998], [215767.164000001, 488790.98], [215767.259, 488791.813999999], [215767.771000002, 488795.006000001], [215768.954, 488803.829], [215771.452, 488817.734999999], [215772.147, 488820.866999999], [215775.802999999, 488838.590999998], [215778.088, 488856.044], [215778.868999999, 488864.046], [215778.901999999, 488864.364], [215782.066, 488883.706], [215784.848000001, 488901.991], [215789.085000001, 488928.794], [215791.375, 488943.704], [215794.458999999, 488963.024], [215797.34, 488978.824000001], [215797.403999999, 488978.881000001], [215798.737, 488987.131000001], [215803.034000002, 488998.313000001], [215803.114, 489014.670000002], [215805.260000002, 489032.91], [215808.287999999, 489050.936000001], [215811.712000001, 489075.048999999], [215814.636, 489093.727000002], [215817.857000001, 489113.706], [215821.756999999, 489138.793000001], [215823.710000001, 489148.734000001], [215827.451000001, 489158.93], [215828.124000002, 489161.219999999], [215830.074999999, 489166.964000002], [215830.811000001, 489172.276000001], [215831.004999999, 489176.925000001], [215831.418000001, 489179.263999999], [215832.499000002, 489193.162999999], [215832.848999999, 489213.588], [215835.605, 489232.364], [215838.719000001, 489251.552000001], [215842.261, 489271.248], [215847.085000001, 489289.866999999], [215851.666000001, 489303.998], [215860.730999999, 489325.168000001], [215870.164999999, 489344.280999999], [215879.092999998, 489359.353], [215891.647, 489377.250999998], [215903.011999998, 489390.241999999], [215906.905999999, 489394.385000002], [215908.026000001, 489395.442000002], [215911.236000001, 489398.550000001], [215922.629999999, 489408.434999999], [215942.578000002, 489424.557], [215955.241, 489437.081], [215969.116, 489451.070999999], [215977.925999999, 489460.254999999], [215990.759, 489473.276999999], [216000.879000001, 489483.145], [216013.504000001, 489495.305], [216023.173, 489505.375], [216028.710000001, 489512.488000002], [216037.932999998, 489528.456999999], [216042.541999999, 489534.855999999], [216046.454, 489538.511], [216051.127999999, 489542.816], [216057.916000001, 489548.160999998], [216064.322000001, 489553.655999999], [216079.147, 489567.671999998], [216094.465, 489582.289000001], [216110.195, 489598.021000002], [216124.313000001, 489612.079], [216137.232000001, 489625.164999999], [216152.074000001, 489639.511999998], [216163.421999998, 489651.348999999], [216179.181000002, 489667.045000002], [216193.313000001, 489681.958999999], [216206.704, 489695.477000002], [216213.344000001, 489702.118999999], [216228.037999999, 489716.612], [216234.261, 489722.795000002], [216248.561000001, 489736.870999999], [216252.022, 489739.987], [216253.473999999, 489741.460999999], [216253.541999999, 489741.504000001], [216255.738000002, 489743.620000001], [216258.478999998, 489745.785], [216258.486000001, 489745.833000001], [216259.122000001, 489746.456], [216259.125999998, 489746.568999998], [216261.136999998, 489748.739999998], [216261.237, 489748.798], [216262.844000001, 489750.671], [216266.541999999, 489754.567000002], [216271.677000001, 489760.454999998], [216283.941, 489774.581999999], [216295.488000002, 489785.991], [216309.997000001, 489800.863000002], [216325.201000001, 489816.166000001], [216339.980999999, 489830.182999998], [216354.482000001, 489845.296], [216368.305, 489859.811000001], [216382.449000001, 489874.675000001], [216396.901999999, 489889.214000002], [216405.875, 489897.265999999], [216419.118000001, 489910.131000001], [216419.908, 489910.909000002], [216420.741, 489911.721000001], [216434.340999998, 489927.247000001], [216448.43, 489941.346999999], [216462.182, 489955.691], [216476.201000001, 489970.936999999], [216491.401999999, 489987.532000002], [216503.813000001, 490002.482999999], [216514.677000001, 490016.009], [216517.929000001, 490021.432], [216519.010000002, 490023.140000001], [216519.024, 490023.223999999], [216520.624000002, 490025.796999998], [216522.362, 490028.410999998], [216522.853999998, 490029.129999999], [216527.811000001, 490036.649999999], [216529.469999999, 490040.482000001], [216532.274, 490044.306000002], [216532.399, 490044.471999999], [216534.276000001, 490047.353], [216536.335999999, 490050.534000002], [216540.664000001, 490058.41], [216549.772999998, 490071.763], [216554.524, 490082.359999999], [216557.432999998, 490087.796999998], [216562.613000002, 490098.811999999], [216569.326000001, 490113.096000001], [216569.335999999, 490113.237], [216577.436999999, 490130.471000001], [216586.445, 490150.943999998], [216593.440000001, 490168.636], [216603.199999999, 490193.052000001], [216608.213, 490205.658], [216618.287999999, 490229.179000001], [216625.300000001, 490244.464000002], [216632.131000001, 490259.662999999], [216633.177999999, 490262.074000001], [216638.146000002, 490273.932], [216647.081999999, 490291.215999998], [216655.640000001, 490311.153999999], [216660.579, 490323.813999999], [216667.331999999, 490343.059999999], [216675.329, 490362.548999999], [216686.670000002, 490387.506999999], [216695.572000001, 490408.890000001], [216702.074000001, 490424.675000001], [216705.539999999, 490434.296999998], [216711.658, 490448.274], [216712.953000002, 490451.522999998], [216715.076000001, 490456.653999999], [216721.388, 490475.561000001], [216728.999000002, 490494.410999998], [216736.184, 490511.953000002], [216743.598999999, 490529.833000001], [216751.096000001, 490547.896000002]]}, "properties": {"OBJECTID": 410, "SOORT": 1, "KPNIDENT": "3329", "STATUS": 1}}, {"type": "Feature", "id": 411, "geometry": {"type": "LineString", "coordinates": [[207531.350000001, 490141.631000001], [207530.037, 490122.416999999], [207528.041999999, 490099.688999999], [207524.175000001, 490070.158], [207511.166999999, 490015.666999999], [207503.785, 489986.136999998], [207466.063000001, 489831.206], [207436.181000002, 489704.717], [207412.635000002, 489619.923], [207402.440000001, 489582.596999999], [207373.664999999, 489463.057999998], [207370.298999999, 489426.497000001], [207352.618000001, 489358.645], [207324.829999998, 489262.289999999], [207285.925999999, 489127.182999998], [207259.223000001, 489034.721000001], [207253.138999999, 489020.250999998], [207236.530999999, 488954.807999998], [207226.995000001, 488912.879000001], [207213.675999999, 488853.848999999], [207178.653000001, 488704.054000001], [207161.059, 488617.236000001], [207153.166000001, 488583.693], [207144.123, 488547.517999999], [207132.776999999, 488502.958000001], [207122.581999999, 488459.548999999], [207111.237, 488400.190000001], [207104.66, 488349.052999999], [207098.739999998, 488297.258000001], [207094.465, 488260.754000001], [207087.559, 488203.697999999], [207078.68, 488118.688000001], [207071.774, 488077.416000001], [207060.592999998, 488043.873], [207045.958999999, 488012.138], [207026.885000002, 487982.048], [206995.478999998, 487944.065000001], [206962.592999998, 487916.934], [206927.57, 487893.092], [206847.493000001, 487835.541999999], [206805.07, 487804.136], [206787.640999999, 487786.377], [206776.624000002, 487767.960999999], [206770.868999999, 487753.327], [206766.923, 487735.403999999], [206766.265000001, 487722.085999999], [206767.581, 487699.23], [206772.02, 487681.965], [206782.215, 487660.589000002], [206808.688000001, 487620.140000001], [206830.886, 487585.774], [206844.533, 487552.230999999], [206851.932999998, 487516.221000001], [206852.261, 487489.748], [206846.835000001, 487455.217999998], [206829.077, 487403.423], [206809.017000001, 487355.409000002], [206751.467, 487194.763], [206725.322000001, 487123.728999998], [206681.420000002, 487003.039000001], [206619.101, 486828.414999999], [206585.557999998, 486725.647], [206574.541000001, 486688.157000002], [206543.135000002, 486577.989999998], [206527.842999998, 486518.960000001], [206507.783, 486444.638], [206496.109000001, 486399.914000001], [206486.572000001, 486352.228999998], [206477.857000001, 486270.015000001], [206469.964000002, 486169.548999999], [206461.907000002, 486067.109999999], [206451.548, 486007.916000001], [206443.327, 485974.864999998], [206434.447999999, 485942.802000001], [206371.307, 485799.583999999], [206340.723000001, 485733.32], [206285.969000001, 485611.642000001], [206255.056000002, 485541.596000001], [206202.274, 485417.616], [206176.129999999, 485355.954999998], [206134.693999998, 485261.572999999], [206102.631000001, 485186.923], [206096.381999999, 485164.725000001], [206092.436000001, 485136.936000001], [206090.956, 485099.940000001], [206092.272, 485058.997000001], [206095.888999999, 484954.585000001], [206097.204, 484906.572000001], [206102.958999999, 484744.774], [206106.741, 484644.307999998], [206107.892000001, 484619.478999998]]}, "properties": {"OBJECTID": 411, "SOORT": 1, "KPNIDENT": "3338", "STATUS": 1}}, {"type": "Feature", "id": 437, "geometry": {"type": "LineString", "coordinates": [[208336.754000001, 472897.396000002], [208332.681000002, 472909.552999999], [208322.498, 472927.440000001], [208309.329, 472942.995000001], [208294.620999999, 472956.772999998], [208280.609999999, 472970.335999999], [208266.057999998, 472984.232999999], [208251.647, 472998.432999998], [208236.796, 473012.745999999], [208223.699000001, 473025.973000001], [208208.458999999, 473040.807], [208199.328000002, 473057.335999999], [208200.625, 473062.638999999], [208214.081999999, 473077.357999999], [208227.524999999, 473092.265000001], [208232.993999999, 473098.761], [208236.806000002, 473102.699000001], [208240.350000001, 473099.688000001], [208253.280999999, 473114.153000001], [208267.192000002, 473129.408], [208280.759, 473144.346000001], [208286.892000001, 473151.201000001], [208287.427999999, 473150.846000001], [208294.206, 473158.331], [208307.513, 473173.100000001], [208310.673999999, 473176.561000001], [208310.460999999, 473180.660999998], [208303.756999999, 473186.774999999], [208304.039000001, 473188.351], [208305.142999999, 473190.339000002], [208307.477000002, 473201.331]]}, "properties": {"OBJECTID": 437, "SOORT": 1, "KPNIDENT": "3340", "STATUS": 1}}, {"type": "Feature", "id": 438, "geometry": {"type": "LineString", "coordinates": [[202617.908, 518093.713], [202604.316, 518075.491999999], [202590.578000002, 518056.66], [202583.338, 518046.840999998], [202575.631999999, 518036.460000001], [202566.495000001, 518023.894000001], [202556.839000002, 518010.805], [202546.675000001, 517997.533], [202534.068, 517980.171], [202545.585999999, 517971.747000001], [202556.780000001, 517963.383000001], [202573.140999999, 517951.311000001], [202586.357999999, 517969.548], [202598.629999999, 517986.583999999], [202602.515999999, 517991.920000002], [202612.397, 518003.508000001], [202623.715999998, 518018.754999999], [202634.236000001, 518032.956999999], [202644.561000001, 518046.877999999], [202660.238000002, 518067.949999999], [202675.537999999, 518089.16], [202686.489, 518103.949999999], [202699.188000001, 518121.090999998], [202713.006000001, 518139.548], [202722.083999999, 518149.780000001], [202733.092999998, 518162.004000001], [202737.921999998, 518157.881999999], [202745.901000001, 518150.872000001], [202759.513999999, 518138.807], [202774.429000001, 518125.556000002], [202789.125, 518112.589000002], [202804.166999999, 518099.252], [202814.445999999, 518110.559], [202823.475000001, 518121.098999999], [202838.636999998, 518138.138], [202851.905000001, 518153.331999999], [202865.861000001, 518168.877], [202878.645, 518183.438000001], [202890.278999999, 518196.458999999], [202893.611000001, 518200.188000001], [202885.34, 518212.870000001], [202896.660999998, 518225.818], [202908.945999999, 518239.908], [202895.616, 518251.614], [202883.618999999, 518262.109999999], [202868.596999999, 518275.368000001], [202854.460000001, 518287.642000001], [202839.978999998, 518300.318], [202824.451000001, 518314.068999998], [202810.179000001, 518326.576000001], [202805.212000001, 518330.949000001], [202785.495000001, 518332.532000002], [202764.866, 518334.147999998], [202745.627999999, 518335.688999999], [202733.214000002, 518347.030000001], [202720.807, 518358.284000002], [202715.491, 518363.092999998], [202709.442000002, 518379.217999998], [202703.682, 518394.344999999], [202712.026000001, 518409.728999998], [202719.272999998, 518414.960000001], [202734.675000001, 518429.204], [202740.041000001, 518432.394000001], [202765.958999999, 518454.241999999], [202781.879000001, 518467.085000001], [202797.498, 518480.296999998], [202813.076000001, 518493.177000001], [202826.329, 518503.175999999], [202842.710999999, 518515.616999999], [202858.780000001, 518528.594000001], [202875.113000002, 518541.666999999], [202891.675999999, 518554.787], [202907.57, 518568.173999999], [202984.897999998, 518632.002999999], [203023.620000001, 518664.420000002], [203059.892000001, 518694.844000001], [203098.017000001, 518727.649], [203133.23, 518759.925000001], [203164.054000001, 518788.138999999], [203198.208000001, 518821.473999999], [203213.828000002, 518835.760000002], [203220.712000001, 518844.489999998], [203226.537, 518852.956], [203232.147, 518864.197999999], [203254.651999999, 518908.909000002], [203261.306000002, 518927.034000002], [203268.984000001, 518946.081999999], [203279.309, 518966.982000001], [203296.026999999, 518996.747000001], [203319.326000001, 519036.43], [203336.271000002, 519065.796], [203342.951000001, 519081.254999999], [203348.245999999, 519099.245000001], [203351.953000002, 519122.526000001], [203353.284000002, 519140.647999998], [203354.872000001, 519176.627999999], [203355.666999999, 519193.824000001], [203358.313999999, 519213.401000001], [203361.271000002, 519231.785], [203370.008000001, 519266.971000001], [203376.236000001, 519289.982999999], [203385.280000001, 519317.351], [203392.186000001, 519336.627], [203403.897999998, 519380.094999999], [203405.362, 519398.067000002], [203404.315000001, 519410.271000002], [203402.015000001, 519433.467999998], [203398.877999999, 519463.144000001], [203396.578000002, 519483.989999998], [203393.859000001, 519501.754000001], [203392.813000001, 519516.381999999], [203391.976, 519535.191], [203392.609999999, 519558.743999999], [203393.864, 519576.925999999], [203396.164999999, 519595.316], [203402.021000002, 519620.394000001], [203408.943, 519643.537], [203418.353999998, 519669.241], [203428.392999999, 519690.765999999], [203437.804000001, 519707.484999999], [203445.991999999, 519719.908], [203455.403000001, 519732.447000001], [203457.285, 519734.328000002], [203460.631999999, 519735.791000001], [203466.905999999, 519736.627], [203477.363000002, 519737.881000001], [203484.682999998, 519738.717], [203497.022, 519737.881000001], [203515.359000001, 519736.348000001], [203532.195999999, 519736.925999999], [203536.633000001, 519738.223999999], [203544.223999999, 519753.068], [203554.443999998, 519763.925000001], [203565.521000002, 519772.517000001], [203564.247000001, 519774.221000001], [203562.822999999, 519775.463], [203560.125, 519777.050999999], [203556.997000001, 519780.432], [203554.920000002, 519782.370999999], [203549.521000002, 519787.493999999], [203540.418000001, 519792.32], [203533.210000001, 519796.666999999], [203530.600000001, 519799.647999998], [203529.853999998, 519802.379999999], [203530.351, 519805.484000001], [203531.842999998, 519807.719999999], [203534.701000001, 519810.204], [203562.043000001, 519837.153000001], [203623.045000002, 519896.761], [203651.690000001, 519923.691], [203671.489, 519942.375], [203694.587000001, 519961.719000001], [203725.451000001, 519986.000999998], [203755.147999998, 520007.322999999], [203772.747000001, 520019.412999999], [203785.285999998, 520027.105999999], [203810.682999998, 520043.024], [203821.462000001, 520049.179000001], [203837.300000001, 520057.092], [203855.999000002, 520066.763999999], [203870.956999999, 520074.017999999], [203889.655999999, 520082.370999999], [203908.723000001, 520090.638], [203933.800999999, 520100.749000002], [203966.578000002, 520112.618999999], [203991.436000001, 520120.971999999], [204013.214000002, 520127.127], [204032.352000002, 520132.622000001], [204057.782000002, 520139.272999998], [204086.379999999, 520144.767999999], [204105.958000001, 520148.945], [204116.077, 520150.044], [204127.956, 520152.241999999], [204136.975000001, 520154.879999999], [204148.414000001, 520159.495999999], [204163.373, 520167.409000002], [204177.627, 520173.901999999], [204194.125, 520180.715999998], [204214.583999999, 520188.848999999], [204247.140999999, 520198.741], [204273.098999999, 520207.973000001], [204290.477000002, 520213.908], [204303.236000001, 520217.645], [204318.635000002, 520220.721999999], [204370.089000002, 520229.995000001], [204416.945, 520238.348000001], [204451.702, 520244.723000001], [204473.260000002, 520249.559], [204496.798, 520254.835000001], [204527.131000001, 520260.191], [204544.509, 520263.708000001], [204569.587000001, 520269.642999999], [204592.465, 520275.798], [204622.162999999, 520285.91], [204647.899999999, 520294.482000001], [204668.579, 520302.616], [204686.977000002, 520309.780999999], [204705.456, 520318.134], [204726.353999998, 520330.662999999], [204726.787999999, 520330.907000002]]}, "properties": {"OBJECTID": 438, "SOORT": 1, "KPNIDENT": "3341", "STATUS": 1}}, {"type": "Feature", "id": 439, "geometry": {"type": "LineString", "coordinates": [[223119.881999999, 504084.761999998], [223106.197999999, 504088.857999999], [223104.432999998, 504090.197999999], [223097.028000001, 504093.068], [223094.669, 504093.967999998], [223091.846999999, 504095.081], [223088.840999998, 504096.057999998], [223088.745000001, 504096.081], [223079.68, 504098.134], [223076.620000001, 504098.478999998], [223074.875, 504098.659000002], [223064.291000001, 504099.579], [223054.813000001, 504100.399999999], [223041.287, 504101.544], [223039.721000001, 504102.914000001], [223026.546, 504113.377999999], [223014.879000001, 504122.896000002], [223009.954999998, 504126.728999998], [223004.635000002, 504131.186000001], [222989.131000001, 504143.638], [222980.552000001, 504150.177999999], [222973.147999998, 504155.822000001], [222969.897, 504158.43], [222955.238000002, 504170.555], [222938.217, 504184.473999999], [222931.971999999, 504200.407000002], [222924.807, 504218.013], [222924.657000002, 504218.350000001], [222917.076000001, 504237.136], [222914.977000002, 504242.339000002], [222914.563000001, 504243.364999998], [222906.203000002, 504256.304000001], [222899.761999998, 504274.535], [222896.296999998, 504291.530999999], [222889.681000002, 504305.800000001], [222882.423, 504321.147], [222877.719000001, 504326.056000002], [222865.155999999, 504339.202], [222857.754000001, 504348.401999999], [222852.796999998, 504353.620999999], [222848.659000002, 504360.692000002], [222833.809, 504373.248], [222821.465, 504385.061000001], [222807.934, 504397.835000001], [222797.313999999, 504407.379000001], [222777.335000001, 504424.563999999], [222763.473000001, 504438.271000002], [222741.372000001, 504455.977000002], [222738.063000001, 504456.941], [222727.813999999, 504459.879999999], [222707.535, 504464.756000001], [222689.852000002, 504470.173], [222671.675000001, 504475.041000001], [222650.050999999, 504481.044], [222571.822000001, 504484.028999999], [222559.653999999, 504486.002], [222547.232999999, 504488.184], [222531.357999999, 504490.923999999], [222513.278999999, 504493.59], [222494.300999999, 504496.897], [222479.035, 504499.458999999], [222477.328000002, 504522.727000002], [222453.506000001, 504525.396000002], [222425.951000001, 504526.559], [222400.631999999, 504530.123], [222380.624000002, 504533.671999998], [222363.767000001, 504534.157000002], [222351.304000001, 504540.688000001], [222337.484000001, 504549.977000002], [222324.66, 504567.061999999], [222317.545000002, 504579.826000001], [222314.587000001, 504593.43], [222314.041000001, 504601.204999998], [222310.309999999, 504601.936000001], [222307.173, 504602.532000002], [222304.541000001, 504602.708000001], [222298.431000002, 504602.646000002], [222281.361000001, 504605.094000001], [222265.306000002, 504606.083999999], [222246.195999999, 504608.013999999], [222229.907000002, 504609.771000002], [222210.478, 504611.721999999], [222191, 504613.699999999], [222172.157000002, 504615.717999998], [222152.123, 504617.817000002], [222132.085000001, 504619.713], [222128.659000002, 504620.245000001], [222116.155999999, 504621.362], [222095.763, 504621.495999999], [222075.765999999, 504622.136999998], [222055.160999998, 504621.824999999], [222035.331999999, 504621.874000002], [222015.886, 504621.890999999], [221995.916999999, 504621.925000001], [221975.675000001, 504621.646000002], [221955.951000001, 504621.759], [221936.07, 504621.774999999], [221916.283, 504621.837000001], [221895.844000001, 504621.840999998], [221875.175000001, 504622.186999999], [221854.693999998, 504621.988000002], [221835.261, 504622.024], [221821.561000001, 504622.068999998], [221803.489999998, 504621.995999999], [221794.636, 504622.009], [221794.616, 504622.118999999], [221791.342999998, 504623.903000001], [221790.381000001, 504624.581], [221776.765000001, 504632.193999998], [221759.004999999, 504642.427000001], [221741.936999999, 504652.302999999], [221739.18, 504654.006000001], [221733.642999999, 504657.206], [221728.309, 504660.259], [221724.147999998, 504662.589000002], [221709.256999999, 504671.315000001], [221692.068999998, 504681.175000001], [221671.397, 504693.181000002], [221669.588, 504694.223999999], [221655.75, 504702.204], [221641.677000001, 504710.335000001], [221621.039000001, 504722.471000001], [221592.511999998, 504738.796], [221573.002, 504749.943999998], [221554.513999999, 504760.912], [221536.287999999, 504771.173999999], [221522.500999998, 504779.361000001], [221510.993000001, 504785.732000001], [221502.258000001, 504790.901000001], [221489.223999999, 504798.169], [221478.282000002, 504799.028000001], [221465.805, 504803.702], [221454.384, 504806.342], [221439.568999998, 504807.217999998], [221420.113000002, 504808.655999999], [221402.548, 504810.320999999], [221384.802999999, 504812.791999999], [221366.188000001, 504814.184], [221347.941, 504815.899999999], [221329.666999999, 504818.497000001], [221311.469000001, 504821.272999998], [221274.649999999, 504822.171], [221258.462000001, 504824.642999999], [221243.245999999, 504830.677000001], [221241.452, 504852.340999998], [221238.107000001, 504853.978999998], [221236.807, 504855.557999998], [221236.499000002, 504855.953000002], [221234.566, 504856.973000001], [221230.886999998, 504858.335999999], [221224.285999998, 504861.241], [221216.784000002, 504864.153999999], [221200.545000002, 504861.899], [221182.848000001, 504859.614999998], [221165.708999999, 504857.317000002], [221148.055, 504855.853], [221131.642999999, 504854.967], [221113.348000001, 504854.316], [221096.545000002, 504854.048], [221079.339000002, 504854.050000001], [221060.337000001, 504854.112], [221060.954, 504850.151999999], [221062.204, 504845.761999998], [221064.973000001, 504838.370000001], [221069.965999998, 504823.197000001], [221067.659000002, 504822.373], [221064.335000001, 504821.260000002], [221065.212000001, 504818.774999999], [221063.162, 504818.015999999], [221064.552999999, 504813.579], [221063.460999999, 504813.217999998], [221060.605, 504812.221999999], [221060.094000001, 504812.044], [221058.763, 504816.489], [221055.109000001, 504815.306000002], [221055.072999999, 504815.329999998], [221054.193, 504816.063999999], [221053.045000002, 504815.868000001], [221045.767000001, 504841.274999999], [221043.800999999, 504847.791000001], [221042.471999999, 504851.640999999], [221042.478999998, 504854.427000001], [221042.015999999, 504854.427999999], [221022.256000001, 504854.780999999], [221002.517999999, 504855.153000001], [220982.769000001, 504855.427000001], [220962.282000002, 504855.684999999], [220941.114999998, 504855.767000001], [220920.614999998, 504855.774], [220900.322999999, 504855.726], [220880.386999998, 504855.633000001], [220860.09, 504855.719999999], [220839.155000001, 504856.087000001], [220823.184999999, 504855.728999998], [220803.403999999, 504855.750999998], [220783.133000001, 504855.691], [220783.133000001, 504855.686000001], [220782.785999998, 504855.717999998], [220782.848000001, 504851.590999998], [220783.353, 504846.552000001], [220783.561000001, 504845.113000002], [220784.646000002, 504833.971000001], [220784.528000001, 504833.954999998], [220783.173, 504833.754000001], [220780.675999999, 504833.543000001], [220779.811000001, 504833.296999998], [220777.289000001, 504831.794], [220769.043000001, 504827.219000001], [220766.785, 504826.795000002], [220756.050000001, 504824.638999999], [220746.215, 504820.561000001], [220724.081, 504808.256000001], [220713.669, 504802.684], [220703.351, 504795.368000001], [220688.719999999, 504787.384], [220680.508000001, 504778.791000001], [220671.633000001, 504770.030000001], [220669.629999999, 504770.070999999], [220669.333000001, 504769.920000002], [220667.991, 504769.127999999], [220662.375999998, 504767.642000001], [220659.592, 504766.986000001], [220649.982000001, 504766.125999998], [220632.107999999, 504762.488000002], [220616.098000001, 504756.82], [220615.967, 504756.454], [220614.441, 504752.173999999], [220614.662999999, 504749.756999999], [220612.544, 504745.342], [220607.504999999, 504743.681000002], [220598.730999999, 504741.515000001], [220583.664999999, 504735.414000001], [220573.541000001, 504724.556000002], [220567.206, 504717.546999998], [220564.454, 504713.467999998], [220560.919, 504712.173999999], [220557.780999999, 504712.046999998], [220553.013, 504712.296], [220544.975000001, 504707.982999999], [220538.702, 504704.774], [220534.328000002, 504702.162], [220525.478, 504700.826000001], [220516.844000001, 504699.833000001], [220513.232999999, 504693.346999999], [220505.813999999, 504685.173999999], [220500.521000002, 504685.747000001], [220487.949999999, 504684.506000001], [220485.491999999, 504675.026000001], [220477.282000002, 504667.954999998], [220470.883000001, 504659.919], [220468.921, 504657.958000001], [220450.611000001, 504651.897999998], [220435.011999998, 504647.734000001], [220429.967, 504645.579999998], [220423.614999998, 504644.923], [220411.019000001, 504643.684], [220396.311999999, 504644.447999999], [220380.015000001, 504644.403000001], [220362.929000001, 504642.017999999], [220343.677999999, 504638.504999999], [220334.443999998, 504638.414000001], [220322.487, 504631.344000001], [220316.515000001, 504628.695999999], [220309.316, 504624.800999999], [220296.73, 504622.249000002], [220289.901999999, 504613.949000001], [220281.715, 504611.103], [220273.414999999, 504609.817000002], [220261.820999999, 504605.009], [220250.259, 504598.596000001], [220243.350000001, 504594.989], [220229.864, 504588.741999999], [220222.331, 504586.471999999], [220212.715999998, 504579.405999999], [220212.258000001, 504574.631000001], [220209.958999999, 504563.813000001], [220209.043000001, 504560.147999998], [220198.874000002, 504554.787999999], [220184.647, 504551.708000001], [220171.918000001, 504549.465], [220166.804000001, 504534.844000001], [220158.734999999, 504526.385000002], [220145.188999999, 504520.184], [220134.827, 504517.166000001], [220128.090999998, 504516.09], [220125.352000002, 504515.77], [220115.155000001, 504513.509], [220112.397, 504512.866], [220107.690000001, 504512.230999999], [220097.824000001, 504511.265999999], [220087.717, 504512.265999999], [220069.980999999, 504516.732000001], [220052.440000001, 504521.556000002], [220034.592, 504527.276000001], [220033.853999998, 504530.344000001], [220017.978999998, 504541.366], [220015.361000001, 504543.153999999], [220014.399999999, 504543.760000002], [220011.657000002, 504546.541000001], [219999.16, 504555.912999999], [219992.682999998, 504559.881999999], [219990.013, 504561.545000002], [219986.070999999, 504563.245000001], [219980.831999999, 504565.828000002], [219979.173, 504566.772999998], [219977.535, 504567.745000001], [219974.942000002, 504569.043000001], [219967.283, 504571.938999999], [219964.339000002, 504573.015000001], [219957.114999998, 504574.965], [219956.366, 504574.936999999], [219946.239999998, 504578.034000002], [219927.866999999, 504581.263999999], [219909.155999999, 504583.800000001], [219904.469999999, 504582.291000001], [219903.022999998, 504581.914999999], [219902.458000001, 504581.478999998], [219901.238000002, 504580.995000001], [219899.295000002, 504580.353], [219897.776000001, 504579.701000001], [219896.352000002, 504579.072999999], [219895.274999999, 504578.681000002], [219893.544, 504578.113000002], [219892.399999999, 504577.778000001], [219892.013999999, 504577.669], [219890.171, 504577.357000001], [219887.721999999, 504576.129000001], [219874.329, 504571.429000001], [219857.642999999, 504564.853], [219835.405000001, 504555.811000001], [219815.545000002, 504548.338], [219812.460999999, 504547.528999999], [219796.964000002, 504545.302999999], [219777.934999999, 504543.250999998], [219757.568999998, 504541.305], [219737.620000001, 504540.322000001], [219717.763999999, 504538.664999999], [219698.364, 504536.98], [219678.346000001, 504535.157000002], [219659.157000002, 504533.600000001], [219639.506000001, 504531.866], [219619.425999999, 504530.289999999], [219606.487, 504531.901000001], [219599.215, 504530.263999999], [219580.684999999, 504524.75], [219564.745000001, 504521.026000001], [219548.429000001, 504528.923999999], [219535.184, 504531.488000002], [219522.791999999, 504532.752999999], [219519.925000001, 504532.620999999], [219509.105999999, 504532.425000001], [219491.002, 504529.855], [219470.574999999, 504529.02], [219453.232999999, 504528.478999998], [219437.829999998, 504528.401999999], [219420.853999998, 504527.916000001], [219404.511999998, 504527.892000001], [219402.497000001, 504528.500999998], [219394.362, 504530.124000002], [219373.059, 504534.794], [219351.842, 504539.704999998], [219333.673, 504543.892000001], [219315.965, 504547.644000001], [219297.052999999, 504552.228], [219293.660999998, 504552.528000001], [219281.897, 504553.221000001], [219267.280999999, 504553.283], [219262.912, 504552.649], [219261.074000001, 504552.067000002], [219259.076000001, 504551.668000001], [219257.184999999, 504551.170000002], [219255.019000001, 504550.708000001], [219253.870999999, 504550.381000001], [219251.327, 504550.721000001], [219243.079, 504549.949999999], [219232.835999999, 504550.149999999], [219223.853999998, 504551.278999999], [219222.684, 504551.342999998], [219217.32, 504551.138], [219198.759, 504553.783], [219179.942000002, 504557.146000002], [219160.962000001, 504560.263999999], [219142.559999999, 504562.074999999], [219125.284000002, 504564.298], [219107.719000001, 504565.022], [219101.285999998, 504564.772], [219085.519000001, 504565.298999999], [219067.045000002, 504565.338], [219048.691, 504565.688999999], [219031.916999999, 504565.888], [219015.960000001, 504566.125999998], [218997.175000001, 504566.976], [218993.625999998, 504566.601], [218992.827, 504566.879000001], [218978.164999999, 504567.125], [218959.418000001, 504567.294], [218940.864, 504567.684999999], [218926.34, 504568.385000002], [218911.662999999, 504568.846999999], [218905.203000002, 504569.734000001], [218889.294, 504573.548], [218878.186000001, 504575.105], [218862.192000002, 504576.899999999], [218840.964000002, 504580.471999999], [218821.120999999, 504583.445], [218811.239, 504584.800999999], [218808.467999998, 504586.254000001], [218793.397, 504595.890000001], [218778.068999998, 504604.905000001], [218762.513, 504613.794], [218759.612, 504615.465], [218755.028000001, 504620.653000001], [218751.638, 504624.504999999], [218748.186999999, 504628.563000001], [218738.585999999, 504636.232000001], [218724.852000002, 504638.997000001], [218696.787999999, 504639.248], [218679.998, 504628.502], [218661.708999999, 504619.351], [218655.359000001, 504615.653999999], [218654.647999998, 504615.285], [218641.824000001, 504612.662], [218623.688999999, 504609.300000001], [218605.585000001, 504606.283], [218586.284000002, 504603.263], [218567.386999998, 504599.613000002], [218548.373, 504596.381999999], [218530.408, 504592.960999999], [218512.223999999, 504589.909000002], [218508.443999998, 504589.221999999], [218489.728999998, 504587.964000002], [218470.519000001, 504587.125], [218450.440000001, 504585.993000001], [218430.769000001, 504585.045000002], [218411.774, 504583.638999999], [218392.927999999, 504582.342], [218373.364, 504580.914000001], [218359.498, 504580.828000002], [218342.828000002, 504584.794], [218324.890000001, 504589.134], [218322.403999999, 504589.677999999], [218288.213, 504593.214000002], [218269.988000002, 504595.370000001], [218254.511, 504597.098999999], [218230.895, 504598.710999999], [218214.636999998, 504599.370000001], [218195.732999999, 504600.127999999], [218177.445, 504603.083000001], [218159.256000001, 504608.333999999], [218141.677000001, 504615.182], [218124.866999999, 504621.938000001], [218107.158, 504627.090999998], [218088.936000001, 504632.068999998], [218087.976, 504632.563999999], [218086.738000002, 504633.083000001], [218077.077, 504636.895], [218059.302999999, 504641.954], [218042.658, 504649.136999998], [218029.914999999, 504661.741999999], [218022.057999998, 504678.210999999], [218015.813000001, 504695.329999998], [218010.91, 504712.574999999], [218009.302000001, 504712.934999999], [218004.386, 504713.206999999], [217996.816, 504714.072999999], [217991.245999999, 504714.072000001], [217989.657000002, 504714.065000001], [217988.263999999, 504714.028000001], [217985.713, 504714.206999999], [217985.056000002, 504714.151999999], [217974.013999999, 504711.784000002], [217970.947999999, 504709.752], [217965.210999999, 504706.927999999], [217970.227000002, 504692.664000001], [217973.785, 504683.267000001], [217967.392999999, 504672.489], [217957.634, 504657.322999999], [217945.813000001, 504642.302000001], [217933.524, 504628.467999998], [217921.342, 504613.912999999], [217913.124000002, 504605.710999999], [217900.498, 504593.340999998], [217887.425000001, 504580.317000002], [217874.195, 504567.357999999], [217861.522, 504555.296], [217848.445999999, 504542.27], [217835.583000001, 504529.164999999], [217822.537999999, 504516.493999999], [217808.432999998, 504504.66], [217793.245999999, 504492.160999998], [217782.519000001, 504482.370999999], [217781.987, 504482.322000001], [217773.320999999, 504480.186000001], [217729.653999999, 504474.173], [217716.147, 504472.817000002], [217696.947999999, 504470.155999999], [217676.304000001, 504468.217999998], [217657.509, 504466.556000002], [217638.199000001, 504464.931000002], [217619.006000001, 504462.973999999], [217602.852000002, 504462.245999999], [217584.227000002, 504460.916000001], [217565.986000001, 504459.098999999], [217547.409000002, 504457.129000001], [217539.813000001, 504472.978999998], [217531.151000001, 504491.872000001], [217522.52, 504509.234000001], [217515.811999999, 504525.636999998], [217494.975000001, 504533.805], [217476.666000001, 504541.015999999], [217455.681000002, 504549.087000001], [217444.633000001, 504553.495999999], [217433.916000001, 504563.692000002], [217419.059, 504577.631000001], [217404.892999999, 504589.182], [217390.504999999, 504599.873], [217374.441, 504609.528000001], [217358.530999999, 504618.261], [217341.452, 504626.923999999], [217337.449000001, 504628.767000001], [217334.397999998, 504630.431000002], [217333.874000002, 504630.754999999], [217326.838, 504634.100000001], [217309.438000001, 504639.623], [217292.022999998, 504643.743999999], [217274.513999999, 504647.443999998], [217260.748, 504647.370000001], [217242.897999998, 504642.737], [217226.010000002, 504634.434], [217209.515999999, 504624.133000001], [217207.896000002, 504622.271000002], [217191.84, 504610.692000002], [217179.399, 504596.894000001], [217169.256999999, 504581.181000002], [217159.750999998, 504563.872000001], [217150.552000001, 504546.969999999], [217141.987, 504530.522], [217134.109999999, 504513.627999999], [217126.425999999, 504495.239999998], [217118.609999999, 504478.135000002], [217111.02, 504460.635000002], [217103.868000001, 504442.386], [217094.614999998, 504425.682], [217082.875999998, 504414.452], [217081.388999999, 504413.544], [217073.649999999, 504408.927000001], [217059.717, 504397.783], [217046.142000001, 504377.237], [217034.366999999, 504362.552000001], [217025.658, 504346.508000001], [217018.210000001, 504329.892000001], [217011.442000002, 504312.228], [217005.087000001, 504294.774999999], [216997.607000001, 504277.989999998], [216986.660999998, 504262.460000001], [216974.134, 504248.872000001], [216961.434999999, 504235.289999999], [216948.713, 504222.094999999], [216938.094999999, 504207.949000001], [216929.083999999, 504192.77], [216922.545000002, 504174.846000001], [216918.146000002, 504157.451000001], [216914.532000002, 504140.074000001], [216910.684, 504122.561000001], [216906.546999998, 504105.252999999], [216902.013, 504086.173], [216897.603999998, 504065.447999999], [216892.853, 504046.493999999], [216885.848999999, 504027.885000002], [216870.715, 504018.234999999], [216852.469999999, 504026.487], [216839.927999999, 504038.131999999], [216827.598000001, 504052.526000001], [216818.088, 504068.013], [216805.388, 504082.195], [216793.537999999, 504094.901000001], [216779.002999999, 504106.671999998], [216762.464000002, 504117.445999999], [216745.671999998, 504125.666999999], [216729.401999999, 504134.938000001], [216714.774999999, 504145.664999999], [216699.513, 504155.366999999], [216686.171999998, 504154.346000001], [216682.438000001, 504151.056000002], [216673.710000001, 504134.798], [216667.765000001, 504116.508000001], [216662.002999999, 504099.16], [216653.002999999, 504087.759], [216642.594000001, 504074.875], [216639.977000002, 504071.886], [216635.131000001, 504065.646000002], [216620.666000001, 504051.482999999], [216605.607000001, 504038.429000001], [216590.383000001, 504027.374000002], [216571.949000001, 504022.489], [216553.686999999, 504014.076000001], [216535.732000001, 504004.789000001], [216518.078000002, 503995.783], [216500.278999999, 503985.269000001], [216483.381999999, 503972.912999999], [216465.442000002, 503962.612], [216447.737, 503952.447000001], [216430.032000002, 503941.875999998], [216412.339000002, 503931.476], [216394.116, 503923.434999999], [216375.458000001, 503915.942000002], [216356.828000002, 503907.249000002], [216339.284000002, 503897.934], [216321.905000001, 503888.447000001], [216303.636, 503881.329999998], [216285.309999999, 503874.252], [216267.399999999, 503867.414000001], [216249.254999999, 503863.601], [216237.234000001, 503865.318999998], [216232.193, 503869.449000001], [216229.151999999, 503871.669], [216217.458000001, 503886.142999999], [216207.934999999, 503900.214000002], [216204.706999999, 503905.640999999], [216197.052000001, 503901.420000002], [216189.329999998, 503897.664000001], [216185.811000001, 503896.195999999], [216185.513, 503892.820999999], [216185.938000001, 503874.213], [216186.311999999, 503855.028999999], [216186.589000002, 503836.072999999], [216188.920000002, 503817.234000001], [216192.739, 503809.796], [216202.352000002, 503794.342999998], [216212.738000002, 503778.41], [216223.921999998, 503761.993999999], [216235.778000001, 503745.114], [216236.458000001, 503744.011], [216241.940000001, 503735.940000001], [216252.381000001, 503719.877], [216263.311999999, 503703.317000002], [216273.697999999, 503687.394000001], [216284.918000001, 503670.693999998], [216295.853999998, 503654.859999999], [216307.215999998, 503639.726], [216311.081999999, 503633.649999999], [216317.245000001, 503625.188999999], [216316.035999998, 503621.684], [216309.493999999, 503613.228], [216306.432, 503606.616999999], [216302.601, 503599.616], [216293.123, 503582.227000002], [216283.712000001, 503564.225000001], [216272.498, 503545.771000002], [216261.866, 503528.559], [216250.912999999, 503512.004000001], [216240.934, 503495.699000001], [216231.353999998, 503479.171], [216229.079, 503469.631999999], [216228.039000001, 503466.846000001], [216214.727000002, 503445.421999998], [216245.261, 503443.295000002], [216290.311000001, 503430.938000001], [216436.532000002, 503389.173999999], [216386.028000001, 503210.228], [216343.495999999, 503224.140999999], [216317.182999998, 503250.386999998], [216315.300999999, 503241.927000001]]}, "properties": {"OBJECTID": 439, "SOORT": 1, "KPNIDENT": "3342", "STATUS": 1}}, {"type": "Feature", "id": 440, "geometry": {"type": "LineString", "coordinates": [[201601.386, 514811.682999998], [201602.498, 514797.894000001], [201603.206, 514778.776999999], [201597.07, 514770.045000002], [201587.295000002, 514764.401000001], [201573.469000001, 514759.660999998], [201550.577, 514758.480999999], [201536.140000001, 514762.208999999], [201528.519000001, 514763.044], [201508.805, 514756.829], [201487.805, 514748.533], [201461.227000002, 514737.855], [201446.123, 514732.191], [201428.82, 514724.208000001], [201415.666000001, 514713.454999998], [201403.348000001, 514699.362], [201391.550999999, 514684.642000001], [201388.892000001, 514682.324000001], [201384.973999999, 514683.18], [201369.105, 514689.131000001], [201351.149, 514697.899999999], [201333.910999998, 514707.414999999], [201316.175999999, 514717.004999999], [201297.993999999, 514725.009], [201279.951000001, 514733.666999999]]}, "properties": {"OBJECTID": 440, "SOORT": 1, "KPNIDENT": "3343", "STATUS": 1}}, {"type": "Feature", "id": 441, "geometry": {"type": "LineString", "coordinates": [[197850.655999999, 513603.991999999], [197850.732999999, 513604.013], [197857.616, 513605.502], [197878.107000001, 513611.737], [197897.089000002, 513613.509], [197916.960999999, 513616.120999999], [197935.552999999, 513619.186000001], [197954.541000001, 513622.68], [197972.868999999, 513626.578000002], [197993.829999998, 513631.015000001], [198005.478999998, 513633.506999999], [198021.982000001, 513636.688999999], [198043.175000001, 513641.284000002], [198061.291999999, 513644.478999998], [198085.934, 513649.818], [198107.193999998, 513654.072000001], [198126.629000001, 513657.774], [198146.228999998, 513661.868000001], [198165.453000002, 513665.855], [198184.761999998, 513670.335999999], [198203.692000002, 513675.070999999], [198220.969999999, 513680.965999998], [198237.726, 513689.949999999], [198258.787, 513698.991999999], [198282.133000001, 513707.941], [198299.452, 513716.557999998], [198317.170000002, 513725.25], [198334.791999999, 513735.02], [198350.771000002, 513746.548], [198365.980999999, 513760.142999999], [198379.230999999, 513774.758000001], [198390.471000001, 513789.721999999], [198402.131999999, 513806.120999999], [198413.688000001, 513822.594000001], [198425.302000001, 513839.028000001], [198435.567000002, 513853.509], [198447.370999999, 513870.340999998], [198458.866, 513886.708000001], [198470.563000001, 513903.306000002], [198482.561000001, 513920.048999999], [198493.73, 513935.807999998], [198505.044, 513951.811999999], [198516.681000002, 513968.366999999], [198528.524999999, 513984.785999998], [198540.835000001, 514000.511999998], [198552.758000001, 514015.813000001], [198564.920000002, 514031.013999999], [198576.978999998, 514046.170000002], [198589.199999999, 514061.658], [198602.528000001, 514078.543000001], [198614.271000002, 514104.456999999], [198614.166999999, 514112.149999999], [198601.752, 514127.52], [198588.839000002, 514142.897], [198576.166999999, 514157.748], [198562.074000001, 514174.372000001], [198548.756000001, 514190.263999999], [198536.144000001, 514205.221000001], [198523.186000001, 514220.509], [198510.18, 514235.857999999], [198500.094000001, 514247.388], [198486.68, 514264.463], [198480.977000002, 514281.348999999], [198479.677000001, 514302.068], [198478.763, 514319.964000002], [198477.438999999, 514340.416000001], [198476.18, 514362.307999998], [198475.103999998, 514380.888999999], [198473.960999999, 514401.017000001], [198472.931000002, 514419.129000001], [198471.491999999, 514442.445999999], [198470.561999999, 514459.975000001], [198469.162999999, 514481.469999999], [198466.613000002, 514502.127], [198456.881000001, 514520.618000001], [198448.407000002, 514532.140000001], [198435.421, 514549.554000001], [198424.677999999, 514564.118000001], [198411.083000001, 514582.316], [198400.431000002, 514596.848999999], [198388.702, 514612.317000002], [198377.682999998, 514627.199999999], [198367.004000001, 514641.603999998], [198354.521000002, 514658.467999998], [198341.585999999, 514676.063000001], [198330.015999999, 514691.386999998], [198318.710999999, 514706.563999999], [198306.956999999, 514722.510000002], [198295.427000001, 514737.881000001], [198283.199000001, 514754.414000001], [198270.467999998, 514771.521000002], [198259.171999998, 514787.504999999], [198249.445999999, 514804.550999999], [198242.006000001, 514822.734999999], [198238.017999999, 514842.458999999], [198237.407000002, 514863.640999999], [198240.5, 514883.019000001], [198246.188000001, 514901.686000001], [198254.982999999, 514918.568999998], [198264.359999999, 514934.487], [198275.068, 514952.977000002], [198285.114, 514970.188000001], [198295.552000001, 514987.838], [198305.217999998, 515004.269000001], [198315.217, 515021.351], [198324.633000001, 515037.379999999], [198334.449000001, 515054.024999999], [198345.215999998, 515072.302999999], [198355.096000001, 515089.203000002], [198364.978, 515106.100000001], [198374.377, 515122.215], [198384.412, 515139.296999998], [198394.407000002, 515156.513999999], [198404.598000001, 515173.592999998], [198415.480999999, 515190.618999999], [198426.052000001, 515206.215], [198438.120000001, 515222.535], [198450.098999999, 515238.140000001], [198462.102000002, 515253.384], [198475.188000001, 515268.657000002], [198489.230999999, 515284.190000001], [198502.780999999, 515298.320999999], [198516.785999998, 515311.952], [198530.901000001, 515324.699999999], [198545.726, 515337.524], [198560.348999999, 515350.039000001], [198574.600000001, 515362.636999998], [198589.300999999, 515375.504000001], [198603.971000001, 515388.565000001], [198614.346999999, 515409.592999998], [198613.851, 515427.945999999], [198610.092, 515443.625], [198607.228, 515454.618000001], [198604.125999998, 515466.377999999], [198599.284000002, 515485.320999999], [198594.340999998, 515504.352000002], [198589.258000001, 515523.671999998], [198584.396000002, 515542.800999999], [198579.552000001, 515561.355999999], [198574.831999999, 515579.671], [198569.717, 515598.201000001], [198563.298999999, 515617.508000001], [198557.596000001, 515633.932999998], [198557.618999999, 515653.484000001], [198562.613000002, 515672.623], [198567.748, 515690.971000001], [198572.653000001, 515709.177000001], [198577.873, 515728.388], [198583.000999998, 515747.522999998], [198588.282000002, 515766.456], [198593.375999998, 515785.456], [198598.555, 515804.285999998], [198603.958999999, 515823.670000002], [198609.195, 515842.811999999], [198614.103, 515861.271000002], [198618.754999999, 515877.993999999], [198623.923, 515897.357999999], [198628.840999998, 515915.197999999], [198633.875999998, 515934.272], [198639.173, 515953.405000001], [198644.221999999, 515971.925999999], [198649.199999999, 515990.151999999], [198654.331, 516009.125], [198659.473999999, 516028.050999999], [198664.688000001, 516047.107000001], [198668.932999998, 516062.859999999], [198674.706999999, 516084.133000001], [198680.298, 516104.566], [198685.403000001, 516123.361000001], [198690.366, 516142.004999999], [198695.541999999, 516160.614], [198703.710000001, 516177.463], [198716.465, 516189.824000001], [198733.833999999, 516180.057999998], [198746.761999998, 516164.778999999], [198758.129000001, 516148.977000002], [198768.932999998, 516136.101], [198785.208999999, 516125.171999998], [198801.561000001, 516114.588], [198817.84, 516104.035999998], [198833.271000002, 516094.155999999], [198851.919, 516081.943], [198868.771000002, 516071.072999999], [198886.057, 516059.842], [198901.670000002, 516049.800999999], [198918.223999999, 516039.188000001], [198934.625999998, 516028.477000002], [198951.223999999, 516017.721000001], [198967.877999999, 516006.899], [198984.252999999, 515996.206999999], [198997.791999999, 515987.050000001], [199012.980999999, 515976.021000002], [199028.649, 515964.585999999], [199045.317000002, 515956.835000001], [199050.892000001, 515953.947000001], [199059.912, 515948.671999998], [199063.811000001, 515946.513999999], [199074.677000001, 515941.816], [199078.890999999, 515943.579], [199082.875, 515942.127], [199084.737, 515941.458000001], [199085.796999998, 515940.024], [199087.754000001, 515920.193], [199088.127999999, 515918.596000001], [199088.471999999, 515917.723000001], [199091.217, 515914.181000002], [199096.693, 515904.787999999], [199100.622000001, 515889.942000002], [199103.517000001, 515866.649], [199102.068999998, 515866.565000001], [199102.427999999, 515862.634], [199105.287999999, 515835.118999999], [199107.136999998, 515817.274], [199108.624000002, 515817.412999999], [199110.807999998, 515796.499000002], [199109.300000001, 515796.390000001], [199110.693, 515782.710999999], [199112.574999999, 515764.827], [199114.131999999, 515750.103999998], [199116.098000001, 515745.743000001], [199117.758000001, 515741.883000001], [199117.791000001, 515741.822999999], [199120.614, 515735.208999999], [199124.609000001, 515726.493999999], [199125.842999998, 515724.02], [199128.134, 515705.463], [199130.217999998, 515685.613000002], [199133.623, 515686.423999999], [199133.671999998, 515686.445999999], [199134.953000002, 515686.857999999], [199144.526999999, 515689.186000001], [199156.513999999, 515692.114], [199171.57, 515694.894000001], [199184.752999999, 515697.546]]}, "properties": {"OBJECTID": 441, "SOORT": 1, "KPNIDENT": "3344", "STATUS": 1}}, {"type": "Feature", "id": 442, "geometry": {"type": "LineString", "coordinates": [[200655.204999998, 503376.403000001], [200655.155999999, 503376.423999999], [200646.23, 503365.241999999], [200633.596999999, 503375.363000002], [200623.009, 503383.719999999], [200632.318999998, 503395.719999999], [200632.263999999, 503395.767000001]]}, "properties": {"OBJECTID": 442, "SOORT": 1, "KPNIDENT": "3345", "STATUS": 1}}, {"type": "Feature", "id": 443, "geometry": {"type": "LineString", "coordinates": [[190913.982000001, 510143.774], [190975.653000001, 510143.774], [190982.147, 510255.519000001], [191024.649, 510293.004000001], [191026.059, 510297.412], [191025.748, 510310.170000002], [191023.568999998, 510330.706999999], [191021.702, 510350.465], [191018.434999999, 510371.002], [191015.635000002, 510390.605], [191011.901000001, 510410.208000001], [191008.166999999, 510429.967], [191002.802999999, 510448.594999999], [190996.370999999, 510467.423], [190988.170000002, 510485.664000001], [190978.918000001, 510503.556000002], [190970.050000001, 510521.447999999], [190960.949000001, 510539.054000001], [190951.009, 510556.409000002], [190940.333999999, 510573.256000001], [190929.287999999, 510589.747000001], [190916.997000001, 510604.215999998], [190905.272999998, 510618.864999998], [190892.769000001, 510632.728], [190878.905999999, 510647.679000001], [190865.043000001, 510662.357000001], [190851.559999999, 510676.274999999], [190835.795000002, 510692.039999999], [190821.388, 510706.447000001], [190806.980999999, 510720.037999999], [190792.030999999, 510734.173], [190778.083000001, 510748.653000001], [190763.500999998, 510762.340999998], [190748.702, 510775.164000001], [190734.296, 510787.668000001], [190720.976, 510800.171999998], [190705.210000001, 510815.666000001], [190691.094999999, 510827.785], [190675.581999999, 510842.305], [190660.223999999, 510855.949999999], [190647.066, 510869.013999999], [190632.596999999, 510883.638], [190620.149999999, 510898.728999998], [190607.548, 510916.932], [190596.616999999, 510935.186999999], [190587.103, 510952.583000001], [190577.055, 510971.23], [190565.357000001, 510992.813000001], [190557.745999999, 511003.414999999], [190550.679000001, 511008.307], [190539.646000002, 511013.412]]}, "properties": {"OBJECTID": 443, "SOORT": 1, "KPNIDENT": "3347", "STATUS": 1}}, {"type": "Feature", "id": 444, "geometry": {"type": "LineString", "coordinates": [[185465.100000001, 510547.068999998], [185427.754000001, 510582.594999999], [185413.348999999, 510587.225000001], [185367.513, 510594.221999999], [185314.304000001, 510600.956], [185244.804000001, 510608.283], [185196.265999999, 510612.289999999], [185136.780999999, 510616.249000002], [185044.813000001, 510621.831999999], [184962.793000001, 510624.877], [184857.425999999, 510626.806000002], [184787.789999999, 510628.329], [184720.489, 510629.445], [184672.780000001, 510630.155999999], [184591.673, 510631.476], [184520.311999999, 510632.388999999], [184433.318, 510635.129999999], [184360.230999999, 510636.855999999], [184240.348000001, 510641.221000001], [184163.403000001, 510643.454], [184102.598999999, 510645.585999999], [184024.232999999, 510648.225000001], [184019.868999999, 510648.225000001], [184017.331, 510646.804000001], [184017.534000002, 510643.048], [184018.208000001, 510633.272999998], [184020.370999999, 510620.651999999], [184026.502, 510611.276000001], [184033.673999999, 510604.576000001], [184068.693, 510579.903000001], [184122.190000001, 510542.958999999], [184144.726, 510527.530000001], [184222.076000001, 510475.151000001], [184246.337000001, 510465.203000002], [184271.613000002, 510458.603999998], [184305.313999999, 510453.123], [184333.078000002, 510448.004999999], [184343, 510446.589000002], [184400.327, 510436.881000001], [184441.337000001, 510429.978999998], [184497.776999999, 510420.234000001], [184528.331, 510415.767000001], [184559.798999999, 510412.214000002], [184593.094000001, 510409.980999999], [184622.532000002, 510408.559999999], [184636.743999999, 510407.342], [184647.807999998, 510405.006999999], [184664.456, 510400.642000001], [184681.510000002, 510394.754999999], [184711.16, 510379.375], [184738.964000002, 510356.283], [184784.846999999, 510309.690000001], [184843.721999999, 510248.276000001], [184900.465999998, 510190.414999999], [184920.565000001, 510170.114], [184937.622000001, 510154.714000002], [184948.886, 510148.186999999], [184976.359999999, 510136.225000001], [185030.094000001, 510114.385000002], [185074.048, 510097.331], [185112.824999999, 510081.495000001], [185122.164000001, 510076.420000002], [185129.675000001, 510069.923], [185146.932, 510052.971000001], [185178.502, 510022.721000001], [185202.254999999, 509999.171], [185235.550000001, 509966.688000001], [185310.452, 509895.910999998], [185321.326000001, 509887.409000002], [185372.385000002, 509853.605999999], [185414.546, 509825.083000001], [185430.346999999, 509817.061999999], [185440.092, 509813.103], [185461.784000002, 509806.655000001]]}, "properties": {"OBJECTID": 444, "SOORT": 1, "KPNIDENT": "3348", "STATUS": 1}}, {"type": "Feature", "id": 445, "geometry": {"type": "LineString", "coordinates": [[213401.859000001, 477172.787999999], [213667.800000001, 477180.758000001], [213890.346999999, 477173.186999999], [213967.252, 477169.601], [213981.995999999, 477168.405000001], [213997.934999999, 477164.818999998], [214015.866, 477154.458999999], [214038.18, 477137.723000001], [214048.215999998, 477130.403000001], [213973.552000001, 476925.438999999], [213966.066, 476902.978999998], [213963.028000001, 476884.135000002], [213964.100000001, 476875.260000002], [213966.614999998, 476866.602000002], [213974.607000001, 476852.734999999], [213980.699000001, 476844.965999998], [213987.734000001, 476838.708999999], [213995.175000001, 476835.074000001], [214002.609000001, 476832.223000001], [214013.236000001, 476829.943], [214077.789000001, 476817.59]]}, "properties": {"OBJECTID": 445, "SOORT": 1, "KPNIDENT": "3339", "STATUS": 1}}, {"type": "Feature", "id": 448, "geometry": {"type": "LineString", "coordinates": [[202622.145, 518099.250999998], [202596.938999999, 518118.037999999], [202591.462000001, 518117.300000001], [202592.414999999, 518111.802000001], [202617.908, 518093.713]]}, "properties": {"OBJECTID": 448, "SOORT": 1, "KPNIDENT": "3351", "STATUS": 1}}, {"type": "Feature", "id": 449, "geometry": {"type": "LineString", "coordinates": [[207438.658, 492087.506000001], [207490.515000001, 492047.982000001], [207555.061000001, 492011.791999999], [207697.504000001, 491936.392999999], [207855.081, 491858.471000001], [207928.534000002, 491830.590999998], [207947.642999999, 491824.488000002], [207967.032000002, 491817.999000002], [207995.057, 491810.171], [208017.739, 491805.085000001], [208065.594999999, 491796.265999999], [208088.449000001, 491792.508000001], [208162.471000001, 491783.032000002], [208342.436000001, 491760.842], [208499.659000002, 491739.598000001], [208619.714000002, 491723.831999999], [208641.625999998, 491721.184999999], [208667.548, 491718.653999999], [208711.568999998, 491715.355999999], [208736.109999999, 491714.818999998], [208770.392000001, 491716.736000001], [208902.838, 491740.050999999], [209003.611000001, 491759.530000001], [209040.655999999, 491764.350000001], [209065.488000002, 491767.489], [209160.598999999, 491774.177999999], [209246.647, 491777.552999999], [209396.502999999, 491787.445999999], [209461.998, 491791.127], [209615.765000001, 491799.333000001], [209653.879999999, 491799.794], [209722.52, 491796.265999999], [209765.544, 491791.434], [209828.967999998, 491783.074999999], [209906.886999998, 491773.182], [209953.438000001, 491766.585999999], [210071.620000001, 491751.094000001], [210292.568999998, 491721.414999999], [210333.138999999, 491715.969000001], [210488.217, 491695.335999999], [210564.135000002, 491684.603], [210580.162999999, 491682.609000001], [210601.866999999, 491678.390999999], [210624.978, 491675.489999998], [210655.704999998, 491671.335000001], [210664.063999999, 491670.414999999], [210674.340999998, 491671.795000002], [210686.305, 491677.010000002], [210696.658, 491686.98], [210702.747000001, 491699.278000001], [210705.708000001, 491713.438999999], [210711.811999999, 491758.004000001], [210725.607000001, 491861.506000001], [210746.890999999, 492009.899999999], [210751.620999999, 492036.149999999], [210757.138999999, 492043.638], [210768.963, 492048.368000001], [211017.193, 492053.491999999], [211102.144000001, 492055.416999999], [211224.747000001, 492057.432999998], [211379.487, 492061.769000001], [211592.993000001, 492068.469000001], [211621.726, 492069.256999999], [211641.827, 492072.805], [211660.351, 492083.052000001], [211678.088, 492094.088], [211793.177000001, 492186.238000002]]}, "properties": {"OBJECTID": 449, "SOORT": 1, "KPNIDENT": "3352", "STATUS": 1}}, {"type": "Feature", "id": 450, "geometry": {"type": "LineString", "coordinates": [[187753.925999999, 509411.741], [187747.800000001, 509421.342999998], [187742.478999998, 509429.550999999], [187742.807, 509435.416999999], [187749.465999998, 509440.061999999], [187767.399, 509451.524999999], [187782.727000002, 509461.508000001], [187800.517000001, 509472.866], [187817.432, 509483.905999999], [187835.559999999, 509495.392000001], [187851.052000001, 509505.522], [187866.074999999, 509515.27], [187880.416999999, 509524.449000001], [187901.552999999, 509537.995999999], [187914.245999999, 509546.046], [187933.796, 509558.646000002], [187950.050000001, 509569.247000001], [187966.706, 509581.237], [187981.346999999, 509595.103], [187996.274999999, 509610.199999999], [188009.916000001, 509624.079], [188026.078000002, 509640.484999999], [188041.256000001, 509655.732999999], [188054.500999998, 509669.294], [188067.982000001, 509682.914999999], [188083.077, 509698.471000001], [188096.530999999, 509712.061999999], [188110.497000001, 509726.234999999], [188122.414999999, 509745.044], [188135.956999999, 509763.748], [188148.793000001, 509777.822000001], [188153.243999999, 509782.824000001], [188156.293000001, 509789.495000001], [188152.708999999, 509794.671], [188140.605999999, 509809.517999999], [188128.921, 509824.355], [188117.022, 509839.089000002], [188111.346999999, 509847.774999999], [188111.838, 509855.164000001], [188119.199000001, 509861.673999999], [188134.993000001, 509875.842], [188149.728999998, 509890.664000001], [188164.114, 509905.675000001], [188177.929000001, 509919.763], [188191.361000001, 509933.771000002], [188204.949999999, 509947.743000001], [188218.403000001, 509961.550999999], [188232.107999999, 509975.817000002], [188246.521000002, 509990.502999999], [188259.649, 510004.210999999], [188265.794, 510013.541000001], [188278.191, 510018.925999999], [188289.032000002, 510016.758000001], [188299.846999999, 510011.469999999], [188328.688999999, 509993.203000002], [188338.784000002, 509985.752999999], [188354.407000002, 509977.820999999], [188376.760000002, 509968.688000001], [188413.774, 509949.460000001], [188417.138999999, 509946.574999999], [188418.739, 509942.116], [188420.984000001, 509935.519000001], [188425.309999999, 509932.395], [188454.392999999, 509915.811000001], [188454.133000001, 509903.092], [188454.006999999, 509896.956], [188457.013, 509896.454999998], [188456.464000002, 509885.259], [188455.237, 509883.511], [188453.809, 509882.015999999], [188445.657000002, 509873.745999999], [188429.774, 509857.627999999], [188416.530000001, 509844.131999999], [188402.227000002, 509829.609999999], [188388.780999999, 509815.929000001], [188376.394000001, 509803.322999999], [188364.090999998, 509790.785], [188351.149, 509777.590999998], [188337.013999999, 509763.085999999], [188318.105, 509743.723999999], [188304.155000001, 509729.403999999], [188286.943999998, 509711.772999998], [188260.489, 509684.931000002], [188236.723999999, 509660.813000001], [188203.008000001, 509626.693999998], [188086.039999999, 509508.390999999], [188040.066, 509462.157000002], [188049.510000002, 509447.408], [188067.447000001, 509419.605], [188087.309999999, 509388.780000001], [188116.142999999, 509343.971000001], [188145.605999999, 509298.263999999], [188179.022, 509246.412], [188200.646000002, 509212.066], [188201.708999999, 509209.973999999], [188203.403000001, 509212.033], [188208.087000001, 509214.956], [188214.193, 509219.577], [188217.340999998, 509222.778000001], [188221.956, 509225.585999999], [188224.807999998, 509227.370999999], [188231.175000001, 509231.366], [188232.263, 509229.504000001], [188232.818999998, 509229.809], [188233.677999999, 509230.386], [188236.171, 509232.030000001], [188252.074999999, 509242.502999999], [188225.022, 509284.515999999], [188223.265000001, 509287.239999998], [188220.567000002, 509291.429000001], [188216.807, 509297.261], [188212.800999999, 509303.465999998], [188207.418000001, 509311.818999998], [188202.089000002, 509320.078000002], [188197.624000002, 509326.989999998], [188196.028999999, 509329.476], [188191.350000001, 509336.662999999], [188187.616, 509342.394000001], [188165.574999999, 509376.315000001], [188154.206999999, 509393.662], [188153.984999999, 509396.394000001], [188155.499000002, 509411.009], [188160.408, 509462.239], [188162.732999999, 509485.675999999], [188231.855999999, 509556.357999999], [188351.109999999, 509677.307999998], [188463.710999999, 509793.162999999], [188681.726, 509575.754000001]]}, "properties": {"OBJECTID": 450, "SOORT": 1, "KPNIDENT": "3353", "STATUS": 1}}, {"type": "Feature", "id": 451, "geometry": {"type": "LineString", "coordinates": [[204153.350000001, 510764.809], [204155.021000002, 510766.447999999], [204156.311999999, 510767.063999999], [204166.805, 510769.741], [204177.181000002, 510770.397], [204185.283, 510770.787999999], [204196.585999999, 510771.276999999], [204214.366999999, 510771.807], [204234.713, 510772.714000002], [204254.063000001, 510773.427999999], [204271.09, 510774.436999999], [204277.920000002, 510775.011], [204288.585000001, 510776.488000002], [204304.489, 510780.044], [204323.557999998, 510784.892000001], [204341.234999999, 510791.43], [204354.149999999, 510797.226], [204363.603999998, 510801.908], [204381.498, 510812.741], [204397.295000002, 510824.070999999], [204413.324999999, 510834.870999999], [204430.862, 510844.925000001], [204449.089000002, 510853.300999999], [204467.657000002, 510860.363000002], [204486.666000001, 510866.006999999], [204500.635000002, 510869.078000002], [204520.719000001, 510872.199999999], [204540.618000001, 510873.750999998], [204560.489, 510874.263], [204580.414999999, 510872.636999998], [204600.434, 510870.364], [204621.434999999, 510868.024], [204643.078000002, 510865.772], [204662.977000002, 510863.822000001], [204682.239, 510861.846999999], [204701.015999999, 510859.875999998], [204720.011999998, 510857.947999999], [204733.217, 510856.655000001], [204736.482999999, 510856.467], [204739.034000002, 510855.166000001], [204742.072000001, 510853.982999999], [204743.798999999, 510853.241], [204747.98, 510852.866], [204767.153000001, 510851.223000001], [204787.318, 510848.772], [204808.149999999, 510846.030000001], [204828.478, 510841.675000001], [204847.82, 510835.794], [204867.658, 510828.495999999], [204886.458999999, 510822.258000001], [204899.100000001, 510818.914000001], [204921.605999999, 510814.861000001], [204941.329, 510813.081], [204963.377, 510813.000999998], [204983.384, 510814.675999999], [205003.692000002, 510817.960000001], [205022.300999999, 510822.390000001], [205029.759, 510824.059999999], [205050.028000001, 510829.52], [205069.679000001, 510834.965999998], [205089.670000002, 510840.778999999], [205109.557999998, 510847.109999999], [205129.954, 510853.579], [205146.859999999, 510859.603999998], [205156.916000001, 510863.006999999], [205176.243999999, 510870.469000001], [205194.824999999, 510877.837000001], [205213.634, 510885.623], [205232.403000001, 510893.881999999], [205251.695, 510901.956999999], [205271.908, 510908.93], [205280.269000001, 510911.112], [205317.420000002, 510919.390999999], [205317.136, 510923.192000002], [205302.467999998, 510942.499000002], [205294.092999998, 510956.697999999], [205281.737, 510986.864999998], [205210.048999999, 511160.074999999], [205187.673999999, 511214.397999998], [205181.105999999, 511227.756000001], [205173.090999998, 511239.221999999], [205157.026999999, 511255.129999999], [205133.017000001, 511269.723000001], [205124.333999999, 511273.73], [204870.221000001, 511355.035999998], [204267.859000001, 511547.793000001], [204190.715999998, 511572.171999998], [204181.921999998, 511575.399999999], [204163.653000001, 511581.877999999], [204144.890999999, 511587.82], [204126.618999999, 511593.567000002], [204107.980999999, 511599.548], [204089.065000001, 511605.484999999], [204070.625999998, 511611.511], [204052.633000001, 511617.221999999], [204034.300000001, 511623.147], [204016.103, 511628.945999999], [203997.425000001, 511635.079], [203958.316, 511647.489999998], [203937.594000001, 511653.998], [203916.958000001, 511660.734999999], [203897.300999999, 511666.916999999], [203878.195999999, 511673.182999998], [203859.498, 511679.066], [203840.351, 511685.258000001], [203821.862, 511691.210000001], [203802.833999999, 511697.261999998], [203784.140000001, 511703.280000001], [203765.522999998, 511709.140999999], [203747.232000001, 511714.885000002], [203729.486000001, 511720.653000001], [203711.476, 511726.348999999], [203685.329999998, 511734.506000001], [203666.916000001, 511740.261999998], [203649.046, 511746.383000001], [203630.456, 511752.84], [203612.423, 511758.517000001], [203593.164999999, 511764.528000001], [203575.02, 511770.539000001], [203555.651000001, 511776.328000002], [203535.947999999, 511782.895], [203516.022, 511789.352000002], [203493.535999998, 511796.364999998], [203473.721000001, 511802.487], [203454.463, 511809.166000001], [203446.447999999, 511811.614999998], [203422.293000001, 511818.962000001], [203402.478, 511825.530000001], [203383.109000001, 511831.651999999], [203363.627999999, 511838.109000001], [203344.704, 511843.785999998], [203325.557999998, 511850.241999999], [203302.738000002, 511857.478], [203285.149999999, 511862.820999999], [203266.782000002, 511868.943999998], [203249.083000001, 511874.844000001], [203231.272, 511880.409000002], [203215.241999999, 511885.419], [203196.986000001, 511891.318], [203178.508000001, 511897.441], [203159.695, 511903.118000001], [203139.434999999, 511909.241], [203118.840999998, 511915.363000002], [203100.140000001, 511920.818], [203080.326000001, 511926.829], [203061.574999999, 511932.938999999], [203042.320999999, 511938.818999998], [203023.208000001, 511944.539000001], [203004.050000001, 511950.162999999], [202984.364999998, 511956.289000001], [202964.327, 511959.307999998], [202930.201000001, 511948.230999999], [202909.827, 511941.776999999], [202891.732999999, 511936.087000001], [202876.269000001, 511931.232000001], [202859.379000001, 511925.929000001], [202865.772999998, 511906.015999999], [202874.982000001, 511893.969000001], [202887.089000002, 511878.848000001], [202898.061999999, 511875.463], [202905.541000001, 511869.087000001], [202911.745999999, 511854.943999998], [202923.782000002, 511844.723999999], [202934.171999998, 511841.353], [202948.296999998, 511837.561999999], [202970.045000002, 511832.747000001], [202988.577, 511828.576000001], [203002.068, 511824.098000001], [202996.261999998, 511805.508000001], [202990.384, 511782.879000001], [202989.789999999, 511779.653999999], [202989.721999999, 511779.43], [202988.521000002, 511775.938000001], [202987.092999998, 511771.090999998], [202981.552999999, 511751.864999998], [202975.372000001, 511732.193999998], [202972.237, 511719.556000002], [202971.506999999, 511711.379000001], [202973.004999999, 511706.414999999], [202979.995999999, 511698.452], [202996.473000001, 511687.092], [203013.677999999, 511675.651000001], [203028.482999999, 511665.445999999], [203043.537, 511654.886], [203059.675000001, 511643.943], [203075.811999999, 511632.881000001], [203091.859000001, 511622.419], [203109.050000001, 511613.697000001], [203126.140999999, 511605.177000001], [203141.977000002, 511593.767000001], [203151.079999998, 511577.789000001], [203157.936999999, 511560.666000001], [203164.050999999, 511547.317000002], [203161.647, 511545.818], [203146.162999999, 511535.927000001], [203127.033, 511523.752999999], [203115.598000001, 511516.072000001], [203103.818999998, 511502.256999999], [203096.528999999, 511486.566], [203092.252, 511475.577], [203088.673999999, 511471.096000001], [203083.18, 511469.004000001], [203065.581999999, 511467.133000001], [203046.852000002, 511465.588], [203039.583999999, 511462.969000001], [203033.923, 511459.234000001], [203021.631999999, 511446.326000001], [203015.171, 511439.590999998], [203013.452, 511437.57], [203012.84, 511436.864999998]]}, "properties": {"OBJECTID": 451, "SOORT": 1, "KPNIDENT": "3354", "STATUS": 1}}, {"type": "Feature", "id": 452, "geometry": {"type": "LineString", "coordinates": [[208307.477000002, 473201.331], [208307.532000002, 473201.59], [208310.635000002, 473216.351], [208314.241999999, 473230.956], [208317.805, 473245.574000001], [208323.396000002, 473245.945999999], [208326.384, 473259.011], [208329.561999999, 473273.805], [208331.881000001, 473286.230999999], [208334.717, 473302.682], [208332.835999999, 473324.190000001], [208332.658, 473344.408], [208330.350000001, 473363.879999999], [208327.684999999, 473382.399], [208322.434999999, 473390.953000002], [208315.206, 473398.059999999], [208306.109999999, 473402.204999998], [208286.386999998, 473404.818999998], [208277.002999999, 473408.967999998], [208255.754999999, 473410.949000001], [208235.195999999, 473412.796999998], [208214.600000001, 473413.68], [208193.892999999, 473413.859000001], [208173.467999998, 473414.976], [208153.995999999, 473417.622000001], [208134.254000001, 473422.620999999], [208115.609999999, 473429.848000001], [208098.897, 473440.881999999], [208083.677999999, 473454.107999999], [208070.741, 473469.300999999], [208059.627999999, 473485.609000001], [208049.629000001, 473502.324000001], [208038.684999999, 473518.693], [208027.618999999, 473534.423], [208014.971999999, 473550.054000001], [208001.909000002, 473564.802999999], [207989.090999998, 473579.359999999], [207974.991, 473594.044], [207961.131999999, 473608.681000002], [207947.502999999, 473622.651999999], [207932.853999998, 473636.897], [207918.291000001, 473651.227000002], [207902.815000001, 473664.329999998], [207888.311000001, 473677.960000001], [207872.831, 473690.184], [207871.908, 473691.704999998], [207868.044, 473689.234999999], [207858.033, 473699.241999999], [207853.585999999, 473703.565000001], [207851.170000002, 473705.118000001]]}, "properties": {"OBJECTID": 452, "SOORT": 1, "KPNIDENT": "3355", "STATUS": 1}}, {"type": "Feature", "id": 485, "geometry": {"type": "LineString", "coordinates": [[195902.338, 515255.555], [195900.252, 515257.629999999], [195897.197000001, 515259.993999999], [195893.967, 515261.269000001], [195886.581999999, 515263.84], [195868.011, 515270.247000001], [195849.379000001, 515276.725000001], [195830.574000001, 515283.182], [195813.103999998, 515289.342999998], [195794.131999999, 515295.403999999], [195781.546999998, 515298.93], [195778.548999999, 515299.728999998], [195774.717, 515299.679000001], [195772.504999999, 515295.850000001], [195766.721000001, 515281.101], [195759.932, 515261.963], [195753.677999999, 515243.346999999], [195747.914999999, 515224.280999999], [195741.035, 515205.550000001], [195734.719999999, 515186.469000001], [195728.282000002, 515167.07], [195721.982000001, 515147.754999999], [195716.431000002, 515130.662], [195711.622000001, 515114.692000002], [195705.34, 515095.557999998], [195699.140000001, 515076.806000002], [195692.963, 515058.594000001], [195687.125, 515040.081999999], [195681.418000001, 515022.772], [195675.078000002, 515003.980999999], [195668.57, 514984.916000001], [195662.228, 514966.017000001], [195656.004999999, 514947.521000002], [195649.769000001, 514928.702], [195643.691, 514909.572999999], [195637.469999999, 514890.577], [195633.103, 514878.682999998], [195632.394000001, 514877.193], [195631.291999999, 514876.673999999], [195605.287999999, 514884.364], [195585.912, 514890.666999999], [195566.396000002, 514896.811999999], [195546.877999999, 514903.131000001], [195527.614999998, 514909.204], [195511.772999998, 514914.245999999], [195493.559999999, 514920.432], [195475.469000001, 514926.447999999], [195457.357999999, 514932.499000002], [195438.489, 514938.554000001], [195418.872000001, 514944.419], [195396.677000001, 514951.618000001], [195378.500999998, 514957.816], [195360.147999998, 514963.710999999], [195341.373, 514969.787999999], [195321.550999999, 514975.956999999], [195303.096000001, 514981.903999999], [195283.572000001, 514988.195999999], [195278.114999998, 514989.344000001], [195272.842, 514989.236000001], [195269.361000001, 514987.796999998], [195267.445999999, 514984.947000001], [195261.590999998, 514967.539000001], [195255.699000001, 514949.245999999], [195249.374000002, 514930.91], [195243.265999999, 514912.824000001], [195236.842999998, 514895.052999999], [195228.997000001, 514874.978999998]]}, "properties": {"OBJECTID": 485, "SOORT": 1, "KPNIDENT": "11402", "STATUS": 1}}, {"type": "Feature", "id": 489, "geometry": {"type": "LineString", "coordinates": [[198719.473000001, 516188.133000001], [198729.107000001, 516195.361000001], [198713.236000001, 516213.780999999], [198701.477000002, 516227.804000001], [198688.579999998, 516243.818], [198674.998, 516260.806000002], [198661.585999999, 516276.682999998], [198647.335999999, 516289.846000001], [198633.338, 516303.011999998], [198619.68, 516316.052999999], [198604.702, 516329.807999998], [198589.839000002, 516343.364999998], [198582.287, 516349.482000001], [198564.263999999, 516365.846999999], [198548.114, 516379.252999999], [198536.138, 516387.486000001], [198533.351, 516388.489], [198528.675000001, 516391.432], [198524.727000002, 516394.213], [198503.318999998, 516407.546], [198486.546, 516416.432], [198471.131999999, 516424.879000001], [198456.931000002, 516430.552000001], [198435.530999999, 516439.881000001], [198429.622000001, 516441.208999999], [198413.822999999, 516446.364], [198395.173999999, 516451.344999999], [198375.719000001, 516453.658], [198356.118000001, 516454.938000001], [198336.478999998, 516456.263999999], [198312.410999998, 516457.287], [198289.596000001, 516457.311000001], [198268.438999999, 516457.254999999], [198247.811999999, 516456.658], [198227.23, 516455.774999999], [198207.27, 516455.02], [198187.993999999, 516452.942000002], [198168.256000001, 516449.513999999], [198148.002, 516445.901000001], [198127.943999998, 516442.362], [198108.631999999, 516439.634], [198089.177999999, 516436.566], [198068.750999998, 516434.432], [198048.021000002, 516431.684], [198042.063000001, 516430.653999999], [198009.588, 516419.23], [197989.844999999, 516411.107999999], [197969.756999999, 516406.522], [197950.158, 516404.842], [197930.541000001, 516405.219999999], [197910.953000002, 516406.484999999], [197891.16, 516407.557999998], [197871.045000002, 516408.021000002], [197851.763999999, 516408.956999999], [197832.162, 516408.609000001], [197813.592, 516405.839000002], [197793.833000001, 516402.447999999], [197773.272, 516399.863000002], [197753.076000001, 516396.583000001], [197733.337000001, 516393.524999999], [197714.210000001, 516390.517999999], [197694.482999999, 516387.103999998], [197673.201000001, 516383.842], [197653.267999999, 516380.346999999], [197633.105, 516377.182999998], [197614.013999999, 516374.658], [197594.245999999, 516371.271000002], [197584.844000001, 516370.675000001], [197574.155999999, 516371.101], [197554.105999999, 516374.831], [197535.855, 516381.465], [197517.254999999, 516388.147999998], [197497.805, 516394.566], [197478.497000001, 516400.976], [197459.039000001, 516407.739], [197439.386999998, 516414.741999999], [197420.649999999, 516421.010000002], [197401.550000001, 516427.215], [197382.399999999, 516433.831999999], [197362.851, 516440.829999998], [197350.258000001, 516445.539999999], [197331.877999999, 516453.498], [197322.482999999, 516455.901999999], [197304.833999999, 516462.263], [197288.013, 516467.028999999], [197280.210999999, 516469.693], [197276.068999998, 516476.006000001], [197274.634, 516483.568999998], [197275.136999998, 516502.228], [197275.484000001, 516522.780999999], [197276.193999998, 516541.052000001], [197276.541000001, 516558.050000001], [197276.752999999, 516575.329999998], [197277.248, 516594.914999999], [197277.603999998, 516617.002], [197278.237, 516638.256999999], [197278.603, 516657.361000001], [197278.864, 516675.144000001], [197279.199999999, 516693.877], [197279.73, 516715.601], [197279.754999999, 516734.27], [197280.403999999, 516753.798], [197281.675999999, 516772.125999998], [197279.522, 516781.204], [197278.18, 516786.478], [197274.357999999, 516790.943], [197256.899999999, 516797.614999998], [197236.574999999, 516797.93], [197221.017999999, 516793.298999999], [197206.274, 516784.945999999], [197192.158, 516772.842], [197176.789999999, 516757.780999999], [197162.315000001, 516744.750999998], [197148.75, 516732.460999999], [197133.820999999, 516718.534000002], [197118.921, 516704.75], [197105.322000001, 516692.079999998], [197091.561000001, 516679.098999999], [197077.75, 516666.717999998], [197063.011, 516652.32], [197048.655000001, 516639.217999998], [197033.978, 516626.158], [197020.616999999, 516613.826000001], [197007.399, 516601.886999998], [196993.337000001, 516588.333999999], [196979.215, 516575.285], [196962.476, 516559.960999999], [196947.379999999, 516545.912999999], [196932.787999999, 516532.228999998], [196918.857000001, 516519.317000002], [196903.026999999, 516504.901000001], [196888.673, 516491.603], [196875.022999998, 516478.903000001], [196861.833000001, 516466.945], [196849.147, 516454.822000001], [196833.164000001, 516440.022999998], [196817.066, 516425.469999999], [196805.192000002, 516414.574999999], [196792.489, 516402.609000001], [196776.998, 516387.945999999], [196761.684999999, 516374.105], [196745.772, 516359.77], [196732.715999998, 516347.381000001], [196718.976, 516334.557999998], [196702.175999999, 516318.807999998], [196685.828000002, 516303.454999998], [196670.697999999, 516289.590999998], [196656.269000001, 516276.289999999], [196642.190000001, 516263.208000001], [196629.471999999, 516251.43], [196614.772999998, 516238.103], [196599.651000001, 516223.846000001], [196583.877, 516209.666999999], [196568.614, 516195.894000001], [196553.352000002, 516181.408], [196538.085999999, 516167.248], [196523.401999999, 516154.024999999], [196509.188999999, 516140.282000002], [196494.570999999, 516126.960000001], [196478.780000001, 516112.487], [196464.596000001, 516099.217999998], [196449.603, 516085.346999999], [196436.135000002, 516072.943], [196422.623, 516060.414999999], [196408.572999999, 516047.355], [196393.515000001, 516033.844000001], [196380.243999999, 516021.57], [196365.559999999, 516008.056000002], [196352.335999999, 515995.916000001], [196337.995999999, 515983.223000001], [196323.127, 515969.388], [196307.177000001, 515954.203000002], [196294.93, 515942.956999999], [196281.892999999, 515930.945999999], [196267.495999999, 515918.043000001], [196251.916000001, 515903.759], [196237.835000001, 515890.660999998], [196222.796999998, 515876.118000001], [196209.307, 515863.241999999], [196195.265000001, 515850.250999998], [196180.215, 515836.206], [196164.991, 515821.528000001], [196151.533, 515809.238000002], [196136.252999999, 515795.105999999], [196123.113000002, 515782.993000001], [196109.699999999, 515770.644000001], [196094.822999999, 515756.868999999], [196079.679000001, 515743.181000002], [196066.651999999, 515730.982000001], [196051.329999998, 515717.079999998], [196037.524, 515704.267000001], [196022.951000001, 515690.741], [196011.155000001, 515679.848999999], [195995.647, 515665.5], [195983.866, 515654.452], [195969.607999999, 515641.419], [195953.585999999, 515626.838], [195941.601, 515615.346999999], [195926.93, 515602.175000001], [195912.697000001, 515588.864999998], [195898.989, 515576.32], [195883.388, 515562.265000001], [195870.239999998, 515550.43], [195855.280000001, 515537.162], [195851.313000001, 515532.509], [195850.491999999, 515528.796], [195852.085000001, 515525.276000001], [195854.333000001, 515522.226], [195868.066, 515506.931000002], [195880.941, 515491.230999999], [195892.528000001, 515477.307], [195904.026999999, 515463.482000001], [195916.366, 515448.618999999], [195929.355, 515433.412], [195941.793000001, 515419.427999999], [195953.48, 515405.217], [195968.397, 515386.929000001], [195980.383000001, 515372.662999999], [195995.890999999, 515356.645], [196009.401000001, 515345.195999999], [196024.638999999, 515332.337000001], [196039.899, 515319.787], [196055.333000001, 515307.096000001], [196071.304000001, 515295.289000001], [196086.544, 515282.581999999], [196100.585000001, 515271.579999998], [196116.090999998, 515259.223000001], [196131.587000001, 515246.862], [196147.18, 515234.528999999], [196162.513, 515222.333999999], [196177.805, 515209.920000002], [196193.125999998, 515197.649999999], [196208.697000001, 515185.258000001], [196224.252999999, 515173.096000001], [196239.484999999, 515160.987], [196254.975000001, 515148.833999999], [196270.789999999, 515136.401000001], [196285.954, 515124.203000002], [196301.427000001, 515111.954], [196316.267999999, 515099.842], [196319.945999999, 515097.02], [196331.337000001, 515088.362], [196347.616999999, 515075.112], [196362.763, 515063.160999998], [196377.721000001, 515051.48], [196394.074000001, 515038.684999999], [196408.818, 515027.304000001], [196424.256000001, 515015.272999998], [196442.800000001, 515000.284000002], [196458.467999998, 514988.388999999], [196474.745000001, 514974.967], [196489.745000001, 514963.276000001], [196505.572000001, 514951.046999998], [196520.309, 514939.664000001], [196535.804000001, 514927.311000001], [196554.27, 514913.554000001], [196567.807999998, 514902.409000002], [196582.877999999, 514891.030000001], [196586.054000001, 514888.563999999], [196598.272, 514878.668000001], [196613.649, 514866.557], [196632.322999999, 514852.206999999], [196649.581, 514838.352000002], [196666.451000001, 514826.019000001], [196682.195999999, 514817.322999999], [196702.215999998, 514809.302999999], [196719.364, 514802.392000001], [196733.465999998, 514795.166000001], [196749.660999998, 514781.732000001], [196754.155000001, 514778.033], [196766.381999999, 514767.408], [196781.238000002, 514755.539000001], [196798.090999998, 514742.583999999], [196812.352000002, 514730.868999999], [196825.745000001, 514720.489], [196838.995999999, 514710.145], [196853.164999999, 514698.600000001], [196871.839000002, 514684.372000001], [196887.713, 514672.079], [196901.721000001, 514660.956999999], [196916.190000001, 514650.162999999], [196933.188000001, 514636.660999998], [196949.149, 514624.456], [196964.826000001, 514612.077], [196980.116, 514600.313000001], [196995.688000001, 514588.338], [197011.214000002, 514576.120999999], [197027.000999998, 514563.829], [197041.916000001, 514552.127999999], [197057.892999999, 514539.594999999], [197075.052999999, 514526.410999998], [197091.307, 514513.914999999], [197107.539999999, 514501.23], [197124.754999999, 514487.798999999], [197145.300000001, 514474.938000001], [197157.548999999, 514465.166999999], [197171.471000001, 514450.977000002], [197188.651999999, 514438.037], [197190.614, 514436.427000001], [197205.870000001, 514424.936000001], [197219.820999999, 514414.245999999], [197235.535, 514402.170000002], [197251.215999998, 514390.203000002], [197268.783, 514376.918000001], [197285.07, 514364.563999999], [197299.857999999, 514353.515999999], [197316.515999999, 514340.873], [197331.442000002, 514329.210000001], [197348.263, 514316.384], [197364.274999999, 514304.375], [197378.82, 514293.390000001], [197393.061999999, 514282.995000001], [197410.884, 514269.414999999], [197431.545000002, 514254.546], [197448.27, 514242.918000001], [197465.449999999, 514230.057], [197481.375, 514216.645], [197492.826000001, 514199.686000001], [197502.423, 514183.035], [197512.736000001, 514165.438999999], [197523.528999999, 514146.659000002], [197534.375999998, 514128.153999999], [197544.188999999, 514111.443], [197554.015999999, 514094.489], [197563.486000001, 514079.427999999], [197572.732000001, 514066.101], [197585.142999999, 514048.568999998], [197597.989999998, 514031.392000001], [197610.800999999, 514014.094999999], [197622.289999999, 513998.800999999], [197632.785, 513984.93], [197644.623, 513969.136999998], [197655.833000001, 513953.651999999], [197668.184999999, 513937.089000002], [197678.186999999, 513923.704999998], [197690.215, 513907.164000001], [197701.600000001, 513891.962000001], [197714.206999999, 513875.405999999], [197726.313999999, 513859.390999999], [197738.625, 513842.967], [197750.857999999, 513826.715], [197763.250999998, 513810.282000002], [197775.197999999, 513794.550999999], [197788.105999999, 513779.48], [197801.881000001, 513762.780999999], [197814.682, 513746.307999998], [197827.780000001, 513729.763999999], [197840.463, 513713.215], [197853.692000002, 513696.394000001], [197865.932, 513680.16], [197879.011999998, 513663.778999999], [197891.732999999, 513647.405000001], [197902.296999998, 513630.669], [197910.151000001, 513618.291000001], [197911.875, 513615.453000002]]}, "properties": {"OBJECTID": 489, "SOORT": 1, "KPNIDENT": "3356", "STATUS": 1}}, {"type": "Feature", "id": 490, "geometry": {"type": "LineString", "coordinates": [[188843.509, 503448.478], [188853.135000002, 503442.160999998], [188864.43, 503437.432999998], [188875.368999999, 503433.381999999], [188885.022, 503428.322999999], [188894.649, 503421.554000001], [188904.125, 503411.927999999], [188920.82, 503394.780999999], [188930.897999998, 503384.252], [188941.577, 503372.370000001], [188953.309, 503359.284000002], [188967.147, 503333.412999999], [188983.090999998, 503308.745999999], [189036.337000001, 503240.91], [189076.045000002, 503189.920000002], [189100.261999998, 503159.688000001], [189121.169, 503135.171], [189162.532000002, 503083.278999999], [189201.338, 503036.350000001], [189238.188999999, 502991.828000002], [189261.954, 502962.348000001], [189271.43, 502951.067000002], [189285.568999998, 502932.866999999], [189298.805, 502902.634], [189312.491999999, 502868.791999999], [189323.726, 502844.280000001], [189338.513999999, 502825.171999998], [189355.960999999, 502807.123], [189375.173, 502790.491], [189386.645, 502781.252], [189415.072999999, 502762.451000001], [189422.142999999, 502755.831999999], [189432.521000002, 502743.649], [189456.888, 502714.620000001], [189488.774999999, 502676.114], [189548.188000001, 502597.75], [189582.181000002, 502550.971999999], [189600.166000001, 502527.227000002], [189616.173999999, 502505.697999999], [189629.41, 502487.798999999], [189640.691, 502474.412], [189670.471999999, 502440.870000001], [189716.348000001, 502390.482000001], [189730.335999999, 502375.291000001], [189737.405000001, 502369.574999999], [189740.864999998, 502366.567000002], [189744.625, 502363.559], [189748.535999998, 502358.594999999], [189752.447000001, 502352.579], [189756.658, 502346.261], [189785.085999999, 502312.870000001], [189821.184999999, 502269.401000001], [189834.872000001, 502251.352000002], [189847.657000002, 502232.701000001], [189864.052000001, 502208.182999998], [189890.374000002, 502170.581], [189909.815000001, 502143.706999999], [189938.204999998, 502105.302000001], [189955.653000001, 502081.386], [189998.52, 502023.177000001], [190041.688000001, 501963.162999999], [190063.798999999, 501928.116999999], [190084.556000002, 501896.379999999], [190128.476, 501828.394000001], [190168.636, 501765.070999999], [190208.193999998, 501701.447000001], [190225.491, 501674.973999999], [190264.899, 501614.057], [190283.851, 501585.93], [190308.519000001, 501545.169], [190336.646000002, 501498.842], [190382.07, 501420.478], [190404.631999999, 501382.723999999], [190427.344000001, 501344.82], [190450.807999998, 501306.164999999], [190468.857000001, 501274.578000002], [190476.829, 501259.686999999], [190502.550000001, 501208.397], [190508.842, 501203.927000001], [190512.927999999, 501201.629000001], [190516.688000001, 501198.771000002], [190518.945, 501194.107999999], [190519.546, 501186.738000002], [190518.644000001, 501176.811000001], [190546.620000001, 501120.857000001], [190583.772, 501045.500999998], [190732.155999999, 500750.155999999], [190795.429000001, 500625.927000001], [190839.772999998, 500535.756000001], [190862.675999999, 500487.294], [190897.045000002, 500412.359000001], [190942.530999999, 500312.919], [190984.704999998, 500217.359000001], [191062.642999999, 500030.114], [191073.362, 500006.307], [191099.383000001, 499946.443], [191113.370999999, 499912.750999998], [191136.384, 499853.789999999], [191173.386, 499757.526000001], [191199.708000001, 499688.938000001], [191227.083000001, 499620.651000001], [191238.364, 499592.374000002], [191261.309, 499547.089000002], [191297.625999998, 499446.776000001], [191324.249000002, 499369.914999999], [191400.579, 499136.045000002], [191410.434999999, 499111.057], [191426.98, 499063.677000001], [191433.598000001, 499042.920000002], [191446.684, 499008.776999999], [191463.831, 498969.068], [191468.794, 498954.629000001], [191469.245000001, 498944.550999999], [191473.155999999, 498916.875], [191485.34, 498878.971000001], [191500.131000001, 498834.767999999], [191509.254999999, 498807.827], [191520.085000001, 498780.903000001], [191533.320999999, 498744.954999998], [191548.511999998, 498700.432999998], [191557.537, 498675.916000001], [191569.269000001, 498646.285], [191583.708999999, 498619.811999999]]}, "properties": {"OBJECTID": 490, "SOORT": 1, "KPNIDENT": "3357", "STATUS": 1}}, {"type": "Feature", "id": 492, "geometry": {"type": "LineString", "coordinates": [[216537.046999998, 501592.162999999], [216539.368000001, 501585.438000001], [216542.646000002, 501572.923], [216555.793000001, 501558.800999999], [216580.034000002, 501533.16], [216612.285, 501531.578000002], [216653.331, 501527.500999998], [216701.340999998, 501545.68], [216764.000999998, 501569.081999999], [216805.315000001, 501584.357000001], [216862.535999998, 501605.508000001], [216905.618999999, 501622.046], [216937.550000001, 501633.227000002], [216939.949999999, 501658.096000001], [216939.967, 501700.252999999], [216944.750999998, 501727.191], [216951.456999999, 501777.192000002], [216959.738000002, 501862.101], [216963.456999999, 501899.366999999], [216985.118000001, 501936.952], [217005.079999998, 501965.103999998], [217020.873, 501986.438999999], [217032.52, 501999.638999999], [217058.420000002, 502027.285999998], [217076.927999999, 502045.954], [217083.370999999, 502051.256000001], [217092.973000001, 502057.947000001], [217116.094000001, 502073.348000001], [217132.078000002, 502083.534000002], [217141.68, 502090.225000001], [217151.155000001, 502098.431000002], [217164.800000001, 502111.181000002], [217176.296999998, 502123.300000001], [217188.204999998, 502135.013], [217192.374000002, 502140.188999999], [217196.164000001, 502146.249000002], [217197.932999998, 502149.91], [217199.574999999, 502153.822999999], [217200.839000002, 502158.368000001], [217202.355, 502165.184999999], [217204.754999999, 502185.383000001], [217208.442000002, 502224.636999998], [217213.254999999, 502231.820999999], [217218.407000002, 502239.548], [217235.026999999, 502281.967999998], [217253.094000001, 502319.335999999], [217273.359999999, 502340.177999999], [217301.640000001, 502370.947000001], [217329.605999999, 502400.147], [217359.57, 502430.831], [217374.653000001, 502445.272999998], [217390.050000001, 502462.541999999], [217419.272, 502492.997000001], [217448.495000001, 502523.138], [217484.456999999, 502559.820999999], [217501.111000001, 502577.403000001], [217524.677999999, 502602.521000002], [217547.93, 502626.697000001], [217568.669, 502649.616999999], [217586.265000001, 502667.513], [217602.919, 502685.094999999], [217624.142999999, 502707.366], [217637.340999998, 502720.552999999], [217653.366, 502738.449000001], [217675.362, 502760.741], [217691.701000001, 502778.638], [217714.954, 502801.557], [217735.693, 502823.848999999], [217763.169, 502851.390000001], [217781.394000001, 502870.541999999], [217801.504000001, 502890.322999999], [217814.309, 502899.160999998], [217833.868999999, 502918.265999999], [217860.353, 502935.986000001], [217887.941, 502950.995000001], [217902.622000001, 502959.028999999], [217909.693, 502960.853], [217944.258000001, 502966.504999999], [217981.335999999, 502971.842], [218015.272, 502974.668000001], [218038.524999999, 502975.609999999], [218178.397999998, 502981.598999999], [218223.938000001, 502980.140000001], [218271.684999999, 502979.094999999], [218332.644000001, 502975.954999998], [218451.085999999, 502964.271000002], [218504.190000001, 502958.305], [218514.903999999, 502957.377], [218528.092, 502961.776000001], [218539.226, 502963.925000001], [218549.504999999, 502969.164999999], [218552.335999999, 502970.065000001], [218556.953000002, 502972.063000001], [218565.134, 502974.300999999], [218577.074999999, 502976.583999999], [218588.552999999, 502975.931000002], [218592.763, 502976.443999998], [218604.045000002, 502974.557999998], [218613.460999999, 502975.511], [218638.276000001, 502973.120000001], [218653.432999998, 502970.495000001], [218656.697000001, 502948.866], [218661.182, 502929.282000002], [218665.640999999, 502906.574000001], [218665.340999998, 502895.77], [218668.333999999, 502886.743000001], [218666.528999999, 502874.721000001], [218669.576000001, 502863.778000001], [218673.870999999, 502851.901999999], [218674.414000001, 502851.482000001], [218675.822999999, 502846.442000002], [218680.767000001, 502833.548999999], [218683.087000001, 502826.322000001], [218684.284000002, 502822.998], [218685.081, 502820.758000001], [218685.769000001, 502818.772999998], [218687.338, 502815.662999999], [218688.577, 502812.151999999], [218691.515999999, 502804.655999999], [218711.870999999, 502807.596000001], [218727.897, 502815.835000001], [218749.028999999, 502809.688000001], [218772.164000001, 502803.079999998], [218808.177999999, 502803.168000001], [218816.524999999, 502809.050000001], [218820.013999999, 502811.177000001], [218831.850000001, 502819.186999999], [218834.493000001, 502818.631000001]]}, "properties": {"OBJECTID": 492, "SOORT": 1, "KPNIDENT": "3350", "STATUS": 1}}, {"type": "Feature", "id": 509, "geometry": {"type": "LineString", "coordinates": [[187754.081999999, 509411.495999999], [187758.853999998, 509404.017000001], [187769.217, 509387.710999999], [187780.567000002, 509369.916999999], [187791.905999999, 509352.649], [187803.346000001, 509334.840999998], [187814.495000001, 509317.57], [187826.18, 509299.666000001], [187835.245000001, 509285.373], [187844.912999999, 509270.362], [187856.905000001, 509251.752999999], [187866.864, 509236.063999999], [187875.969000001, 509221.721000001], [187889.793000001, 509200.664999999], [187901.385000002, 509179.953000002], [187907.596999999, 509165.673999999], [187917.741999999, 509150.002999999], [187928.285, 509134.050000001], [187941.346999999, 509113.846999999], [187950.486000001, 509099.695999999], [187963.175000001, 509080.458999999], [187973.931000002, 509061.800000001], [187981.383000001, 509046.635000002], [187998.585000001, 509045.93], [188019.489, 509053.120000001], [188036.684999999, 509064.679000001], [188053.25, 509076.234000001], [188070.829999998, 509088.645], [188086.217999998, 509099.287999999], [188100.675999999, 509109.120999999], [188120.743000001, 509122.261999998], [188137.881999999, 509133.294], [188154.252999999, 509143.947999999], [188171.105999999, 509154.644000001], [188186.140000001, 509164.377999999], [188204.712000001, 509176.366999999], [188222.969000001, 509187.952], [188239.864, 509198.710999999], [188255.098999999, 509208.388], [188269.804000001, 509217.796999998], [188288.322000001, 509229.464000002], [188308.857999999, 509243.138999999], [188325.57, 509254.030000001], [188340.829999998, 509263.684999999], [188354.980999999, 509272.489], [188372.589000002, 509283.927000001], [188387.636999998, 509293.670000002], [188407.329, 509306.703000002], [188421.566, 509315.888], [188429.388, 509314.228999998], [188440.649999999, 509309.118999999], [188451.366999999, 509303.954], [188456.050999999, 509308.256000001], [188458.921, 509313.274999999], [188454.024999999, 509323.199000001], [188450.491, 509331.66], [188453.324000001, 509342.622000001], [188466.701000001, 509356.629999999], [188479.877999999, 509370.030999999], [188493.612, 509383.760000002], [188507.102000002, 509397.530999999], [188520.390000001, 509411.109999999], [188533.965, 509424.879999999], [188548.817000002, 509440.596000001], [188562.377, 509454.124000002], [188576.190000001, 509467.964000002], [188590.048999999, 509482.173], [188603.927000001, 509496.552999999], [188615.866, 509508.776000001], [188630.098999999, 509523.311999999], [188643.59, 509537.059], [188657.215, 509550.719000001], [188670.818999998, 509564.363000002], [188684.822999999, 509578.763], [188698.374000002, 509592.796], [188706.342, 509601.225000001], [188709.934999999, 509604.796], [188717.634, 509610.625999998], [188724.379999999, 509609.313000001], [188731.225000001, 509603.293000001], [188745.456999999, 509589.732000001], [188759.015999999, 509576.787999999], [188772.164999999, 509564.383000001], [188786.855, 509550.646000002], [188802.385000002, 509538.361000001], [188817.719000001, 509526.153999999], [188835.614999998, 509517.905000001], [188852.677000001, 509509.526000001], [188867.691, 509496.929000001], [188882.763, 509484.363000002], [188898.261999998, 509471.460999999], [188915.576000001, 509457.401999999], [188923.712000001, 509451.090999998], [188943.506999999, 509447.682999998], [188955.151999999, 509441.368999999], [188957.202, 509438.399], [188960.113000002, 509435.636999998], [188960.199999999, 509435.274], [188966.846000001, 509428.982999999], [188983.392999999, 509416.248], [189000.267000001, 509401.642999999], [189015.282000002, 509384.934], [189022.388, 509379.397], [189029.517000001, 509373.688999999], [189045.079999998, 509361.653999999], [189060.951000001, 509349.254000001], [189077.552999999, 509336.561000001], [189093.283, 509324.477000002], [189108.059, 509312.397], [189122.916000001, 509300.274999999], [189129.909000002, 509294.629999999], [189140.030999999, 509286.664000001], [189156.839000002, 509273.647], [189172.522, 509260.555], [189190.920000002, 509245.736000001], [189194.738000002, 509242.653000001], [189198.125999998, 509239.509], [189206.363000002, 509232.125999998], [189214.041000001, 509224.747000001], [189227.445, 509210.513999999], [189241.162999999, 509197.033], [189263.690000001, 509180.848000001], [189265.074999999, 509179.925999999], [189265.528999999, 509179.679000001], [189268.02, 509178.219000001], [189270.287999999, 509176.931000002], [189271.186999999, 509176.395], [189275.682999998, 509173.616], [189289.888999999, 509165.338], [189307.223000001, 509154.912999999], [189324.458999999, 509144.765999999], [189338.612, 509136.561000001], [189355.750999998, 509126.359000001], [189373.469000001, 509116.013999999], [189391.636, 509106.967999998], [189410.52, 509100.719999999], [189429.84, 509093.804000001], [189449.618000001, 509087.243999999], [189469.862, 509080.414999999], [189489.960999999, 509073.644000001], [189509.800999999, 509066.868000001], [189528.136, 509060.484999999], [189547.217999998, 509053.567000002], [189567.364999998, 509045.965999998], [189587.539000001, 509038.535], [189606.796, 509031.664000001], [189613.293000001, 509029.458999999], [189613.704, 509029.149], [189616.232000001, 509028.158], [189616.541999999, 509028.16], [189617.846999999, 509027.568], [189618.296999998, 509027.443], [189620.778999999, 509026.677999999], [189621.120999999, 509026.598000001], [189624.16, 509025.829999998], [189632.219999999, 509023.973999999], [189639.563999999, 509022.129000001], [189659.473000001, 509016.947999999], [189678.469999999, 509008.894000001], [189697.226, 508999.884], [189716.434, 508990.995000001], [189735.897999998, 508981.943999998], [189754.969999999, 508972.243999999], [189773.166999999, 508962.142999999], [189790.673999999, 508951.289000001], [189808.708000001, 508939.203000002], [189826.114999998, 508927.271000002], [189843.221000001, 508915.066], [189860.563999999, 508903.208999999], [189870.142000001, 508897.978], [189880.236000001, 508893.798999999], [189886.986000001, 508890.727000002], [189895.622000001, 508886.625999998], [189896.530999999, 508886.238000002], [189897.452, 508885.853999998], [189899.329999998, 508884.947999999], [189900.136999998, 508884.614], [189902.263999999, 508883.657000002], [189903.772999998, 508882.824000001], [189904.166999999, 508882.596000001]]}, "properties": {"OBJECTID": 509, "SOORT": 1, "KPNIDENT": "3358", "STATUS": 1}}, {"type": "Feature", "id": 554, "geometry": {"type": "LineString", "coordinates": [[193685.971000001, 514835.519000001], [193686.221999999, 514855.517000001], [193687.544, 514875.438000001], [193690.462000001, 514895.219999999], [193697.704, 514914.160999998], [193708.087000001, 514932.938999999], [193719.353999998, 514949.066], [193731.657000002, 514961.914000001], [193746.572000001, 514972.938000001], [193764.201000001, 514984.855], [193779.666000001, 514993.25], [193797.800999999, 515001.469999999], [193814.660999998, 515008.603999998], [193834.114999998, 515013.791000001], [193852.921, 515017.034000002], [193873.022999998, 515017.682], [193892.478, 515017.034000002], [193911.997000001, 515012.028999999], [193930.737, 515004.713], [193947.344000001, 514993.471000001], [193964.458000001, 514980.719000001], [193979.372000001, 514966.453000002], [194064.452, 514897.91], [194097.791000001, 514871.302000001], [194135.789999999, 514838.385000002], [194184.171, 514797.515000001], [194255.75, 514733.846999999], [194315.798999999, 514681.256000001], [194345.627999999, 514656.614], [194361.191, 514641.699000001], [194376.495000001, 514629.508000001], [194393.383000001, 514617.022999998], [194410.835999999, 514604.208999999], [194428.289000001, 514592.059], [194441.986000001, 514581.896000002], [194458.555, 514569.745999999], [194474.460999999, 514558.037], [194492.577, 514545.002999999], [194507.377999999, 514534.618999999], [194523.063999999, 514523.794], [194539.191, 514512.748], [194553.772, 514504.131999999], [194573.629999999, 514494.625999998], [194591.787, 514485.548], [194608.647, 514478.414999999], [194628.664000001, 514472.32], [194646.778999999, 514467.238000002], [194666.166999999, 514462.980999999], [194686.269000001, 514458.442000002], [194707.973999999, 514451.331999999], [194729.068, 514442.879000001], [194743.982999999, 514435.096999999], [194762.140000001, 514425.370000001], [194781.594000001, 514414.993999999], [194797.806000002, 514405.916000001], [194814.458000001, 514397.206999999], [194835.223999999, 514387.044], [194853.561000001, 514376.660999998], [194873.677000001, 514367.655999999], [194889.888999999, 514362.467999998], [194908.046, 514358.577], [194925.555, 514354.686999999], [194942.414999999, 514350.796], [194961.219999999, 514346.256999999], [194981.322999999, 514341.717], [195006.159000002, 514337.177999999], [195023.890999999, 514333.802000001], [195043.122000001, 514329.396000002], [195059.333999999, 514327.451000001], [195078.140000001, 514327.451000001], [195095.248, 514330.046999998], [195117.048, 514335.232999999], [195135.853, 514341.068999998], [195154.659000002, 514346.905000001], [195174.116999999, 514352.359999999], [195193.778000001, 514358.324999999], [195212.778000001, 514365.173], [195230.451000001, 514371.579999998], [195251.438999999, 514379.090999998], [195268.265999999, 514384.877], [195286.938999999, 514392.039999999], [195305.602000002, 514399.228999998], [195324.265000001, 514406.419], [195343.048, 514413.289999999], [195361.842999998, 514420.125], [195380.638999999, 514426.960000001], [195399.434999999, 514433.796], [195418.23, 514440.631000001], [195437.026000001, 514447.465999998], [195455.811999999, 514454.328000002], [195474.565000001, 514461.278999999], [195493.318, 514468.230999999], [195511.947999999, 514475.506999999], [195530.577, 514482.784000002], [195549.206, 514490.059999999], [195567.84, 514497.324000001], [195586.741999999, 514503.861000001], [195605.642999999, 514510.399], [195624.734999999, 514518.749000002], [195644.188999999, 514525.883000001], [195661.697000001, 514533.015999999], [195684.394000001, 514538.852000002], [195693.059, 514539.259], [195701.254000001, 514536.907000002], [195720.895, 514530.642999999], [195740.114999998, 514522.026999999], [195756.684, 514512.748], [195774.800000001, 514502.807], [195790.263999999, 514492.203000002], [195805.066, 514479.388999999], [195818.634, 514463.149999999], [195830.947999999, 514445.471999999], [195840.675000001, 514429.261], [195851.179000001, 514405.420000002]]}, "properties": {"OBJECTID": 554, "SOORT": 1, "KPNIDENT": "3262", "STATUS": 1}}, {"type": "Feature", "id": 555, "geometry": {"type": "LineString", "coordinates": [[219453.863000002, 495890.976], [219448.899, 495896.577], [219438.588, 495902.010000002], [219419.645, 495907.050999999], [219400.241999999, 495911.864999998], [219380.941, 495917.059999999], [219361.443, 495922.596999999], [219341.528000001, 495927.506999999], [219321.506000001, 495932.923999999], [219302.272999998, 495938.272], [219283.932, 495943.227000002], [219265.065000001, 495948.072999999], [219244.695999999, 495953.41], [219224.91, 495957.997000001], [219205.554000001, 495963.351], [219185.905999999, 495968.532000002], [219163.214000002, 495973.852000002], [219143.552000001, 495979.203000002], [219123.681000002, 495984.515000001], [219103.864, 495989.741999999], [219083.965999998, 495995.105], [219064.199999999, 496000.787999999], [219042.809999999, 496006.828000002], [219023.660999998, 496012.302000001], [219003.377, 496017.863000002], [218983.522, 496022.949999999], [218963.52, 496028.659000002], [218943.416999999, 496033.809999999], [218923.401999999, 496038.978], [218904.960999999, 496043.719999999], [218885.681000002, 496048.973999999], [218866.182, 496054.291999999], [218846.487, 496059.484999999], [218827.535, 496064.002999999], [218808.625999998, 496069.495000001], [218788.763999999, 496074.421999998], [218769.142999999, 496080.039999999], [218749.469999999, 496085.493999999], [218729.82, 496090.721999999], [218710.550999999, 496095.477000002], [218690.576000001, 496100.919], [218671.280000001, 496105.921], [218651.925999999, 496111.405999999], [218632.131999999, 496116.311999999], [218612.642000001, 496121.780999999], [218592.366999999, 496127.077], [218572.539000001, 496132.456], [218549.107999999, 496139.295000002], [218530.089000002, 496144.686000001], [218510.484000001, 496150.377999999], [218489.414999999, 496155.932], [218469.135000002, 496161.489], [218448.695, 496167.539000001], [218428.256000001, 496172.188999999], [218405.717999998, 496177.340999998], [218386.361000001, 496182.331], [218366.883000001, 496187.568], [218347.914000001, 496192.978], [218328.658, 496198.309], [218309.971000001, 496203.331], [218288.423999999, 496209.008000001], [218268.897999998, 496214.287], [218249.579, 496219.370000001], [218230.337000001, 496224.666000001], [218211.601, 496231.500999998], [218192.399999999, 496236.620999999], [218173.826000001, 496242.056000002], [218164.495999999, 496243.859000001], [218156.941, 496245.920000002], [218138.544, 496250.129999999], [218118.427999999, 496255.377999999], [218098.311999999, 496259.750999998], [218079.945999999, 496265.289999999], [218059.829999998, 496271.120999999], [218040.589000002, 496276.368000001], [218020.903000001, 496282.379999999], [218001.232000001, 496286.863000002], [217981.116, 496292.111000001], [217962.973000001, 496297.824000001], [217942.925000001, 496302.605999999], [217923.101, 496307.561999999], [217904.493000001, 496313.805], [217885.140000001, 496319.061000001], [217866.252, 496323.596999999], [217847.594000001, 496327.969999999], [217825.728999998, 496333.800000001], [217807.07, 496338.756000001], [217786.372000001, 496344.004000001], [217766.839000002, 496349.543000001], [217747.598000001, 496354.499000002], [217728.464000002, 496360.471000001], [217711.265000001, 496364.977000002], [217692.495000001, 496369.903999999], [217672.568999998, 496375.228], [217653.124000002, 496380.535999998], [217632.934999999, 496385.861000001], [217612.771000002, 496391.142999999], [217590.568999998, 496396.958999999], [217570.929000001, 496402.311000001], [217551.791999999, 496407.122000001], [217531.862, 496412.581999999], [217511.572000001, 496417.390000001], [217491.659000002, 496422.884], [217471.213, 496428.311999999], [217450.524999999, 496432.921], [217429.827, 496438.460999999], [217409.419, 496443.416999999], [217388.046, 496449.322999999], [217367.956, 496454.745000001], [217347.693999998, 496460.037999999], [217327.833999999, 496465.409000002], [217307.66, 496470.759], [217288.037999999, 496476.017999999], [217268.011999998, 496481.524999999], [217248.488000002, 496486.822999999], [217230.024, 496492.090999998], [217213.596000001, 496496.206], [217210.649999999, 496497.447000001], [217206.131999999, 496498.794], [217204.848999999, 496499.111000001], [217202.162999999, 496499.640999999], [217190.234000001, 496503.563000001], [217169.579999998, 496509.296], [217149.006000001, 496514.780999999], [217129.291000001, 496521.034000002], [217109.831, 496526], [217090.215999998, 496531.866], [217070.252999999, 496537.002999999], [217050.055, 496542.392999999], [217031.443, 496547.181000002], [217011.84, 496552.697000001], [216992.427999999, 496557.760000002], [216972.767999999, 496563.223999999], [216952.719999999, 496568.704999998], [216932.697000001, 496574.125], [216912.767999999, 496579.469000001], [216893.217999998, 496584.420000002], [216873.616, 496589.458000001], [216854.201000001, 496594.390000001], [216834.124000002, 496599.824000001], [216814.526999999, 496604.960000001], [216794.600000001, 496610.684], [216774.243999999, 496616.124000002], [216753.588, 496621.510000002], [216734.658, 496626.522999998], [216715.671, 496631.526000001], [216695.921999998, 496637.123], [216677.295000002, 496642.329], [216658.232999999, 496647.109000001], [216638.864999998, 496652.131999999], [216620.044, 496656.885000002], [216601.000999998, 496662.116], [216581.978999998, 496667.447000001], [216561.896000002, 496672.840999998], [216543.638999999, 496678.182999998], [216525.052999999, 496682.094999999], [216506.162, 496687.226], [216486.217999998, 496692.445], [216466.660999998, 496697.98], [216447.364, 496703.202], [216428.638, 496708.521000002], [216406.868999999, 496714.386], [216387.873, 496718.925000001], [216368.166000001, 496724.515999999], [216347.931000002, 496730.026000001], [216327.737, 496735.634], [216308.530999999, 496740.745999999], [216287.603999998, 496746.864], [216268.015999999, 496751.945], [216248.18, 496757.162], [216229.693, 496761.758000001], [216209.973000001, 496767.050000001], [216190.605999999, 496771.653999999], [216170.033, 496777.280000001], [216150.517000001, 496782.269000001], [216131.366999999, 496787.046999998], [216110.670000002, 496792.993999999], [216090.991999999, 496798.489999998], [216071.660999998, 496803.373], [216052.927000001, 496809.267000001], [216033.995000001, 496814.109999999], [216016.101, 496819.131999999], [215993.772999998, 496824.890000001], [215975.105, 496829.261], [215956.447000001, 496833.925000001], [215937.421, 496839.638999999], [215917.679000001, 496844.447000001], [215897.732999999, 496849.848000001], [215878.061999999, 496855.026999999], [215858.754999999, 496860.438000001], [215839.769000001, 496865.986000001], [215819.543000001, 496871.008000001], [215800.785, 496876.787], [215780.848999999, 496882.313000001], [215760.717, 496887.66], [215740.727000002, 496892.660999998], [215720.701000001, 496897.116999999], [215701.030999999, 496902.728999998], [215681.561000001, 496908.197000001], [215662.181000002, 496913.370000001], [215642.655000001, 496918.412999999], [215621.989, 496923.888], [215603.739999998, 496928.508000001], [215586.098000001, 496933.056000002], [215566.127999999, 496938.034000002], [215545.820999999, 496943.370000001], [215525.068, 496949.006999999], [215504.993999999, 496954.868999999], [215498.447999999, 496957.245999999], [215487.100000001, 496961.022999998], [215472.089000002, 496965.877], [215458.941, 496970.307999998], [215449.947999999, 496971.124000002], [215428.776999999, 496975.728], [215408.397999998, 496980.096999999], [215394.370999999, 496984.59], [215388.002, 496987.855], [215369.745999999, 496996.265999999], [215352.098000001, 497006.123], [215334.074000001, 497014.800999999], [215315.166999999, 497022.388], [215295.554000001, 497029.949000001], [215276.452, 497037.248], [215257.017000001, 497045.059], [215237.890999999, 497052.213], [215218.750999998, 497058.989], [215209.888999999, 497062.487], [215198.335000001, 497067.982999999], [215178.817000002, 497075.782000002], [215159.644000001, 497083.318999998], [215140.899, 497090.409000002], [215121.631000001, 497097.761], [215102.581, 497105.655999999], [215083.964000002, 497112.853], [215064.370000001, 497120.489999998], [215045.526000001, 497127.890999999], [215025.414999999, 497135.682], [215006.217999998, 497143.109999999], [214986.026999999, 497151.068], [214966.872000001, 497158.566], [214947.721999999, 497165.903000001], [214927.695, 497173.987], [214908.096999999, 497181.852000002], [214889.162999999, 497189.351], [214869.120000001, 497197.197000001], [214850.897, 497204.228999998], [214831.25, 497211.886], [214811.304000001, 497219.574000001], [214791.247000001, 497227.145], [214773.055, 497233.909000002], [214753.697999999, 497241.605], [214734.572999999, 497249.302000001], [214714.403999999, 497257.306000002], [214695.061999999, 497264.028000001], [214675.953000002, 497271.587000001], [214656.5, 497278.666000001], [214637.522999998, 497286.25], [214619.460999999, 497293.370999999], [214600.355, 497300.919], [214581.256000001, 497308.34], [214562.603999998, 497315.688000001], [214544.267000001, 497323.065000001], [214526.918000001, 497329.431000002], [214508.221999999, 497337.074999999], [214488.846999999, 497344.739999998], [214469.715, 497352.134], [214450.954999998, 497359.419], [214432.375, 497366.616], [214413.818, 497374.192000002], [214394.715, 497381.771000002], [214375.714000002, 497388.920000002], [214356.517999999, 497396.624000002], [214337.364, 497404.142999999], [214317.796, 497411.763999999], [214299.037, 497419.043000001], [214279.941, 497426.511], [214260.708000001, 497434.258000001], [214241.508000001, 497442.017000001], [214221.535999998, 497449.827], [214202.416000001, 497457.432999998], [214183.491999999, 497465.013], [214164.473000001, 497472.149999999], [214146.625999998, 497479.438000001], [214127.374000002, 497486.668000001], [214108.070999999, 497494.175000001], [214089.541000001, 497501.616], [214071.32, 497508.905000001], [214053.57, 497515.932999998], [214034.188000001, 497523.453000002], [214014.388999999, 497531.123], [213995.302999999, 497538.515999999], [213976.52, 497546.02], [213957.338, 497553.616], [213939.425000001, 497560.765000001], [213919.840999998, 497568.647999998], [213897.517999999, 497576.903000001], [213892.434999999, 497578.783], [213886.423, 497580.144000001], [213875.998, 497582.203000002], [213865.223000001, 497584.155000001], [213855.212000001, 497585.197000001], [213836.475000001, 497586.181000002], [213817.109999999, 497586.848000001], [213797.749000002, 497587.342999998], [213777.541000001, 497587.982000001], [213755.537999999, 497588.701000001], [213735.431000002, 497589.434999999], [213715.671999998, 497590.074000001], [213694.477000002, 497590.651000001], [213675.577, 497591.066], [213653.589000002, 497591.798], [213634.750999998, 497592.311999999], [213614.782000002, 497592.82], [213594.837000001, 497593.335999999], [213575.759, 497593.954999998], [213556.842999998, 497594.541999999], [213537.826000001, 497595.081], [213518.451000001, 497595.717], [213499.500999998, 497597.932], [213488.039999999, 497600.410999998], [213475.48, 497604.692000002], [213454.489, 497612.495999999], [213435.649999999, 497619.870999999], [213416.434, 497627.475000001], [213396.594999999, 497635.728], [213374.203000002, 497645.728999998], [213350.048, 497655.927000001], [213333.355999999, 497662.98], [213324.409000002, 497666.344999999], [213322.282000002, 497667.120999999], [213319.162, 497668.366999999], [213316.307, 497669.322000001], [213310.835999999, 497671.271000002], [213293.941, 497677.094999999], [213274.829999998, 497684.037], [213255.473999999, 497691.651000001], [213236.436000001, 497699.028000001], [213217.175999999, 497706.491], [213197.618999999, 497714.050000001], [213178.91, 497721.313999999], [213160.113000002, 497728.477000002], [213140.565000001, 497735.870000001], [213120.498, 497743.432], [213100.963, 497750.969999999], [213082.704, 497757.998], [213063.07, 497765.526000001], [213043.418000001, 497772.956999999], [213023.833000001, 497780.482000001], [213006.600000001, 497787.034000002], [212986.295000002, 497794.818999998], [212967.215, 497802.261999998], [212947.320999999, 497810.004999999], [212928.234000001, 497817.392000001], [212907.853999998, 497824.679000001], [212887.357999999, 497830.475000001], [212866.125, 497833.561999999], [212845.502999999, 497836.114999998], [212825.250999998, 497838.429000001], [212804.545000002, 497841.028999999], [212783.833999999, 497843.783], [212762.655999999, 497846.612], [212741.340999998, 497849.170000002], [212720.408, 497851.331], [212698.951000001, 497853.175000001], [212678.046999998, 497854.278000001], [212658.030000001, 497852.612], [212637.951000001, 497850.690000001], [212617.908, 497848.596000001], [212596.565000001, 497846.359999999], [212576.157000002, 497844.188000001], [212555.612, 497842.120000001], [212535.063000001, 497839.850000001], [212515.109000001, 497837.756000001], [212496.151000001, 497835.800000001], [212465.193999998, 497833.282000002], [212445.114999998, 497830.375999998], [212424.526000001, 497828.447000001], [212404.182999998, 497826.272], [212383.471000001, 497823.872000001], [212363.261, 497821.748], [212343.241999999, 497819.776999999], [212322.633000001, 497817.452], [212302.522999998, 497815.427999999], [212282.318, 497813.407000002], [212261.734999999, 497811.454], [212241.289000001, 497809.897], [212221.453000002, 497808.135000002], [212200.916999999, 497806.695], [212179.975000001, 497805.034000002], [212160.425999999, 497803.572000001], [212141.068, 497802.118000001], [212119.693, 497800.443999998], [212099.763, 497798.807999998], [212080.089000002, 497797.068], [212059.697999999, 497795.659000002], [212038.372000001, 497793.574000001], [212017.785, 497791.839000002], [211997.067000002, 497790.221999999], [211975.548999999, 497788.408], [211954.289999999, 497786.848000001], [211934.103, 497785.528000001], [211913.140000001, 497783.785], [211892.419, 497782.254999999], [211872.155000001, 497780.493000001], [211851.884, 497778.978], [211831.579, 497777.431000002], [211811.237, 497776.059999999], [211790.647, 497774.401999999], [211770.612, 497772.824999999], [211750.688999999, 497771.294], [211730.701000001, 497769.638], [211710.162999999, 497768.065000001], [211689.949000001, 497766.432999998], [211670.285999998, 497764.934999999], [211653.879999999, 497763.425000001], [211633.765000001, 497762.035999998], [211614.021000002, 497760.454], [211593.960000001, 497758.868999999], [211573.618000001, 497757.265999999], [211550.838, 497755.489], [211531.276999999, 497753.513999999], [211522.087000001, 497752.236000001], [211515.502999999, 497751.331999999], [211513.384, 497751.199999999], [211511.116, 497751.011999998], [211504.969999999, 497750.673], [211479.614, 497748.892000001], [211459.649999999, 497747.441], [211439.438000001, 497745.261999998], [211419.304000001, 497743.780000001], [211399.552000001, 497741.800999999], [211378.607000001, 497740.109999999], [211359.096999999, 497738.563999999], [211339.065000001, 497736.772], [211319.449000001, 497734.916999999], [211300.280999999, 497733.278000001], [211281.109999999, 497731.324999999], [211259.587000001, 497729.397], [211239.021000002, 497727.32], [211218.513, 497725.414999999], [211197.734000001, 497723.614], [211177.528999999, 497721.684], [211157.43, 497719.305], [211137.491999999, 497717.592999998], [211118.173, 497716.044], [211097.258000001, 497715.346000001], [211070.127999999, 497715.978], [211048.894000001, 497717.278000001], [211028.609000001, 497718.418000001], [211008.238000002, 497719.552000001], [210988.011999998, 497720.818], [210968.171, 497721.890000001], [210947.622000001, 497723.206], [210927.511999998, 497724.456999999], [210906.750999998, 497725.671999998], [210886.261999998, 497726.737], [210866.035, 497728.131000001], [210844.673999999, 497729.263999999], [210823.903000001, 497730.613000002], [210801.931000002, 497732.045000002], [210780.890000001, 497733.210000001], [210759.699000001, 497734.697999999], [210738.566, 497736.134], [210718.274999999, 497737.237], [210699.092, 497738.338], [210676.013, 497739.874000002], [210656.414000001, 497740.828000002], [210635.085999999, 497742.427000001], [210626.476, 497743.500999998], [210620.919, 497743.873], [210617.302999999, 497746.228999998], [210606.739999998, 497752.576000001], [210603.162, 497752.807], [210603.010000002, 497752.789000001], [210602.655999999, 497752.813999999], [210602.574999999, 497752.717999998], [210586.756000001, 497753.666999999], [210586.618000001, 497753.671999998], [210578.421, 497754.18], [210574.563000001, 497754.271000002], [210572.193, 497754.454], [210571.114, 497754.515000001], [210570.250999998, 497754.535999998], [210570.197999999, 497754.576000001], [210560.851, 497755.131999999], [210560.756000001, 497755.179000001], [210560.074999999, 497755.230999999], [210560.015999999, 497755.184], [210557.568, 497755.241999999], [210555.02, 497755.484000001], [210554.925999999, 497755.478999998], [210554.256000001, 497755.585999999], [210554.237, 497755.546999998], [210551.686000001, 497755.671], [210543.625, 497747.686999999], [210543.611000001, 497747.602000002], [210541.476, 497745.460999999], [210521.592999998, 497746.640999999], [210498.901000001, 497747.982999999], [210478.728, 497748.976], [210457.18, 497749.835000001], [210437.033, 497749.449999999], [210416.166999999, 497746.338], [210397.059, 497742.346999999], [210378.043000001, 497737.793000001], [210358.276999999, 497733.927000001], [210337.48, 497729.892999999], [210317.057999998, 497726.070999999], [210296.280000001, 497723.611000001], [210275.532000002, 497723.899999999], [210250.022999998, 497731.000999998], [210232.677000001, 497739.563000001], [210214.852000002, 497749.138999999], [210197.057999998, 497758.973000001], [210179.057999998, 497769.517000001], [210160.824999999, 497779.563999999], [210142.789000001, 497789.818], [210124.863000002, 497800.118000001], [210105.982999999, 497810.838], [210087.353999998, 497821.328000002], [210068.135000002, 497832.215], [210049.524999999, 497842.793000001], [210031.107000001, 497853.436000001], [210012.727000002, 497863.848000001], [209994.41, 497874.410999998], [209976.041999999, 497884.953000002], [209958.006999999, 497895.418000001], [209939.916000001, 497905.714000002], [209922.596999999, 497915.673999999], [209904.925000001, 497925.418000001], [209886.816, 497935.748], [209867.177000001, 497946.987], [209849.745999999, 497957.539000001], [209832.458999999, 497967.688999999], [209814.515999999, 497978.646000002], [209795.563000001, 497989.357000001], [209775.804000001, 497997.374000002], [209765.309999999, 498001.743999999], [209746.874000002, 498007.471999999], [209726.603999998, 498010.747000001], [209704.142000001, 498011.024], [209685.912999999, 498008.829], [209664.228, 498005.206999999], [209643.208999999, 498001.509], [209622.462000001, 497997.666000001], [209602.923999999, 497994.124000002], [209581.074000001, 497990.241999999], [209560.798, 497985.910999998], [209550.412, 497983.815000001], [209536.999000002, 497981.467999998], [209516.888, 497977.859000001], [209495.120000001, 497974.568999998], [209475.364999998, 497973.486000001], [209455.640999999, 497972.592999998], [209434.581, 497971.943999998], [209414.307999998, 497970.835000001], [209395.855, 497972.552000001], [209375.789999999, 497974.895], [209357.004999999, 497977.544], [209337.114, 497981.164999999], [209315.969999999, 497984.590999998], [209295.752, 497988.197000001], [209275.034000002, 497991.809], [209254.351, 497995.381999999], [209234.096000001, 497999.011999998], [209214.704999998, 498002.366], [209194.193999998, 498005.805], [209172.715999998, 498009.546999998], [209151.581, 498013.100000001], [209120.975000001, 498018.574999999], [209098.499000002, 498022.397999998], [209077.488000002, 498026.213], [209057.59, 498029.545000002], [209037.355999999, 498033.102000002], [209004.454, 498038.679000001], [208986.443999998, 498041.454], [208967.423, 498044.875], [208947.427000001, 498048.469999999], [208927.434, 498051.853999998], [208908.034000002, 498055.289000001], [208889.967999998, 498058.234000001], [208870.480999999, 498061.688000001], [208850.107999999, 498065.269000001], [208829.805, 498068.815000001], [208809.91, 498072.23], [208789.306000002, 498075.728], [208752.921, 498082.145], [208732.291000001, 498085.861000001], [208711.879999999, 498088.848000001], [208691.193, 498092.280000001], [208670.511999998, 498095.723000001], [208649.668000001, 498099.050000001], [208630.555, 498102.125], [208610.504000001, 498105.440000001], [208590.294, 498108.916999999], [208570.208999999, 498112.293000001], [208550.217, 498115.767999999], [208530.533, 498119.114], [208510.127, 498122.454], [208490.315000001, 498125.563999999], [208470.302999999, 498128.809999999], [208451.339000002, 498131.809], [208431.221000001, 498134.940000001], [208413.429000001, 498137.688999999], [208395.151999999, 498140.577], [208376.557, 498143.34], [208357.624000002, 498146.248], [208343.822999999, 498148.964000002], [208328.859999999, 498152.346000001], [208329.631000001, 498158.787999999], [208330.129000001, 498161.447000001], [208330.094000001, 498161.789999999], [208325.776999999, 498162.602000002], [208325.563999999, 498161.263], [208325.243000001, 498161.333000001], [208325.18, 498161.363000002], [208310.046999998, 498163.940000001], [208285.344999999, 498168.044]]}, "properties": {"OBJECTID": 555, "SOORT": 1, "KPNIDENT": "3263", "STATUS": 1}}, {"type": "Feature", "id": 556, "geometry": {"type": "LineString", "coordinates": [[202487.767999999, 503336.405999999], [202487.921999998, 503336.280000001], [202497.192699999, 503329.612199999], [202505.262499999, 503324.982000001], [202514.9859, 503315.126200002], [202522.323600002, 503308.973000001], [202530.820999999, 503304.489999998], [202547.550999999, 503295.623], [202564.759, 503286.548999999], [202567.473999999, 503285.063000001], [202574.555, 503281.375], [202577.473000001, 503279.844000001], [202582.122000001, 503288.690000001], [202590.386, 503305.978999998], [202598.541000001, 503323.925000001], [202604.458999999, 503337.107999999], [202609.377999999, 503348.146000002], [202616.412999999, 503363.624000002], [202623.666000001, 503379.635000002], [202630.111000001, 503393.546], [202642.112, 503402.420000002], [202654.938000001, 503403.952], [202677.732999999, 503400.258000001], [202698.081999999, 503396.636], [202718.556000002, 503392.420000002], [202738.291000001, 503388.324000001], [202757.660999998, 503385.477000002], [202777.274, 503388.098999999], [202793.940000001, 503390.691], [202807.572999999, 503392.784000002], [202827.179000001, 503395.826000001], [202847.324000001, 503399.061999999], [202866.978999998, 503402.134], [202885.482000001, 503404.864999998], [202903.101, 503407.138999999], [202924.195, 503410.039999999], [202933.443, 503412.256999999], [202943.796, 503413.397], [202962.171, 503418.629999999], [202975.056000002, 503432.912999999], [202987.585000001, 503450.719999999], [202999.201000001, 503467.278000001], [203010.563999999, 503483.357999999], [203022.991, 503498.877], [203039.101, 503510.140999999], [203056.572999999, 503515.943999998], [203076.601, 503516.831], [203095.813999999, 503511.116999999], [203113.440000001, 503501.363000002], [203131.028000001, 503491.68], [203148.284000002, 503482.056000002], [203165.590999998, 503472.482999999], [203182.401000001, 503463.136], [203199.383000001, 503453.851], [203216.340999998, 503445.491999999], [203224.145, 503443.259], [203249.120999999, 503439.883000001], [203268.699999999, 503437.272], [203288.618999999, 503434.651999999], [203308.605999999, 503432.041000001], [203316.327, 503431.223000001], [203321.765999999, 503419.432], [203329.732000001, 503402.175000001], [203339.936999999, 503380.094000001], [203348.289999999, 503362.004999999], [203356.743999999, 503343.668000001], [203365.530000001, 503324.517000001], [203370.778999999, 503305.563000001], [203386.293000001, 503302.815000001], [203404.055, 503301.008000001], [203415.798, 503299.787], [203435.182999998, 503295.306000002], [203454.864, 503290.706999999], [203474.202, 503286.195], [203492.842999998, 503281.765999999], [203496.375999998, 503281.074000001], [203506.572999999, 503274.881999999], [203518.326000001, 503260.263999999], [203525.671, 503241.692000002], [203527.127999999, 503220.539000001], [203516.995000001, 503199.800000001], [203505.693, 503182.778999999], [203512.570999999, 503168.072999999], [203519.265000001, 503157.333999999], [203521.133000001, 503144.892000001], [203527.998, 503133.272], [203530.557999998, 503116.609999999], [203522.127999999, 503104.070999999], [203509.879000001, 503086.191], [203503.5, 503078.002999999], [203505.041999999, 503076.838], [203517.806000002, 503067.938000001], [203520.484999999, 503066.011999998], [203528.631000001, 503061.065000001], [203540.953000002, 503053.120000001], [203557.756999999, 503042.215], [203572.384, 503033.204999998], [203584.480999999, 503025.546], [203596.879999999, 503018.655999999], [203597.927000001, 503015.532000002], [203608.659000002, 503008.208000001], [203618.592, 503001.673999999], [203621.397999998, 503001.429000001], [203633.826000001, 502992.875], [203646.215, 502984.741999999], [203648.921999998, 502982.965], [203658.605, 502978.978999998], [203667.695999999, 502979.798999999], [203680.162999999, 502980.190000001], [203688.07, 502978.745999999], [203689.963, 502977.239], [203695.583999999, 502970.499000002], [203697.114, 502968.662999999], [203698.848000001, 502960.054000001], [203701.909000002, 502945.055], [203712.754000001, 502936.179000001], [203718.114999998, 502932.127], [203723.785999998, 502928.377999999], [203734.776000001, 502922.427000001], [203750.263, 502911.931000002], [203761.855, 502905.879999999], [203764.052999999, 502904.171999998], [203768.43, 502900.602000002], [203772.851, 502897.249000002], [203775.695, 502895.046], [203781.239, 502890.410999998], [203793.063000001, 502881.471999999], [203803.478999998, 502873.451000001], [203816.241, 502864.353], [203821.294, 502860.366], [203835.511999998, 502849.717], [203850.884, 502838.318], [203866.368000001, 502826.68], [203881.936999999, 502814.631999999], [203898.344000001, 502803.594999999], [203915.609000001, 502794.287999999], [203929.221000001, 502787.988000002], [203945.605, 502778.394000001], [203962.734999999, 502765.039999999], [203974.671, 502754.513999999], [203981.352000002, 502749.243999999], [203989.002999999, 502741.951000001], [203992.504999999, 502734.761999998], [203995.625, 502730.625], [204004.028999999, 502721.769000001], [204016.160999998, 502707.057999998], [204029.280999999, 502692.978], [204036.557, 502685.204], [204045.734999999, 502678.056000002], [204061.315000001, 502661.052999999], [204064.315000001, 502659.129999999], [204070.623, 502652.587000001], [204074.673999999, 502651.083999999], [204080.565000001, 502646.238000002], [204081.829999998, 502645.125999998], [204083.804000001, 502642.936000001], [204086.568, 502640.278999999], [204100.204999998, 502626.905999999], [204110.655000001, 502616.395], [204119.605999999, 502607.421999998], [204124.217999998, 502605.695999999], [204137.620000001, 502590.094000001], [204146.741999999, 502583.679000001], [204163.028999999, 502574.517999999], [204164.960999999, 502571.195], [204166.046, 502569.519000001], [204177.416999999, 502565.326000001], [204191.247000001, 502560.419], [204202.613000002, 502558.166000001], [204217.339000002, 502554.133000001], [204232.660999998, 502550.193], [204237.087000001, 502560.166999999], [204239.287999999, 502562.532000002], [204243.818, 502564.329], [204249.778000001, 502553.401000001], [204258.453000002, 502540.892000001], [204273.515999999, 502535.353999998], [204291.054000001, 502531.305], [204307.223999999, 502527.432], [204324.885000002, 502522.894000001], [204338.552000001, 502519], [204353.267000001, 502513.697000001], [204373.999000002, 502505.015000001], [204392.971000001, 502496.827], [204410.813999999, 502488.482000001], [204428.752999999, 502479.613000002], [204441.570999999, 502473.737], [204461.392999999, 502464.921], [204465.484000001, 502463.083000001], [204469.204, 502461.449999999], [204472.357999999, 502460.026000001], [204479.818999998, 502456.401999999], [204481.982000001, 502455.43], [204484.644000001, 502454.147999998], [204489.021000002, 502452.087000001], [204492.636999998, 502450.447000001], [204496.024, 502448.859000001], [204500.238000002, 502446.508000001], [204502.947000001, 502445.120999999], [204505.493999999, 502443.482000001], [204515.43, 502439.870000001], [204522.037999999, 502436.758000001], [204529.326000001, 502433.704], [204535.024, 502431.276999999], [204546.07, 502427.478], [204563.684, 502424.164999999], [204578.546999998, 502413.570999999], [204586.914000001, 502395.853999998], [204598.136999998, 502379.401999999], [204612.410999998, 502372.136], [204621.348000001, 502368.081], [204634.390999999, 502362.044], [204643.401000001, 502359.897999998], [204656.840999998, 502360.989], [204678.473000001, 502363.103999998], [204698.342999998, 502364.969999999], [204711.267000001, 502366.296], [204713.245000001, 502366.405000001], [204733.140999999, 502350.223999999], [204731.839000002, 502348.050999999], [204730.912, 502345.914999999], [204729.668000001, 502342.254000001], [204729.026999999, 502338.923999999], [204728.842999998, 502336.677999999], [204728.831, 502334.136], [204729.061999999, 502331.690000001], [204729.877, 502327.776999999], [204730.427999999, 502326.052000001], [204731.666000001, 502323.116], [204733.078000002, 502320.546999998], [204735.269000001, 502317.557999998], [204737.568999998, 502315.109999999], [204739.072000001, 502313.791000001], [204741.493000001, 502312.022], [204744.09, 502310.524], [204746.390999999, 502309.478999998], [204748.728, 502308.671999998], [204751.688999999, 502307.960999999], [204754.464000002, 502307.594999999], [204757.116, 502307.506999999], [204759.609000001, 502307.655000001], [204761.870999999, 502307.984999999], [204764.761999998, 502308.691], [204767.728999998, 502309.719000001], [204770.791000001, 502311.316], [204773.697999999, 502313.059999999], [204777.414000001, 502309.982999999], [204778.859999999, 502309.508000001], [204803.840999998, 502302.52], [204818.09, 502297.727000002], [204831.691, 502292.157000002], [204858.440000001, 502279.581999999], [204876.228999998, 502269.102000002], [204892.055, 502258.607000001], [204893.645, 502251.028000001], [204914.577, 502246.978], [204924.805, 502218.998], [204943.684999999, 502212.863000002], [204942.824000001, 502199.274999999], [204942.186000001, 502188.269000001], [204944.026000001, 502173.416000001], [204947.311000001, 502160.616999999], [204950.088, 502153.682], [204954.750999998, 502143.059999999], [204958.385000002, 502136.673999999], [204966.011, 502125.883000001], [204975.995000001, 502115.015999999], [204984.881999999, 502107.449999999], [204995.850000001, 502100.079], [205007.629000001, 502094.09], [205016.305, 502090.427999999], [205027.182, 502087.431000002], [205027.197999999, 502082.822999999], [205027.991, 502078.517999999], [205029.465999998, 502074.607999999], [205031.348999999, 502071.364999998], [205033.245000001, 502068.963], [205036.337000001, 502066.541999999], [205038.611000001, 502064.506000001], [205041.186999999, 502063.142999999], [205044.07, 502062.052999999], [205046.692000002, 502061.409000002], [205049.249000002, 502061.072000001], [205052.963, 502061.072999999], [205056.050000001, 502061.517000001], [205059.627, 502062.807999998], [205062.487, 502063.875], [205065.833999999, 502066.057], [205068.221000001, 502068.182999998], [205070.063000001, 502070.291000001], [205070.877999999, 502071.407000002], [205072.936000001, 502075.043000001], [205074.055, 502078.289999999], [205085.958000001, 502078.410999998], [205087.072000001, 502076.725000001], [205090.241999999, 502068.309], [205095.504999999, 502054.359000001], [205103.223999999, 502036.135000002], [205112.999000002, 502021.092999998], [205118.252999999, 502012.243999999], [205119.767999999, 502010.800999999], [205131.618999999, 501993.993999999], [205143.879999999, 501977.784000002], [205156.265999999, 501960.986000001], [205167.993000001, 501945.195999999], [205179.888999999, 501929.109999999], [205186.982999999, 501919.153000001], [205199.567000002, 501902.434999999], [205211.920000002, 501885.818999998], [205223.855999999, 501869.464000002], [205235.807, 501853.221000001], [205247.596999999, 501838.083000001], [205252.82, 501830.616999999], [205256.741999999, 501819.620000001], [205260.204, 501809.002999999], [205262.405999999, 501798.458999999], [205261.838, 501786.901000001], [205261.690000001, 501775.186999999], [205260.603999998, 501763.879999999], [205260.254000001, 501752.528000001], [205261.195999999, 501740.565000001], [205263.695, 501729.351], [205265.208000001, 501725.168000001], [205266.092, 501723.660999998], [205270.870000001, 501713.289000001], [205273.791999999, 501707.666999999], [205274.574000001, 501704.059], [205276.480999999, 501699.706999999], [205277.664999999, 501695.958000001], [205278.155000001, 501694.420000002], [205281.342999998, 501686.118000001], [205282.010000002, 501684.679000001], [205287.695, 501668.335999999], [205294.818, 501649.686000001], [205301.954, 501631.061999999], [205308.456, 501614.513999999], [205315.188999999, 501596.098999999], [205322.800999999, 501575.978], [205329.885000002, 501556.828000002], [205336.645, 501539.739999998], [205344.092, 501521.094000001], [205352.022, 501502.954999998], [205361.418000001, 501483.568], [205370.188999999, 501464.624000002], [205377.127999999, 501444.611000001], [205383.423, 501418.021000002], [205388.181000002, 501396.965], [205393.065000001, 501377.306000002], [205397.600000001, 501357.412], [205402.208999999, 501337.120999999], [205406.618999999, 501317.618000001], [205403.888, 501310.486000001], [205398.743999999, 501306.173999999], [205392.364, 501301.598000001], [205392.048, 501296.759], [205392.048, 501292.131999999], [205391.838, 501286.662999999], [205391.458999999, 501281.482999999], [205391.23, 501277.827], [205390.734000001, 501275.695999999], [205404.943999998, 501273.197999999], [205410.195, 501272.204999998], [205414.278999999, 501270.282000002], [205417.616, 501266.43], [205418.789999999, 501263.026999999], [205421.026999999, 501252.465], [205423.732000001, 501241.638999999], [205429.248, 501223.423999999], [205433.522999998, 501211.736000001], [205442.078000002, 501195.890999999], [205453.623, 501178.796], [205466.171999998, 501164.109999999], [205480.440000001, 501150.193999998], [205498.083000001, 501138.355999999], [205512.796, 501129.754999999], [205530.818, 501120.184], [205549.024, 501110.932], [205565.353, 501099.502999999], [205579.594999999, 501089.061000001], [205594.488000002, 501075.482000001], [205608.973000001, 501060.620999999], [205622.423, 501044.699000001], [205635.965, 501027.590999998], [205649.302000001, 501011.585000001], [205655.333000001, 501004.449000001], [205664.868000001, 500994.658], [205679.612, 500980.613000002], [205695.304000001, 500968.467999998], [205711.699999999, 500957.074000001], [205729.421, 500945.489], [205746.732000001, 500933.348999999], [205751.328000002, 500928.991], [205757.331999999, 500922.046999998], [205758.320999999, 500920.539999999], [205760.815000001, 500917.767000001], [205763.800999999, 500915.500999998], [205770.436999999, 500909.824000001], [205774.973000001, 500905.232000001], [205779.899999999, 500900.598999999], [205785.908, 500895.074999999], [205789.559999999, 500896.261999998], [205799.407000002, 500895.697999999], [205807.208000001, 500894.539999999], [205826.186999999, 500891.721999999], [205841.168000001, 500888.772], [205856.526000001, 500870.752], [205872.322000001, 500858.958000001], [205888.272999998, 500847.125999998], [205895.050999999, 500842.164999999], [205910.612, 500830.706], [205926.971000001, 500818.741999999], [205944.145, 500807.640000001], [205954.458000001, 500799.872000001], [205965.592999998, 500792.513999999], [205989.285999998, 500781.627999999], [206006.776999999, 500772.613000002], [206022.438999999, 500762.322000001], [206039.715999998, 500750.32], [206055.596000001, 500739.293000001], [206073.780999999, 500726.157000002], [206088.835999999, 500715.537999999], [206106.487, 500703.776999999], [206123.261999998, 500692.191], [206140.342, 500680.677000001], [206150.703000002, 500673.261999998], [206156.984999999, 500666.414000001], [206161.135000002, 500656.109999999], [206167.256000001, 500636.620000001], [206171.513999999, 500628.284000002], [206179.195, 500620.978], [206196.013, 500610.657000002], [206215.392000001, 500598.918000001], [206221.059999999, 500595.765999999], [206236.464000002, 500586.548], [206253.449000001, 500576.103999998], [206267.899, 500568.002999999], [206272.278000001, 500563.179000001], [206275.083999999, 500557.633000001], [206276.541000001, 500552.943999998], [206278.984000001, 500544.136999998], [206287.109999999, 500536.114], [206293.838, 500532.482000001], [206302.186999999, 500530.065000001], [206308.686000001, 500530.567000002], [206316.030999999, 500532.322000001], [206323.274, 500531.873], [206330.719999999, 500530.567000002], [206343.112, 500523.353999998], [206359.259, 500510.469999999], [206377.699000001, 500497.596000001], [206391.625, 500487.298999999], [206407.697999999, 500475.506000001], [206423.875, 500463.533], [206439.800999999, 500452.066], [206445.511, 500447.886], [206464.754000001, 500433.824999999], [206469.368999999, 500430.317000002], [206486.366, 500418.386], [206504.274999999, 500408.794], [206522.835999999, 500402.302000001], [206543.072000001, 500398.807999998], [206565.565000001, 500398.239999998], [206583.399999999, 500394.761], [206590.877999999, 500376.473000001], [206596.096000001, 500363.41], [206603, 500352.739999998], [206615.245000001, 500335.831], [206627.333000001, 500319.835000001], [206637.993999999, 500306.820999999], [206647.993000001, 500296.201000001], [206661.956999999, 500282.423999999], [206673.27, 500273.34], [206680.837000001, 500267.149], [206693.874000002, 500260.274999999], [206698.631000001, 500257.642999999], [206701.908, 500253.894000001], [206704.219000001, 500249.984999999], [206706.576000001, 500240.219000001], [206710.750999998, 500219.559999999], [206712.848000001, 500199.826000001], [206717.074000001, 500180.977000002], [206725.636999998, 500162.874000002], [206733.802000001, 500151.647], [206742.912999999, 500142.509], [206756.552999999, 500130.409000002], [206771.728, 500116.296], [206787.506000001, 500103.227000002], [206808.399, 500084.250999998], [206825.153999999, 500069.546999998], [206839.886999998, 500056.499000002], [206853.989, 500043.338], [206867.373, 500028.870000001], [206880.727000002, 500014.480999999], [206895.338, 500000.322000001], [206911.265000001, 499987.454], [206927.103, 499976.530999999], [206944.817000002, 499968.837000001], [206961.127, 499964.171999998], [206978.780000001, 499960.82], [207002.517999999, 499957.079], [207023.879999999, 499953.307], [207045.278000001, 499948.578000002], [207050.295000002, 499945.438999999], [207055.555, 499937.469999999], [207061.407000002, 499923.877999999], [207065.866, 499909.535], [207073.210999999, 499891.458999999], [207082.030000001, 499872.881000001], [207089.092999998, 499852.429000001], [207096.75, 499829.695], [207103.355, 499808.392000001], [207108.581, 499789.127], [207112.658, 499769.677999999], [207114.603999998, 499750.392999999], [207115.838, 499730.789999999], [207116.579, 499710.114999998], [207117.815000001, 499690.693], [207120.217, 499670.563000001], [207124.625, 499646.493999999], [207128.159000002, 499628.289999999], [207132.103999998, 499608.204], [207135.973000001, 499588.607000001], [207139.912, 499568.921], [207144.298, 499549.155999999], [207148.567000002, 499527.298999999], [207152.833999999, 499506.868000001], [207157.061999999, 499487.395], [207159.329999998, 499479.307], [207163.500999998, 499469.903999999], [207175.782000002, 499456.649999999], [207190.541999999, 499441.534000002], [207204.557999998, 499427.102000002], [207218.065000001, 499412.702], [207231.329999998, 499398.123], [207243.228999998, 499382.892999999], [207257.851, 499360.844999999], [207269.107000001, 499343.425000001], [207280.159000002, 499326.186999999], [207291.274, 499309.761999998], [207303.796, 499291.136999998], [207315.616999999, 499274.789999999], [207327.737, 499258.410999998], [207340.550000001, 499242.447999999], [207352.984999999, 499227.072999999], [207365.500999998, 499211.432999998], [207383.144000001, 499189.563000001], [207397.155000001, 499172.061000001], [207410.096000001, 499155.800000001], [207422.577, 499140.193], [207435.355, 499124.552000001], [207453.82, 499101.706999999], [207468.024, 499084.004000001], [207481.068, 499067.734000001], [207493.475000001, 499052.089000002], [207504.956999999, 499037.846000001], [207516.315000001, 499024.002], [207527.471000001, 499010.013], [207538.241, 498996.432999998], [207549.579999998, 498982.147999998], [207566.118000001, 498961.449000001], [207578.276000001, 498947.006000001], [207589.153000001, 498933.300000001], [207600.883000001, 498918.502999999], [207612.811999999, 498903.782000002], [207623.795000002, 498889.971000001], [207635.502999999, 498875.506000001], [207646.351, 498861.98], [207657.289999999, 498848.418000001], [207668.217999998, 498834.859999999], [207679.328000002, 498821.673], [207690.329, 498808.618999999], [207701.510000002, 498794.929000001], [207706.202, 498789.802000001], [207717.645, 498775.929000001], [207729.16, 498761.82], [207739.195999999, 498750.039999999], [207750.693, 498735.695], [207761.495000001, 498722.300000001], [207773.223999999, 498708.335999999], [207783.037, 498696.197999999], [207794.726, 498682.177000001], [207805.554000001, 498668.745999999], [207817.511, 498654.074000001], [207829.059, 498639.802999999], [207840.113000002, 498626.017000001], [207852.741, 498611.315000001], [207864.203000002, 498597.116999999], [207875.752, 498583.491], [207887.151000001, 498569.447000001], [207898.034000002, 498556.221999999], [207909.579999998, 498541.967999998], [207923.778000001, 498524.943], [207935.162, 498511.524], [207945.995000001, 498497.769000001], [207957.039999999, 498484.089000002], [207967.488000002, 498471.278999999], [207977.579999998, 498458.988000002], [207988.285999998, 498446.057999998], [207999.063000001, 498432.912999999], [208009.989999998, 498419.556000002], [208021.423, 498405.581], [208032.034000002, 498392.844000001], [208043.943999998, 498378.445999999], [208054.002, 498366.284000002], [208065.337000001, 498352.561000001], [208076.704, 498338.749000002], [208088.695999999, 498324.252999999], [208099.98, 498310.079], [208111.767000001, 498295.236000001], [208125.655000001, 498277.072999999], [208136.712000001, 498262.076000001], [208147.27, 498247.511], [208159.364999998, 498234.377999999], [208171.456, 498220.66], [208184.719999999, 498211.363000002], [208202.232000001, 498204.495000001], [208220.061999999, 498200.384], [208237.866999999, 498196.877999999], [208255.556000002, 498193.076000001], [208273.331, 498189.403999999], [208288.697999999, 498185.960000001], [208286.116999999, 498172.831999999]]}, "properties": {"OBJECTID": 556, "SOORT": 1, "KPNIDENT": "3265", "STATUS": 1}}, {"type": "Feature", "id": 557, "geometry": {"type": "LineString", "coordinates": [[191199.785599999, 513941.793000001], [191199.100000001, 513932.828000002], [191198.256999999, 513918.234000001], [191196.702, 513900.013], [191195.41, 513881.013], [191195.089000002, 513877.390000001], [191194.754000001, 513872.366999999], [191194.579, 513869.316], [191202.18, 513868.375999998], [191208.346999999, 513867.934999999], [191211.964000002, 513867.581999999], [191221.085999999, 513867.370000001], [191235.363000002, 513866.282000002], [191254.881000001, 513864.693], [191274.241, 513864.396000002], [191296.193999998, 513865.570999999], [191316.173999999, 513866.884], [191326.295000002, 513867.947000001], [191341.241, 513869.602000002], [191360.335999999, 513872.105999999], [191380.884, 513874.962000001], [191401.535999998, 513877.857999999], [191418.561999999, 513880.155000001], [191440.802999999, 513883.642999999], [191460.811000001, 513886.322999999], [191481.122000001, 513888.789000001], [191502.374000002, 513890.75], [191510.710000001, 513891.294], [191530.646000002, 513888.385000002], [191550.009, 513884.364999998], [191568.164999999, 513880.289000001], [191586.403999999, 513876.026000001], [191605.739999998, 513871.647], [191625.827, 513867.956], [191644.434, 513864.083999999], [191663.583000001, 513861.006000001], [191682.999000002, 513857.247000001], [191704.302999999, 513853.506999999], [191721.278999999, 513850.074000001], [191740.202, 513846.649999999], [191761.088, 513842.68], [191779.668000001, 513838.905999999], [191795.491, 513834.710000001], [191813.307999998, 513827.579], [191831.326000001, 513821.530999999], [191850.776000001, 513814.57], [191869.388, 513807.649], [191886.193, 513802.502], [191908.999000002, 513795.116], [191929.377999999, 513787.473999999], [191945.725000001, 513781.289999999], [191956.827, 513779.561999999], [191967.256000001, 513779.991999999], [191983.232999999, 513785.971000001], [192004.857000001, 513798.493000001], [192018.557999998, 513815.649999999], [192029.07, 513830.794], [192040.960000001, 513848.986000001], [192052.971000001, 513866.136], [192065.594999999, 513882.980999999], [192078.778000001, 513897.912999999], [192093.614, 513910.686000001], [192111.083999999, 513922.752999999], [192105.714000002, 513933.831], [192101.010000002, 513943.697000001], [192091.945999999, 513963.009], [192084.498, 513979.396000002], [192076.679000001, 513996.975000001], [192067.967, 514015.294], [192058.263999999, 514036.675999999], [192050.653999999, 514053.280999999], [192043.420000002, 514071.969999999], [192041.241999999, 514079.572999999], [192041.327, 514090.129000001], [192043.140000001, 514098.807], [192048.074000001, 514108.905999999], [192062.530999999, 514124.120000001], [192075.452, 514134.000999998], [192091.68, 514143.530999999], [192109.056000002, 514154.157000002], [192127.076000001, 514165.041000001], [192144.925999999, 514176], [192155.827, 514182.787], [192173.68, 514193.666999999], [192189.296999998, 514202.995999999], [192206.528999999, 514213.364], [192222.923999999, 514222.226], [192242.267000001, 514233.498], [192257.530000001, 514242.004000001], [192274.48, 514251.381999999], [192291.890999999, 514260.806000002], [192309.078000002, 514270.197999999], [192327.993999999, 514281.465], [192346.173999999, 514290.927000001], [192361.074000001, 514299.787], [192378.155999999, 514308.874000002], [192396.715, 514318.054000001], [192413.756999999, 514326.624000002], [192430.574000001, 514334.895], [192448.388999999, 514343.594999999], [192464.181000002, 514351.384], [192481.68, 514359.712000001], [192497.502999999, 514367.513], [192512.164000001, 514374.664000001], [192529.445999999, 514382.622000001], [192544.302999999, 514389.986000001], [192561.717999998, 514397.802000001], [192580.248, 514406.057999998], [192597.195, 514412.965999998], [192615.686999999, 514420.118000001], [192631.752, 514426.384], [192649.449000001, 514432.872000001], [192667.114999998, 514439.592], [192687.261, 514445.809], [192707.425000001, 514452.136999998], [192727.478999998, 514458.254000001], [192745.800000001, 514464.118000001], [192765.635000002, 514469.618000001], [192784.574000001, 514474.484999999], [192805.015000001, 514479.548999999], [192821.962000001, 514484.048], [192841.195, 514488.634], [192859.420000002, 514492.456], [192877.780000001, 514497.956], [192896.048, 514502.438999999], [192915.918000001, 514507.004000001], [192933.743000001, 514511.815000001], [192957.204999998, 514517.712000001], [192976.214000002, 514522.419], [192997.010000002, 514527.460000001], [193015.453000002, 514532.510000002], [193033.941, 514536.967999998], [193050.208000001, 514541.085999999], [193070.585999999, 514546.181000002], [193091.765999999, 514551.206], [193110.170000002, 514555.916999999], [193126.728999998, 514559.969999999], [193145.533, 514565.072000001], [193164.671, 514569.537], [193180.804000001, 514573.699999999], [193203.616, 514579.276999999], [193222.772999998, 514584.206999999], [193239.66, 514588.662999999], [193258.295000002, 514593.477000002], [193276.083999999, 514597.859999999], [193294.874000002, 514602.686000001], [193312.914999999, 514606.991], [193324.083000001, 514609.971000001], [193338.248, 514613.384], [193357.151000001, 514618.357999999], [193375.419, 514622.758000001], [193393.798, 514627.498], [193411.539000001, 514631.839000002], [193422.763999999, 514634.563999999], [193440.870999999, 514639.350000001], [193459.050999999, 514644.002999999], [193477.136, 514648.627], [193494.737, 514652.890999999], [193517.309, 514658.375], [193536.631000001, 514663.175000001], [193554.495000001, 514667.302999999], [193556.544, 514649.405000001], [193558.250999998, 514630.965], [193559.366, 514618.256999999], [193560.576000001, 514600.013999999], [193561.953000002, 514579.294], [193563.899999999, 514558.134], [193565.625999998, 514537.905999999], [193566.943999998, 514517.464000002], [193568.897999998, 514496.609999999], [193571.191, 514480.219000001], [193572.800000001, 514460.616], [193574.008000001, 514443.327], [193575.164000001, 514429.524999999], [193576.991999999, 514408.088], [193578.499000002, 514385.693], [193580.041000001, 514365.113000002], [193581.537999999, 514350.039000001], [193582.772999998, 514332.576000001], [193584.357000001, 514312.399999999], [193585.976, 514292.506000001], [193587.995999999, 514269.953000002], [193589.465, 514253.796], [193591.318999998, 514236.344999999], [193592.896000002, 514217.91], [193594.517000001, 514199.102000002], [193596.219000001, 514179.967999998], [193597.833000001, 514161.702], [193599.502, 514144.213], [193601.986000001, 514125.598000001], [193604.592999998, 514107.305], [193607.681000002, 514088.280999999], [193609.98, 514075.059], [193611.879000001, 514064.177999999], [193615.905999999, 514045.693999998], [193620.386, 514026.963], [193624.600000001, 514007.118999999], [193626.326000001, 513987.835000001], [193624.813000001, 513977.977000002], [193625.668000001, 513966.605999999], [193626.208000001, 513954.495000001], [193626.998, 513940.223000001], [193626.787999999, 513937.201000001], [193626.695999999, 513932.484000001], [193627.181000002, 513927.418000001], [193629.006999999, 513913.276000001], [193631.921, 513896.657000002], [193631.657000002, 513879.313000001], [193631.416000001, 513868.574000001], [193631.377999999, 513851.583000001], [193630.693, 513831.943999998], [193630.011, 513812.978], [193628.713, 513793.236000001], [193628.445, 513774.186999999], [193628.605, 513754.789000001], [193630.239, 513736.918000001], [193633.136999998, 513717.734000001], [193636.574999999, 513697.02], [193640.829, 513676.353999998], [193645.002999999, 513660.539999999], [193650.864, 513638.142000001], [193656.245000001, 513619.868000001], [193661.664000001, 513600.958000001], [193662.565000001, 513586.710000001], [193661.101, 513577.030999999], [193653.938999999, 513559.980999999], [193644.916999999, 513540.958999999], [193636.629999999, 513525.670000002], [193626.986000001, 513507.552999999], [193618.82, 513492.57], [193613.550999999, 513483.557999998], [193604.228, 513473.870999999], [193588.522999998, 513462.429000001], [193571.638999999, 513451.328000002], [193555.07, 513440.010000002], [193538.938999999, 513427.885000002], [193522.719000001, 513415.009], [193507.460999999, 513402.862], [193493.120999999, 513390.934], [193478.607999999, 513378.714000002], [193463.838, 513366.908], [193454.050000001, 513359.313999999], [193438.877, 513347.327], [193423.576000001, 513334.728], [193420.158, 513331.067000002], [193418.476, 513329.083999999], [193415.197000001, 513322.578000002], [193411.620999999, 513303.612], [193409.028000001, 513283.592], [193406.493000001, 513269.498], [193399.783, 513251.868000001], [193392.065000001, 513233.894000001], [193383.284000002, 513213.206999999], [193375.366999999, 513195.34], [193367.045000002, 513177.954999998], [193358.352000002, 513162.620999999], [193347.579999998, 513145.634], [193335.976, 513129.339000002], [193323.252999999, 513113.706999999], [193310.111000001, 513099.057], [193296.011999998, 513083.300999999], [193281.914999999, 513067.333999999], [193268.309, 513051.826000001], [193254.063000001, 513038.162999999], [193239.653000001, 513030.124000002], [193229.899, 513024.232999999], [193224.105, 513019.327], [193217.070999999, 513011.140000001], [193214.695, 513008.425000001], [193209.916000001, 513005.534000002], [193207.697999999, 513006.438999999], [193197.546, 512992.776000001], [193195.905999999, 512981.458999999], [193188.511, 512965.715], [193181.333000001, 512954.850000001], [193169.568, 512940.710000001], [193155.146000002, 512927.789000001], [193140.169, 512915.590999998], [193130.98, 512901.055], [193121.809999999, 512883.147], [193112.081, 512865.467], [193100.241999999, 512848.75], [193086.896000002, 512832.806000002], [193073.191, 512817.522], [193064.289999999, 512807.513], [193050.750999998, 512793.101], [193036.276000001, 512777.410999998], [193022.021000002, 512761.77], [193008.592999998, 512746.962000001], [192995.495000001, 512730.585999999], [192983.750999998, 512715.309], [192969.022999998, 512693.302000001], [192957.956, 512676.524], [192948.517000001, 512663.838], [192941.217999998, 512649.074000001], [192933.642999999, 512631.324000001], [192928.089000002, 512616.589000002], [192921.601, 512598.635000002], [192916.945999999, 512579.081999999], [192915.647, 512563.873], [192912.541999999, 512542.699000001], [192908.113000002, 512521.807999998], [192904.037, 512500.125], [192899.824999999, 512483.175999999], [192897.228999998, 512468.824999999], [192893.171999998, 512446.622000001], [192891.581999999, 512425.173999999], [192893.566, 512408.563999999], [192896.210999999, 512391.478], [192899.210000001, 512373.175999999], [192900.991999999, 512357.43], [192902.131000001, 512337.588], [192903.357000001, 512317.030000001], [192908.037, 512298.118000001], [192914.852000002, 512287.609000001], [192927.774, 512268.100000001], [192936.774, 512248.765000001], [192944.609999999, 512231.238000002], [192950.004999999, 512217.824000001], [192958.177000001, 512200.017000001], [192967.453000002, 512182.320999999], [192977.767000001, 512166.441], [192989.202, 512151.653999999], [193000.669, 512136.32], [193010.294, 512124.254999999], [193022.675000001, 512101.833999999], [193028.693, 512084.208999999], [193031.984999999, 512066.407000002], [193032.864, 512049.427999999], [193033.383000001, 512035.541999999], [193031.978, 512017.340999998], [193027.374000002, 511994.940000001], [193021.745999999, 511976.598999999], [193014.84, 511959.963], [193007.238000002, 511950.333999999], [192987.611000001, 511945.864], [192963.153999999, 511944.690000001], [192941.184999999, 511942.936999999], [192922.623, 511940.552000001], [192906.243999999, 511939.681000002], [192888.243000001, 511939.763], [192872.188000001, 511939.556000002], [192852.283, 511937.967], [192831.081, 511936.011], [192815.363000002, 511934.418000001], [192792.620999999, 511934.390999999], [192774.155000001, 511937.884], [192758.434, 511940.736000001], [192733.296, 511945.109999999], [192717.09, 511947.824000001], [192696.624000002, 511951.037], [192677.035, 511954.649999999], [192659.785999998, 511957.596000001], [192641.640999999, 511961.548], [192625.837000001, 511965.438999999], [192605.776000001, 511971.030999999], [192595.030000001, 511970.237], [192588.107999999, 511966.833000001], [192580.550999999, 511962.217], [192569.328000002, 511958.469000001], [192553.688000001, 511954.885000002], [192537.158, 511952.232000001], [192516.844000001, 511948.662999999], [192491.153000001, 511941.199000001], [192480.686000001, 511938.175000001], [192462.111000001, 511931.664000001], [192448.916999999, 511926.782000002], [192431.774, 511920.824000001], [192412.362, 511913.412999999], [192395.111000001, 511906.342999998], [192375.704, 511898.151000001], [192364.265000001, 511892.754000001], [192348.660999998, 511882.927000001], [192338.136999998, 511872.410999998], [192325.642999999, 511858.908], [192315.260000002, 511844.670000002], [192302.675000001, 511828.631999999], [192290.870000001, 511813.818999998], [192283.263, 511804.559999999], [192271.918000001, 511790.592999998], [192260.965999998, 511775.603999998], [192246.324999999, 511764.004000001], [192233.804000001, 511750.910999998], [192226.383000001, 511742.208000001], [192218.335000001, 511732.344000001], [192205.73, 511717.522999998], [192194.405999999, 511702.651000001], [192184.067000002, 511687.412], [192179.068999998, 511669.971000001], [192171.598000001, 511657.596000001], [192159.192000002, 511643.738000002], [192146.028000001, 511631.802000001], [192132.980999999, 511618.162], [192128.076000001, 511605.239], [192129.355999999, 511597.837000001], [192133.704999998, 511588.888], [192146.723000001, 511575.710999999], [192160.077, 511563.668000001], [192172.748, 511551.903999999], [192179.822999999, 511544.723000001], [192182.590999998, 511535.225000001], [192184.23, 511524.342], [192186.245999999, 511512.352000002], [192189.226, 511494.794], [192191.945999999, 511477.554000001], [192195.677000001, 511459.252999999], [192202.006000001, 511441.862], [192207.409000002, 511429.081], [192211.868999999, 511417.259], [192218.952, 511400.125999998], [192226.203000002, 511382.625], [192232.951000001, 511366.133000001], [192236.954, 511355.149], [192239.370000001, 511341.232000001], [192238.098999999, 511322.857000001], [192231.552999999, 511305.425000001], [192224.344999999, 511288.510000002], [192216.921, 511270.93], [192208.521000002, 511253.670000002], [192199.41, 511237.916000001], [192188.980999999, 511222.179000001], [192177.706999999, 511207.592], [192166.105999999, 511193.671], [192158.127999999, 511184.287], [192147.886999998, 511173.982000001], [192132.170000002, 511161.285], [192122.623, 511154.664000001], [192113.605999999, 511148.092], [192098.798999999, 511137.649], [192078.304000001, 511124.346000001], [192060.228, 511114.759], [192041.655000001, 511107.077], [192032.651999999, 511104.603999998], [192024.579999998, 511102.353999998], [192007.566, 511100.206], [191989.535999998, 511098.561999999], [191973.627, 511098.576000001], [191955.199999999, 511099.374000002], [191936.846000001, 511101.364999998], [191917.151999999, 511104.197999999], [191900.475000001, 511106.526999999], [191880.226, 511109.309999999], [191860.396000002, 511112.197000001], [191840.682, 511114.75], [191821.109999999, 511117.886], [191802.280999999, 511127.521000002], [191788.346999999, 511140.383000001], [191777.348999999, 511155.206], [191767.267999999, 511169.875], [191753.535999998, 511183.225000001], [191740.171999998, 511192.888], [191722.107999999, 511203.322000001], [191704.407000002, 511211.195], [191687.184999999, 511218.405000001], [191669.589000002, 511224.932999998], [191655.013999999, 511230.784000002], [191636.572999999, 511237.489], [191617.592999998, 511243.524], [191599.530000001, 511248.250999998], [191581.548, 511252.605999999], [191568.715, 511255.721999999], [191548.140000001, 511260.25], [191529.261999998, 511264.594999999], [191510.907000002, 511269.021000002], [191490.592, 511273.899], [191473.686999999, 511277.493000001], [191453.460999999, 511280.800999999], [191435.585999999, 511282.348999999], [191417.708000001, 511283.824000001], [191398.664999999, 511286.320999999], [191389.140999999, 511287.315000001], [191373.892999999, 511289.888], [191354.725000001, 511293.976], [191335.508000001, 511299.969000001], [191318.737, 511310.462000001], [191303.480999999, 511322.088], [191290.521000002, 511332.004000001], [191274.912999999, 511343.173999999], [191258.002, 511353.692000002], [191240.802999999, 511364.094999999], [191233.175000001, 511368.168000001], [191223.259, 511371.903999999], [191210.068, 511373.009], [191190.988000002, 511373.734999999], [191171.168000001, 511375.697000001], [191150.918000001, 511376.640000001], [191130.704999998, 511374.890000001], [191118.607000001, 511373.546999998], [191099.293000001, 511373.598000001], [191077.368999999, 511374.061999999], [191057.482999999, 511374.954999998], [191037.487, 511375.366], [191021.160999998, 511375.851], [191000.964000002, 511376.355], [190981.225000001, 511376.873], [190961.833999999, 511375.980999999], [190942.732000001, 511374.008000001], [190933.046, 511372.384], [190913.539000001, 511369.188999999], [190893.943999998, 511366.100000001], [190874.18, 511364.017000001], [190854.761999998, 511363.063999999], [190835.706999999, 511364.454], [190826.420000002, 511363.697999999], [190818.155999999, 511359.666000001], [190809.857000001, 511352.842999998], [190803.815000001, 511345.535999998], [190792.272, 511329.256000001], [190781.484000001, 511313.592], [190770.447999999, 511297.526000001], [190758.164000001, 511280.372000001], [190744.489, 511263.298], [190730.973000001, 511247.076000001], [190718.219000001, 511232.611000001], [190706.23, 511218.651000001], [190692.436999999, 511205.177999999], [190677.938999999, 511193.111000001], [190662.421, 511180.638], [190646.934999999, 511168.055], [190635.373, 511158.68], [190622.432, 511146.432], [190610.105999999, 511132.734999999], [190598.412, 511119.162999999], [190587.363000002, 511105.612], [190576.921999998, 511091.482999999], [190567.563999999, 511076.914999999], [190558.416999999, 511061.451000001], [190551.103999998, 511044.870999999], [190544.522, 511027.829], [190538.649, 511010.463], [190532.635000002, 510995.054000001], [190528.848999999, 510985.688999999], [190525.864999998, 510976.846000001], [190522.563999999, 510961.331999999], [190521.866, 510943.109000001], [190521.93, 510924.932], [190524.359000001, 510907.541999999], [190528.480999999, 510890.452], [190533.125999998, 510873.561999999], [190538.175999999, 510856.368000001], [190543.282000002, 510839.109999999], [190548.057999998, 510821.423], [190552.271000002, 510804.425999999], [190556.629999999, 510787.261999998], [190561.987, 510770.111000001], [190568.158, 510752.245999999], [190575.491999999, 510736.181000002], [190583.787999999, 510720.489], [190592.554000001, 510704.901000001], [190601.078000002, 510689.715999998], [190609.736000001, 510674.070999999], [190618.263999999, 510659.125999998], [190621.495999999, 510651.193999998], [190622.649999999, 510641.976], [190619.241999999, 510623.579999998], [190615.359999999, 510606.449000001], [190611.002, 510588.272], [190606.853, 510570.410999998], [190607.677999999, 510567.066], [190609.410999998, 510564.23], [190613.101, 510560.588], [190616.704999998, 510555.52], [190627.131999999, 510541.590999998], [190636.824000001, 510526.688999999], [190646.784000002, 510511.822999999], [190656.627, 510497.609999999], [190666.506999999, 510483.094999999], [190676.309999999, 510468.484999999], [190686.796, 510453.919], [190698.181000002, 510438.109000001], [190701.607000001, 510434.182], [190706.651999999, 510423.140999999], [190708.715999998, 510405.971000001], [190709.521000002, 510387.818], [190711.478, 510381.050999999], [190715.407000002, 510371.173999999], [190718.879000001, 510366.191], [190726.306000002, 510358.274], [190733.509, 510353.169], [190737.372000001, 510351.105999999], [190742.208999999, 510350.647], [190760.640999999, 510348.528000001], [190765.962000001, 510348.736000001], [190772.320999999, 510347.897], [190777.986000001, 510346.028000001], [190784.693999998, 510341.704999998], [190790.412, 510334.771000002], [190799.934999999, 510319.088], [190809.395, 510303.351], [190818.311999999, 510288.124000002], [190826.405000001, 510274.182], [190837.508000001, 510259.916000001], [190848.657000002, 510245.721000001], [190859.114, 510232.350000001], [190870.041999999, 510219.671999998], [190879.941, 510204.274999999], [190890.276000001, 510187.462000001], [190899.793000001, 510171.521000002], [190910.274999999, 510153.296], [190916.307999998, 510137.796999998], [190920.837000001, 510119.463], [190924.713, 510100.778999999], [190926.142999999, 510080.642999999], [190926.149, 510062.289000001], [190925.784000002, 510044.351], [190925.425999999, 510026.313999999], [190924.800000001, 510008.340999998], [190923.721999999, 509991.243000001], [190922.202, 509975.945999999], [190920.127, 509957.601], [190918.037, 509939.213], [190915.752, 509922.682], [190910.824999999, 509909.306000002], [190903.083000001, 509892.715], [190895.912, 509875.682], [190889.594999999, 509858.633000001], [190884.675000001, 509841.228999998], [190878.846000001, 509825.993999999], [190870.806000002, 509810.173], [190864.092, 509792.243000001], [190857.199000001, 509775.181000002], [190850.498, 509758.083999999], [190840.579999998, 509733.184999999], [190833.695999999, 509715.662999999], [190826.57, 509697.546], [190819.745000001, 509680.247000001], [190812.155999999, 509660.772999998], [190804.561000001, 509642.214000002], [190797.300000001, 509624.785999998], [190790.072999999, 509606.247000001], [190782.765000001, 509587.510000002], [190774.954999998, 509568.390000001], [190767.451000001, 509550.136], [190760.056000002, 509532.384], [190752.796999998, 509514.324000001], [190745.484999999, 509495.945], [190738.659000002, 509477.798999999], [190732.894000001, 509462.719999999], [190727.438999999, 509443.934999999], [190722.068, 509425.157000002], [190716.690000001, 509406.502], [190710.873, 509386.515000001], [190706.842, 509370.556000002], [190702.105, 509352.368999999], [190697.958999999, 509334.204999998], [190697.502, 509331.388999999], [190693.828000002, 509315.274], [190689.350000001, 509296.442000002], [190684.745999999, 509277.780999999], [190680.986000001, 509260.010000002], [190679.851, 509250.355], [190684.892000001, 509241.280000001], [190661.361000001, 509145.061999999]]}, "properties": {"OBJECTID": 557, "SOORT": 1, "KPNIDENT": "3266", "STATUS": 1}}, {"type": "Feature", "id": 561, "geometry": {"type": "LineString", "coordinates": [[186026.541000001, 513748.469999999], [186032.484000001, 513729.607000001], [186038.495999999, 513710.537999999], [186045.633000001, 513691.855], [186052.958999999, 513673.245000001], [186060.278999999, 513654.633000001], [186067.329999998, 513635.918000001], [186073.464000002, 513616.866], [186081.607999999, 513600.068999998], [186093.824000001, 513582.509], [186105.022, 513566.73], [186117.493000001, 513551.204999998], [186128.436000001, 513535.427000001], [186139.379000001, 513519.901999999], [186154.649, 513502.851], [186166.864999998, 513487.835000001], [186181.116999999, 513474.346999999], [186195.114, 513460.603999998], [186210.892999999, 513446.607000001], [186224.381999999, 513433.627], [186238.888, 513421.412], [186253.394000001, 513409.449999999], [186271.464000002, 513396.215999998], [186286.988000002, 513384.509], [186305.566, 513373.311000001], [186322.872000001, 513364.403999999], [186340.942000002, 513353.715], [186357.484000001, 513343.280999999], [186374.535, 513330.809999999], [186390.822999999, 513322.157000002], [186410.419, 513310.451000001], [186428.489, 513300.015999999], [186446.813000001, 513289.835999999], [186463.100000001, 513279.147], [186480.405999999, 513271.002999999], [186497.967, 513261.078000002], [186514, 513251.407000002], [186532.324000001, 513240.208999999], [186549.375, 513229.774999999], [186569.480999999, 513219.085999999], [186585.767999999, 513209.16], [186603.838, 513199.743999999], [186620.635000002, 513189.818999998], [186636.159000002, 513181.675000001], [186653.465, 513170.986000001], [186672.043000001, 513160.550999999], [186688.331, 513151.644000001], [186705.636999998, 513141.210000001], [186723.706, 513131.284000002], [186740.758000001, 513121.613000002], [186758.063000001, 513111.432999998], [186775.877999999, 513101.508000001], [186793.438999999, 513091.072999999], [186810.743999999, 513080.638999999], [186828.559, 513069.949999999], [186844.338, 513061.043000001], [186861.557, 513052.581], [186878.866999999, 513042.563000001], [186896.177000001, 513032.545000002], [186913.487, 513022.526999999], [186930.796999998, 513012.508000001], [186948.107000001, 513002.489999998], [186965.416999999, 512992.471999999], [186990.116999999, 512978.050999999], [187006.708000001, 512982.403000001], [187026.559, 512993.346000001], [187045.390999999, 513003.272], [187060.660999998, 513012.179000001], [187077.204, 513020.831999999], [187094, 513031.011999998], [187110.287999999, 513041.954999998], [187125.304000001, 513053.916999999], [187141.083000001, 513068.169], [187153.072999999, 513082.651000001], [187166.787, 513098.199000001], [187181.039000001, 513115.504999999], [187193.254999999, 513129.502999999], [187206.488000002, 513145.535999998], [187219.721999999, 513160.806000002], [187231.208999999, 513173.463], [187243.377999999, 513189.315000001], [187250.261999998, 513197.199000001], [187253.947999999, 513206.294], [187259.423999999, 513222.140000001], [187262.732000001, 513242.245000001], [187267.568, 513263.114], [187271.640000001, 513281.182999998], [187275.965999998, 513301.289000001], [187281.642000001, 513322.370999999], [187285.616999999, 513341.971999999], [187291.491, 513363.131999999], [187295.817000002, 513381.201000001], [187301.925000001, 513403.596999999], [187306.761, 513422.938999999], [187311.596000001, 513442.026000001], [187316.940000001, 513459.840999998], [187321.521000002, 513478.164999999], [187326.657000002, 513496.465999998], [187329.969999999, 513504.101], [187336.791000001, 513512.776000001], [187348.498, 513529.828000002], [187361.478, 513545.861000001], [187373.857000001, 513559.443], [187388.199999999, 513575.636999998], [187400.416000001, 513587.853], [187420.100000001, 513597.420000002], [187438.335999999, 513605.668000001], [187458.186999999, 513613.302999999], [187478.800999999, 513622.719000001], [187494.070999999, 513629.590999998], [187511.631000001, 513637.226], [187531.482000001, 513645.879000001], [187551.333000001, 513654.785999998], [187568.129999999, 513661.657000002], [187587.726, 513670.309999999], [187605.285999998, 513677.691], [187621.32, 513685.326000001], [187639.897999998, 513694.488000002], [187658.221999999, 513702.123], [187676.800000001, 513709.502999999], [187694.614999998, 513716.374000002], [187713.956999999, 513723.245999999], [187732.280999999, 513729.098999999], [187752.131999999, 513736.225000001], [187769.945999999, 513741.824000001], [187790.052000001, 513748.441], [187808.629999999, 513754.548999999], [187827.717, 513760.912], [187847.059, 513768.291999999], [187864.908, 513774.681000002], [187884.011999998, 513780.600000001], [187903.116, 513786.519000001], [187922.276000001, 513792.243000001], [187941.603999998, 513797.384], [187961.583000001, 513804.175999999], [187980.925000001, 513809.265999999], [187999.758000001, 513814.355999999], [188018.844999999, 513819.954999998], [188038.442000002, 513826.063000001], [188057.783, 513830.897999998], [188076.362, 513835.988000002], [188096.467, 513840.568999998], [188115.554000001, 513844.386999998], [188134.973999999, 513848.419], [188154.528000001, 513852.618000001], [188174.081999999, 513856.816], [188193.636999998, 513861.015000001], [188213.191, 513865.213], [188232.769000001, 513869.291000001], [188252.447000001, 513872.866], [188272.125, 513876.441], [188291.802999999, 513880.015999999], [188311.517999999, 513882.052000001], [188330.605, 513881.543000001], [188351.611000001, 513877.598000001], [188370.980999999, 513872.620999999], [188390.352000002, 513867.644000001], [188410.517000001, 513861.438000001], [188428.579, 513855.963], [188447.513999999, 513849.522], [188466.447999999, 513843.081], [188485.34, 513837.77], [188505.699000001, 513831.407000002], [188524.278000001, 513825.807999998], [188543.111000001, 513819.701000001], [188562.960999999, 513813.083999999], [188581.285, 513808.248], [188600.881999999, 513801.122000001], [188620.478, 513795.013999999], [188639.311000001, 513788.905999999], [188658.144000001, 513782.289000001], [188675.958000001, 513777.199000001], [188694.791000001, 513770.072999999], [188712.861000001, 513763.710999999], [188730.675000001, 513757.603], [188744.418000001, 513748.441], [188763.760000002, 513730.881000001], [188778.776000001, 513717.392000001], [188793.535999998, 513702.377], [188808.552000001, 513688.888999999], [188823.313000001, 513675.399999999], [188838.074000001, 513661.657000002], [188852.833999999, 513648.423999999], [188866.577, 513634.681000002], [188881.846999999, 513620.429000001], [188896.353999998, 513606.940000001], [188910.859999999, 513593.452], [188925.875, 513579.708999999], [188939.618000001, 513565.712000001], [188954.888, 513551.714000002], [188969.394000001, 513538.989999998], [188984.155000001, 513525.756000001], [188999.171, 513511.249000002], [189013.677000001, 513497.761], [189028.438000001, 513483.763999999], [189042.181000002, 513470.021000002], [189057.195999999, 513456.022999998], [189071.702, 513442.789000001], [189086.208999999, 513428.537], [189101.478999998, 513414.539999999], [189115.476, 513401.306000002], [189130.491, 513388.072000001], [189144.743000001, 513374.583999999], [189159.504000001, 513360.840999998], [189174.011, 513348.116], [189188.261999998, 513334.118999999], [189202.769000001, 513320.629999999], [189217.16, 513306.173], [189231.995999999, 513292.760000002], [189246.831999999, 513279.346999999], [189261.811999999, 513265.659000002], [189276.828000002, 513250.644000001], [189282.936000001, 513248.353], [189290.570999999, 513250.388999999], [189297.186999999, 513255.734000001], [189316.784000002, 513275.839000002], [189335.362, 513294.416999999], [189352.134, 513306.054000001], [189367.682999998, 513313.504999999], [189387.594000001, 513322.798999999], [189406.309, 513330.679000001], [189423.673, 513339.208999999], [189443.269000001, 513347.862], [189461.339000002, 513355.750999998], [189479.153000001, 513362.623], [189497.986000001, 513370.258000001], [189516.309999999, 513375.602000002], [189534.888, 513377.892000001], [189554.484999999, 513379.927999999], [189574.59, 513378.655999999], [189592.659000002, 513372.548], [189673.59, 513350.151999999], [189694.638999999, 513346.697999999], [189715.929000001, 513342.136], [189735.318, 513339.475000001], [189755.846999999, 513336.432999998], [189777.136999998, 513331.870999999], [189795.971999999, 513326.739], [189810.763999999, 513327.502], [189824.252, 513331.574000001], [189848.175000001, 513358.296], [189866.243999999, 513379.419], [189903.401000001, 513422.175000001], [189941.372000001, 513464.552000001], [189962.280999999, 513481.66], [189992.315000001, 513499.147999998], [190027.087000001, 513513.030999999], [190047.192000002, 513517.357000001], [190070.861000001, 513522.956], [190089.693, 513526.519000001], [190108.017000001, 513529.318999998], [190127.614, 513533.136], [190146.954999998, 513535.936000001], [190166.296999998, 513538.734999999], [190185.638999999, 513541.280000001], [190205.449000001, 513542.818], [190225.594999999, 513544.588], [190245.054000001, 513540.585999999], [190263.682999998, 513532.982999999], [190282.348000001, 513523.973999999], [190300.671999998, 513515.067000002], [190320.328000002, 513506.370999999], [190334.265999999, 513501.578000002], [190347.754000001, 513499.033], [190359.460999999, 513497.761], [190377.530000001, 513499.541999999], [190397.785, 513505.409000002], [190416.664000001, 513512.263999999], [190424.613000002, 513516.085000001], [190432.631999999, 513523.289000001], [190450.120000001, 513535.833999999], [190466.846999999, 513548], [190482.054000001, 513558.645], [190499.434999999, 513570.546999998], [190515.723000001, 513582.254000001], [190532.774, 513593.960999999], [190564.840999998, 513615.339000002], [190598.434, 513637.989], [190618.384, 513652.129000001], [190647.044, 513673.109999999], [190676.056000002, 513701.359000001], [190705.324000001, 513730.625999998], [190731.537, 513757.603], [190747.57, 513772.364], [190760.041000001, 513784.579999998], [190776.837000001, 513797.050000001], [190792.616, 513805.449000001], [190812.213, 513813.083999999], [190832.827, 513818.427999999], [190852.423, 513823.009], [190872.528999999, 513827.59], [190891.870000001, 513831.407000002], [190910.449000001, 513835.734000001], [190927.754999999, 513839.296999998], [190947.605, 513843.114], [190967.710999999, 513847.949999999], [190985.271000002, 513851.513], [191005.375999998, 513856.094000001], [191023.954999998, 513859.401999999], [191043.806000002, 513861.947000001], [191063.910999998, 513865.000999998], [191084.271000002, 513868.055], [191102.848999999, 513870.600000001], [191122.886999998, 513873.401000001], [191142.872000001, 513872.618000001], [191162.831999999, 513871.364999998], [191182.798, 513870.203000002], [191194.579, 513869.316]]}, "properties": {"OBJECTID": 561, "SOORT": 1, "KPNIDENT": "3236", "STATUS": 1}}, {"type": "Feature", "id": 562, "geometry": {"type": "LineString", "coordinates": [[201886.629999999, 516885.908], [201900.098999999, 516922.265999999], [201905.583000001, 516930.096999999], [201909.215999998, 516938.840999998], [201914.918000001, 516944.598999999], [201918.988000002, 516954.432], [201919.653999999, 516955.918000001], [201919.868999999, 516956.738000002], [201922.954999998, 516963.761], [201928.807, 516981.642000001], [201936.348000001, 517000.313000001], [201944.041999999, 517019.191], [201951.333000001, 517037.291000001], [201956.594000001, 517050.182999998], [201963.991, 517068.409000002], [201971.432999998, 517086.953000002], [201978.916000001, 517105.377], [201986.166999999, 517123.754999999], [201992.263999999, 517140.866999999], [201997.899999999, 517159.272999998], [202003.006000001, 517178.390999999], [202007.179000001, 517196.947999999], [202010.495999999, 517216.221000001], [202012.486000001, 517232.355], [202013.118999999, 517240.756999999], [202014.298, 517260.123], [202015.436000001, 517279.144000001], [202016.831, 517299.169], [202019.438999999, 517319.346000001], [202022.973000001, 517337.903000001], [202027.274999999, 517356.217999998], [202033.140999999, 517373.949999999], [202040.032000002, 517392.149999999], [202048.995000001, 517409.807], [202061.342999998, 517426.927999999], [202064.807999998, 517431.274], [202073.261, 517439.861000001], [202084.32, 517450.078000002], [202100.013, 517461.717999998], [202108.059, 517465.822999999], [202115.704999998, 517469.054000001], [202130.568999998, 517471.006999999], [202138.818, 517471.888999999], [202149.316, 517473.300000001], [202174.589000002, 517473.105999999], [202181.258000001, 517474.287999999], [202196.223000001, 517474.127], [202205.710000001, 517474.157000002], [202226.166999999, 517476.412999999], [202247.633000001, 517478.802999999], [202265.306000002, 517480.635000002], [202285.467999998, 517482.160999998], [202305.449000001, 517484.451000001], [202325.638, 517487.028999999], [202343.274, 517490.454], [202360.219000001, 517495.701000001], [202379.175999999, 517502.598999999], [202396.431000002, 517509.870000001], [202392.403000001, 517518.995000001], [202385.423, 517537.170000002], [202378.984999999, 517553.862], [202377.824999999, 517556.925000001], [202370.938999999, 517576.221000001], [202365.43, 517593.809999999], [202356.666999999, 517606.826000001], [202350.620000001, 517617.350000001], [202349.182999998, 517619.877999999], [202348.945, 517620.352000002], [202347.965, 517621.866], [202357.293000001, 517638.188999999], [202369.309999999, 517659.318], [202379.638, 517676.784000002], [202378.147, 517681.215999998], [202386.02, 517698.552000001], [202393.184999999, 517714.659000002], [202400.956999999, 517732.017999999], [202409.451000001, 517750.936999999], [202418.094999999, 517770.480999999], [202426.166000001, 517788.695], [202434.697999999, 517806.929000001], [202442.756000001, 517824.717999998], [202451.357000001, 517844.471999999], [202458.293000001, 517859.998], [202440.583000001, 517867.982999999], [202422.831, 517875.956999999], [202402.429000001, 517885.077], [202379.513999999, 517895.147], [202366.335999999, 517901.120000001], [202364.519000001, 517901.862], [202362.458000001, 517902.967], [202359.850000001, 517910.412999999], [202365.846000001, 517923.708000001], [202373.605, 517941.864], [202382.780999999, 517962.291000001], [202391.588, 517981.191], [202400.338, 517999.070999999], [202409.348999999, 518015.988000002], [202419.063000001, 518034.486000001], [202430.004000001, 518052.589000002], [202442.752999999, 518072.508000001], [202452.357999999, 518087.175999999], [202464.458000001, 518107.011999998], [202474.401000001, 518123.258000001], [202482.386, 518135.943], [202489.465999998, 518147.357999999], [202503.215999998, 518168.995999999], [202509.219999999, 518178.701000001], [202519.638, 518195.484000001], [202526.416999999, 518206.217], [202531.344000001, 518213.982000001], [202540.118000001, 518227.921], [202550.146000002, 518243.364999998], [202561.463, 518260.392999999], [202573.088, 518276.477000002], [202582.489999998, 518287.627999999], [202597.291000001, 518303.763], [202610.677999999, 518317.737], [202623.859999999, 518333.056000002], [202644.532000002, 518341.692000002], [202657.75, 518335.653000001], [202694.842, 518310.778000001], [202709.460999999, 518298.034000002], [202724.471000001, 518284.962000001], [202736.302999999, 518274.298], [202740.324000001, 518270.653000001], [202741.331, 518260.605999999], [202729.002, 518243.541000001], [202717.555, 518228.147], [202705.285, 518211.605], [202693.223000001, 518195.322000001], [202679.796999998, 518177.451000001], [202668.732000001, 518162.855999999], [202656.239999998, 518145.747000001], [202643.811000001, 518128.98], [202632.550999999, 518113.706], [202622.41, 518099.596999999], [202622.145, 518099.250999998]]}, "properties": {"OBJECTID": 562, "SOORT": 1, "KPNIDENT": "3238", "STATUS": 1}}, {"type": "Feature", "id": 563, "geometry": {"type": "LineString", "coordinates": [[203680.774, 502980.088], [203748.304000001, 503041.227000002], [203840.964000002, 503127.640999999], [203963.339000002, 503242.039000001], [204012.171999998, 503297.487], [204087.27, 503373.947000001], [204208.282000002, 503497.682999998], [204218.399, 503507.995000001], [204218.982999999, 503512.469999999], [204211.201000001, 503521.614], [204211.978999998, 503531.535999998], [204234.546999998, 503553.52], [204272.484999999, 503572.002999999], [204335.715, 503602.159000002], [204364.272, 503611.624000002], [204382.408, 503615.971999999], [204404.392999999, 503624.921999998], [204455.754999999, 503639.708000001], [204489.153000001, 503644.897], [204539.68, 503658.230999999], [204542.480999999, 503653.329], [204558.48, 503658.774], [204618.403000001, 503672.199000001], [204672.953000002, 503680.436999999], [204705.368000001, 503700.214000002], [204737.469999999, 503711.888], [204839.317000002, 503728.283], [204886.886999998, 503740.487], [204948.756000001, 503757.412999999], [205055.646000002, 503791.232999999], [205146.59, 503834.662999999], [205213.241, 503870.204999998], [205268.605999999, 503894.611000001], [205299.537, 503905.469000001], [205318.991999999, 503909.166000001], [205340.254000001, 503909.254000001], [205359.848999999, 503911.5], [205507.710000001, 503904.107000001], [205622.302000001, 503887.958999999], [205710.629999999, 503875.313000001], [205735.563999999, 503876.690000001], [205736.657000002, 503883.241], [205737.021000002, 503888.335999999], [205739.570999999, 503893.795000002], [205745.399, 503897.070999999], [205755.232999999, 503898.526999999], [205763.247000001, 503897.798999999], [205769.074000001, 503896.342999998], [205771.260000002, 503892.704], [205774.173999999, 503885.787999999], [205775.995000001, 503881.785], [205781.094000001, 503878.145], [205787.651000001, 503877.416999999], [205794.936000001, 503878.145], [205842.594000001, 503873.638999999], [205859.269000001, 503868.309], [205914.418000001, 503860.237], [205950.947999999, 503855.079], [206006.999000002, 503849.140000001], [206033.710000001, 503849.432999998], [206077.899, 503853.965999998], [206113.162999999, 503861.019000001], [206148.427000001, 503869.927000001], [206205.965, 503891.460999999], [206310.123, 503932.66], [206381.715999998, 503963.616], [206393.320999999, 503971.616999999], [206401.646000002, 503972.234000001], [206426.532000002, 503982.995000001], [206502.271000002, 504019.671999998], [206572.309999999, 504045.743000001], [206640.210000001, 504068.699999999], [206665.890999999, 504083.486000001], [206693.322999999, 504100.022999998], [206750.699999999, 504123.326000001]]}, "properties": {"OBJECTID": 563, "SOORT": 1, "KPNIDENT": "3239", "STATUS": 1}}, {"type": "Feature", "id": 564, "geometry": {"type": "LineString", "coordinates": [[206108.057, 484619.478999998], [206110.193999998, 484577.385000002], [206111.344999999, 484536.442000002], [206108.879000001, 484522.465999998], [206104.932999998, 484508.324999999], [206095.067000002, 484492.375], [206086.352000002, 484481.522999998], [206064.153999999, 484464.258000001], [206040.805, 484450.774999999], [205852.206, 484339.620999999], [205802.384, 484306.241999999], [205695.998, 484222.548], [205501.838, 484068.055]]}, "properties": {"OBJECTID": 564, "SOORT": 1, "KPNIDENT": "3240", "STATUS": 1}}, {"type": "Feature", "id": 568, "geometry": {"type": "LineString", "coordinates": [[209745.704999998, 488650.844000001], [209752.811999999, 488697.853999998], [209760.23, 488728.851], [209771.425000001, 488761.124000002], [209784.530999999, 488797.438000001], [209805.555, 488844.291000001], [209832.695, 488901.82], [209875.289000001, 488995.745000001], [209904.34, 489061.493000001], [209920.175999999, 489093.710999999], [209939.342999998, 489122.570999999], [209968.557999998, 489156.701000001], [210019.780000001, 489217.452], [210053.090999998, 489257.043000001], [210069.473000001, 489276.701000001], [210086.129000001, 489301.984999999], [210111.261999998, 489351.346999999], [210123.782000002, 489378.596999999], [210126.728, 489389.276000001], [210131.294, 489414.942000002], [210143.445999999, 489466.864999998], [210153.756999999, 489505.897999998], [210161.489999998, 489526.004000001], [210169.590999998, 489539.629000001], [210181.375, 489553.991], [210222.986000001, 489605.912999999], [210237.164000001, 489633.715], [210247.105999999, 489660.228999998], [210264.782000002, 489708.467999998], [210271.611000001, 489738.883000001], [210278.305, 489763.931000002], [210291.596000001, 489784.467], [210303.57, 489812.171]]}, "properties": {"OBJECTID": 568, "SOORT": 1, "KPNIDENT": "3267", "STATUS": 1}}, {"type": "Feature", "id": 569, "geometry": {"type": "LineString", "coordinates": [[210303.561000001, 489812.162999999], [210336.427000001, 489882.388999999], [210384.971999999, 489975.574999999], [210386.734999999, 489976.236000001], [210388.168000001, 489974.802999999], [210394.559999999, 489964.774], [210401.392999999, 489969.182999998], [210396.449999999, 489977.763999999], [210394.890999999, 489984.831999999], [210394.940000001, 489992.324000001], [210431.881999999, 490065.618999999], [210453.682, 490110.397], [210482.993999999, 490167.136], [210527.184, 490244.32], [210542.208000001, 490282.263999999], [210546.627, 490318.204], [210545.447999999, 490377.416999999], [210543.092, 490408.585000001], [210534.254000001, 490464.853], [210528.572999999, 490495.534000002], [210537.199999999, 490526.127999999], [210550.142999999, 490569.390000001], [210559.875, 490617.565000001], [210563.699000001, 490656.147], [210568.565000001, 490711.065000001], [210568.217, 490785.447999999], [210568.565000001, 490940.747000001], [210573.431000002, 491086.315000001], [210577.949999999, 491253.050000001], [210581.078000002, 491381.795000002], [210582.467999998, 491462.225000001], [210585.77, 491494.346000001], [210590.114999998, 491519.785], [210596.719000001, 491552.458000001], [210605.789000001, 491584.583000001], [210614.853999998, 491620.844000001], [210613.623, 491635.802000001], [210604.605999999, 491659.074999999], [210653.874000002, 491652.375], [210666.221999999, 491652.052999999], [210681.857999999, 491654.344999999], [210700.776999999, 491664.592999998], [210711.418000001, 491674.840999998], [210718.118999999, 491686.664999999], [210723.243000001, 491707.949000001], [210741.767000001, 491840.616], [210763.839000002, 491990.666000001], [210770.258000001, 492027.640999999], [210773.693, 492032.208000001], [210782.271000002, 492032.379999999], [210823.488000002, 492031.829], [210879.142999999, 492029.624000002], [211027.440000001, 492032.208000001], [211143.554000001, 492032.208000001], [211275.828000002, 492036.938000001], [211480.269000001, 492042.850000001], [211586.291999999, 492046.791000001], [211692.671, 492048.761999998], [211768.346000001, 492050.339000002]]}, "properties": {"OBJECTID": 569, "SOORT": 1, "KPNIDENT": "3268", "STATUS": 1}}, {"type": "Feature", "id": 570, "geometry": {"type": "LineString", "coordinates": [[204126.732000001, 497469.638], [204123.188000001, 497487.563000001], [204119.030000001, 497507.475000001], [204118.324000001, 497518.495999999], [204120.771000002, 497529.616], [204127.469000001, 497538.175999999], [204135.794, 497544.77], [204138.609999999, 497546.265999999], [204152.909000002, 497555.640999999], [204169.920000002, 497566.179000001], [204186.043000001, 497576.761999998], [204202.145, 497587.094999999], [204215.177000001, 497595.851], [204232.265000001, 497606.655000001], [204249.649999999, 497617.184999999], [204265.588, 497630.186999999], [204280.374000002, 497644.423], [204294.805, 497659.236000001], [204308.379000001, 497673.645], [204322.515000001, 497688.274999999], [204337.035, 497702.350000001], [204351.186000001, 497717.355], [204363.16, 497728.84], [204376.513, 497743.210000001], [204389.647999998, 497758.969999999], [204398.640000001, 497776.583999999], [204404.066, 497795.265000001], [204405.888, 497815.243000001], [204404.302999999, 497834.458000001], [204399.513999999, 497854.226], [204390.954, 497871.710000001], [204385.647999998, 497881.045000002], [204380.624000002, 497888.256000001], [204376.851, 497893.359000001], [204373.344000001, 497896.596000001], [204368.813000001, 497900.245999999], [204368.022999998, 497900.745000001], [204350.567000002, 497910.670000002], [204331.682999998, 497916.886], [204313.482999999, 497920.18], [204302.870999999, 497918.109000001], [204292.215, 497915.671], [204271.927999999, 497909.057999998], [204253.568999998, 497901.921], [204233.011, 497894.951000001], [204212.313999999, 497888.306000002], [204192.833000001, 497881.609000001], [204175.960000001, 497875.017999999], [204157.217999998, 497868.103999998], [204138.083999999, 497861.43], [204119.214000002, 497855.460999999], [204098.664999999, 497849.783], [204090.844999999, 497847.866999999], [204089.296999998, 497847.408], [204088.660999998, 497847.274999999], [204080.243999999, 497844.374000002], [204067.592, 497838.223999999], [204059.763, 497834.666999999], [204040.728, 497827.467999998], [204021.454, 497820.068], [204002.574999999, 497813.327], [203987.300999999, 497808.432], [203968.909000002, 497801.311000001], [203950.585000001, 497793], [203941.473000001, 497788.949999999], [203936.261, 497797.884], [203923.945, 497818.769000001], [203915.745999999, 497833.907000002], [203909.552999999, 497845.923], [203905.662999999, 497852.476], [203895.122000001, 497870.488000002], [203884.710999999, 497888.603], [203874.872000001, 497905.798999999], [203869.603999998, 497914.973999999], [203867.491999999, 497919.949999999], [203866.274999999, 497922.072999999], [203866.008000001, 497922.671], [203857.879999999, 497937.703000002], [203847.495999999, 497955.136], [203836.783, 497973.138], [203827.73, 497990.134], [203816.684999999, 498010.671], [203807.168000001, 498027.756000001], [203797.140000001, 498045.291000001], [203787.772999998, 498062.355999999], [203778.116999999, 498079.017999999], [203768.715, 498096.419], [203759.513, 498112.375999998], [203754.938000001, 498121.405999999], [203754.004000001, 498132.498], [203758.528999999, 498142.335000001], [203766.201000001, 498149.600000001], [203769.282000002, 498151.208999999], [203775.809, 498155.158], [203784.576000001, 498160.316], [203800.265000001, 498168.304000001], [203802.210999999, 498169.234999999], [203821.960999999, 498180.157000002], [203825.197000001, 498182.079999998], [203833.995999999, 498186.899999999], [203846.701000001, 498194.07], [203865.338, 498204.577], [203870.579, 498207.469000001], [203874.25, 498209.423999999], [203879.425000001, 498212.261999998], [203880.432999998, 498212.829999998], [203883.693999998, 498214.862], [203901.063999999, 498224.710999999], [203919.215, 498234.811999999], [203938.079999998, 498245.113000002], [203956.504999999, 498256.085999999], [203965.583000001, 498261.671999998], [203970.258000001, 498265.366], [203981.043000001, 498271.480999999], [203988.539999999, 498275.653999999], [204006.311999999, 498287.089000002], [204015.511, 498294.769000001], [204020.454999998, 498303.999000002], [204016.909000002, 498321.977000002], [204011.052999999, 498335.767999999], [204005.407000002, 498344.682], [204001.351, 498354.642000001], [203998.646000002, 498365.524999999], [203996.27, 498375.969999999], [203998.629999999, 498389.618000001], [203999.157000002, 498392.192000002], [203999.673, 498394.853999998], [203999.927999999, 498397.32], [204000.258000001, 498400.238000002], [204001.052000001, 498407.905999999], [204000.725000001, 498418.745000001], [203997.543000001, 498427.738000002], [203993.578000002, 498437.045000002], [203981.943999998, 498452.98], [203966.462000001, 498466.789000001], [203956.727000002, 498470.313999999], [203946.612, 498470.438000001], [203936.796999998, 498466.873], [203927.881000001, 498461.875], [203916.745000001, 498454.463], [203901.561000001, 498444.147], [203885.022999998, 498433.182999998], [203868.649999999, 498423.101], [203851.232000001, 498414.791000001], [203834.954999998, 498408.504999999], [203817.453000002, 498402.311999999], [203798.908, 498395.938000001], [203781.870000001, 498390.136], [203762.943999998, 498382.905000001], [203746.583000001, 498375.624000002], [203736.155999999, 498370.588], [203719.210000001, 498362.094999999], [203701.84, 498353.135000002], [203684.032000002, 498343.888999999], [203666.596000001, 498334.938000001], [203656.324999999, 498329.921], [203654.416000001, 498329.256999999], [203652.072999999, 498328.749000002], [203650.419, 498328.453000002], [203647.329999998, 498328.614999998], [203638.352000002, 498332.011999998], [203631.789000001, 498340.103999998], [203623.395, 498358.142999999], [203615.024999999, 498376.806000002], [203606.557, 498395.386999998], [203597.822000001, 498414.471000001], [203592.780000001, 498423.024], [203586.247000001, 498430.374000002], [203578.127999999, 498436.208000001], [203568.934, 498440.842999998], [203550.390999999, 498445.278000001], [203540.647999998, 498447.171999998], [203530.903000001, 498449.555], [203521.116999999, 498453.048999999], [203511.721000001, 498457.932999998], [203497.614999998, 498470.616999999], [203491.254999999, 498478.252], [203479.831, 498494.186999999], [203473.914999999, 498503.414000001], [203468.715, 498512.749000002], [203464.445, 498522.386999998], [203458.541999999, 498539.127999999], [203457.989999998, 498540.517999999], [203457.079999998, 498542.798999999], [203456.670000002, 498544.074999999], [203450.75, 498560.061999999], [203444.021000002, 498578.491999999], [203437.721999999, 498596.993000001], [203433.929000001, 498615.853], [203430.228999998, 498634.552999999], [203427.465999998, 498644.596999999], [203423.657000002, 498654.408], [203415.037, 498672.488000002], [203410.511999998, 498682.327], [203406.477000002, 498692.509], [203403.504999999, 498702.603], [203401.500999998, 498712.993999999], [203400.471999999, 498720.969000001], [203399.82, 498731.056000002], [203399.201000001, 498741.537999999], [203399.340999998, 498744.504000001], [203399.973999999, 498752.026999999], [203400.142999999, 498758.818999998], [203399.998, 498759.568], [203400.221999999, 498760.508000001], [203400.419, 498771.322999999], [203398.116, 498791.140999999], [203393.077, 498810.660999998], [203384.815000001, 498829.863000002], [203380.234999999, 498837.498], [203373.905999999, 498847.420000002], [203363.384, 498864.793000001], [203353.425999999, 498881.491], [203343.750999998, 498897.954999998], [203333.170000002, 498913.938999999], [203320.603, 498928.399999999], [203307.660999998, 498943.241999999], [203293.73, 498957.93], [203279.826000001, 498972.546999998], [203266.401000001, 498987.184], [203253.627, 499000.596999999], [203240.486000001, 499015.372000001], [203226.535, 499030.129000001], [203221.436000001, 499034.977000002], [203211.618000001, 499044.587000001], [203194.938000001, 499057.980999999], [203178.890999999, 499069.897999998], [203162.206, 499082.103999998], [203145.250999998, 499093.497000001], [203128.118999999, 499105.026999999], [203111.752999999, 499116.046], [203095.370000001, 499127.050999999], [203078.539999999, 499138.374000002], [203061.634, 499149.346000001], [203052.629999999, 499155.022999998], [203042.210999999, 499159.480999999], [203025.355, 499162.063999999], [203021.511999998, 499162.73], [203007.129999999, 499161.449000001], [202986.659000002, 499160.329], [202974.164999999, 499162.256999999], [202963.923, 499165.182], [202946.412999999, 499174.394000001], [202931.642999999, 499184.942000002], [202918.638999999, 499198.68], [202906.498, 499214.067000002], [202895.432, 499228.962000001], [202883.909000002, 499244.774], [202870.677999999, 499263.563000001], [202863.331999999, 499271.134], [202854.217, 499275.995999999], [202844.278999999, 499279.772], [202834.434, 499282.357000001], [202815.692000002, 499286.418000001], [202795.688000001, 499289.846999999], [202789.969999999, 499290.552000001], [202789.578000002, 499290.517000001], [202775.840999998, 499291.125999998], [202769.473999999, 499292.399999999], [202756.043000001, 499294.846000001], [202739.546999998, 499297.313999999], [202730.153999999, 499299.375999998], [202715.215, 499303.93], [202704.978999998, 499307.333000001], [202692.605999999, 499310.252999999], [202678.074000001, 499313.386], [202658.655000001, 499317.089000002], [202639.021000002, 499320.068999998], [202620.195999999, 499322.883000001], [202600.822999999, 499325.405999999], [202582.431000002, 499326.772], [202562.291000001, 499329], [202544.462000001, 499332.142000001], [202536.166999999, 499337.037999999], [202529.057999998, 499343.552000001], [202517.477000002, 499357.517000001], [202508.721999999, 499365.941], [202507.421, 499367.261], [202505.778999999, 499369.039000001], [202505.534000002, 499369.302999999], [202498.807999998, 499376.259], [202480.390000001, 499394.285], [202462.157000002, 499411.960000001], [202446.202, 499427.423], [202435.91, 499437.493000001], [202428.620999999, 499444.824999999], [202413.489999998, 499461.535999998], [202399.447999999, 499478.614], [202384.306000002, 499498.059], [202372.669, 499514.307999998], [202366.280000001, 499525.353], [202358.478, 499545.324999999], [202351.739999998, 499566.636], [202343.795000002, 499591.188999999], [202338.552000001, 499606.283], [202334.75, 499616.778000001], [202325.875999998, 499640.125], [202316.807, 499663.475000001], [202308.636999998, 499684.578000002], [202301.846999999, 499701.943999998], [202297.338, 499712.668000001], [202287.000999998, 499735.385000002], [202276.576000001, 499757.785999998], [202267.179000001, 499776.052999999], [202260.916999999, 499787.188000001], [202254.763, 499797.241999999], [202242.570999999, 499815.765999999], [202228.103, 499834.688000001], [202211.916999999, 499853.890999999], [202199.425999999, 499868.574999999], [202190.056000002, 499879.603999998], [202174.037, 499898.899999999], [202157.745999999, 499917.986000001], [202140.717, 499936.528000001], [202124.884, 499951.258000001], [202106.57, 499966.978], [202086.550000001, 499982.909000002], [202066.958000001, 499998.372000001], [202051.888, 500011.316], [202044.646000002, 500017.846000001], [202027.059999999, 500035.5], [202011.142999999, 500054.666999999], [201998.149, 500075.671999998], [201992.572999999, 500086.866999999], [201985.039999999, 500110.182], [201982.651000001, 500121.739999998], [201981.5, 500131.238000002], [201977.509, 500146.631000001], [201973.401999999, 500164.539000001], [201968.583000001, 500182.787], [201964.857999999, 500194.706], [201958.712000001, 500213.662999999], [201950.899, 500236.511], [201947.57, 500252.537], [201937.954, 500270.868999999], [201927.998, 500285.495000001], [201907.41, 500296.592999998], [201889.105999999, 500301.440000001], [201865.625999998, 500305.717], [201850.013999999, 500308.603999998], [201829.824000001, 500314.017999999], [201811.945999999, 500319.221999999], [201794.267999999, 500324.322000001], [201775.691, 500329.715], [201757.16, 500335.068], [201734.43, 500341.817000002], [201711.228999998, 500348.963], [201690.84, 500355.199000001], [201674.598000001, 500360.203000002], [201657.419, 500365.682], [201644.526999999, 500370.776999999], [201619.344999999, 500382.237], [201600.23, 500392.859000001], [201573.476, 500410.338], [201555.681000002, 500423.952], [201539.592999998, 500437.611000001], [201523.475000001, 500452.912], [201510.666999999, 500465.967], [201498.348999999, 500479.620999999], [201484.809999999, 500496.552000001], [201472.603, 500513.995000001], [201462.210000001, 500530.206], [201451.701000001, 500547.324000001], [201442.881000001, 500563.145], [201435.947000001, 500577.057999998], [201427.614999998, 500596.738000002], [201419.506999999, 500617.493999999], [201412.287999999, 500638.392999999], [201406.890000001, 500655.484999999], [201399.414000001, 500674.973000001], [201393.123, 500693.567000002], [201386.283, 500711.555], [201378.530000001, 500730.743000001], [201370.877999999, 500749.105999999], [201368.407000002, 500755.789999999], [201358.204999998, 500774.329999998], [201354.749000002, 500781.066], [201347.559999999, 500792.818999998], [201345.890000001, 500795.532000002], [201337.324000001, 500812.375], [201328.853, 500829.681000002], [201321.592, 500845.105999999], [201317.072000001, 500857.544], [201315.732000001, 500859.671999998], [201307.239999998, 500875.651000001], [201298.103999998, 500892.534000002], [201296.263999999, 500896.037], [201293.072999999, 500901.386999998], [201289.824999999, 500908.002], [201286.855, 500914.133000001], [201282.835000001, 500920.624000002], [201277.142999999, 500928.916999999], [201271.546, 500937.469999999], [201266.179000001, 500945.585999999], [201261.021000002, 500953.890999999], [201254.919, 500961.991], [201247.134, 500968.484000001], [201238.223000001, 500972.309], [201227.465999998, 500973.506999999], [201216.427000001, 500971.945999999], [201198.57, 500966.609000001], [201181.043000001, 500960.361000001], [201163.552999999, 500954.081], [201145.476, 500947.52], [201136.182999998, 500944.054000001], [201126.971999999, 500941.941], [201117.539000001, 500944.612], [201110.239, 500951.186000001], [201105.384, 500960.434], [201104.306000002, 500967.68], [201104.581, 500985.057999998], [201105.842999998, 501004.050000001], [201107.544, 501023.352000002], [201109.399, 501043.131000001], [201110.721000001, 501059.052000001], [201111.756000001, 501073.375999998], [201113.572999999, 501093.010000002], [201114.697000001, 501112.791999999], [201115.423, 501132.635000002], [201114.787, 501152.392000001], [201113.050000001, 501157.223999999], [201109.741, 501162.375999998], [201101.739, 501173.359999999], [201092.848000001, 501178.298], [201082.903999999, 501182.278000001], [201063.438000001, 501186.208999999], [201053.298, 501190.521000002], [201044.237, 501196.642999999], [201038.460999999, 501206.037], [201036.568999998, 501217.109999999], [201037.713, 501229.239], [201040.550999999, 501249.340999998], [201039.092999998, 501268.969999999], [201030.662, 501286.91], [201016.697000001, 501299.52], [201000.914000001, 501309.789000001], [200983.738000002, 501319.658], [200966.52, 501328.237], [200948.079, 501337.717], [200928.875999998, 501344.094999999], [200909.153999999, 501350.655000001], [200890.774999999, 501357.363000002], [200873.02, 501365.602000002], [200855.463, 501374.780000001], [200837.822999999, 501383.885000002], [200820.318999998, 501391.931000002], [200814.638, 501394.526999999], [200804.967999998, 501398.219999999], [200788.373, 501404.780000001], [200768.298999999, 501412.317000002], [200747.519000001, 501420.324999999], [200725.936999999, 501429.026999999], [200708.620000001, 501435.883000001], [200690.061999999, 501442.881999999], [200670.284000002, 501447.855], [200649.800000001, 501452.081999999], [200647.491999999, 501452.412]]}, "properties": {"OBJECTID": 570, "SOORT": 1, "KPNIDENT": "3269", "STATUS": 1}}, {"type": "Feature", "id": 571, "geometry": {"type": "LineString", "coordinates": [[200711.054000001, 515827.927999999], [200709.590999998, 515847.43], [200708.892999999, 515859.300999999], [200707.147, 515878.157000002], [200704.703000002, 515898.758000001], [200692.482000001, 515898.059], [200691.978999998, 515913.923], [200689.546, 515936.901000001], [200687.113000002, 515962.230999999], [200685.491, 515978.991], [200683.598999999, 515995.210999999], [200681.436000001, 516016.296999998], [200679.813999999, 516037.789000001], [200678.166000001, 516062.866999999], [200672.579, 516092.197000001], [200669.807999998, 516099.394000001], [200665.596000001, 516109.306000002], [200665.408, 516123.478999998], [200669.853999998, 516132.164000001], [200680.609999999, 516140.730999999], [200689.771000002, 516151.386], [200693.940000001, 516163.429000001], [200695.098000001, 516182.651000001], [200697.412999999, 516202.73], [200702.956999999, 516222.436999999], [200711.337000001, 516238.848000001], [200721.114, 516259.449000001], [200729.493999999, 516276.557999998], [200744.857000001, 516299.603], [200754.500999998, 516311.068], [200767.552999999, 516321.949999999], [200780.901999999, 516346.732999999], [200785.361000001, 516361.057], [200787.386, 516375.449999999], [200788.313000001, 516395.366999999], [200791.855999999, 516409.702], [200800.657000002, 516418.965999998], [200808.405999999, 516434.381999999], [200816.436999999, 516453.585999999], [200828.307999998, 516471.394000001], [200836.414000001, 516489.022], [200844.750999998, 516506.16], [200855.892999999, 516520.627], [200870.907000002, 516534.592999998], [200884.175000001, 516548.909000002], [200900.237, 516563.225000001], [200915.750999998, 516575.399], [200928.471000001, 516579.921], [200937.967, 516584.320999999], [200953.482999999, 516587.331999999], [200958.897, 516590.460000001], [200978.263, 516609.333000001], [200991.464000002, 516616.976], [201003.669, 516621.144000001], [201024.192000002, 516621.535999998], [201044.443999998, 516620.838], [201064.346000001, 516622.234999999], [201084.947000001, 516622.234999999], [201103.947000001, 516622.534000002], [201123.355999999, 516617.346000001], [201142.600000001, 516613.27], [201159.669, 516608.267999999], [201178.524, 516600.585999999], [201195.634, 516592.555], [201214.625, 516580.848000001], [201232.920000002, 516571.583999999], [201241.375, 516568.114], [201248.009, 516567.414999999], [201258.534000002, 516566.627999999], [201272.892999999, 516562.458999999], [201290.030000001, 516554.122000001], [201304.574000001, 516544.719000001], [201312.954, 516537.037999999], [201322.221999999, 516527.026000001], [201332.550000001, 516514.866999999], [201340.888, 516506.993000001], [201352.004000001, 516501.897999998], [201364.278000001, 516492.635000002], [201377.942000002, 516478.276000001], [201392.300999999, 516464.149], [201402.721999999, 516451.18], [201406.530999999, 516440.318], [201412.541999999, 516431.101], [201429.577, 516414.478999998], [201442.147, 516402.607999999], [201457.006999999, 516388.952], [201471.596999999, 516374.361000001], [201485.261, 516359.771000002], [201499.249000002, 516343.629000001], [201512.912999999, 516327.186000001], [201525.186999999, 516312.596000001], [201536.304000001, 516298.238000002], [201547.883000001, 516282.142000001], [201556.914999999, 516264.078000002], [201562.010000002, 516246.708999999], [201565.054000001, 516233.261], [201569.942000002, 516210.215999998], [201572.432, 516191.66], [201571.506000001, 516172.206], [201569.653000001, 516153.447000001], [201566.410999998, 516133.993999999], [201563.399999999, 516115.767000001], [201563.307999998, 516100.228], [201560.166000001, 516079.627], [201557.022999998, 516061.818999998], [201551.436000001, 516044.011999998], [201548.809999999, 516017.618999999], [201549.272999998, 516006.039999999], [201553.442000002, 515995.618000001], [201555.989, 515984.27], [201554.831, 515967.364], [201551.82, 515955.322000001], [201549.967999998, 515939.805], [201554.136, 515929.221000001], [201554.368000001, 515919.263], [201551.589000002, 515908.840999998], [201546.261999998, 515893.556000002], [201544.409000002, 515884.524], [201545.567000002, 515876.186999999], [201554.368000001, 515862.754999999], [201559.230999999, 515848.026000001], [201560.388999999, 515833.666999999], [201560.852000002, 515817.456], [201561.546999998, 515794.528000001], [201562.719000001, 515769.296999998]]}, "properties": {"OBJECTID": 571, "SOORT": 1, "KPNIDENT": "3270", "STATUS": 1}}, {"type": "Feature", "id": 574, "geometry": {"type": "LineString", "coordinates": [[191130.077, 508822.116], [191131.545000002, 508823.271000002], [191132.942000002, 508824.351], [191133.644000001, 508824.947000001], [191135.263, 508826.375999998], [191136.317000002, 508827.173], [191140.477000002, 508830.147999998], [191144.947000001, 508833.348000001], [191145.745000001, 508834.509], [191162.120000001, 508846.890999999], [191178.800000001, 508859.276000001], [191194.817000002, 508871.407000002], [191210.510000002, 508883.414999999], [191225.118999999, 508894.645], [191241.169, 508906.938000001], [191256.743999999, 508918.934999999], [191272.697000001, 508931.134], [191289.098000001, 508943.699000001], [191304.170000002, 508955.252999999], [191320.405000001, 508967.673999999], [191335.827, 508979.532000002], [191351.254000001, 508991.73], [191366.436000001, 509004.708000001], [191380.258000001, 509019.339000002], [191392.287, 509035.524], [191403.368999999, 509052.421999998], [191414.318, 509069.103999998], [191425.195999999, 509085.953000002], [191436.105999999, 509101.855999999], [191447.469999999, 509118.302999999], [191458.93, 509134.519000001], [191470.440000001, 509150.772], [191481.839000002, 509167.061999999], [191493.164000001, 509183.414000001], [191504.364999998, 509199.905999999], [191515.563999999, 509216.399999999], [191526.949000001, 509233.184], [191538.072000001, 509249.607999999], [191549.134, 509265.848999999], [191560.475000001, 509282.594999999], [191571.399, 509298.885000002], [191582.664999999, 509315.258000001], [191594.429000001, 509332.217], [191605.418000001, 509347.941], [191616.857000001, 509364.256000001], [191628.083000001, 509380.682], [191639.785999998, 509396.973000001], [191651.388999999, 509413.563000001], [191663.184, 509430.431000002], [191675.611000001, 509448.703000002], [191686.162, 509465.822000001], [191689.486000001, 509481.247000001], [191684.574999999, 509482.228999998], [191686.27, 509494.592], [191687.311999999, 509502.335999999], [191685.114, 509514.605999999], [191678.947000001, 509533.254999999], [191672.489999998, 509552.055], [191665.846000001, 509570.857999999], [191658.116, 509591.548999999], [191650.423, 509611.941], [191643.234000001, 509631.421999998], [191636.317000002, 509650.397], [191628.866, 509671.004000001], [191621.353, 509691.386999998], [191613.739, 509712.392000001], [191606.971000001, 509732.386999998], [191600.353999998, 509751.664999999], [191593.169, 509771.980999999], [191585.967999998, 509792.337000001], [191578.859000001, 509813.234999999], [191581.879999999, 509832.901000001], [191599.859000001, 509842.028999999], [191618.605999999, 509849.997000001], [191626.256000001, 509852.741], [191642.517999999, 509859.114], [191661.112, 509867.068], [191674.82, 509879.541000001], [191674.519000001, 509895.835999999], [191673.710000001, 509907.006999999], [191673.581, 509908.967], [191673.511999998, 509910.969999999], [191673.213, 509913.425000001], [191672.844999999, 509915.594999999], [191672.267999999, 509924.026999999], [191671.184999999, 509931.625], [191668.245999999, 509951.168000001], [191665.719999999, 509969.526000001], [191664.162999999, 509986.774999999], [191664.162, 510006.188000001], [191666.050999999, 510025.333000001], [191667.381000001, 510044.671999998], [191669.243000001, 510064.539000001], [191670.796999998, 510089.784000002], [191672.491, 510108.98], [191674.261999998, 510127.695999999], [191676.418000001, 510146.765000001], [191677.577, 510168.954999998], [191677.920000002, 510193.636], [191678.534000002, 510213.241], [191679.425000001, 510233.228], [191680.256999999, 510253.789999999], [191681.304000001, 510273.272], [191679.02, 510295.394000001], [191669.504999999, 510312.366999999], [191658.785999998, 510328.732000001], [191652.737, 510347.011], [191658.690000001, 510364.563999999], [191667.471999999, 510378.385000002], [191676.550999999, 510390.566], [191686.344999999, 510405.502], [191693.272, 510423.153000001], [191696.443999998, 510442.561000001], [191698.138999999, 510461.467999998], [191698.794, 510477.541000001], [191699.883000001, 510495.280999999], [191700.991, 510514.298], [191701.945, 510532.787999999], [191702.868999999, 510551.800999999], [191703.789000001, 510569.469999999], [191704.844000001, 510588.620999999], [191705.783, 510608.237], [191706.784000002, 510628.146000002], [191707.761999998, 510647.839000002], [191708.478999998, 510657.791000001], [191709.688000001, 510673.504999999], [191710.962000001, 510692.002], [191712.18, 510710.688999999], [191712.947999999, 510728.940000001], [191713.083999999, 510731.881000001], [191713.078000002, 510732.475000001], [191713.923, 510748.298999999], [191713.129999999, 510767.441], [191713.633000001, 510787.618999999], [191714.629999999, 510810.912], [191716.463, 510829.32], [191716.728, 510849.280000001], [191716.941, 510859.857999999], [191717.317000002, 510869.048999999], [191717.18, 510872.282000002]]}, "properties": {"OBJECTID": 574, "SOORT": 1, "KPNIDENT": "3278", "STATUS": 1}}, {"type": "Feature", "id": 575, "geometry": {"type": "LineString", "coordinates": [[217173.043000001, 490534.184999999], [217191.484999999, 490517.083000001], [217212.274999999, 490503.335000001], [217268.607999999, 490471.48], [217316.056000002, 490443.850000001], [217426.039999999, 490381.480999999]]}, "properties": {"OBJECTID": 575, "SOORT": 1, "KPNIDENT": "3279", "STATUS": 1}}, {"type": "Feature", "id": 576, "geometry": {"type": "LineString", "coordinates": [[206180.84, 484286.704999998], [206166.010000002, 484304.713], [206150.914000001, 484332.785999998], [206144.293000001, 484358.210000001], [206141.645, 484425.213], [206141.114999998, 484449.048], [206136.877999999, 484611.657000002], [206133.699999999, 484700.642000001], [206129.462000001, 484837.826000001], [206124.166000001, 484962.298999999], [206119.927999999, 485099.748], [206120.193, 485129.938999999], [206122.842, 485155.627999999], [206125.954999998, 485167.73], [206152.125999998, 485232.936999999], [206176.338, 485283.807999998], [206209.443, 485360.611000001], [206227.451000001, 485404.838], [206284.655999999, 485539.638999999], [206364.901000001, 485717.079], [206396.945999999, 485788.583999999], [206442.232999999, 485888.956], [206462.359999999, 485937.421], [206477.191, 485980.589000002], [206485.401000001, 486025.611000001], [206489.373, 486051.829999998], [206503.145, 486227.151000001], [206515.327, 486354.800999999], [206532.541000001, 486427.896000002], [206563.791999999, 486547.601], [206588.157000002, 486630.495000001], [206608.813999999, 486702.794], [206654.629999999, 486839.184999999], [206711.835000001, 486996.497000001], [206758.710000001, 487122.822999999], [206807.175000001, 487256.565000001], [206865.704, 487418.379000001], [206872.324999999, 487444.596999999], [206876.296999998, 487470.550999999], [206880.004999999, 487504.98], [206875.238000002, 487543.646000002], [206865.173999999, 487574.631000001], [206855.905000001, 487594.759], [206839.75, 487621.506999999], [206823.594999999, 487645.872000001], [206807.440000001, 487669.177000001], [206794.993000001, 487694.072000001], [206792.344000001, 487716.583000001], [206794.993000001, 487741.477000002], [206808.234999999, 487771.403999999], [206826.508000001, 487788.088], [206862.261, 487814.041999999], [206939.328000002, 487869.127999999], [206977.993999999, 487896.936000001], [207006.331, 487919.976], [207023.545000002, 487936.925999999], [207042.877999999, 487959.965999998], [207066.449000001, 487996.778000001], [207082.603999998, 488026.969999999], [207097.434, 488070.403000001], [207105.644000001, 488113.306000002], [207114.118999999, 488187.723999999], [207123.918000001, 488269.294], [207132.657000002, 488342.653000001], [207140.072999999, 488392.971999999], [207148.283, 488439.583000001], [207156.493000001, 488475.600000001], [207184.300000001, 488597.423999999], [207214.227000002, 488722.160999998], [207265.605, 488943.034000002], [207282.024, 489011.625999998], [207310.890999999, 489114.912], [207351.146000002, 489253.949999999], [207378.954, 489351.145], [207422.651999999, 489530.173], [207435.364, 489582.875], [207444.633000001, 489622.601], [207477.473000001, 489757.401999999], [207515.921, 489920.355], [207538.295000002, 490011.881999999], [207554.164000001, 490076.940000001], [207558.517000001, 490103.057999998], [207560.396000002, 490141.509]]}, "properties": {"OBJECTID": 576, "SOORT": 1, "KPNIDENT": "3280", "STATUS": 1}}, {"type": "Feature", "id": 578, "geometry": {"type": "LineString", "coordinates": [[208286.116999999, 498172.831999999], [208283.873, 498158.918000001], [208247.232000001, 498161.285], [208233.375999998, 498161.495000001], [208226.658, 498157.719000001], [208220.989999998, 498138.629999999], [208219.175999999, 498129.098999999], [208208.285, 498126.331999999], [208197.627, 498137.647], [208186.679000001, 498151.057999998], [208175.787, 498164.035999998], [208164.513999999, 498176.495000001], [208152.421999998, 498188.620999999], [208146.800000001, 498196.208000001], [208135.296, 498208.159000002], [208123.528999999, 498221.311000001], [208112.306000002, 498234.057999998], [208102.055, 498246.037999999], [208091.307999998, 498260.473999999], [208082.324999999, 498271.822000001], [208079.204999998, 498274.912], [208068.642999999, 498288.116], [208057.363000002, 498301.951000001], [208046.063000001, 498315.568], [208023.394000001, 498343.300000001], [208004.649, 498366.094999999], [207994.804000001, 498377.885000002], [207982.383000001, 498392.958000001], [207970.848000001, 498406.989999998], [207959.449000001, 498420.870999999], [207947.787999999, 498435.109999999], [207935.077, 498450.401000001], [207923.909000002, 498464.179000001], [207912.263, 498478.372000001], [207900.767000001, 498492.295000002], [207889.629000001, 498505.723000001], [207878.840999998, 498519.024999999], [207870.142999999, 498529.498], [207858.942000002, 498543.182], [207847.044, 498557.765999999], [207834.713, 498572.899999999], [207822.881000001, 498587.649999999], [207811.010000002, 498602.18], [207800.738000002, 498614.346000001], [207789.605, 498627.925000001], [207778.100000001, 498642.285999998], [207766.563999999, 498656.285999998], [207755.129000001, 498670.193], [207743.715999998, 498684.188999999], [207726.673999999, 498704.774], [207714.995999999, 498718.879000001], [207703.026000001, 498733.346999999], [207690.805, 498747.986000001], [207683.046, 498757.373], [207671.772999998, 498770.489], [207661.532000002, 498783.02], [207649.835000001, 498797.477000002], [207638.537, 498811.337000001], [207627.134, 498825.416000001], [207616.208000001, 498838.776000001], [207606.193999998, 498851.193], [207595.044, 498864.890999999], [207584.241, 498878.157000002], [207573.535, 498891.403000001], [207562.737, 498904.938000001], [207551.072999999, 498919.164000001], [207536.409000002, 498937.102000002], [207525.039000001, 498951.074999999], [207514.067000002, 498964.748], [207502.679000001, 498978.756999999], [207491.226, 498992.899999999], [207480.442000002, 499006.177000001], [207474.467, 499013.66], [207463.710999999, 499028.113000002], [207453.068, 499042.050999999], [207442.192000002, 499056.151000001], [207431.730999999, 499069.631000001], [207420.467999998, 499083.890999999], [207406.116, 499101.666000001], [207394.986000001, 499115.616999999], [207382.059, 499131.469999999], [207369.467, 499147.238000002], [207357.552000001, 499161.93], [207345.912999999, 499176.171999998], [207335.818, 499188.631999999], [207322.320999999, 499204.101], [207309.359999999, 499220.225000001], [207296.557, 499236.385000002], [207284.728999998, 499251.774], [207271.914999999, 499269.206999999], [207260.684999999, 499285.666000001], [207249.713, 499301.986000001], [207238.699999999, 499318.728], [207226.526000001, 499337.359000001], [207211.237, 499359.204], [207199.732000001, 499373.987], [207187.594000001, 499387.313999999], [207173.704, 499401.919], [207159.987, 499416.366999999], [207146.693999998, 499430.703000002], [207133.603, 499446.925999999], [207123.993999999, 499465.285], [207115.68, 499493.537], [207110.112, 499519.702], [207105.681000002, 499541.098000001], [207101.509, 499560.877999999], [207097.326000001, 499580.627999999], [207093.153999999, 499600.427000001], [207089.116, 499619.651999999], [207084.943999998, 499638.954], [207079.870000001, 499664.642999999], [207077.59, 499685.482000001], [207076.239999998, 499706.383000001], [207074.897, 499726.27], [207073.640999999, 499744.234999999], [207070.258000001, 499763.684999999], [207065.581, 499783.215999998], [207060.203000002, 499802.403999999], [207053.975000001, 499820.813000001], [207048.175000001, 499837.260000002], [207039.872000001, 499854.454999998], [207025.252, 499869.399999999], [207008.432, 499878.726], [206990.831999999, 499886.294], [206972.998, 499894.725000001], [206955.447999999, 499904.151000001], [206939.594999999, 499913.778999999], [206924.065000001, 499923.105], [206907.158, 499933.885000002], [206889.390000001, 499945.903000001], [206872.344000001, 499959.171999998], [206858.030999999, 499973.636], [206845.182, 499989.074000001], [206833.574000001, 500004.578000002], [206822.269000001, 500019.526999999], [206809.543000001, 500033.807999998], [206794.548, 500047.776000001], [206777.909000002, 500061.131999999], [206762.921, 500072.809], [206746.635000002, 500085.890999999], [206730.533, 500098.824000001], [206714.598000001, 500110.824999999], [206699.583999999, 500124.388], [206689.208999999, 500137.232000001], [206677.033, 500155.219000001], [206667.785, 500172.298999999], [206659.684, 500191.083999999], [206652.289000001, 500210.339000002], [206644.432, 500229.096999999], [206636.706, 500247.221999999], [206627.502999999, 500264.605999999], [206613.997000001, 500279.785999998], [206597.103999998, 500293.458000001], [206582.272999998, 500305.013999999], [206563.364, 500321.186000001], [206544.791000001, 500332.339000002], [206533.539999999, 500328.212000001], [206515.923999999, 500319.945], [206497.818, 500311.892000001], [206489.324999999, 500307.559], [206479.506000001, 500303.539000001], [206460.633000001, 500297.322000001], [206452.767000001, 500294.813000001], [206442.537999999, 500288.291000001], [206418.524999999, 500269.611000001], [206380.756000001, 500240.818], [206328.473000001, 500201.587000001], [206171.000999998, 500077.783], [206160.916000001, 500065.234999999], [206130.318, 500044.721999999], [206082.776000001, 500012.265999999], [206035.488000002, 499981.158], [205886.331999999, 499867.017000001], [205871.998, 499856.089000002], [205858.144000001, 499845.895], [205858.153000001, 499845.866999999], [205859.539999999, 499841.324000001], [205860.579, 499838.798], [205867.024999999, 499818.145], [205875.710000001, 499792.353999998], [205882.916000001, 499771.285], [205888.806000002, 499753.66], [205895.916999999, 499732.806000002], [205902.903999999, 499712.640000001], [205908.958999999, 499694.999000002], [205915.658, 499674.918000001], [205921.967999998, 499656.664999999], [205929.057, 499635.601], [205936.046999998, 499615.395], [205946.219000001, 499593.267999999], [205955.633000001, 499577.107999999], [205967.938999999, 499560.726], [205982.241, 499544.206], [205996.929000001, 499528.074000001], [206012.122000001, 499512.160999998], [206018.815000001, 499504.500999998], [206023.596000001, 499497.227000002], [206029.93, 499485.681000002], [206033.675000001, 499475.704], [206036.105, 499463.467], [206037.129999999, 499453.879000001], [206036.414000001, 499443.105], [206035.175000001, 499432.142999999], [206030.416999999, 499413.859999999], [206024.243000001, 499401.079999998], [206017.107000001, 499390.096000001], [206006.669, 499378.210999999], [206000.581, 499372.592999998], [205995.120999999, 499367.298]]}, "properties": {"OBJECTID": 578, "SOORT": 1, "KPNIDENT": "3282", "STATUS": 1}}, {"type": "Feature", "id": 579, "geometry": {"type": "LineString", "coordinates": [[204216.248, 497199.487], [204215.028000001, 497204.982000001], [204210.877999999, 497224.096999999], [204206.592999998, 497243.285], [204202.035999998, 497264.488000002], [204198.397, 497283.355999999], [204194.445, 497302.395], [204190.158, 497321.699000001], [204184.135000002, 497340.675000001], [204176.530999999, 497361.249000002], [204172.609000001, 497370.988000002], [204168.752, 497379.715999998], [204163.989999998, 497388.499000002], [204159.015999999, 497397.243999999], [204149.190000001, 497414.469999999], [204138.623, 497431.484000001], [204133.658, 497440.625], [204131.285999998, 497447.820999999], [204127.346999999, 497466.041999999], [204126.978, 497468.392000001], [204126.732000001, 497469.638]]}, "properties": {"OBJECTID": 579, "SOORT": 1, "KPNIDENT": "3283", "STATUS": 1}}, {"type": "Feature", "id": 580, "geometry": {"type": "LineString", "coordinates": [[207560.539999999, 490211.916999999], [207583.543000001, 490207.927999999], [207595.776000001, 490204.737], [207614.658, 490199.817000002], [207629.151000001, 490197.158], [207651.09, 490191.307], [207668.181000002, 490184.026999999], [207681.269000001, 490178.267999999], [207732.502999999, 490149.248], [207781.574000001, 490120.888], [207804.831, 490108.616999999], [207850.758000001, 490087.346999999], [207895.166999999, 490068.065000001], [207950.210000001, 490044.340999998], [208088.421, 489984.192000002], [208142.287999999, 489961.002], [208196.886, 489937.081], [208210.581, 489929.776999999], [208222.085000001, 489922.473000001], [208235.598000001, 489912.613000002], [208265.179000001, 489887.596000001], [208368.166000001, 489795.565000001], [208439.015000001, 489733.298], [208501.282000002, 489678.517999999], [208561.723000001, 489625.197999999], [208637.32, 489558.366], [208733.550999999, 489473.638999999], [208782.943, 489431.899]]}, "properties": {"OBJECTID": 580, "SOORT": 1, "KPNIDENT": "3284", "STATUS": 1}}, {"type": "Feature", "id": 581, "geometry": {"type": "LineString", "coordinates": [[204726.787999999, 520330.907000002], [204736.912999999, 520336.598000001], [204751.432, 520343.412], [204766.829999998, 520349.787], [204787.289000001, 520358.579], [204802.467, 520369.350000001], [204812.806000002, 520380.120999999], [204822.046, 520390.671999998], [204830.102000002, 520405.353999998], [204848.800999999, 520429.313999999], [204873.519000001, 520459.026999999]]}, "properties": {"OBJECTID": 581, "SOORT": 1, "KPNIDENT": "3285", "STATUS": 1}}, {"type": "Feature", "id": 582, "geometry": {"type": "LineString", "coordinates": [[199228.213, 515829.212000001], [199228.076000001, 515830.048999999], [199223.785999998, 515850.919], [199222.719999999, 515859.826000001], [199228.752999999, 515866.936999999], [199265.243000001, 515866.612], [199269.221999999, 515866.498], [199282.528999999, 515866.328000002], [199301.681000002, 515866.177999999], [199321.118999999, 515865.899], [199340.43, 515865.673999999], [199359.864, 515865.377], [199379.078000002, 515865.193999998], [199398.620000001, 515864.956999999], [199417.978, 515864.699000001], [199437.223000001, 515864.491999999], [199456.574000001, 515864.320999999], [199475.717999998, 515864.094000001], [199494.960000001, 515863.932], [199514.302000001, 515863.664000001], [199533.541000001, 515863.379999999], [199552.967999998, 515862.533], [199572.684, 515861.318], [199591.833999999, 515859.579], [199611.274999999, 515857.613000002], [199630.686999999, 515855.596999999], [199650.050999999, 515853.715999998], [199669.368999999, 515851.800999999], [199688.511999998, 515849.796999998], [199707.864, 515848.487], [199727.436000001, 515847.993000001], [199746.294, 515847.686999999], [199765.594999999, 515847.425999999], [199784.41, 515847.067000002], [199803.495999999, 515846.697999999], [199822.778999999, 515846.333999999], [199842.144000001, 515845.912999999], [199861.309, 515845.673], [199880.168000001, 515845.399999999], [199899.353999998, 515845.015999999], [199918.495000001, 515844.636], [199938.223999999, 515844.280999999], [199955.204999998, 515844.041999999], [199973.862, 515843.638999999], [199993.011999998, 515843.272], [200012.320999999, 515842.916999999], [200031.022, 515842.548], [200050.276999999, 515842.653999999], [200068.866, 515845.221999999], [200087.947000001, 515847.936999999], [200107.177000001, 515851.909000002], [200126.710000001, 515856.890000001], [200144.651000001, 515860.728], [200163.91, 515865.449999999], [200182.852000002, 515869.631000001], [200202.423, 515873.658], [200215.280999999, 515877.454], [200217.142000001, 515878.217999998], [200226.875, 515881.27], [200237.934, 515883.861000001], [200256.925000001, 515886.817000002], [200276.113000002, 515888.877999999], [200296.026000001, 515889.249000002], [200315.784000002, 515887.947000001], [200335.151999999, 515885.888999999], [200354.662999999, 515883.445], [200374.215999998, 515880.984000001], [200394.147, 515878.359999999], [200413.484000001, 515875.806000002], [200432.827, 515873.333000001], [200451.923999999, 515870.853999998], [200471.195999999, 515868.335999999], [200490.861000001, 515866.197000001], [200510.969000001, 515863.737], [200530.317000002, 515860.335000001], [200548.377, 515852.623], [200563.875999998, 515841.199000001], [200576.353, 515830.212000001], [200597.857999999, 515833.092], [200618.838, 515833.344000001], [200638.710999999, 515832.697999999], [200658.838, 515831.276000001], [200680.528999999, 515829.839000002], [200703.686999999, 515828.443], [200727.727000002, 515826.763], [200747.929000001, 515824.956999999], [200768.010000002, 515823.087000001], [200788.513, 515821.210000001], [200808.840999998, 515819.458000001], [200829.318999998, 515817.866999999], [200847.840999998, 515816.028000001], [200868.82, 515813.942000002], [200889.964000002, 515812.102000002], [200909.738000002, 515810.103], [200929.048, 515808.363000002], [200951.465999998, 515805.864], [200971.420000002, 515803.998], [200992.699999999, 515801.857000001], [201015.197999999, 515799.653999999], [201035.329999998, 515798.151999999], [201054.458999999, 515793.653000001], [201071.833999999, 515783.407000002], [201085.851, 515769.513999999], [201097.120999999, 515753.635000002], [201107.634, 515734.848999999], [201112.618999999, 515717.285], [201118.838, 515698.827], [201125.822000001, 515680.682999998], [201134.644000001, 515663.307999998], [201147.445, 515648.557], [201162.182, 515636.708999999], [201176.603999998, 515623.804000001], [201186.657000002, 515607.066], [201189.239, 515588.434999999], [201184.528999999, 515569.324999999], [201178.223999999, 515550.539999999], [201177.421, 515530.873], [201183.783, 515513.647], [201195.173, 515497.873], [201207.006999999, 515486.035999998], [201223.193999998, 515472.52], [201237.888, 515459.438000001], [201249.451000001, 515443.399], [201253.502999999, 515424.162], [201249.206999999, 515404.693999998], [201242.943, 515387.431000002], [201237.436999999, 515369.059], [201234.177000001, 515350.105999999], [201233.453000002, 515330.541000001], [201234.870999999, 515311.423], [201237.401000001, 515292.48], [201240.550000001, 515273.578000002], [201243.743999999, 515254.826000001], [201246.642999999, 515236.579], [201248.477000002, 515217.686999999], [201250.109999999, 515198.717], [201252.055, 515179.901999999], [201256.427999999, 515162.706999999], [201268.037999999, 515145.412999999], [201280.331999999, 515130.949000001], [201291.914000001, 515116.352000002], [201303.884, 515102.022], [201314.094000001, 515087.188000001], [201323.756999999, 515070.452], [201333.214000002, 515051.875999998], [201340.557999998, 515034.530000001], [201346.449000001, 515016.532000002], [201349.868000001, 514998.237], [201349.958999999, 514979.035], [201344.714000002, 514962.642000001], [201331.789000001, 514948.681000002], [201315.366999999, 514937.335999999], [201298.636999998, 514926.484999999], [201283.260000002, 514913.574000001], [201274.833999999, 514898.449999999], [201271.550000001, 514879.572000001], [201271.699999999, 514860.028999999], [201273.285999998, 514840.408], [201275.234999999, 514820.651000001], [201277.476, 514800.445], [201279.872000001, 514781.723999999], [201282.429000001, 514761.811000001], [201281.603, 514742.785], [201277.868999999, 514722.179000001], [201268.864, 514704.118999999], [201260.973000001, 514685.890999999], [201256.452, 514666.090999998], [201253.260000002, 514645.576000001], [201251.783, 514625.392000001], [201251.513999999, 514607.022999998], [201252.557999998, 514586.826000001], [201255.877, 514566.530999999], [201260.655000001, 514546.899999999], [201266.199000001, 514526.750999998], [201271.833000001, 514506.809], [201277.897999998, 514487.223000001], [201283.925999999, 514467.982000001], [201291.467999998, 514448.309999999], [201299.131999999, 514429.309], [201307.791000001, 514408.964000002], [201316.118000001, 514390.732999999], [201324.355, 514372.208999999], [201332.791000001, 514354.524999999], [201344.425000001, 514338.399], [201360.155999999, 514324.754999999], [201375.857000001, 514312.890999999], [201391.057999998, 514301.489], [201406.791999999, 514289.647], [201423.057999998, 514278.234000001], [201447.908, 514269.883000001], [201466.329999998, 514268.669], [201485.381999999, 514266.050999999], [201504.499000002, 514266.346000001], [201523.723999999, 514264.949999999], [201544.271000002, 514258.004999999], [201559.649999999, 514246.815000001], [201573.73, 514234.52], [201588.704, 514222.067000002], [201603.978999998, 514211.131000001], [201622.874000002, 514199.989], [201640.030999999, 514191.396000002], [201657.594999999, 514182.752999999], [201675.938000001, 514177.914000001], [201695.048, 514179.833999999], [201710.585000001, 514183.778999999], [201729.736000001, 514186.022999998], [201747.909000002, 514181.749000002], [201764.816, 514172.011999998], [201778.272, 514157.960999999], [201787.498, 514141.890999999], [201793.254999999, 514124.414999999], [201795.559, 514105.546999998], [201793.844000001, 514086.671999998], [201788.984000001, 514069.682999998], [201782.727000002, 514051.670000002], [201780.675999999, 514032.807], [201786.464000002, 514014.884], [201795.899, 513998.201000001], [201806.373, 513983.024999999], [201820.010000002, 513970.18], [201837.728, 513962.425999999], [201856.515999999, 513958.438999999], [201875.348999999, 513955.114999998], [201893.640000001, 513950.581999999], [201910.155999999, 513940.890000001], [201920.405000001, 513924.210999999], [201928.405999999, 513906.539000001], [201937.690000001, 513889.454999998], [201947.780999999, 513873.050000001], [201957.077, 513859.747000001], [201969.717, 513845.447999999], [201983.572999999, 513832.837000001], [201997.041000001, 513819.932999998], [202005.690000001, 513802.934999999], [202008.204, 513781.785], [202014.614999998, 513760.022], [202024.480999999, 513744.101], [202036.732999999, 513730.103], [202050.320999999, 513716.704999998], [202064.259, 513703.067000002], [202077.804000001, 513689.567000002], [202091.460000001, 513676.055], [202105.353, 513662.401999999], [202119.248, 513648.761], [202137.015999999, 513631.353], [202150.511999998, 513618.133000001], [202164.151000001, 513604.728999998], [202177.807999998, 513591.223999999], [202191.541999999, 513577.695999999], [202206.324000001, 513563.434999999], [202220.280000001, 513549.456], [202233.838, 513536.280999999], [202247.230999999, 513522.738000002], [202257.59, 513505.572000001], [202263.888999999, 513489.359000001], [202271.938000001, 513470.987], [202280.947999999, 513452.741999999], [202291.296999998, 513435.767000001], [202304.805, 513421.305], [202324.657000002, 513410.057], [202342.153999999, 513403.054000001], [202359.499000002, 513395.923], [202376.239999998, 513386.348000001], [202390.427000001, 513373.101], [202400.892999999, 513355.464000002], [202404.385000002, 513336.952], [202401.41, 513318.642000001], [202394.449000001, 513300.999000002], [202385.206999999, 513283.932999998], [202375.620000001, 513267.289999999], [202370.035, 513249.278999999], [202369.603, 513230.548], [202371.791000001, 513211.364999998], [202374.998, 513192.056000002], [202376.973999999, 513182.653999999], [202381.074000001, 513163.940000001], [202385.022, 513144.499000002], [202389.265999999, 513125.528000001], [202393.271000002, 513106.662], [202398.765000001, 513081.370999999], [202402.982999999, 513062.66], [202407.381000001, 513044.166000001], [202411.416000001, 513024.870000001], [202413.309, 513005.818999998], [202409.664000001, 512995.397999998], [202395.789000001, 512981.456], [202378.120000001, 512973.089000002], [202360.767000001, 512964.839000002], [202343.842999998, 512956.914000001], [202326.397, 512948.331], [202305.070999999, 512938.153000001], [202284.467999998, 512928.247000001], [202263.884, 512918.359999999], [202246.124000002, 512909.916999999], [202226.002999999, 512900.169], [202204.681000002, 512890.066], [202185.931000002, 512881.041999999], [202166.699000001, 512871.954999998], [202147.169, 512862.530999999], [202128.201000001, 512853.243000001], [202108.802999999, 512843.552999999], [202089.98, 512832.68], [202069.620999999, 512823.232000001], [202054.368999999, 512811.311000001], [202046.278000001, 512788.568999998], [202042.243000001, 512768.326000001], [202044.539000001, 512745.375999998], [202050.153000001, 512724.188999999], [202055.631999999, 512704.557], [202062.223000001, 512680.669], [202068.624000002, 512658.977000002], [202074.085000001, 512636.907000002], [202076.982999999, 512614.462000001], [202078.625, 512595.085000001], [202080.063999999, 512574.697999999], [202081.947999999, 512553.157000002], [202084.033, 512527.190000001], [202085.5, 512507.173999999], [202087.101, 512487.463], [202088.274, 512472.386999998], [202090.324999999, 512445.943999998], [202091.756999999, 512422.098999999], [202092.405999999, 512400.848999999], [202092.548999999, 512379.331999999], [202091.993999999, 512358.866], [202091.526999999, 512338.629000001], [202090.879000001, 512316.223999999], [202089.561999999, 512297.723000001], [202088.186999999, 512276.837000001], [202090.284000002, 512258.664999999], [202105.011999998, 512236.405999999], [202118.509, 512217.59], [202121.077, 512197.125], [202115.151999999, 512178.204999998], [202106.675000001, 512156.114999998], [202098.166000001, 512133.647], [202095.232999999, 512110.960000001], [202100.613000002, 512088.857000001], [202112.800000001, 512064.506000001], [202126.052999999, 512037.829], [202134.100000001, 512020.612], [202141.511999998, 512003.278000001], [202148.567000002, 511985.316], [202154.181000002, 511966.52], [202156.010000002, 511945.66], [202154.923, 511926.289999999], [202153.458000001, 511907.190000001], [202154.585000001, 511888.548999999], [202156.877, 511869.456], [202162.068999998, 511844.065000001], [202166.138, 511826.294], [202170.68, 511808.611000001], [202176.081999999, 511790.307], [202175.280999999, 511789.392000001], [202177.704, 511777.965999998], [202174.462000001, 511759.388999999], [202174.136, 511750.423], [202178.833000001, 511742.842999998], [202179.401999999, 511742.024999999], [202180.019000001, 511741.140000001], [202184.370000001, 511737.827], [202184.410999998, 511737.796], [202185.061000001, 511736.98], [202185.864, 511735.895], [202186.702, 511734.761999998], [202191.368000001, 511728.392000001], [202192.173999999, 511727.269000001], [202194.134, 511724.535999998], [202196.306000002, 511720.787999999], [202197.127999999, 511719.370000001], [202197.789000001, 511713.592999998], [202189.875999998, 511696.324000001], [202185.454999998, 511677.861000001], [202184.684999999, 511659.173999999], [202187.673, 511640.138999999], [202194.113000002, 511622.388], [202203.296, 511606.149], [202215.295000002, 511590.556000002], [202227.956999999, 511575.940000001], [202241.931000002, 511559.965], [202255.403999999, 511544.868999999], [202265.603, 511533.322000001], [202276.017999999, 511521.627], [202288.488000002, 511507.491], [202299.464000002, 511495.204999998], [202301.283, 511493.169], [202313.706999999, 511479.032000002], [202326.68, 511464.289000001], [202338.252, 511449.291999999], [202348.009, 511433.813999999], [202358.447999999, 511418.002], [202363.309, 511400.07], [202368.572999999, 511382.131999999], [202374.934999999, 511355.366999999], [202379.397, 511337.102000002], [202387.147999998, 511319.065000001], [202395.228, 511300.923999999], [202404.522, 511282.157000002], [202412.998, 511256.987], [202419.159000002, 511238.813000001], [202425.074000001, 511220.943], [202431.228999998, 511202.952], [202437.436999999, 511184.537999999], [202443.039000001, 511166.940000001], [202448.232000001, 511148.914999999], [202452.958000001, 511130.245999999], [202457.478999998, 511111.385000002], [202462.197000001, 511095.987], [202469.631999999, 511082.252], [202480.046999998, 511065.892000001], [202491.601, 511051.565000001], [202503.175000001, 511037.409000002], [202514.813000001, 511023.160999998], [202526.827, 511009.022999998], [202535.771000002, 510997.725000001], [202538.780999999, 510993.923], [202550.998, 510978.956], [202563.329, 510963.357000001], [202576.956, 510951.221999999], [202590.454, 510938.695999999], [202587.638999999, 510930.684], [202578.366, 510912.943999998], [202568.583999999, 510895.991], [202559.570999999, 510879.131000001], [202550.589000002, 510862.594999999], [202541.396000002, 510845.590999998], [202531.721000001, 510827.964000002], [202521.982999999, 510810.811000001], [202516.173, 510792.881999999], [202517.355, 510773.611000001], [202524.600000001, 510755.5], [202533.585999999, 510738.009], [202541.484999999, 510720.328000002], [202549.931000002, 510703.197000001], [202558.287999999, 510685.509], [202566.783, 510667.824999999], [202576.478, 510648.193], [202585.298, 510630.449999999], [202593.252999999, 510612.673999999], [202601.852000002, 510595.18], [202609.978999998, 510578.169], [202619.155000001, 510559.353], [202628.982000001, 510538.024], [202638.952, 510517.752999999], [202648.208999999, 510497.991], [202657.666000001, 510478.177000001], [202666.447000001, 510459.532000002], [202674.151000001, 510443.644000001], [202683.331, 510424.662999999], [202692.420000002, 510405.162999999], [202701.550999999, 510386.153000001], [202710.120000001, 510368.136], [202719.423, 510348.743999999], [202729.559999999, 510327.600000001], [202738.624000002, 510308.958999999], [202747.243000001, 510290.267000001], [202756.118000001, 510271.425999999], [202765.227000002, 510253.118999999], [202774.515000001, 510233.173], [202779.677999999, 510224.305], [202787.044, 510216.633000001], [202803.249000002, 510204.18], [202819.397, 510192.013999999], [202835.690000001, 510179.677999999], [202852.761999998, 510166.572000001], [202869.046999998, 510153.954999998], [202887.651000001, 510145.074000001], [202907.971999999, 510143.629999999], [202928.958999999, 510142.870999999], [202948.669, 510142.600000001], [202968.713, 510141.778000001], [202988.721000001, 510141.515000001], [202996.732999999, 510141.342], [202996.971999999, 510141.190000001], [202998.524, 510140.646000002], [203009.706999999, 510138.201000001], [203014.890999999, 510135.452], [203017.09, 510121.375], [203019.528000001, 510102.374000002], [203020.938999999, 510082.734000001], [203022.090999998, 510063.443999998], [203024.057999998, 510043.892000001], [203027.011, 510023.197000001], [203029.958999999, 510004.482999999], [203032.355999999, 509985.022], [203033.998, 509965.136], [203034.556000002, 509942.960999999], [203034.971999999, 509923.923], [203034.502999999, 509898.555], [203034.138, 509878.921999998], [203035.952, 509859.015000001], [203037.750999998, 509839.945], [203044.684999999, 509814.502999999], [203047.949000001, 509800.769000001], [203052.232000001, 509781.938000001], [203055.111000001, 509762.901999999], [203058.146000002, 509743.285], [203062.986000001, 509723.995000001], [203069.259, 509705.223999999], [203076.497000001, 509687.758000001], [203085.973999999, 509671.114], [203097.991, 509655.885000002], [203112.076000001, 509642.706999999], [203127.760000002, 509630.5], [203144.318999998, 509618.910999998], [203160.517000001, 509607.971999999], [203176.265999999, 509595.405000001], [203188.988000002, 509580.666000001], [203198.089000002, 509563.272], [203204.274, 509545.353], [203207.506999999, 509526.618999999], [203208.706999999, 509507.383000001], [203209.469999999, 509487.616999999], [203210.202, 509468.267000001], [203210.868000001, 509447.971000001], [203211.147, 509428.243999999], [203211.056000002, 509408.318], [203211.136999998, 509388.164000001], [203211.805, 509367.151000001], [203214.681000002, 509346.732999999], [203220.041000001, 509327.412], [203227.164999999, 509308.511], [203234.916000001, 509290.331999999], [203241.567000002, 509274.984999999], [203249.034000002, 509257.311000001], [203256.699999999, 509238.657000002], [203264.098000001, 509220.513999999], [203271.287, 509203.425000001], [203279.184, 509185.379000001], [203287.75, 509164.993999999], [203295.826000001, 509145.015999999], [203303.008000001, 509124.318], [203308.616999999, 509105.313000001], [203313.230999999, 509085.601], [203319.881000001, 509065.756000001], [203327.969000001, 509046.93], [203338.118999999, 509029.488000002], [203349.197000001, 509012.079], [203360.923, 508996.487], [203372.011999998, 508981.085999999], [203382.800999999, 508964.978999998], [203392.302999999, 508947.317000002], [203402.708000001, 508930.07], [203413.134, 508913.394000001], [203423.046, 508896.289000001], [203427.48, 508876.375], [203419.977000002, 508857.649999999], [203407.195, 508842.190000001], [203398.147999998, 508829.684999999], [203388.993999999, 508811.199999999], [203384.693999998, 508790.833999999], [203382.539000001, 508772.022999998], [203382.083999999, 508752.508000001], [203381.947000001, 508733.055], [203380.706, 508712.589000002], [203375.136999998, 508692.791000001], [203365.068, 508675.585000001], [203352.873, 508658.671], [203340.361000001, 508642.32], [203327.373, 508626.024], [203315.107999999, 508611.024], [203303.362, 508596.725000001], [203291.477000002, 508581.997000001], [203280.800999999, 508567.947999999], [203270.18, 508552.75], [203260.118000001, 508536.640999999], [203250.949999999, 508519.421], [203243.057, 508502.374000002], [203237.02, 508487.293000001], [203231.399999999, 508468.256000001], [203227.241999999, 508448.949999999], [203224.289999999, 508429.193], [203220.993000001, 508409.805], [203217.083000001, 508390.223999999], [203212.425999999, 508370.971000001], [203207.719000001, 508351.916000001], [203203.875999998, 508331.982999999], [203200.278000001, 508312.657000002], [203198.482000001, 508296.397999998], [203197.522999998, 508276.695999999], [203196.848000001, 508256.962000001], [203195.293000001, 508237.030999999], [203193.186000001, 508218.129999999], [203190.089000002, 508197.813999999], [203186.427999999, 508178.824000001], [203181.488000002, 508159.010000002], [203174.899999999, 508140.037], [203165.557, 508122.734000001], [203152.918000001, 508107.057999998], [203136.892000001, 508094.077], [203118.923999999, 508084.388999999], [203099.997000001, 508076.109000001], [203081.423, 508068.306000002], [203064.556000002, 508061.427999999], [203045.024, 508053.486000001], [203028.195999999, 508046.655000001], [203010.835999999, 508039.809], [202993.199999999, 508033.008000001], [202974.958999999, 508026.295000002], [202956.511, 508019.530999999], [202938.131999999, 508012.517999999], [202920.215999998, 508005.008000001], [202902.840999998, 507996.497000001], [202884.673999999, 507985.761999998], [202867.927000001, 507973.734000001], [202852.638, 507960.763], [202839.526000001, 507948.488000002], [202825.315000001, 507934.600000001], [202810.976, 507920.528999999], [202797.236000001, 507907.124000002], [202783.386, 507893.239], [202769.818, 507878.862], [202757.041000001, 507863.875], [202746.182, 507849.096000001], [202736.449999999, 507832.017000001], [202727.947999999, 507814.057], [202720.445999999, 507795.670000002], [202712.118000001, 507776.712000001], [202704.452, 507759.965], [202695.811999999, 507741.936000001], [202686.802999999, 507723.747000001], [202677.079, 507706.230999999], [202665.249000002, 507689.815000001], [202652.787, 507675.598999999], [202638.905000001, 507661.088], [202625.958999999, 507647.370000001], [202611.559999999, 507631.59], [202598.467, 507616.785], [202585.925000001, 507602.458999999], [202572.576000001, 507587.298], [202559.149, 507572.145], [202545.677000001, 507557.155999999], [202532.909000002, 507542.980999999], [202520.243999999, 507529.074000001], [202506.784000002, 507514.640999999], [202492.886, 507499.550000001], [202479.203000002, 507485.18], [202465.888, 507471.225000001], [202447.875, 507452.149999999], [202434.337000001, 507437.338], [202420.765000001, 507421.761], [202409.004999999, 507405.456999999], [202398.859999999, 507388.741999999], [202389.352000002, 507371.940000001], [202379.579999998, 507354.620999999], [202369.611000001, 507337.090999998], [202359.719000001, 507320.552999999], [202348.987, 507303.318], [202338.138999999, 507286.745999999], [202326.721000001, 507270.644000001], [202312.348999999, 507254.868000001], [202297.609999999, 507242.181000002], [202281.471999999, 507229.850000001], [202265.013999999, 507219.765000001], [202243.657000002, 507207.708999999], [202226.245000001, 507197.903000001], [202209.818999998, 507187.73], [202192.649, 507176.852000002], [202176.193999998, 507166.386999998], [202158.673999999, 507155.098000001], [202142.136999998, 507144.388999999], [202125.561000001, 507133.425999999], [202109.350000001, 507122.342], [202093.568999998, 507110.977000002], [202078.171, 507099.232999999], [202063.462000001, 507087.260000002], [202049.462000001, 507075.344999999], [202035.399999999, 507062.873], [202021.368999999, 507050.208999999], [202014.07, 507043.545000002], [202000.395, 507030.794], [201986.451000001, 507017.476], [201973.127999999, 507004.438999999], [201960.155000001, 506990.831], [201948.840999998, 506975.127999999], [201938.140000001, 506958.546999998], [201927.629999999, 506941.300999999], [201916.02, 506925.624000002], [201903.274, 506910.421999998], [201891.947999999, 506896.133000001], [201880.975000001, 506880.914000001], [201870.267999999, 506864.364], [201860.353, 506848.197000001], [201858.004999999, 506842.335000001], [201857.726, 506841.717]]}, "properties": {"OBJECTID": 582, "SOORT": 1, "KPNIDENT": "3286", "STATUS": 1}}, {"type": "Feature", "id": 583, "geometry": {"type": "LineString", "coordinates": [[204873.519000001, 520459.026999999], [204893.237, 520482.728999998], [204926.098000001, 520519.390999999], [204941.276999999, 520538.734000001], [204974.493999999, 520584.675999999], [204995.910999998, 520616.971999999], [205010.210000001, 520638.294], [205025.388999999, 520660.056000002], [205041.886999998, 520681.598000001], [205064.846000001, 520708.320999999], [205092.563999999, 520739.975000001], [205111.984000001, 520761.425999999], [205170.719000001, 520821.875], [205240.081999999, 520894.798], [205303.524999999, 520960.892000001], [205350.601, 521009.91], [205418.912, 521081.122000001], [205471.77, 521135.710999999], [205520.688999999, 521187.267000001], [205558.745999999, 521226.614], [205571.59, 521239.943], [205587.868999999, 521255.329999998], [205623.066, 521285.445], [205643.609000001, 521302.032000002], [205660.327, 521314.340999998], [205691.125, 521334.125], [205719.502, 521350.171], [205737.414000001, 521359.715], [205747.973000001, 521364.991], [205788.009, 521381.256999999], [205836.844999999, 521400.820999999], [205895.945, 521426.186999999], [205930.263, 521440.914999999], [205979.41, 521461.877], [206012.848000001, 521476.603999998], [206040.193, 521491.208000001], [206067.250999998, 521508.794], [206128.625, 521550.559], [206220.737, 521613.388], [206270.232999999, 521648.118999999], [206304.438000001, 521674.195999999], [206350.634, 521715.081999999], [206373.379999999, 521737.418000001], [206415.175999999, 521779.622000001], [206438.131000001, 521802.587000001], [206456.465, 521819.272], [206473.636, 521831.305], [206492.248, 521841.061000001], [206509.256000001, 521848.984999999], [206528.381999999, 521855.526999999], [206542.559999999, 521857.390999999], [206559.728, 521859.732000001], [206580.670000002, 521859.989], [206602.181000002, 521858.090999998], [206619.282000002, 521854.851], [206636.728, 521850.241], [206651.713, 521845.975000001], [206670.557999998, 521839.826000001], [206693.761999998, 521832.057], [206714.662999999, 521825.829999998], [206730.151999999, 521820.620000001], [206745.195999999, 521815.806000002], [206757.109999999, 521811.234000001], [206771.982999999, 521805.647], [206794.568, 521798.022999998], [206810.806000002, 521792.055], [206827.925000001, 521786.050000001], [206839.697000001, 521782.07], [206859.859000001, 521774.502999999], [206880.708999999, 521766.307999998], [206901.960000001, 521758.385000002], [206919.772, 521751.633000001], [206939.085999999, 521744.048999999], [206958.212000001, 521736.460999999], [206978.93, 521728.837000001], [206999.535, 521721.109000001], [207019.037999999, 521713.215999998], [207032.835000001, 521708.230999999], [207051.502999999, 521701.627], [207073.004000001, 521693.370000001], [207093.390999999, 521685.169], [207112.160999998, 521677.419], [207124.723999999, 521673.017000001], [207143.592999998, 521665.929000001], [207163.243000001, 521658.511999998], [207184.552000001, 521650.142999999], [207204.969000001, 521642.214000002], [207216.574999999, 521637.311999999], [207236.359000001, 521629.666999999], [207255.443, 521622.861000001], [207277.017000001, 521614.585999999], [207300.054000001, 521605.853999998], [207313.309999999, 521600.943], [207335.487, 521592.581], [207348.256999999, 521576.088], [207347.681000002, 521559.030000001], [207363.883000001, 521557.826000001], [207383.074999999, 521554.870999999], [207401.778000001, 521556.342999998], [207418.989, 521548.473999999], [207441.087000001, 521543.827], [207461.835999999, 521538.688000001], [207479.793000001, 521533.620000001], [207499.129999999, 521528.193], [207518.041000001, 521522.267000001], [207536.675000001, 521514.673], [207557.002, 521507.193999998], [207578.300000001, 521499.074999999], [207595.23, 521492.965], [207612.357000001, 521486.651000001], [207631.855999999, 521479.421], [207652.414999999, 521471.634], [207669.329, 521463.267999999], [207678.721999999, 521460.390000001], [207701.614, 521451.750999998], [207726.732000001, 521442.405999999], [207748.677999999, 521434.083000001], [207767.971999999, 521427.366], [207787.559, 521419.622000001], [207808.408, 521411.248], [207829.552000001, 521403.443999998], [207846.703000002, 521396.921999998], [207867.625, 521389.420000002], [207885.265999999, 521382.758000001], [207907.607000001, 521374.280000001], [207923.513999999, 521368.250999998], [207941.423, 521361.258000001], [207959.699999999, 521354.214000002], [207979.401999999, 521346.706999999], [207999.202, 521338.971000001], [208017.423, 521332.463], [208036.842, 521325.427000001], [208054.436000001, 521318.445], [208075.063000001, 521311.228999998], [208094.714000002, 521303.449000001], [208111.886999998, 521296.603], [208129.120999999, 521289.787], [208145.552999999, 521283.445], [208167.811999999, 521274.833000001], [208183.096000001, 521268.75], [208202.756999999, 521261.467], [208221.322000001, 521255.013], [208238.480999999, 521248.896000002], [208258.956, 521240.853999998], [208280.166999999, 521233.199000001], [208295.855999999, 521227.263], [208316.544, 521219.609000001], [208334.024, 521212.524], [208351.065000001, 521206.318], [208369.423, 521199.449999999], [208388.478, 521191.945999999], [208407.645, 521184.603], [208426.765999999, 521177.379999999], [208436.263999999, 521173.727000002], [208452.112, 521168.056000002], [208474.011, 521160.791000001], [208480.767000001, 521158.125], [208485.149999999, 521156.368000001], [208499.460999999, 521150.440000001], [208517.721999999, 521144.635000002], [208540.217, 521136.583999999], [208559.412, 521129.449000001], [208578.300000001, 521122.451000001], [208596.414999999, 521115.989], [208614.532000002, 521109.907000002], [208636.267999999, 521102.706999999], [208655.401999999, 521096.640000001], [208674.783, 521091.144000001], [208694.079, 521085.791000001], [208712.574000001, 521080.910999998], [208735.782000002, 521075.333000001], [208754.504999999, 521071.116], [208773.228999998, 521067.079], [208792.670000002, 521063.145], [208811.535, 521059.681000002], [208839.504000001, 521054.522999998], [208858.598000001, 521051.379000001], [208877.719999999, 521048.568], [208896.690000001, 521046.039999999], [208915.658, 521043.651999999], [208935.554000001, 521041.592], [208954.543000001, 521039.778000001], [208973.373, 521038.427999999], [208991.921999998, 521037.521000002], [209010.274, 521036.276000001], [209038.068, 521035.23], [209055.646000002, 521034.673], [209073.592999998, 521034.386], [209090.438000001, 521034.27], [209109.037999999, 521034.254000001], [209121.853, 521034.427999999], [209140.055, 521034.977000002], [209158.938000001, 521035.635000002], [209177.616, 521036.636999998], [209195.747000001, 521037.774], [209213.605, 521039.129000001], [209223.903000001, 521040.090999998], [209242.938999999, 521041.631999999], [209262.129000001, 521043.894000001], [209281.723999999, 521046.263], [209301.322000001, 521048.759], [209320.491, 521051.375], [209332.748, 521053.272999998], [209351.041000001, 521056.550999999], [209368.636, 521062.611000001], [209385.504999999, 521069.287999999], [209404.210000001, 521072.861000001], [209423.693999998, 521076.300999999], [209444.750999998, 521079.528999999], [209463.916000001, 521083.044], [209482.322999999, 521086.363000002], [209492.815000001, 521089.101], [209520.195999999, 521090.829999998], [209542.184, 521092.16], [209564.842999998, 521095.989], [209583.649, 521099.100000001], [209602.973999999, 521102.078000002], [209622.316, 521105.151000001], [209644.68, 521109.098999999], [209663.544, 521112.800999999], [209682.684999999, 521115.921999998], [209701.853999998, 521119.050999999], [209720.013, 521122.566], [209735.263, 521124.853], [209754.364, 521129.249000002], [209785.857000001, 521137.566], [209791.129000001, 521137.782000002], [209809.399, 521141.822999999], [209832.548, 521146.578000002], [209853.276000001, 521149.543000001], [209873.331999999, 521151.282000002], [209876.460000001, 521152.403000001], [209914.024999999, 521151.421], [209931.440000001, 521152.737], [209948.357000001, 521155.087000001], [209967.188000001, 521158.456], [209986.442000002, 521161.695999999], [209994.734000001, 521162.886], [210013.283, 521166.723999999], [210035.467, 521171.274], [210054.719999999, 521176.022], [210074.420000002, 521181.120999999], [210093.726, 521186.250999998], [210112.524999999, 521191.809999999], [210130.16, 521197.298], [210149.377, 521204.342], [210167.736000001, 521211.048], [210186.022, 521217.802000001], [210203.886999998, 521224.947000001], [210224.300000001, 521233.463], [210242.800000001, 521242.076000001], [210260.59, 521250.695999999], [210278.107000001, 521259.451000001], [210295.649999999, 521268.741999999], [210312.721999999, 521278.603999998], [210330.285999998, 521288.524], [210347.783, 521298.706999999], [210364.188999999, 521309.011], [210380.863000002, 521319.614999998], [210399.533, 521332.844000001], [210415.284000002, 521344.868999999], [210431.502, 521356.719000001], [210446.68, 521368.247000001], [210462.032000002, 521380.892999999], [210470.329999998, 521387.723000001], [210483.144000001, 521398.688999999], [210498.789999999, 521411.890999999], [210514.728, 521425.418000001], [210531.092, 521438.728999998], [210549.215999998, 521454.149999999], [210565.250999998, 521467.169], [210581.041999999, 521479.655000001], [210597.114999998, 521492.120000001], [210612.886, 521504.028000001], [210629.581999999, 521516.704], [210644.927000001, 521528.657000002], [210660.791999999, 521540.842], [210677.25, 521552.912], [210692.749000002, 521564.59], [210706.796, 521575.761999998], [210722.015999999, 521587.276999999], [210737.982999999, 521598.697999999], [210754.259, 521610.640000001], [210770.795000002, 521622.77], [210783.875999998, 521631.914999999], [210799.725000001, 521643.265999999], [210816.658, 521655.760000002], [210834.478, 521667.534000002], [210851.359000001, 521679.951000001], [210864.173, 521688.298999999], [210880.454999998, 521699.822999999], [210898.006999999, 521711.877999999], [210916.636, 521723.622000001], [210933.480999999, 521735.285], [210954.416999999, 521748.789000001], [210971.657000002, 521760.307], [210989.109000001, 521771.431000002], [211006.252999999, 521782.919], [211023.307, 521794.184], [211039.609000001, 521804.162], [211056.331999999, 521814.800000001], [211074.331, 521826.283], [211090.973999999, 521836.425999999], [211108.144000001, 521846.982999999], [211124.48, 521857.309999999], [211143.601, 521869.388999999], [211161.611000001, 521880.829], [211180.374000002, 521893.245999999], [211197.309999999, 521904.111000001], [211212.338, 521914.138999999], [211227.300999999, 521924.800999999], [211241.929000001, 521934.438000001], [211261.363000002, 521947.048999999], [211279.791999999, 521958.971999999], [211290.601, 521966.076000001], [211293.653999999, 521962.083000001], [211300.357000001, 521950.614], [211306.782000002, 521940.48], [211312.526000001, 521931.943], [211323.039999999, 521922.578000002], [211324.988000002, 521920.914999999], [211328.555, 521917.857999999], [211338.061000001, 521910.074999999], [211346.438000001, 521903.965999998], [211358.438999999, 521896.798999999], [211362.864999998, 521896.285], [211366.811000001, 521895.846999999], [211377.888999999, 521894.293000001], [211386.502999999, 521892.932], [211402.509, 521890.682999998], [211411.386, 521888.364999998], [211427.057, 521878.546999998], [211441.199000001, 521867.850000001], [211455.960000001, 521856.473999999], [211471.294, 521845.396000002], [211488.730999999, 521837.590999998], [211501.338, 521833.210999999], [211519.105, 521828.807], [211537.897999998, 521825.885000002], [211557.192000002, 521823.454], [211575.500999998, 521822.337000001], [211593.355, 521821.181000002], [211611.870000001, 521820.460000001], [211636.317000002, 521819.046999998], [211653.660999998, 521818.427999999], [211671.329999998, 521814.037], [211688.23, 521809.044], [211706.147, 521805.344000001], [211728.592999998, 521802.846999999], [211747.988000002, 521800.717], [211766.089000002, 521798.623], [211782.622000001, 521796.431000002], [211788.594999999, 521796.463]]}, "properties": {"OBJECTID": 583, "SOORT": 1, "KPNIDENT": "3359", "STATUS": 1}}, {"type": "Feature", "id": 584, "geometry": {"type": "LineString", "coordinates": [[205470.219000001, 488882.267000001], [205471.182, 488887.326000001], [205474.704999998, 488908.23], [205477.633000001, 488926.269000001], [205480.703000002, 488950.368999999], [205483.655000001, 488968.284000002], [205484.802000001, 488986.5], [205486.449999999, 489005.804000001], [205487.502999999, 489025.588], [205488.671999998, 489052.024999999], [205489.184999999, 489072.015000001], [205489.603999998, 489092.138], [205489.91, 489111.660999998], [205490.162999999, 489131.493999999], [205490.495000001, 489149.909000002], [205490.848000001, 489176.034000002], [205491.090999998, 489195.752999999], [205491.379999999, 489214.649999999], [205491.616, 489232.910999998], [205491.91, 489250.721999999], [205492.072000001, 489269.982999999], [205492.497000001, 489288.186999999], [205492.960000001, 489307.660999998], [205493.963, 489326.991], [205496.138999999, 489349.554000001], [205499.274999999, 489369.579], [205503.296, 489389.596000001], [205508.445999999, 489409.092999998], [205514.142999999, 489427.577], [205516.151999999, 489433.004999999]]}, "properties": {"OBJECTID": 584, "SOORT": 1, "KPNIDENT": "3360", "STATUS": 1}}, {"type": "Feature", "id": 585, "geometry": {"type": "LineString", "coordinates": [[200494.293000001, 501615.019000001], [200493.649999999, 501615.421], [200475.818, 501617.48], [200456.181000002, 501616.388999999], [200435.702, 501614.780999999], [200416.471999999, 501615.18], [200399.015000001, 501620.302999999], [200383.431000002, 501629.899], [200368.555, 501644.256000001], [200353.102000002, 501658.965999998], [200339.061999999, 501673.852000002], [200325.399999999, 501689.030000001], [200312.133000001, 501704.401999999], [200297.789999999, 501719.727000002], [200284.572999999, 501734.712000001], [200271.011, 501749.701000001], [200257.800000001, 501764.66], [200244.877, 501780.046], [200233.442000002, 501797.164999999], [200223.574999999, 501813.804000001], [200216.418000001, 501832.041999999], [200211.484000001, 501850.796999998], [200208.568, 501870.524999999], [200205.791999999, 501892.103], [200203.157000002, 501911.866], [200200.833000001, 501931.785], [200198.274, 501951.866999999], [200196.295000002, 501971.774999999], [200194.210999999, 501992.041000001], [200193.357999999, 502012.649999999], [200190.618000001, 502037.877], [200188.013, 502050.714000002], [200186.092999998, 502071.133000001], [200180.467999998, 502090.738000002], [200172.73, 502110.828000002], [200163.903999999, 502128.675999999], [200154.239, 502146.368999999], [200144.517999999, 502163.666000001], [200133.883000001, 502182.471000001], [200123.941, 502199.517999999], [200114.147999998, 502216.866], [200104.285999998, 502234.662999999], [200094.284000002, 502251.339000002], [200083.802000001, 502267.622000001], [200074.903999999, 502281.238000002], [200089.795000002, 502300.078000002], [200102.177999999, 502315.662999999], [200113.734000001, 502331.500999998], [200125.364999998, 502346.625], [200138.550000001, 502361.460999999], [200150.464000002, 502376.568], [200162.425999999, 502391.517999999], [200173.245000001, 502407.170000002], [200183.219000001, 502421.456999999], [200192.293000001, 502436.912], [200202.941, 502454.881000001], [200212.852000002, 502470.864999998], [200223.916000001, 502487.467], [200234.236000001, 502503.699000001], [200239.559999999, 502511.293000001], [200240.499000002, 502512.710999999], [200243.157000002, 502514.943], [200250.048, 502525.506999999], [200254.363000002, 502531.015000001], [200264.671999998, 502545.32], [200266.579999998, 502548.309], [200279.508000001, 502564.743999999], [200291.390000001, 502579.958000001], [200305.289000001, 502596.173], [200317.443, 502612.022999998], [200330.333000001, 502628.530999999], [200335.607000001, 502637.019000001], [200343.627999999, 502647.166999999], [200350.405000001, 502656.914999999], [200350.462000001, 502656.967], [200352.351, 502659.592999998], [200354.614, 502661.394000001], [200364.585000001, 502673.666000001], [200375.579999998, 502686.065000001], [200388.094000001, 502701.190000001], [200401.432, 502716.533], [200414.114999998, 502732.886], [200426.594000001, 502749.291999999], [200439.195, 502765.377], [200452.816, 502783.668000001], [200466.278999999, 502801.081999999], [200479.416999999, 502817.901999999], [200493.238000002, 502835.636999998], [200508.519000001, 502854.636999998], [200524.146000002, 502874.566], [200539.18, 502893.785], [200551.136, 502909.114999998], [200562.267999999, 502922.941], [200570.684999999, 502932.598999999], [200581.927999999, 502947.581999999], [200595.712000001, 502965.213], [200607.500999998, 502980.155999999], [200620.408, 502996.93], [200631.780999999, 503011.828000002], [200643.874000002, 503026.017999999], [200656.096000001, 503041.752], [200670.533, 503059.289999999], [200684.690000001, 503076.522999998], [200695.344000001, 503089.576000001], [200708.73, 503106.515999999], [200720.785999998, 503121.395], [200732.535999998, 503137.504000001], [200744.289000001, 503152.280000001], [200757.159000002, 503167.960000001], [200770.373, 503183.289999999], [200783.210999999, 503198.855999999], [200798.816, 503215.570999999], [200813.164999999, 503229.024], [200823.381999999, 503237.885000002], [200824.102000002, 503238.258000001], [200833.098999999, 503239.552999999], [200842.412, 503234.568], [200856.651999999, 503221.874000002], [200868.385000002, 503221.596999999], [200882.93, 503235.177999999], [200897.136999998, 503248.449999999], [200910.234999999, 503260.578000002], [200921.776000001, 503271.375], [200935.818, 503284.423999999], [200949.258000001, 503298.73], [200959.081, 503315.941], [200966.322999999, 503336.607999999], [200966.708999999, 503356.688999999], [200968.149999999, 503375.787999999], [200971.346999999, 503395.748], [200977.190000001, 503414.934999999], [200986.280000001, 503434.134], [200994.857999999, 503451.602000002], [201007.122000001, 503467.929000001], [201020.730999999, 503483.861000001], [201033.272999998, 503499.622000001], [201043.923999999, 503514.453000002], [201057.366999999, 503530.188000001], [201068.226, 503544.927999999], [201080.123, 503559.357999999], [201092.394000001, 503575.254999999], [201104.607999999, 503594.589000002], [201117.761999998, 503605.171999998], [201135.306000002, 503613.895], [201153.576000001, 503621.627], [201172.102000002, 503628.182], [201193.572999999, 503633.333000001], [201212.989999998, 503636.653999999], [201232.73, 503636.879999999], [201251.901999999, 503634.250999998], [201271.085999999, 503630.441], [201292.254999999, 503624.366], [201310.681000002, 503616.219999999], [201328.432999998, 503606.241], [201344.872000001, 503593.649999999], [201360.611000001, 503580.034000002], [201369.890000001, 503581.043000001], [201378.441, 503589.686999999], [201392.159000002, 503603.153000001], [201406, 503617.653999999], [201420.710999999, 503632.295000002], [201434.666999999, 503645.963], [201446.519000001, 503657.780999999], [201444.899999999, 503668.510000002], [201437.193, 503680.287999999], [201432.745000001, 503700.063000001], [201427.346000001, 503719.467], [201422.125, 503738.625], [201414.23, 503757.300000001], [201402.302000001, 503773.184], [201388.298999999, 503788.333999999], [201379.960999999, 503806.493999999], [201395.447999999, 503817.109000001], [201415.355, 503820.423999999], [201434.835000001, 503823.401000001], [201454.028000001, 503826.215999998], [201473.285999998, 503829.612], [201497.037, 503833.723999999], [201516.171, 503835.863000002], [201533.631000001, 503838.050999999], [201553.436000001, 503839.489999998], [201572.881000001, 503840.693], [201595.241999999, 503842.098000001], [201616.953000002, 503842.774999999], [201638.921999998, 503841.785], [201660.578000002, 503840.125999998], [201682.388999999, 503837.806000002], [201697.818, 503835.125], [201703.011, 503834.223000001], [201722.714000002, 503829.612], [201739.598999999, 503819.973999999], [201756.357000001, 503806.465], [201769.782000002, 503795.785999998], [201786.081, 503782.813999999], [201801.510000002, 503771.184], [201816.827, 503758.982000001], [201832.418000001, 503746.688999999], [201847.318, 503734.848000001], [201862.331999999, 503722.789000001], [201877.405000001, 503710.704], [201893.627999999, 503700.431000002], [201910.333999999, 503690.545000002], [201927.476, 503680.596000001], [201948.636, 503668.306000002], [201966.633000001, 503658.772999998], [201985.074000001, 503649.776999999], [202003.298, 503640.515000001], [202022.09, 503631.631000001], [202041.991999999, 503622.329], [202060.449999999, 503616.239], [202081.419, 503619.745000001], [202082.238000002, 503619.274999999], [202098.791000001, 503609.782000002], [202113.765999999, 503596.850000001], [202123.092, 503580.370000001], [202139.809, 503568.839000002], [202152.081999999, 503552.498], [202165.771000002, 503536.434999999], [202181.212000001, 503522.925000001], [202193.732000001, 503511.067000002], [202208.122000001, 503497.248], [202222.368000001, 503482.774], [202236.572999999, 503468.171], [202249.870000001, 503451.771000002], [202261.697999999, 503436.140999999], [202273.050999999, 503419.817000002], [202283.671, 503403.184999999], [202294.204999998, 503386.699999999], [202304.061000001, 503368.379000001], [202313.026999999, 503351.013999999], [202322.155000001, 503332.583999999], [202332.976, 503316.399999999], [202344.993000001, 503300.844999999], [202357.938000001, 503285.377], [202366.050999999, 503275.0042], [202374.314300001, 503283.4441], [202380.002900001, 503288.735800002], [202385.030000001, 503291.778499998], [202407.524999999, 503300.77], [202412.212000001, 503301.649], [202418.655000001, 503299.306000002], [202460.245999999, 503273.824000001], [202466.688999999, 503273.238000002], [202472.546999998, 503276.460000001], [202477.232999999, 503282.611000001], [202477.526000001, 503289.640000001], [202474.304000001, 503295.498], [202465.809999999, 503301.942000002]]}, "properties": {"OBJECTID": 585, "SOORT": 1, "KPNIDENT": "3361", "STATUS": 1}}, {"type": "Feature", "id": 586, "geometry": {"type": "LineString", "coordinates": [[191006.989999998, 508944.484999999], [191005.655999999, 508978.623], [191004.555, 508998.451000001], [191000.982999999, 509039.116], [190996.311999999, 509085.824999999], [190993.289000001, 509113.302000001], [190986.969999999, 509146.796], [190992.739999998, 509172.348999999], [191001.892000001, 509240.769000001], [191005.897, 509272.447999999], [191008.081999999, 509289.743999999], [191010.813000001, 509304.673999999], [191015.364999998, 509336.717], [191023.011999998, 509382.960999999], [191029.938000001, 509416.881000001], [191033.820999999, 509436.5], [191037.030000001, 509455.787], [191041.035999998, 509475.995999999], [191042.855999999, 509486.737], [191043.949000001, 509493.291999999], [191043.403000001, 509512.226], [191045.659000002, 509526.436000001], [191055.000999998, 509563.804000001], [191064.522, 509596.522], [191076.982000001, 509631.175999999], [191086.734000001, 509640.763], [191089.283, 509646.772], [191099.114, 509670.076000001], [191104.758000001, 509687.190000001], [191111.495000001, 509712.497000001], [191115.682, 509729.793000001], [191121.326000001, 509749.090999998], [191128.088, 509771.085999999], [191128.425999999, 509775.855], [191124.057, 509794.971999999], [191127.333999999, 509829.745999999], [191111.877, 509842.469000001], [191111.675999999, 509856.726], [191112.852000002, 509876.691], [191114.291000001, 509896.638999999], [191115.73, 509916.587000001], [191118.958999999, 509936.252999999], [191122.600000001, 509955.552000001], [191124.967, 509963.017000001], [191124.848999999, 509975.785], [191128.737, 509995.403999999], [191132.068, 510016.907000002], [191134.07, 510034.021000002], [191136.254999999, 510054.958999999], [191138.622000001, 510074.804000001], [191139.168000001, 510094.831], [191139.532000002, 510114.311999999], [191140.079, 510134.885000002], [191139.897, 510154.548], [191139.714000002, 510174.574999999], [191139.532000002, 510194.056000002], [191139.532000002, 510214.629000001], [191139.350000001, 510234.291999999], [191139.168000001, 510254.682999998], [191138.258000001, 510274.346000001], [191138.076000001, 510295.283], [191137.712000001, 510315.673999999], [191137.894000001, 510322.046], [191140.079, 510329.147], [191143.719999999, 510335.337000001], [191153.004999999, 510350.813000001], [191166.114, 510375.208999999], [191176.127, 510388.318], [191198.157000002, 510410.164999999], [191197.065000001, 510415.809], [191191.239, 510423.82], [191185.776999999, 510435.289999999], [191177.583999999, 510460.232999999], [191171.210999999, 510475.162], [191158.831, 510493.004000001], [191142.627, 510506.477000002], [191124.239, 510518.493000001], [191108.945999999, 510527.778999999], [191092.559999999, 510538.338], [191078.905000001, 510549.261999998], [191063.794, 510561.642999999], [191048.136, 510575.114999998], [191031.386, 510589.68], [191014.272, 510607.886999998], [190997.158, 510627.002999999], [190984.991999999, 510649.34], [190983.504000001, 510654.131000001], [190984.050000001, 510660.502999999], [190981.864999998, 510665.965], [190976.199000001, 510675.166999999], [190969.329999998, 510690.004999999], [190954.555, 510707.112], [190936.713, 510723.861000001], [190923.170000002, 510737.539000001], [190907.508000001, 510753.475000001], [190897.177000001, 510762.954], [190885.006999999, 510774.839000002], [190869.896000002, 510789.039999999], [190856.241, 510802.149], [190841.493999999, 510817.442000002], [190800.515000001, 510860.386], [190782.105999999, 510879.509], [190769.467, 510893.796999998], [190779.184999999, 510911.118999999], [190801.888999999, 510944.133000001], [190825.794, 510980.127], [190836.760000002, 510995.500999998], [190849.973000001, 511010.351], [190878.272999998, 511041.125], [190894.484999999, 511056.511999998], [190901.903000001, 511060.908], [190910.146000002, 511063.381000001], [190939.408, 511067.997000001], [190961.291999999, 511072.149999999], [190980.590999998, 511074.515999999], [191006.079999998, 511077.247000001], [191025.195999999, 511079.614], [191035.574000001, 511081.252999999], [191050.743000001, 511083.658], [191071.074999999, 511086.131000001], [191091.956999999, 511085.307], [191110.640999999, 511083.932999998], [191125.478, 511078.438000001], [191137.293000001, 511069.370999999], [191145.811000001, 511063.875], [191156.252, 511062.776000001], [191165.868000001, 511068.820999999], [191177.401999999, 511077.612], [191185.776999999, 511079.25], [191202.962000001, 511077.063999999], [191219.997000001, 511072.668000001], [191240.164000001, 511070.743999999], [191267.090999998, 511070.743999999], [191286.050000001, 511067.447000001], [191304.118000001, 511063.228], [191323.780999999, 511057.583999999], [191342.377, 511051.236000001], [191401.011, 511031.179000001], [191473.802000001, 511005.149999999], [191514.401999999, 510990.949000001], [191534.975000001, 510985.123], [191550.043000001, 510981.500999998], [191559.008000001, 510976.93], [191565.015999999, 510970.193999998], [191572.848000001, 510951.827], [191589.883000001, 510918.855], [191596.877, 510912.844000001], [191604.888, 510910.659000002], [191621.206999999, 510914.458999999], [191642.252999999, 510921.658], [191665.883000001, 510927.977000002], [191674.401000001, 510927.427999999], [191691.710999999, 510922.482000001], [191711.219000001, 510915.888], [191721.666000001, 510912.191]]}, "properties": {"OBJECTID": 586, "SOORT": 1, "KPNIDENT": "3362", "STATUS": 1}}, {"type": "Feature", "id": 587, "geometry": {"type": "LineString", "coordinates": [[186356.776999999, 508087.41], [186349.033, 508075.840999998], [186322.309999999, 508034.844000001], [186317.761, 508027.063000001], [186316.011999998, 508019.675999999], [186315.249000002, 508012.460000001], [186316.206, 508005.094999999], [186319.704999998, 507996.736000001], [186325.752, 507988.995000001], [186358.940000001, 507959.708999999], [186402.879000001, 507938.32], [186446.761999998, 507916.969999999], [186453.458000001, 507913.140000001], [186460.456, 507906.142000001], [186465.704999998, 507900.114999998], [186471.149, 507892.339000002], [186475.252999999, 507883], [186486.026000001, 507835.467], [186491.366999999, 507813.41], [186497.588, 507800.579], [186503.895, 507790.993000001], [186516.445999999, 507776.278000001], [186536.484000001, 507756.645], [186571.375, 507724.41], [186605.484000001, 507694.820999999], [186612.872000001, 507684.129000001], [186618.704, 507671.491999999], [186622.592, 507659.438999999], [186623.749000002, 507650.318999998], [186619.261999998, 507602.811999999], [186616.291999999, 507556.002], [186618.581, 507508.879000001], [186625.440000001, 507461.756999999], [186633.291000001, 507414.653999999], [186636.978, 507403.793000001], [186643.004999999, 507389.602000002], [186654.252999999, 507371.973999999], [186660.890000001, 507364.329], [186670.026999999, 507357.524], [186679.359000001, 507352.274999999], [186691.245000001, 507345.579], [186701.327, 507339.056000002], [186713.918000001, 507329.004999999], [186724.044, 507313.732999999], [186747.302999999, 507272.557], [186770.855, 507231.164999999], [186773.452, 507228.438000001], [186777.728999998, 507228.438000001], [186783.011999998, 507232.940000001], [186806.835999999, 507273.640999999], [186830.395, 507314.421], [186854.041000001, 507354.366], [186869.682, 507379.431000002], [186879.169, 507393.397]]}, "properties": {"OBJECTID": 587, "SOORT": 1, "KPNIDENT": "3363", "STATUS": 1}}, {"type": "Feature", "id": 588, "geometry": {"type": "LineString", "coordinates": [[191383.033, 507384.375], [191383.061000001, 507384.412999999], [191385.289999999, 507387.508000001], [191385.852000002, 507389.921999998], [191385.508000001, 507394.127999999], [191385.293000001, 507395.092], [191385.634, 507395.511999998], [191383.530000001, 507403.739], [191383.977000002, 507403.763], [191385.633000001, 507404.537999999], [191381.682, 507412.690000001], [191381.629000001, 507412.662], [191381.509, 507412.890999999], [191381.728999998, 507413.566], [191381.708999999, 507413.612], [191410.087000001, 507427.66], [191410.114, 507427.607999999], [191410.489, 507427.602000002], [191410.787999999, 507427.375999998], [191415.581999999, 507417.627999999], [191412.030999999, 507415.787], [191412.839000002, 507414.559999999], [191412.934, 507413.482000001], [191412.491999999, 507412.535], [191409.671, 507410.958000001], [191413.366999999, 507403.897], [191412, 507403.138999999], [191412.079999998, 507402.719000001], [191416.774999999, 507393.932999998], [191412.416999999, 507391.283], [191413.429000001, 507389.026000001], [191404.555, 507385.283], [191399.467, 507377.749000002]]}, "properties": {"OBJECTID": 588, "SOORT": 1, "KPNIDENT": "3364", "STATUS": 1}}, {"type": "Feature", "id": 590, "geometry": {"type": "LineString", "coordinates": [[206110.986000001, 484474.326000001], [206095.539000001, 484461.155999999], [206071.078000002, 484445.776000001], [206030.502999999, 484421.329], [205961.767999999, 484380.625]]}, "properties": {"OBJECTID": 590, "SOORT": 1, "KPNIDENT": "3249", "STATUS": 1}}, {"type": "Feature", "id": 591, "geometry": {"type": "LineString", "coordinates": [[215428.009, 502370.671], [215427.392000001, 502371.557999998], [215427.386, 502371.554000001], [215425.896000002, 502373.804000001], [215410.250999998, 502367.102000002], [215391.394000001, 502359.458999999], [215373, 502352.967999998], [215355.125999998, 502345.574999999], [215324.567000002, 502333.701000001], [215313.524999999, 502329.204999998], [215301.287999999, 502323.537], [215283.552999999, 502316.447999999], [215265.033, 502309.013], [215256.368999999, 502304.315000001], [215249.923, 502299.379000001], [215242.252999999, 502296.381999999], [215229.655999999, 502292.054000001], [215226.037, 502294.088], [215210.254000001, 502299.704999998], [215194.221000001, 502312.280999999], [215177.686000001, 502329.068], [215163.936999999, 502344.605], [215150.901000001, 502360.943999998], [215140.969999999, 502379.442000002], [215131.616999999, 502397.677000001], [215127.498, 502407.502], [215123.379000001, 502417.327], [215123.478999998, 502419.800000001], [215109.373, 502431.122000001], [215103.596000001, 502434.370000001], [215092.901000001, 502439.719000001], [215084.41, 502440.230999999], [215074.838, 502438.914999999], [215064.723999999, 502438.006999999], [215050.568999998, 502436.828000002], [215029.794, 502434.208999999], [215009.666000001, 502431.302000001], [214989.401000001, 502428.828000002], [214969.147999998, 502426.170000002], [214948.473000001, 502423.835999999], [214937.105999999, 502427.245999999], [214917.199000001, 502425.265000001], [214913.355, 502424.017999999], [214907.717999998, 502423.587000001], [214902.188000001, 502423.532000002], [214894.587000001, 502423.859000001], [214890.892999999, 502411.802999999], [214890.601, 502392.394000001], [214890.644000001, 502371.947000001], [214890.888999999, 502351.73], [214891.311000001, 502331.135000002], [214891.346999999, 502310.629000001], [214890.579999998, 502289.421999998], [214885.796, 502269.425999999], [214876.098000001, 502251.136], [214859.655999999, 502238.885000002], [214840.083999999, 502230.704], [214821.215999998, 502222.874000002], [214802.5, 502214.833000001], [214782.828000002, 502206.431000002], [214768.851, 502200.462000001], [214753.721999999, 502194.203000002], [214740.993999999, 502188.815000001], [214734.579, 502186.550999999], [214713.159000002, 502184.739999998], [214692.357999999, 502183.151000001], [214672.265999999, 502181.596999999], [214651.706, 502179.899999999], [214631.226, 502178.471999999], [214611.182, 502176.93], [214598.217, 502175.949999999], [214579.421, 502174.397999998], [214559.048999999, 502172.646000002], [214537.827, 502171.125], [214534.232000001, 502166.261999998], [214530.561999999, 502163.386999998], [214530.331, 502163.318999998], [214529.640000001, 502163.116], [214509.192000002, 502158.732000001], [214488.861000001, 502154.285], [214452.864, 502146.030999999], [214450.399999999, 502144.772999998], [214448.227000002, 502144.298], [214447.342999998, 502147.436000001], [214431.706, 502143.000999998], [214411.160999998, 502136.421], [214391.872000001, 502128.714000002], [214374.624000002, 502121.170000002], [214358.438999999, 502113.399], [214342.510000002, 502105.179000001], [214325.170000002, 502095.673], [214309.877, 502087.153999999], [214293.561999999, 502077.350000001], [214276.484000001, 502067.298], [214260.717, 502057.791999999], [214254.947999999, 502050.815000001], [214256.313000001, 502049.627999999], [214252.364, 502044.774], [214252.612, 502043.5964], [214237.925999999, 502034.155999999], [214237.436999999, 502034.666000001], [214229.877999999, 502038.16], [214229.090999998, 502037.695], [214225.796, 502038.706], [214219.666000001, 502036.094000001], [214219.258000001, 502033.859000001], [214197.651000001, 502010.035999998], [214192.217999998, 501996.326000001], [214183.258000001, 501986.82], [214171.713, 501982.123], [214162.916999999, 501978.629999999], [214155.774, 501970.603999998], [214144.039000001, 501957.491999999], [214133.874000002, 501946.197999999], [214128.739999998, 501940.127999999], [214124.976, 501935.881000001], [214113.802200001, 501923.2535], [214107.769699998, 501922.777199998], [214106.068999998, 501923.057], [214105.804000001, 501923.081], [214102.164000001, 501923.416999999], [214092.923999999, 501923.092], [214081.75, 501922.826000001], [214065.741, 501921.954], [214055.695, 501921.112], [214052.359000001, 501920.660999998], [214049.669, 501920.239999998], [214046.980999999, 501919.98], [214012.734000001, 501918.006999999], [214009.245000001, 501925.963], [214008.829999998, 501941.783], [214008.535, 501965.789000001], [214008.27, 501984.960000001], [214007.943, 502003.969999999], [214005.401000001, 502029.566], [213997.210000001, 502035.239999998], [213993.965999998, 502035.298], [213986.175999999, 502035.473999999], [213973.977000002, 502034.989], [213952.857000001, 502034.432], [213931.589000002, 502033.458999999], [213909.756999999, 502032.870000001], [213892.122000001, 502031.991], [213872.861000001, 502031.136999998], [213858.952, 502030.566], [213840.892000001, 502029.476], [213824.510000002, 502030.427999999], [213804.636999998, 502032.528000001], [213790.943999998, 502034.782000002], [213767.872000001, 502036.886], [213744.756000001, 502038.217], [213721.954, 502037.055], [213698.186999999, 502036.081999999], [213676.395, 502036.840999998], [213661.046999998, 502039.839000002], [213649.386999998, 502043.738000002], [213629.467999998, 502053.324999999], [213609.636, 502065.184], [213589.034000002, 502078.261], [213569.785, 502090.857000001], [213550.440000001, 502103.719000001], [213539.611000001, 502110.186999999], [213509.708999999, 502129.664000001], [213487.511, 502143.208000001], [213472.096999999, 502151.951000001], [213461.642000001, 502158.056000002], [213442.515000001, 502171.530000001], [213436.085999999, 502175.888], [213431.107000001, 502182.050000001], [213417.445, 502200.155999999], [213408.208000001, 502213.984999999], [213395.195999999, 502233.868000001], [213385.054000001, 502251.147], [213378.467, 502263.570999999], [213373.147999998, 502271.090999998], [213362.368999999, 502284.136], [213342.087000001, 502306.947999999], [213328.706, 502320.534000002], [213315.693999998, 502334.044], [213302.695, 502348.636999998], [213289.460999999, 502364.223000001], [213279.192000002, 502377.614999998], [213269.324000001, 502386.633000001], [213266.217999998, 502388.563000001], [213264.443, 502389.338], [213263.899999999, 502389.666999999], [213263.013, 502390.596999999], [213256.941, 502393.973999999], [213247.805, 502402.967999998], [213240.199000001, 502411.804000001], [213231.350000001, 502425.851], [213223.050000001, 502441.287], [213212.892000001, 502455.721999999], [213199.223999999, 502468.612], [213178.190000001, 502483.403999999], [213161.710999999, 502493.570999999], [213146.589000002, 502502.969999999], [213131.010000002, 502517.037999999], [213117.125999998, 502535.416999999], [213105.320999999, 502549.919], [213100.252, 502552.197000001], [213093.811999999, 502554.784000002], [213087.522, 502555.535], [213077.081999999, 502554.861000001], [213061.818999998, 502554.679000001], [213049.300999999, 502558.063999999], [213041.338, 502564.072000001], [213034.690000001, 502579.076000001], [213030.43, 502596.392000001], [213026.763, 502613.809999999], [213023.118999999, 502626.458000001], [213019.504000001, 502630.214000002], [213011.449999999, 502639.57], [213006.552999999, 502644.881000001], [212992.846000001, 502658.127], [212978.259, 502670.958999999], [212964.662999999, 502683.445999999], [212953.701000001, 502692.844999999], [212936.848999999, 502703.296999998], [212922.441, 502709.482999999], [212901.287999999, 502715.477000002], [212879.219999999, 502718.432999998], [212857.888999999, 502719.772999998], [212833.232999999, 502721.669], [212824.57, 502722.48], [212821.298999999, 502722.166999999], [212818.394000001, 502722.487], [212803.537, 502723.598999999], [212791.107999999, 502724.420000002], [212779.772999998, 502725.833999999], [212763.517000001, 502728.943999998], [212749.601, 502731.25], [212725.129999999, 502735.432], [212705.274999999, 502738.614999998], [212683.151999999, 502741.927000001], [212667.508000001, 502745.052999999], [212649.434, 502749.162999999], [212630.408, 502753.877999999], [212605.223000001, 502762.702], [212582.984999999, 502772.230999999], [212561.857000001, 502782.374000002], [212541.127, 502792.307999998], [212521.473999999, 502802.182999998], [212496.204999998, 502812.787999999], [212476.811000001, 502820.186999999], [212454.458000001, 502828.916000001], [212446.506999999, 502833.127], [212442.561999999, 502841.114999998], [212435.524999999, 502853.313999999], [212427.124000002, 502866.508000001], [212408.252, 502887.328000002], [212397.614999998, 502897.500999998], [212378.811000001, 502913.789999999], [212360.848000001, 502927.035], [212352.754000001, 502933.419], [212351.585000001, 502934.364999998], [212350.111000001, 502935.326000001], [212347.885000002, 502937.142000001], [212326.186000001, 502950.427000001], [212301.885000002, 502964.629999999], [212280.769000001, 502977.526000001], [212261.537999999, 502990.844999999], [212255.133000001, 502994.943999998], [212236.607999999, 503012.221999999], [212220.778000001, 503026.721999999], [212206.688000001, 503041.506999999], [212195.978999998, 503054.210999999], [212194.374000002, 503055.897], [212192.317000002, 503058.076000001], [212179.034000002, 503072.135000002], [212163.853, 503087.155000001], [212149.311000001, 503101.296], [212134.934, 503114.473999999], [212119.969999999, 503127.502], [212100.032000002, 503144.890999999], [212082.907000002, 503163.432999998], [212067.840999998, 503182.342999998], [212052.063999999, 503202.616999999], [212032.305, 503222.813999999], [212020.41, 503229.638999999], [212019.267000001, 503229.129999999], [212016.771000002, 503229.046], [212011.679000001, 503230.223000001], [211989.640000001, 503236.258000001], [211966.927000001, 503240.100000001], [211945.140999999, 503241.511999998], [211925.601, 503240.155999999], [211907.798999999, 503239.050999999], [211889.136999998, 503236.817000002], [211866.748, 503234.096000001], [211838.193, 503231.609000001], [211815.311000001, 503229.02], [211793.649, 503227.443999998], [211776.710000001, 503234.015000001], [211762.977000002, 503247.096000001], [211744.539999999, 503263.338], [211726.068, 503279.469999999], [211707.522999998, 503295.258000001], [211687.311999999, 503312.100000001], [211665.385000002, 503328.851], [211649.919, 503341.958000001], [211633.725000001, 503356.723999999], [211628.835000001, 503364.432999998], [211627.077, 503369.092999998], [211625.973000001, 503373.061999999], [211626.039999999, 503395.291999999], [211625.153000001, 503417.697000001], [211621.381000001, 503449.465999998], [211619.545000002, 503460.243999999], [211613.885000002, 503479.227000002], [211607.818999998, 503492.657000002], [211602.548999999, 503497.728], [211593.412, 503503.771000002], [211581.877999999, 503509.947999999], [211565.103, 503517.366999999], [211545.359999999, 503525.693999998], [211523.386999998, 503535.230999999], [211504.690000001, 503543.607999999], [211486.445999999, 503552.464000002], [211468.199000001, 503561.274999999], [211449.019000001, 503571.168000001], [211434.794, 503578.142999999], [211424.855999999, 503583.199999999], [211408.285999998, 503591.721000001], [211383.449000001, 503604.388999999], [211359.828000002, 503616.855], [211343.874000002, 503625.175999999], [211323.394000001, 503636.234999999], [211308.370000001, 503644.888999999], [211292.984999999, 503653.988000002], [211274.441, 503664.890999999], [211255.322999999, 503676.875999998], [211237.727000002, 503688.607000001], [211225.265000001, 503694.936999999], [211214.052999999, 503704.140000001], [211202.875, 503718.313999999], [211193.024, 503737.219000001], [211185.451000001, 503756.395], [211178.131000001, 503776.243999999], [211170.749000002, 503794.681000002], [211162.686000001, 503812.713], [211155.624000002, 503824.719999999], [211150.452, 503836.432], [211142.438000001, 503850.548], [211132.635000002, 503864.011], [211118.140000001, 503877.072000001], [211103.649, 503887.908], [211084.789999999, 503901.403999999], [211065.344000001, 503913.337000001], [211049.243000001, 503923.859999999], [211027.052000001, 503937.943999998], [211026.223999999, 503938.511], [211024.995000001, 503939.236000001], [211018.528999999, 503943.054000001], [211008.877999999, 503950.588], [210993.723000001, 503964.335000001], [210984.028000001, 503982.489999998], [210978.420000002, 504001.59], [210972.219000001, 504021.263], [210963.293000001, 504039.759], [210957.895, 504047.633000001], [210948.548, 504055.267000001], [210930.535999998, 504065.159000002], [210911.813999999, 504072.738000002], [210892.554000001, 504079.096999999], [210873.285999998, 504085.460000001], [210854.636, 504092.894000001], [210836.346000001, 504102.362], [210818.534000002, 504113.057999998], [210801.848000001, 504123.188999999], [210784.129000001, 504133.829999998], [210765.868000001, 504143.686999999], [210749.044, 504152.727000002], [210731.425000001, 504161.342], [210713.916999999, 504169.488000002], [210695.203000002, 504177.465], [210675.298999999, 504185.357999999], [210655.392000001, 504189.806000002], [210640.784000002, 504190.028000001], [210625.749000002, 504187.921], [210605.045000002, 504183.899], [210585.329999998, 504179.894000001], [210565.059, 504176.232000001], [210554.807999998, 504175.037], [210544.414000001, 504175.932], [210534.294, 504178.454999998], [210522.449000001, 504181.862], [210505.215, 504192.544], [210487.561999999, 504203.925999999], [210470.315000001, 504214.776999999], [210461.396000002, 504220.096000001], [210452.076000001, 504224.460999999], [210433.657000002, 504231.223999999], [210423.219999999, 504234.048], [210412.401000001, 504235.552999999], [210391.285999998, 504233.888], [210370.936999999, 504229.511], [210351.73, 504224.73], [210332.306000002, 504218.914000001], [210311.221999999, 504212.675000001], [210291.153999999, 504205.791000001], [210272.227000002, 504198.888999999], [210253.118999999, 504191.642999999], [210234.236000001, 504184.563000001], [210214.054000001, 504177.157000002], [210195.535999998, 504169.443999998], [210185.877, 504163.995000001], [210177.631000001, 504157.048999999], [210163.785, 504141.659000002], [210151.026000001, 504125.241], [210138.465999998, 504109.171999998], [210126.386999998, 504093.138], [210114.761999998, 504077.513999999], [210101.91, 504061.032000002], [210088.340999998, 504045.138999999], [210074.545000002, 504031.43], [210058.673, 504018.030000001], [210041.769000001, 504006.818], [210023.074000001, 503999.353], [210003.256000001, 503994.037999999], [209983.022999998, 503991.743000001], [209972.552000001, 503991.300000001], [209962.131999999, 503992.056000002], [209941.896000002, 503996.002999999], [209921.804000001, 504001.320999999], [209901.728999998, 504007.146000002], [209882.010000002, 504013.477000002], [209862.013, 504019.752999999], [209842.124000002, 504025.888999999], [209821.66, 504031.982000001], [209800.524999999, 504037.947999999], [209780.539000001, 504043.567000002], [209759.719999999, 504049.469000001], [209738.627, 504055.204], [209717.601, 504060.962000001], [209696.884, 504066.098000001], [209676.686000001, 504071.259], [209655.460999999, 504076.603999998], [209634.526000001, 504081.712000001], [209614.627999999, 504086.682], [209593.471000001, 504093.506000001], [209574.873, 504101.440000001], [209557.024999999, 504112.741999999], [209540.142999999, 504126.467], [209525.785, 504141.567000002], [209512.100000001, 504156.817000002], [209498.526999999, 504172.381000001], [209484.024, 504187.034000002], [209468.840999998, 504200.432999998], [209452.401999999, 504212.850000001], [209444.818, 504218.774999999], [209435.590999998, 504225.050000001], [209416.249000002, 504235.896000002], [209397.377999999, 504243.526999999], [209378.603, 504250.370000001], [209359.464000002, 504256.692000002], [209343.545000002, 504261.289999999], [209323.824000001, 504264.598999999], [209304.563000001, 504266.728999998], [209284.170000002, 504267.886], [209263.91, 504268.272999998], [209244.901000001, 504267.342], [209224.34, 504264.09], [209203.346999999, 504260.583000001], [209182.342999998, 504257.041999999], [209162.532000002, 504253.592999998], [209142.629999999, 504250.515000001], [209122.103999998, 504246.329999998], [209102.941, 504242.109000001], [209083.892999999, 504237.984999999], [209064.226, 504235.410999998], [209050.861000001, 504235.956], [209038.690000001, 504238.969999999], [209019.327, 504245.52], [209000.368000001, 504253.054000001], [208981.25, 504261.006000001], [208962.054000001, 504268.936999999], [208952.013999999, 504272.552999999], [208942.243000001, 504274.975000001], [208930.932999998, 504275.530000001], [208921.186999999, 504272.875999998], [208903.342999998, 504263.620999999], [208885.703000002, 504253.434999999], [208867.857000001, 504243.625999998], [208849.811000001, 504234.691], [208830.903999999, 504228.098000001], [208811.034000002, 504224.717999998], [208791.223999999, 504222.559999999], [208783.010000002, 504221.699000001], [208779.473999999, 504221.513], [208770.534000002, 504219.940000001], [208750.973999999, 504217.039999999], [208729.616, 504215.769000001], [208710.388, 504217.923], [208691.142000001, 504223.230999999], [208672.635000002, 504229.895], [208654.605, 504237.498], [208634.971000001, 504244.145], [208613.420000002, 504244.636], [208593.191, 504240.215999998], [208574.287999999, 504234.094999999], [208555.965, 504225.366], [208547.331999999, 504219.780999999], [208539.140999999, 504213.195999999], [208534.710000001, 504209.453000002], [208530.873, 504206.022], [208522.954999998, 504199.603999998], [208507.039999999, 504186.184], [208498.666999999, 504180.179000001], [208489.491999999, 504175.5], [208479.379999999, 504172.311000001], [208469.215, 504169.960999999], [208448.93, 504165.375], [208428.973000001, 504161.919], [208417.899, 504159.932], [208412.344000001, 504158.945999999], [208407.061999999, 504158.125999998], [208395.989999998, 504157.133000001], [208383.454, 504155.085000001], [208375.013, 504154.897], [208372.221000001, 504154.645], [208365.339000002, 504151.567000002], [208363.737, 504152.09], [208361.765000001, 504152.833999999], [208358.469000001, 504150.331999999], [208342.247000001, 504137.397], [208325.421, 504124.134], [208309.638999999, 504111.344999999], [208292.831, 504097.896000002], [208276.504999999, 504084.975000001], [208261.015999999, 504072.598000001], [208244.736000001, 504059.831999999], [208228.113000002, 504046.611000001], [208212.285, 504033.723999999], [208197.052999999, 504021.335000001], [208195.348999999, 504023.395], [208194.432, 504024.566], [208194.147, 504025.252999999], [208193.475000001, 504026.263999999], [208192.037999999, 504027.886999998], [208187.574999999, 504031.454999998], [208182.543000001, 504034.546999998], [208165.289000001, 504047.914000001], [208148.752, 504059.701000001], [208132.645, 504071.193], [208116.127, 504084.131000001], [208110.469000001, 504092.420000002], [208106.079, 504102.98], [208100.636999998, 504121.614], [208094.421999998, 504142.52], [208088.346000001, 504151.265999999], [208080.201000001, 504158.085000001], [208063.651999999, 504169.344999999], [208047.094000001, 504181.120999999], [208030.173999999, 504193], [208013.399999999, 504204.798], [207997.011999998, 504216.421999998], [207988.412999999, 504223.247000001], [207981.153000001, 504231.851], [207970.785, 504249.999000002], [207960.780000001, 504268.868000001], [207950.857999999, 504287.670000002], [207941.27, 504306.133000001], [207932.113000002, 504324.473000001], [207922.855999999, 504342.548], [207912.589000002, 504359.489999998], [207897.421, 504371.706], [207878.173, 504377.881000001], [207858.032000002, 504379.805], [207846.767999999, 504382.465999998], [207838.499000002, 504386.874000002], [207831.427999999, 504394.397999998], [207827.046999998, 504403.208999999], [207818.533, 504421.052999999], [207812.765000001, 504431.526000001], [207807.162, 504438.401999999], [207798.738000002, 504444.543000001], [207789.789999999, 504448.877], [207771.296, 504457.212000001], [207753.381999999, 504465.239999998], [207735.653999999, 504472.743999999], [207716.476, 504478.188000001], [207706.408, 504480.011], [207696.572000001, 504478.370999999], [207677.794, 504475.550999999], [207659.710999999, 504473.798], [207640.776999999, 504475.767000001], [207622.774, 504484.745999999], [207605.903999999, 504495.289999999], [207589.984999999, 504505.521000002], [207574.026999999, 504515.811999999], [207556.932999998, 504526.522999998], [207540.463, 504538.217], [207526.727000002, 504551.712000001], [207513.941, 504565.397999998], [207499.116999999, 504579.772999998], [207482.329, 504591.504999999], [207464.758000001, 504601.287999999], [207450.513999999, 504608.517999999], [207431.750999998, 504616.927000001], [207412.699000001, 504625.191], [207393.826000001, 504632.719999999], [207375.804000001, 504641.577], [207358.401999999, 504651.967999998], [207341.467999998, 504663.280999999], [207331.745999999, 504669.175999999], [207323.574999999, 504672.504000001], [207312.241, 504673.567000002], [207303.146000002, 504672.587000001], [207283.440000001, 504669.594999999], [207262.914000001, 504668.278999999], [207251.022999998, 504670.728], [207243.278999999, 504674.824000001], [207228.780999999, 504688.916000001], [207213.640999999, 504701.846000001], [207203.885000002, 504706.844999999], [207195.061999999, 504709.280999999], [207184.767000001, 504710.875], [207174.932, 504710.960000001], [207154.452, 504707.326000001], [207143.795000002, 504701.636], [207138.278000001, 504695.103], [207134.182, 504686.554000001], [207131.543000001, 504674.807], [207131.057999998, 504653.629999999], [207132.206999999, 504633.467], [207132.594000001, 504623.315000001], [207129.526000001, 504613.517000001], [207124.344000001, 504604.958000001], [207116.500999998, 504597.261999998], [207107.191, 504592.756999999], [207098.107999999, 504591.776000001], [207078.399, 504594.083000001], [207058.482000001, 504597.011999998], [207039.116, 504598.695], [207019.827, 504599.831999999], [206998.186999999, 504601.129999999], [206978.328000002, 504602.846999999], [206958.710999999, 504605.471000001], [206936.995999999, 504608.326000001], [206918.313999999, 504608.989999998], [206897.385000002, 504608.901000001], [206886.232000001, 504610.372000001], [206878.373, 504614.397], [206862.219000001, 504627.530999999], [206846.534000002, 504639.971000001], [206827.451000001, 504649.195], [206806.736000001, 504651.605999999], [206787.405000001, 504650.414999999], [206768.291999999, 504647.756999999], [206748.675999999, 504644.583999999], [206729.52, 504642.824000001], [206708.664999999, 504645.881000001], [206688.039000001, 504651.181000002], [206668.754000001, 504657.559], [206648.688999999, 504665.546], [206633.73, 504673.282000002], [206629.193, 504677.420000002], [206624.147, 504685.805], [206626.004999999, 504693.616], [206634.397999998, 504716.499000002], [206634.011, 504736.344999999], [206630.395, 504757.127999999], [206632.335000001, 504767.886999998], [206637.158, 504777.467], [206649.767999999, 504792.956], [206659.657000002, 504810.250999998], [206665.471000001, 504830.557999998], [206666.868000001, 504851.618000001], [206666.728999998, 504862.743000001], [206664.936000001, 504873.583000001], [206662.791999999, 504886.256000001], [206661.932, 504890.210999999], [206660.960000001, 504895.23], [206654.048999999, 504893.929000001], [206646.227000002, 504892.249000002], [206642.734000001, 504891.502], [206638.625999998, 504890.624000002], [206638.416999999, 504890.592], [206634.364, 504889.811000001], [206633.296999998, 504889.574000001], [206613.022, 504885.557999998], [206591.695, 504881.140000001], [206571.552999999, 504876.046999998], [206551.537999999, 504870.249000002], [206533.219999999, 504864.620000001], [206533.030999999, 504864.550999999], [206513.561999999, 504879.611000001], [206508.655999999, 504888.649999999], [206503.399999999, 504897.739], [206493.074000001, 504915.048999999], [206483.265999999, 504931.837000001], [206478.079, 504940.853999998], [206485.645, 504954.131000001], [206505.598999999, 504962.144000001], [206525.090999998, 504970.445999999], [206548.033, 504980.500999998], [206548.949999999, 505010.517000001], [206548.949999999, 505012.204999998], [206549.114, 505013.802000001], [206549.153000001, 505019.392000001], [206549.094000001, 505022.574000001], [206549.138999999, 505024.829999998], [206549.999000002, 505044.989], [206550.011999998, 505065.864999998], [206550.506000001, 505086.844999999], [206551.019000001, 505108.142999999], [206552.092999998, 505129.153000001], [206555.243999999, 505149.780999999], [206561.006999999, 505170.214000002], [206569.769000001, 505189.379000001], [206580.583000001, 505207.592], [206592.412999999, 505226.109000001], [206602.445, 505241.949000001], [206612.607999999, 505258.013999999], [206623.960000001, 505275.877999999], [206634.589000002, 505292.570999999], [206646.228999998, 505310.554000001], [206657.342, 505328.048999999], [206668.09, 505344.780999999], [206679.068, 505361.574000001], [206690.715999998, 505378.401000001], [206703.342, 505394.873], [206716.557, 505410.373], [206730.807999998, 505425.306000002], [206745.695999999, 505439.633000001], [206761.195, 505453.228], [206768.973000001, 505459.294], [206777.25, 505465.498], [206784.756000001, 505470.566], [206787.388, 505472.344000001], [206790.588, 505474.18], [206788.114999998, 505479.675000001], [206782.267999999, 505498.574000001], [206776.447999999, 505519.140999999], [206771.103, 505539.096999999], [206766.839000002, 505555.342], [206762.214000002, 505575.631000001], [206757.851, 505595.504999999], [206753.144000001, 505615.763], [206748.151999999, 505635.061000001], [206744.427000001, 505646.032000002], [206740.191, 505655.158], [206735.094000001, 505663.197000001], [206728.629000001, 505671.390000001], [206716.555, 505686.151000001], [206710.296999998, 505694.388], [206704.839000002, 505703.022999998], [206700.311000001, 505712.160999998], [206696.673999999, 505721.885000002], [206693.618000001, 505731.605], [206691.728999998, 505740.734999999], [206689.723000001, 505759.967999998], [206687.649, 505779.899], [206682.432999998, 505798.625999998], [206680.083999999, 505811.098000001], [206678.760000002, 505811.588], [206672.039999999, 505814.269000001], [206653.737, 505823.269000001], [206637.998, 505834.980999999], [206623.017999999, 505849.170000002], [206609.625999998, 505864.395], [206597.750999998, 505880.877], [206586.809, 505898.147], [206575.796999998, 505913.765999999], [206568.373, 505920.622000001], [206559.083999999, 505924.829999998], [206549.228, 505924.145], [206542.370999999, 505920.116999999], [206527.918000001, 505903.283], [206514.870000001, 505887.695], [206499.618999999, 505874.806000002], [206480.967, 505863.690000001], [206462.822000001, 505854.659000002], [206452.555, 505852.420000002], [206442.565000001, 505853.419], [206432.969000001, 505857.778000001], [206424.809999999, 505864.182], [206414.024999999, 505881.085999999], [206409.228, 505898.561000001], [206405.346999999, 505919.454999998], [206399.203000002, 505938.423], [206384.971000001, 505952.98], [206368.362, 505962.155999999], [206351.085999999, 505972.153999999], [206336.839000002, 505985.857000001], [206325.749000002, 506002.908], [206316.355999999, 506020.232000001], [206303.758000001, 506039.561999999], [206289.522, 506054.609999999], [206273.546999998, 506068.397999998], [206258.484000001, 506081.309], [206243.839000002, 506093.585999999], [206225.965999998, 506105.958000001], [206208.081999999, 506114.456999999], [206189.219999999, 506121.675000001], [206169.794, 506128.783], [206150.769000001, 506135.537999999], [206136.838, 506138.756999999], [206131.096999999, 506138.122000001], [206108.357999999, 506134.311999999], [206089.655000001, 506124.155999999], [206071.947000001, 506112.774], [206055.140000001, 506102.083000001], [206036.436999999, 506094.208999999], [206016.138999999, 506095.368000001], [205996.384, 506098.432], [205976.386, 506099.414999999], [205956.783, 506094.344999999], [205937.754000001, 506087.978], [205918.140999999, 506083.295000002], [205897.863000002, 506082.794], [205877.513, 506084.577], [205858.440000001, 506087.316], [205842.1864, 506092.4879], [205837.308800001, 506096.103399999], [205833.4551, 506099.639600001], [205832.346000001, 506099.756000001]]}, "properties": {"OBJECTID": 591, "SOORT": 1, "KPNIDENT": "3250", "STATUS": 1}}, {"type": "Feature", "id": 592, "geometry": {"type": "LineString", "coordinates": [[206040.184999999, 498769.982999999], [206045.469999999, 498780.684], [206053.627, 498787.506000001], [206066.612, 498792.829999998], [206106.065000001, 498803.146000002], [206142.688000001, 498816.456999999], [206183.806000002, 498832.43], [206238.862, 498853.68], [206273.488000002, 498867.489999998], [206284.973999999, 498873.978999998], [206291.133000001, 498880.634], [206297.125999998, 498895.443], [206298.956999999, 498907.589000002], [206296.793000001, 498925.226], [206287.352000002, 498961.647], [206275.532000002, 498999.749000002], [206270.204999998, 499010.73], [206261.881999999, 499018.384], [206246.234000001, 499026.537], [206239.741999999, 499029.532000002], [206232.359999999, 499037.300999999], [206224.035999998, 499050.445], [206222.704999998, 499054.771000002], [206218.875999998, 499076.401000001], [206217.045000002, 499096.699999999], [206214.048, 499106.682999998], [206204.359999999, 499124.282000002], [206189.544, 499142.250999998], [206156.916999999, 499174.364], [206126.785999998, 499204.313000001], [206091.914000001, 499237.874000002], [206061.284000002, 499268.988000002], [206031.986000001, 499298.271000002], [206016.25, 499314.234000001], [206007.594000001, 499327.544], [206000.769000001, 499338.359000001], [205997.938999999, 499348.842], [205995.442000002, 499359.489999998], [205995.120999999, 499367.298]]}, "properties": {"OBJECTID": 592, "SOORT": 1, "KPNIDENT": "3252", "STATUS": 1}}, {"type": "Feature", "id": 593, "geometry": {"type": "LineString", "coordinates": [[218978.497000001, 502780.701000001], [218979.344000001, 502780.477000002], [218989.504999999, 502783.125], [219025.291000001, 502800.563000001], [219071.567000002, 502821.616], [219082.390999999, 502801.089000002], [219098.958999999, 502765.772999998], [219107.820999999, 502746.866999999], [219115.772999998, 502732.078000002], [219135.213, 502736.934], [219164.813000001, 502746.425000001], [219195.519000001, 502754.813000001], [219242.583999999, 502766.550999999], [219257.259, 502733.545000002], [219261.050999999, 502736.25], [219267.239, 502737.238000002], [219276.555, 502744.82], [219286.078000002, 502746.282000002], [219292.237, 502749.135000002], [219298.912999999, 502751.988000002], [219308.346000001, 502749.026000001], [219335.465, 502766.259], [219343.134, 502772.363000002], [219351.502, 502770.651999999], [219359.379999999, 502773.675000001], [219360.833999999, 502774.243000001], [219371.361000001, 502775.155999999], [219378.056000002, 502773.603999998], [219398.48, 502764.147999998], [219398.965, 502761.103999998], [219442.331999999, 502745.581], [219458.284000002, 502737.434999999], [219476.855, 502726.078000002], [219502.193999998, 502708.607000001], [219521.151999999, 502695.535], [219548.011, 502675.598999999], [219569.971000001, 502684.482000001], [219615.624000002, 502703.609999999], [219634.179000001, 502711.846000001], [219634.960999999, 502722.592999998], [219634.605999999, 502765.307], [219668.546, 502798.574999999], [219721.070999999, 502838.846999999], [219732.914999999, 502861.473000001], [219764.379000001, 502919.760000002], [219790.557, 503045.453000002], [219794.212000001, 503063.072999999], [219798.276999999, 503081.895], [219802.432999998, 503102.166999999], [219815.557, 503165.532000002], [219833.465999998, 503248.506000001], [219833.960999999, 503250.767000001], [219836.732999999, 503269.675999999], [219844.846999999, 503271.442000002], [219857.859999999, 503274.495999999], [219873.103999998, 503264.726], [219887.594000001, 503253.690000001], [219899.668000001, 503242.556000002], [219909.874000002, 503227.248], [219920.129999999, 503212.210999999], [219928.011, 503200.118999999], [219938.460000001, 503190.77], [219938.278999999, 503185.809999999], [219950.66, 503171.232000001], [219964.019000001, 503158.188999999], [219980.298, 503150.425000001], [219998.598000001, 503142.094999999], [220015.780000001, 503137.493000001], [220033.822999999, 503137.954999998], [220052.989999998, 503143.094999999], [220071.636, 503149.776999999], [220088.653000001, 503155.743999999], [220096.331999999, 503158.079], [220102.089000002, 503154.431000002], [220112.796, 503151.471999999], [220122.535, 503148.953000002], [220138.188000001, 503145.364], [220141.491, 503149.927999999], [220142.208000001, 503151.164999999], [220145.835999999, 503156.655999999], [220150.317000002, 503162.960999999], [220152.346000001, 503165.976], [220154.004000001, 503168.355999999], [220154.816, 503169.311999999], [220155.581, 503170.346999999], [220156.458999999, 503171.763], [220173.853, 503183.166999999], [220183.789000001, 503189.701000001], [220191.002999999, 503194.780000001], [220200.631999999, 503206.030999999], [220212.504000001, 503219.765999999], [220220.798, 503231.249000002], [220227.995000001, 503241.528999999], [220238.909000002, 503256.427000001], [220248.166999999, 503279.353], [220261.794, 503295.133000001], [220274.182999998, 503310.289000001], [220286.521000002, 503324.322000001], [220299.050999999, 503340.403999999], [220309.18, 503361.460999999], [220315.585000001, 503378.993000001], [220320.385000002, 503397.245000001], [220319.353999998, 503410.664999999], [220319.412999999, 503423.776999999], [220319.120000001, 503440.384], [220317.506999999, 503453.337000001], [220308.272, 503472.488000002], [220310.142999999, 503476.112], [220311.765000001, 503482.802999999], [220322.504999999, 503486.874000002], [220334.302000001, 503491.982000001], [220346.175999999, 503498.504000001], [220363.379000001, 503503.953000002], [220370.754999999, 503505.833999999], [220379.168000001, 503507.482999999], [220388.785999998, 503509.563000001], [220398.397999998, 503511.576000001], [220411.631000001, 503512.401000001], [220426.910999998, 503513.213], [220431.175999999, 503515.151999999], [220436.427999999, 503515.306000002], [220443.699999999, 503515.714000002], [220448.793000001, 503515.982999999], [220456.679000001, 503516.043000001], [220459.388999999, 503517.451000001], [220460.675000001, 503517.954], [220463.429000001, 503518.938999999], [220473.543000001, 503523], [220481.943, 503523.068999998], [220493.967999998, 503523.603999998], [220504.965, 503523.784000002], [220518.078000002, 503523.309999999], [220530.245999999, 503524.662], [220544.412, 503525.811000001], [220550.364, 503526.395], [220557.686999999, 503528.363000002], [220566.256999999, 503529.631999999], [220568.322999999, 503529.386999998], [220582.646000002, 503525.306000002], [220600.267000001, 503519.822000001], [220613.421999998, 503513.912], [220630.214000002, 503513.434], [220646.776999999, 503512.901000001], [220661.250999998, 503511.791000001], [220673.745000001, 503510.991], [220676.807, 503510.157000002], [220678.721000001, 503509.98], [220694.921999998, 503505.23], [220709.427999999, 503497.844999999], [220722.793000001, 503488.664000001], [220733.642000001, 503474.897], [220745.107999999, 503460.577], [220754.927999999, 503463.522999998], [220756.969999999, 503464.984999999], [220762.175000001, 503467.879000001], [220765.436999999, 503470.570999999], [220765.754999999, 503480.517000001], [220771.872000001, 503486.088], [220774.153000001, 503487.791000001], [220775.568, 503489.307], [220788.684999999, 503502.774], [220797.785999998, 503505.140999999], [220812.329999998, 503516.088], [220814.487, 503523.931000002], [220816.410999998, 503526.991], [220819.002999999, 503530.328000002], [220821.486000001, 503533.399999999], [220824.684999999, 503536.513999999], [220835.469999999, 503539.774999999], [220851.054000001, 503540.486000001], [220861.473000001, 503539.669], [220877.765000001, 503539.986000001], [220892.280000001, 503539.688000001], [220902.125, 503543.631999999], [220914.254000001, 503548.129000001], [220921.896000002, 503551.566], [220927.300999999, 503557.033], [220928.646000002, 503567.699999999], [220926.715, 503576.265999999], [220936.035999998, 503579.491], [220941.546, 503579.715999998], [220947.987, 503573.088], [220964.300999999, 503575.217], [220965.159000002, 503575.050999999], [220967.833999999, 503575.399], [220986.337000001, 503577.238000002], [220989.749000002, 503578.662], [220998.202, 503585.059999999], [221002.798999999, 503593.351], [221011.074999999, 503600.035999998], [221028.526000001, 503601.083000001], [221041.748, 503593.800000001], [221049.963, 503590.795000002], [221057.500999998, 503592.682999998], [221064.434, 503589.333000001], [221065.412999999, 503589.227000002], [221079.539999999, 503585.305], [221091.550999999, 503580.824000001], [221110.298, 503578.653000001], [221121.846000001, 503579.710999999], [221124.734999999, 503580.228], [221127.109000001, 503580.657000002], [221129.73, 503580.855999999], [221152.929000001, 503582.283], [221167.613000002, 503577.715999998], [221180.585999999, 503574.857000001], [221191.921, 503570.333000001], [221200.112, 503569.666999999], [221206.488000002, 503568.557999998], [221214.41, 503566.287999999], [221224.107000001, 503561.149999999], [221223.054000001, 503551.561000001], [221225.390999999, 503536.059], [221242.276000001, 503527.752999999], [221244.193, 503526.932999998], [221246.52, 503525.851], [221248.392000001, 503525.317000002], [221265.208999999, 503521.037999999], [221284.934999999, 503516.289999999], [221298.521000002, 503512.750999998], [221318.274, 503502.519000001], [221335.425999999, 503487.588], [221349.521000002, 503471.848000001], [221364.920000002, 503456.055], [221379.197999999, 503444.138], [221384.140000001, 503430.743000001], [221391.726, 503416.225000001], [221392.629000001, 503402.907000002], [221393.68, 503383.960999999], [221394.785999998, 503364.585999999], [221396.657000002, 503344.947000001], [221397.105999999, 503325.949999999], [221398.188999999, 503307.177000001], [221399.351, 503287.094000001], [221400.949000001, 503267.234000001], [221401.208999999, 503254.171999998], [221397.171, 503247.866], [221386.443999998, 503232.035], [221375.649, 503216.109000001], [221364.43, 503200.010000002], [221353.886, 503184.515999999], [221343.102000002, 503168.756999999], [221332.407000002, 503152.862], [221321.614999998, 503137.32], [221310.995000001, 503121.541000001], [221310.804000001, 503115.579999998], [221330.701000001, 503116.524999999], [221349.905000001, 503117.291000001], [221371.004999999, 503117.131999999], [221383.737, 503116.427999999]]}, "properties": {"OBJECTID": 593, "SOORT": 1, "KPNIDENT": "3253", "STATUS": 1}}, {"type": "Feature", "id": 594, "geometry": {"type": "LineString", "coordinates": [[197310.855999999, 504171.635000002], [197324.497000001, 504205.467999998], [197331.692000002, 504229.730999999], [197337.616, 504270.076000001], [197343.118000001, 504312.537], [197351.441, 504383.351], [197357.351, 504428.252999999], [197363.592999998, 504475.120000001], [197365.250999998, 504491.112], [197368.978999998, 504510.487], [197376.423999999, 504526.886], [197372.938000001, 504536.484000001], [197368.932999998, 504575.170000002], [197351.57, 504624.298999999], [197336.050000001, 504624.646000002], [197315.673999999, 504624.039000001], [197267.465999998, 504620.831], [197214.316, 504617.188999999], [197176.772, 504612.853999998], [197135.761, 504613.721000001], [197114.083999999, 504613.721000001], [197089.892999999, 504610.600000001], [197005.182, 504603.837000001], [196967.077, 504600.515999999], [196937.704999998, 504597.848000001], [196928.622000001, 504597.247000001], [196917.436999999, 504594.646000002], [196902.697000001, 504586.842999998], [196891.684999999, 504575.743999999], [196865.934, 504541.581999999], [196841.916000001, 504514.704], [196821.554000001, 504496.464000002], [196811.438999999, 504490.423999999], [196801.322999999, 504485.478], [196804.245000001, 504446.813000001], [196540.743999999, 504406.855], [196333.467999998, 504380.072000001], [196133.84, 504353.476], [196038.462000001, 504329.096000001], [195994.101, 504278.120999999], [195965.462000001, 504243.91], [195928.471999999, 504203.203000002], [195878.738000002, 504150.460999999], [195818.739, 504100.373], [195799.625, 504083.559], [195778.032000002, 504068.338], [195713.963, 504023.914000001], [195692.370000001, 504003.738000002], [195685.030999999, 503988.425000001], [195723.465999998, 503945.833999999], [195767.096000001, 503905.322000001], [195783.039000001, 503903.041000001], [195791.605999999, 503899.192000002], [195862.471999999, 503820.703000002], [195874.452, 503810.175000001], [195862.664000001, 503799.364999998], [195899.022, 503764.046], [195913.565000001, 503760.929000001], [195930.534000002, 503761.997000001]]}, "properties": {"OBJECTID": 594, "SOORT": 1, "KPNIDENT": "3254", "STATUS": 1}}, {"type": "Feature", "id": 595, "geometry": {"type": "LineString", "coordinates": [[207876.723000001, 483268.127999999], [208039.642000001, 483094.91], [208026.726, 483082.892999999], [207976.453000002, 483033.028000001], [207973.919, 483026.162], [207973.427999999, 483021.583999999], [207973.837000001, 483015.044], [207975.563999999, 483008.699999999], [207985.511, 482997.548], [208116.789999999, 482903.655000001], [208120.815000001, 482899.293000001], [208123.022, 482895.859999999], [208125.173, 482888.984999999], [208124.739, 482885.313999999], [208123.077, 482881.125], [208048.960999999, 482796.456999999], [208045.936000001, 482788.772999998], [208045.037, 482782.232999999], [208045.936000001, 482776.102000002], [208048.151999999, 482771.776999999], [208056.072999999, 482762.778000001], [208081.659000002, 482739.399], [208233.460999999, 482603.537999999], [208233.706, 482598.796], [208231.171999998, 482593.973000001], [208224.714000002, 482584.572999999], [208190.381000001, 482549.993999999], [208144.93, 482501.519000001], [208084.846999999, 482433.833999999], [208021.495000001, 482363.859999999]]}, "properties": {"OBJECTID": 595, "SOORT": 1, "KPNIDENT": "3256", "STATUS": 1}}, {"type": "Feature", "id": 596, "geometry": {"type": "LineString", "coordinates": [[187754.081999999, 509411.495999999], [187649.940000001, 509434.693999998], [187644.899, 509440.574999999], [187510.464000002, 509651.190000001], [187333.738000002, 509927.342], [187327.296999998, 509936.304000001], [187319.454999998, 509943.866], [187305.451000001, 509951.988000002], [187292.271000002, 509955.842], [187282.471000001, 509956.767000001], [187252.241999999, 509957.592], [187190.340999998, 509959.829999998], [187180.539000001, 509960.109999999], [187172.416000001, 509962.910999998], [187165.135000002, 509968.232000001], [187157.293000001, 509978.594999999], [187154.491999999, 509986.436999999], [187140.851, 510060.177999999], [187131.026000001, 510139.916999999], [187117.072000001, 510262.087000001], [187108.956, 510345.100000001], [187106.817000002, 510375.298999999], [187106.107999999, 510408.890999999], [187104.256999999, 510437.938000001], [187095.811000001, 510526.982999999]]}, "properties": {"OBJECTID": 596, "SOORT": 1, "KPNIDENT": "3257", "STATUS": 1}}, {"type": "Feature", "id": 661, "geometry": {"type": "LineString", "coordinates": [[212933.548, 473119.136999998], [212922.379999999, 473109.896000002], [212905.011999998, 473102.019000001], [212887.302000001, 473093.421], [212878.035, 473097.109000001], [212866.609000001, 473113.392999999], [212859.144000001, 473120.250999998], [212848.890999999, 473120.857999999], [212839.232000001, 473116.879000001], [212821.230999999, 473109.703000002], [212802.897999998, 473102.131000001], [212785.443, 473094.666999999], [212767.434, 473087.035999998], [212748.793000001, 473079.675000001], [212729.851, 473072.655999999], [212711.054000001, 473066.043000001], [212692.008000001, 473059.043000001], [212674.006999999, 473049.305], [212669.298999999, 473043.414999999], [212663.874000002, 473030.169], [212665.223999999, 473010.590999998], [212670.067000002, 472991.34], [212677.164000001, 472972.556000002], [212682.699000001, 472957.414999999]]}, "properties": {"OBJECTID": 661, "SOORT": 1, "KPNIDENT": "3271", "STATUS": 1}}, {"type": "Feature", "id": 662, "geometry": {"type": "LineString", "coordinates": [[193808.631000001, 505978.015000001], [193797.037999999, 505973.502999999], [193787.261999998, 505970.219000001], [193780.306000002, 505966.484000001], [193774.603999998, 505961.032000002], [193758.122000001, 505921.239], [193741.769000001, 505886.322999999], [193738.223999999, 505882.482999999], [193732.197999999, 505879.144000001], [193724.032000002, 505877.749000002], [193713.879999999, 505878.940000001], [193705.315000001, 505880.916999999], [193692.761999998, 505886.460000001], [193621.072000001, 505934.774999999], [193609.98, 505942.232000001], [193605.153999999, 505944.675999999], [193598.778999999, 505946.085999999], [193595.127999999, 505945.616], [193591.932, 505943.611000001], [193587.802000001, 505938.550999999], [193581.197999999, 505927.579999998], [193564.796999998, 505901.249000002], [193542.675999999, 505870.668000001], [193530.206, 505853.309], [193521.837000001, 505858.407000002], [193489.283, 505878.366], [193439.713, 505907.252], [193410.460999999, 505921.817000002], [193400.265999999, 505925.763], [193391.489999998, 505929.16], [193372.640999999, 505934.912999999], [193355.750999998, 505938.706999999], [193338.738000002, 505941.033], [193327.355, 505940.298], [193300.061000001, 505932.954], [193266.035, 505922.673], [193225.522999998, 505911.535], [193215.646000002, 505909.601], [193208.877, 505908.965], [193202.390000001, 505909.454999998], [193195.046, 505911.535], [193153.798999999, 505933.443999998], [193104.473999999, 505957.311000001], [193092.48, 505961.350000001], [193081.219000001, 505962.574000001], [193066.41, 505960.616], [193048.907000002, 505957.066], [193032.261, 505952.048], [193023.570999999, 505947.886999998], [193007.048, 505932.587000001], [193005.335000001, 505927.079999998], [193006.802999999, 505922.550999999], [193010.475000001, 505919.124000002], [193034.611000001, 505896.511], [193091.728, 505835.978], [193117.815000001, 505807.745000001], [193133.359999999, 505792.078000002], [193143.640999999, 505782.287], [193157.881000001, 505770.684], [193197.739, 505744.344000001], [193204.103999998, 505740.305], [193209.366999999, 505737.857000001], [193215.486000001, 505736.877999999], [193241.311999999, 505738.102000002], [193252.572000001, 505737.489999998], [193262.118999999, 505734.920000002], [193275.827, 505728.923], [193288.105999999, 505719.295000002], [193311.443999998, 505695.754000001], [193353.914999999, 505656.831999999], [193362.971999999, 505642.388999999], [193370.438000001, 505633.331999999], [193443.331999999, 505575.976], [193570.094999999, 505485.298999999], [193665.397999998, 505384.443999998], [193692.335999999, 505341.175999999], [193717.059999999, 505312.903000001], [193723.914000001, 505297.971000001], [193759.530999999, 505221.719000001], [193776.666000001, 505184.265999999], [193783.52, 505166.151999999], [193783.153000001, 505162.234999999], [193782.173999999, 505158.195999999], [193779.603999998, 505150.363000002], [193781.438999999, 505129.188000001], [193790.986000001, 505053.671], [193796.004000001, 505006.916000001], [193799.467999998, 504958.379999999], [193813.701000001, 504911.267000001], [193817.098000001, 504857.381000001], [193808.134, 504797.318999998], [193808.432999998, 504779.688999999], [193834.780000001, 504757.032000002], [193888.778999999, 504731.982999999], [193900.072000001, 504729.723999999], [193906.642000001, 504730.135000002], [193919.577, 504734.447000001], [193954.892000001, 504755.388999999], [193984.252999999, 504775.511], [194002.936999999, 504784.75], [194073.085999999, 504811.114]]}, "properties": {"OBJECTID": 662, "SOORT": 1, "KPNIDENT": "3273", "STATUS": 1}}, {"type": "Feature", "id": 663, "geometry": {"type": "LineString", "coordinates": [[194047.423, 504987.993000001], [194047.247000001, 504988.581], [194046.109000001, 504992.666000001], [194044.686999999, 504996.693999998], [194041.355999999, 505017.469999999], [194039.313000001, 505032.717], [194039.337000001, 505047.344000001], [194039.583000001, 505060.352000002], [194041.460000001, 505074.537999999], [194045.673999999, 505095.945999999], [194048.254000001, 505111.346000001], [194050.68, 505132.658], [194052.684, 505152.02], [194055.002999999, 505173.723000001], [194058.015999999, 505184.07], [194058.605999999, 505198.664999999], [194060.059999999, 505221.987], [194061.596000001, 505247.890000001], [194059.925999999, 505268.934999999], [194056.182999998, 505292.785], [194051.237, 505311.083999999], [194044.881999999, 505329.052999999], [194038.057, 505346.885000002], [194032.807, 505359.136], [194026.690000001, 505374.861000001], [194020.473999999, 505393.410999998], [194016.829999998, 505412.873], [194016.75, 505432.662999999], [194017.969999999, 505442.177000001], [194024.002, 505465.684999999], [194029.458999999, 505480.026000001], [194034.145, 505488.02], [194037.353, 505493.227000002], [194045.291000001, 505502.809], [194047.009, 505504.943], [194059.875999998, 505517.653000001], [194074.592, 505532.214000002], [194088.895, 505546.511999998], [194103.634, 505561], [194118.226, 505575.642000001], [194132.324000001, 505591.088], [194140.528000001, 505603.881000001], [194146.048999999, 505618.394000001], [194148.028000001, 505633.84], [194147.052999999, 505650.225000001], [194142.629999999, 505669.864], [194137.618000001, 505689.613000002], [194133.044, 505709.011], [194129.263, 505729.265999999], [194126.232000001, 505749.840999998], [194124.238000002, 505766.702], [194122.557, 505786.407000002], [194122.317000002, 505806.888999999], [194122.839000002, 505826.901999999], [194122.267999999, 505846.640000001], [194118.543000001, 505867.144000001], [194111.919, 505886.528999999], [194102.717, 505903.824000001], [194092.662999999, 505919.988000002], [194080.201000001, 505935.651000001], [194066.780999999, 505946.997000001], [194047.282000002, 505956.271000002], [194027.960999999, 505960.278999999], [194007.166000001, 505962.061000001], [193988.386, 505963.609999999], [193967.752, 505965.173], [193946.645, 505966.883000001], [193926.250999998, 505968.462000001], [193904.932999998, 505970.309999999], [193892.114, 505971.214000002], [193874.282000002, 505972.767000001], [193852.954999998, 505974.500999998], [193832.484000001, 505976.191], [193811.943, 505977.77], [193779.809999999, 505980.471000001], [193760.986000001, 505986.227000002], [193745.397999998, 505997.037999999], [193732.984999999, 506012.234000001], [193724.274, 506029.701000001], [193718.976, 506040.960999999], [193710.068999998, 506058.655999999], [193697.870000001, 506073.002], [193682.379999999, 506083.039999999], [193663.282000002, 506089.397999998], [193643.984999999, 506090.896000002], [193619.890999999, 506084.817000002], [193601.498, 506075.289000001], [193583.324000001, 506067.285], [193563.93, 506061.861000001], [193543.936000001, 506059.995999999], [193522.103, 506061.370000001], [193501.754999999, 506065.267000001], [193482.668000001, 506070.592], [193462.640000001, 506076.129000001], [193442.743999999, 506081.425999999], [193424.647, 506086.228999998], [193404.227000002, 506091.572000001], [193384.098000001, 506097.057999998], [193364.335999999, 506102.353999998], [193344.73, 506107.318], [193324.831999999, 506113.094999999], [193305.399999999, 506119.811000001], [193285.778999999, 506127.460000001], [193266.521000002, 506135.142000001], [193247.873, 506142.765000001], [193231.631999999, 506149.114], [193216.068999998, 506156.026999999], [193197.432, 506162.181000002], [193178.337000001, 506163.087000001], [193158.602000002, 506160.331], [193142.449999999, 506151.864999998], [193130.107000001, 506143.065000001], [193117.077, 506134.309], [193099.662999999, 506127.515999999], [193081.291000001, 506126.028000001], [193062.866, 506129.611000001], [193043.311000001, 506137.149999999], [193024.056000002, 506144.563999999], [193004.677000001, 506145.853], [192985.697999999, 506141.973999999], [192967.202, 506137.423], [192946.66, 506132.747000001], [192927.407000002, 506128.423], [192909.125999998, 506124.267000001], [192889.953000002, 506119.717], [192871.506999999, 506115.715], [192850.738000002, 506111.044], [192831.372000001, 506106.394000001], [192813.024, 506102.405000001], [192794.142000001, 506098.311999999], [192775.276000001, 506094.32], [192755.449999999, 506089.670000002], [192735.633000001, 506085.392999999], [192716.778000001, 506081.274999999], [192698.184999999, 506077.642000001], [192680.620000001, 506073.278999999], [192662.052999999, 506069.807999998], [192642.969000001, 506065.583000001], [192622.098999999, 506061.381999999], [192603.407000002, 506058.646000002], [192584.555, 506065.397999998], [192570.129999999, 506072.677999999], [192551.670000002, 506082.011999998], [192532.664999999, 506091.493999999], [192514.208000001, 506100.517999999], [192496.491, 506109.791999999], [192477.329, 506120.294], [192459.206, 506130.577], [192441.820999999, 506140.752], [192424.758000001, 506150.758000001], [192407.971000001, 506160.548], [192388.098000001, 506173.076000001], [192371.469999999, 506183.901000001], [192355.409000002, 506194.594000001], [192340.684, 506204.453000002], [192324.798999999, 506214.658], [192312.177000001, 506223.625], [192298.131000001, 506234.280000001], [192284.177999999, 506248.423], [192273.818999998, 506263.019000001], [192265.614999998, 506279.565000001], [192257.943, 506300.905999999], [192252.909000002, 506319.210000001], [192247.899999999, 506338.065000001], [192242.835999999, 506356.563999999], [192238.760000002, 506373.839000002], [192234.377999999, 506393.989], [192234.870999999, 506413.616], [192233.695, 506421.838], [192230.138999999, 506432.316], [192217.396000002, 506449.949000001], [192209.958000001, 506459.704999998], [192197.348000001, 506477.802000001], [192189.713, 506496.649], [192182.458999999, 506515.436000001], [192175.456, 506533.840999998], [192167.763999999, 506553.309999999], [192161.826000001, 506568.690000001], [192155.335999999, 506585.486000001], [192148.555, 506603.045000002], [192141.811000001, 506620.285], [192134.668000001, 506638.441], [192127.824999999, 506656.184], [192121.458999999, 506673.923], [192115.884, 506692.454999998], [192114.423999999, 506710.237], [192116.596999999, 506732.223000001], [192119.721000001, 506751.074999999], [192122.802999999, 506770.456999999], [192124.215, 506790.804000001], [192123.208999999, 506810.846999999], [192120.300000001, 506831.140000001], [192115.82, 506849.697999999], [192111.125999998, 506867.348999999], [192106.352000002, 506885.149], [192101.798, 506902.328000002], [192096.850000001, 506920.945], [192091.885000002, 506939.905999999], [192086.897999998, 506958.873], [192081.984999999, 506977.445], [192077.096000001, 506996.331], [192072.061999999, 507015.576000001], [192068.272999998, 507029.864999998], [192063.916999999, 507046.848999999], [192059.142000001, 507066.107000001], [192054.684999999, 507085.272], [192050.309999999, 507104.340999998], [192045.884, 507122.914000001], [192039.541000001, 507142.164000001], [192032.030000001, 507160.491999999], [192023.316, 507178.248], [192013.600000001, 507197.82], [192003.907000002, 507217.603999998], [191994.151000001, 507237.471000001], [191984.487, 507257.18], [191973.502, 507279.293000001], [191964.017999999, 507298.471999999], [191954.239999998, 507318.311999999], [191942.842999998, 507341.379999999], [191934.120999999, 507359.188999999], [191925.670000002, 507376.271000002], [191917.127, 507393.681000002], [191910.065000001, 507407.879000001], [191902.787, 507422.583000001], [191895.521000002, 507437.43], [191888.083999999, 507452.16], [191880.370000001, 507466.539999999], [191871.484000001, 507482.572000001], [191862.136999998, 507499.146000002], [191852.774, 507515.916999999], [191843.835000001, 507531.796], [191834.210000001, 507546.374000002], [191821.68, 507561.394000001], [191806.741999999, 507574.285], [191789.940000001, 507585.313999999], [191773.988000002, 507597.074999999], [191758.817000002, 507609.741], [191748.065000001, 507619.864], [191735.318999998, 507633.800999999], [191722.576000001, 507648.925000001], [191709.798, 507664.442000002], [191697.138999999, 507680.168000001], [191686.452, 507693.68], [191675.370000001, 507707.473999999], [191664.109000001, 507721.487], [191652.32, 507736.175999999], [191641.473999999, 507749.517000001], [191628.59, 507765.912999999], [191615.230999999, 507782.390000001], [191602.802999999, 507798.019000001], [191590.399999999, 507813.624000002], [191577.993999999, 507829.008000001], [191567.059, 507842.511999998], [191556.045000002, 507856.289000001], [191543.443, 507871.960999999], [191530.844999999, 507887.745999999], [191518.318999998, 507902.548], [191503.743000001, 507916.399], [191488.613000002, 507929.686000001], [191475.107999999, 507944.326000001], [191461.833000001, 507958.772], [191448.783, 507971.136999998], [191434.445, 507983.039999999], [191418.903999999, 507994.364], [191402.463, 508005.877999999], [191385.965, 508017.436000001], [191369.629000001, 508028.732000001], [191353.600000001, 508040.039000001], [191336.713, 508051.623], [191320.278000001, 508063.008000001], [191303.129999999, 508074.772], [191286.103999998, 508086.475000001], [191277.348000001, 508092.493000001], [191270.206999999, 508097.465999998], [191267.789999999, 508095.693999998], [191255.824000001, 508104.352000002], [191252.116, 508107.048999999], [191236.620000001, 508119.238000002], [191220.342, 508132.032000002], [191204.741999999, 508142.675999999], [191188.427999999, 508155.283], [191176.107000001, 508169.250999998], [191162.908, 508182.612], [191158.170000002, 508185.151000001], [191155.114, 508185.625999998], [191151.565000001, 508184.574999999], [191139.745000001, 508201.136], [191141.271000002, 508203.905999999], [191141.613000002, 508206.982000001], [191140.750999998, 508216.658], [191134.852000002, 508226.449999999], [191125.193999998, 508242.445999999], [191119.875, 508248.313999999], [191097.381999999, 508286.616], [191094.405000001, 508293.328000002], [191091.511999998, 508291.545000002], [191084.052999999, 508304.169], [191079.995000001, 508314.157000002], [191077.857000001, 508324.567000002], [191075.421999998, 508346.052999999], [191073.394000001, 508356.967999998], [191074.074000001, 508359.625], [191074.778999999, 508362.217], [191070.703000002, 508381.306000002], [191067.653000001, 508400.730999999], [191067.791000001, 508415.397999998], [191074.758000001, 508428.673], [191087.364999998, 508443.557], [191100.204999998, 508458.434999999], [191111.210999999, 508471.278000001], [191122.677000001, 508484.941], [191134.863000002, 508499.454999998], [191136.951000001, 508499.706], [191138.673, 508499.954999998], [191142.691, 508504.732000001], [191142.855999999, 508522.668000001], [191143.037, 508540.43], [191143.166000001, 508556.526000001], [191143.197999999, 508564.550000001], [191138.98, 508573.556000002], [191135.427999999, 508580.155999999], [191132.899999999, 508585.396000002], [191132.548, 508590.927999999], [191138.390999999, 508609.348999999], [191140.723999999, 508623.772999998], [191140.831999999, 508630.219000001], [191140.848000001, 508650.052999999], [191140.971000001, 508670.039000001], [191141.114999998, 508689.480999999], [191141.232000001, 508709.600000001], [191141.213, 508727.651999999], [191141.304000001, 508746.390000001], [191140.704999998, 508765.43], [191139.370999999, 508784.364], [191136.372000001, 508803.274999999], [191130.077, 508822.116]]}, "properties": {"OBJECTID": 663, "SOORT": 1, "KPNIDENT": "3274", "STATUS": 1}}, {"type": "Feature", "id": 664, "geometry": {"type": "LineString", "coordinates": [[212682.699000001, 472957.414999999], [212684.197999999, 472953.313999999], [212683.416000001, 472933.407000002], [212680.657000002, 472913.524], [212678.125, 472893.491999999], [212675.342999998, 472873.721999999], [212672.870000001, 472854.074000001], [212669.914999999, 472834.811000001], [212667.223999999, 472814.59], [212665.476, 472799.963], [212641.993999999, 472802.340999998], [212621.600000001, 472803.884], [212601.782000002, 472805.798], [212581.409000002, 472807.576000001], [212561.592, 472809.423999999], [212541.594999999, 472811.539999999], [212521.771000002, 472813.546], [212502.686000001, 472815.653999999], [212487.824999999, 472816.658], [212468.805, 472817.921999998], [212448.829, 472818.973999999], [212429.182999998, 472819.91], [212428.258000001, 472811.055], [212427.649999999, 472793.585999999], [212427.044, 472776.188999999], [212425.892000001, 472755.385000002], [212424.857999999, 472748.945]]}, "properties": {"OBJECTID": 664, "SOORT": 1, "KPNIDENT": "3275", "STATUS": 1}}, {"type": "Feature", "id": 665, "geometry": {"type": "LineString", "coordinates": [[207674.894000001, 473797.785999998], [207687.250999998, 473804.988000002], [207699.342, 473821.471999999], [207717.482999999, 473834.335999999], [207752.445999999, 473846.210000001], [207782.056000002, 473860.920000002], [207796.175999999, 473867.723000001], [207805.504999999, 473870.493999999], [207811.052000001, 473870.998], [207814.329999998, 473870.745999999], [207817.103999998, 473868.982999999], [207821.894000001, 473862.936000001], [207826.936999999, 473858.149], [207830.215, 473858.401000001], [207835.258000001, 473860.668000001], [207932.284000002, 473906.346000001], [207989.925999999, 473943.171], [208012.982000001, 473961.243000001], [208023.844000001, 473973.864], [208032.18, 473992.289999999], [208042.284000002, 474012.23], [208050.125, 474030.782000002], [208053.177999999, 474043.079999998], [208056.699999999, 474058.756999999], [208059.901999999, 474073.793000001], [208063.743999999, 474079.552000001], [208068.866999999, 474081.791999999], [208086.157000002, 474084.671], [208151.793000001, 474092.669], [208231.054000001, 474104.526000001], [208275.420000002, 474109.846000001], [208320.655999999, 474113.136], [208327.294, 474116.682999998], [208333.164000001, 474122.548999999], [208334.116, 474134.596999999], [208333.798999999, 474140.146000002], [208330.759, 474156.186999999], [208331.210000001, 474173.559999999], [208331.931000002, 474200.096999999], [208333.940000001, 474217.363000002], [208337.988000002, 474223.555], [208343.173, 474228.736000001], [208350.324000001, 474230.522999998], [208370.348000001, 474231.059], [208480.331999999, 474231.745000001], [208506.794, 474232.761999998], [208522.805, 474235.237], [208557.897999998, 474242.929000001], [208575.557999998, 474246.096000001], [208594.802999999, 474248.131999999], [208623.105, 474249.715999998], [208648.870000001, 474251.993000001], [208688.300999999, 474251.087000001], [208957.890999999, 474254.342999998], [209048.103, 474259.473000001], [209084.774, 474263.136999998], [209153.715999998, 474252.144000001], [209235.127, 474232.357000001], [209280.743999999, 474218.596000001], [209423.504000001, 474162.682999998], [209492.394000001, 474143.909000002], [209591.554000001, 474125.135000002], [209682.364, 474105.318], [209741.859999999, 474091.760000002], [209804.487, 474080.287], [209845.386, 474071.147999998], [209853.588, 474066.465], [209865.124000002, 474076.712000001], [209872.679000001, 474082.640999999], [209882.467999998, 474089.410999998], [209899.660999998, 474097.256000001], [209916.778999999, 474105.061000001], [209934.133000001, 474112.965999998], [209950.508000001, 474120.577], [209959.743999999, 474124.645], [209976.535, 474132.535999998], [209995.170000002, 474141.017999999], [210013.495999999, 474149.754000001], [210032.800999999, 474158.272999998], [210048.614, 474165.866999999], [210066.272999998, 474173.796], [210083.68, 474182.225000001], [210101.653999999, 474189.761999998], [210111.289999999, 474194.601], [210110.857000001, 474195.136], [210119.019000001, 474199.107999999], [210122.261999998, 474200.767000001], [210127.493999999, 474202.543000001], [210127.802999999, 474202.381999999], [210136.598000001, 474206.274], [210149.217999998, 474209.18], [210169.331999999, 474217.732000001], [210186.094999999, 474225.421], [210201.414999999, 474232.859000001], [210207.657000002, 474236.243000001], [210210.868000001, 474237.947999999], [210212.752, 474239.068], [210213.895, 474239.776999999], [210215.327, 474240.482999999], [210216.749000002, 474241.315000001], [210220.160999998, 474242.976], [210227.895, 474246.399], [210245.425000001, 474254.916999999], [210264.692000002, 474264.785], [210283.738000002, 474274.625999998], [210301.785, 474285.521000002], [210320.627, 474296.186000001], [210338.881000001, 474306.306000002], [210357.342999998, 474316.425000001], [210376.335000001, 474325.785999998], [210395.535, 474335.449999999], [210414.77, 474344.897], [210433.728, 474354.778000001], [210451.500999998, 474364.813999999], [210468.368999999, 474375.888999999], [210485.083999999, 474387.043000001], [210501.962000001, 474397.938000001], [210512.447999999, 474406.765999999], [210528.041999999, 474420.066], [210542.293000001, 474434.478], [210555.511999998, 474449.673], [210569.715999998, 474464.703000002], [210581.114, 474477.397], [210593.730999999, 474493.807], [210605.164000001, 474511.666000001], [210615.327, 474528.971999999], [210626.166999999, 474545.864], [210633.471999999, 474561.227000002], [210642.793000001, 474579.877], [210653.010000002, 474598.155000001], [210663.34, 474616.662], [210673.07, 474634.085000001], [210683.352000002, 474652.480999999], [210692.339000002, 474668.728999998], [210702.138, 474686.75], [210712.846999999, 474704.528999999], [210722.914999999, 474721.335999999], [210736.471000001, 474742.947000001], [210747.588, 474761.649999999], [210758.171999998, 474778.671999998], [210768.392999999, 474796.188000001], [210779.559999999, 474810.590999998], [210788.760000002, 474826.280000001], [210796.221000001, 474838.934999999], [210796.539000001, 474839.726], [210808.252999999, 474860.780999999], [210818.842999998, 474878.857999999], [210828.659000002, 474896.028999999], [210838.975000001, 474914.006000001], [210849.638, 474931.590999998], [210860.02, 474949.870999999], [210870.195, 474967.363000002], [210880.362, 474984.122000001], [210887.73, 474995.664000001], [210889.752, 474996.925999999], [210891.274999999, 475000.458000001], [210893.647999998, 475004.502999999], [210899.741, 475014.024999999], [210908.462000001, 475027.111000001], [210910.127, 475029.206999999], [210910.633000001, 475030.747000001], [210913.021000002, 475032.552000001], [210915.145, 475037.307], [210916.624000002, 475038.098000001], [210917.692000002, 475040.651999999], [210922.772999998, 475051.372000001], [210926.294, 475057.789000001], [210926.346000001, 475057.866], [210926.482999999, 475058.195999999], [210927.346000001, 475060.074000001], [210928.822000001, 475062.511], [210928.901000001, 475062.623], [210931.907000002, 475067.651000001], [210935.300000001, 475072.638], [210935.362, 475072.782000002], [210936.624000002, 475075.146000002], [210938.114, 475077.741], [210938.182999998, 475077.868000001], [210939.967999998, 475081.263999999], [210940.072000001, 475081.423999999], [210941.666000001, 475084.504000001], [210943.750999998, 475088.397], [210943.967, 475088.754000001], [210943.989999998, 475088.838], [210949.671999998, 475098.124000002], [210958.989999998, 475113.982000001], [210969.342, 475131.377], [210979.445999999, 475148.256000001], [210989.577, 475165.215], [210999.469999999, 475182.096999999], [211009.675000001, 475199.140999999], [211019.261, 475215.162999999], [211024.112, 475223.017000001], [211034.041999999, 475239.905000001], [211044.151000001, 475256.866999999], [211053.585000001, 475272.811999999], [211063.594999999, 475289.91], [211073.353, 475306.511], [211083.289999999, 475323.293000001], [211093.796, 475340.965999998], [211102.732999999, 475355.793000001], [211112.629999999, 475372.528000001], [211122.447999999, 475389.182], [211132.339000002, 475405.816], [211140.272999998, 475419.651999999], [211150.423, 475436.079], [211160.386999998, 475452.763], [211170.618999999, 475469.756000001], [211180.594999999, 475486.204], [211190.596000001, 475502.559], [211199.452, 475517.774], [211209.526999999, 475534.026999999], [211219.515999999, 475550.877999999], [211229.651999999, 475568.195], [211239.892000001, 475585.543000001], [211249.557, 475602.184999999], [211259.940000001, 475619.820999999], [211270.094000001, 475637.271000002], [211280.487, 475654.727000002], [211290.701000001, 475671.802999999], [211300.478999998, 475688.975000001], [211306.886999998, 475700.184999999], [211316.517999999, 475716.598000001], [211325.193, 475731.745999999], [211331.456999999, 475742.574999999], [211333.636, 475746.513], [211335.699000001, 475749.796], [211341.037, 475760.213], [211350.436000001, 475775.774], [211359.837000001, 475792.252], [211369.320999999, 475808.688000001], [211377.088, 475822.265999999], [211386.521000002, 475838.804000001], [211396.921, 475857.129999999], [211406.458999999, 475873.776999999], [211416.146000002, 475890.921], [211425.18, 475906.969000001], [211434.267999999, 475923.261], [211439.168000001, 475931.897999998], [211448.704999998, 475948.798999999], [211458.329, 475966.197000001], [211468.296, 475983.951000001], [211477.515000001, 476000.579], [211486.947999999, 476017.945999999], [211495.272999998, 476033.309], [211504.618999999, 476049.914000001], [211513.725000001, 476066.673999999], [211522.73, 476083.535999998], [211531.879999999, 476100.339000002], [211541.085999999, 476118.048], [211550.486000001, 476135.333000001], [211559.416000001, 476151.296], [211568.706999999, 476168.449999999], [211577.901999999, 476185.362], [211586.942000002, 476202.260000002], [211595.469000001, 476218.509], [211605.363000002, 476236.497000001], [211613.899, 476252.482999999], [211622.541000001, 476268.929000001], [211630.732000001, 476285.965999998], [211639.682, 476303.82], [211649.022999998, 476320.811999999], [211658.088, 476335.609999999], [211661.861000001, 476341.454999998], [211670.715, 476357.390999999], [211680.412999999, 476375.103], [211689.249000002, 476391.588], [211697.943999998, 476407.977000002], [211707.305, 476425.441], [211715.960999999, 476441.708999999], [211725.774, 476460.438999999], [211735.168000001, 476477.997000001], [211744.550999999, 476495.954], [211754.024, 476514.024999999], [211762.732000001, 476531.243000001], [211771.517000001, 476548.063999999], [211781.386999998, 476566.816], [211790.238000002, 476583.636], [211799.728, 476601.840999998], [211808.879999999, 476619.02], [211817.761, 476636.201000001], [211826.539999999, 476653.572999999], [211836.140999999, 476671.772999998], [211839.642000001, 476678.682], [211848.901000001, 476696.260000002], [211858.243999999, 476713.984000001], [211867.52, 476731.556000002], [211876.579, 476748.706], [211885.081999999, 476765.164000001], [211893.024999999, 476780.296999998], [211900.092, 476792.342999998], [211900.16, 476792.451000001], [211909.912999999, 476807.583000001], [211918.853999998, 476823.824000001], [211927.609999999, 476840.583000001], [211936.791000001, 476857.596000001], [211943.943999998, 476870.881999999], [211949.967, 476881.734000001], [211954.655999999, 476890.916999999], [211963.436000001, 476905.191], [211969.813999999, 476916.243999999], [211973.452, 476923.019000001], [211976.934999999, 476929.688000001], [211981.309999999, 476939.852000002], [211989.840999998, 476957.013], [211999.263, 476974.765999999], [212008.596000001, 476991.732999999], [212017.976, 477009.127], [212026.767999999, 477025.708999999], [212033.397999998, 477038.219999999], [212042.328000002, 477054.827], [212051.684, 477072.783], [212060.577, 477089.796999998], [212069.035, 477106.033], [212077.967999998, 477123.204], [212086.978, 477140.535999998], [212095.079, 477156.320999999], [212104.072999999, 477173.877], [212113.596000001, 477191.811999999], [212122.498, 477208.627], [212131.800000001, 477225.892000001], [212140.919, 477243.030000001], [212149.285999998, 477258.212000001], [212153.208999999, 477265.912], [212162.539999999, 477282.726], [212171.884, 477300.181000002], [212180.787, 477316.962000001], [212190.123, 477334.651000001], [212199.296, 477351.980999999], [212208.436999999, 477369.065000001], [212217.743000001, 477386.895], [212227.159000002, 477404.181000002], [212236.186999999, 477421.063999999], [212245.010000002, 477437.375], [212254.237, 477454.52], [212263.469999999, 477471.403999999], [212272.544, 477488.241999999], [212282.237, 477506.079], [212287.476, 477515.59], [212296.526999999, 477532.745000001], [212305.510000002, 477550.482999999], [212314.977000002, 477568.679000001], [212324.381999999, 477586.528999999], [212334.259, 477604.702], [212343.690000001, 477622.232000001], [212351.460000001, 477637.079999998], [212360.870000001, 477654.318], [212369.629999999, 477671], [212379.477000002, 477688.761], [212389.153000001, 477706.024], [212399.094000001, 477723.473999999], [212409.083999999, 477741.364], [212417.471000001, 477755.802999999], [212426.611000001, 477771.989999998], [212436.263, 477788.682999998], [212445.550000001, 477804.671], [212455.129000001, 477820.570999999], [212465.491, 477837.043000001], [212476.874000002, 477853.388], [212490.169, 477871.374000002], [212501.204999998, 477886.822000001], [212512.682999998, 477902.294], [212524.142000001, 477917.842], [212535.195, 477932.912], [212545.717999998, 477947.783], [212556.625, 477962.82], [212565.774, 477975.491999999], [212576.927999999, 477990.923999999], [212587.316, 478005.375], [212597.795000002, 478020.037], [212605.184, 478030.322999999], [212607.997000001, 478034.710999999], [212615.081, 478048.153000001], [212618.037, 478051.852000002], [212619.963, 478055.397], [212627.664999999, 478067.103], [212647.951000001, 478095.045000002], [212647.873, 478095.061000001], [212659.261, 478110.410999998], [212670.489999998, 478125.625999998], [212681.629000001, 478141.044], [212692.864, 478156.333999999], [212704.346999999, 478172.147999998], [212715.160999998, 478187.245999999], [212725.664999999, 478201.969000001], [212731.848000001, 478210.647999998], [212742.864999998, 478225.761999998], [212753.726, 478240.857999999], [212764.598999999, 478255.945], [212776.171, 478271.892000001], [212787.085999999, 478287.092], [212790.041000001, 478291.328000002], [212800.938999999, 478306.524], [212811.942000002, 478321.671999998], [212823.787999999, 478337.956], [212834.556000002, 478353.399], [212846.173, 478369.120000001], [212849.682, 478374.572999999], [212860.635000002, 478389.561000001], [212871.756999999, 478405.166999999], [212883.221000001, 478421.355], [212894.27, 478436.495999999], [212905.096999999, 478451.522999998], [212919.032000002, 478470.826000001], [212927.688999999, 478482.302000001], [212937.796999998, 478495.741], [212943.623, 478503.164999999], [212948.579999998, 478509.287], [212960.546, 478523.695999999], [212972.903000001, 478538.028000001], [212985.166000001, 478552.592], [212998.638999999, 478567.511999998], [213011.151000001, 478580.993000001], [213018.572999999, 478589.076000001], [213031.669, 478602.868000001], [213045.076000001, 478617.072999999], [213058.221000001, 478631.249000002], [213070.960000001, 478644.960999999], [213076.511, 478650.991999999], [213089.315000001, 478664.844000001], [213102.386999998, 478678.962000001], [213115.682, 478693.127], [213129.318999998, 478707.673], [213142.550999999, 478721.827], [213154.941, 478735.423999999], [213163.157000002, 478744.125999998], [213175.171, 478757.509], [213188.322999999, 478771.541999999], [213200.886, 478785.094999999], [213212.988000002, 478798.418000001], [213225.181000002, 478811.818], [213240.754000001, 478828.991], [213254.204, 478843.285], [213266.98, 478856.884], [213276.739999998, 478867.772999998], [213288.651999999, 478880.918000001], [213300.993999999, 478894.090999998], [213308.039999999, 478901.903999999], [213321.943999998, 478917.438000001], [213335.467999998, 478931.778999999], [213348.590999998, 478946.214000002], [213361.489999998, 478960.892000001], [213374.456999999, 478976.355], [213387.741999999, 478992.710000001], [213400.827, 479008.800999999], [213413.182999998, 479024.307], [213425.782000002, 479039.699000001], [213443.017999999, 479061.002], [213451.993000001, 479078.592999998], [213455.077, 479080.603999998], [213461.416000001, 479084.293000001], [213474.993999999, 479099.978999998], [213486.454, 479114.157000002], [213499.636, 479131.342999998], [213511.82, 479146.772], [213523.677999999, 479162.022999998], [213535.662, 479177.776999999], [213547.642000001, 479193.302000001], [213558.486000001, 479207.546999998], [213570.929000001, 479224.409000002], [213582.436999999, 479240.489], [213594.146000002, 479257.532000002], [213605.159000002, 479273.958999999], [213615.791000001, 479289.910999998], [213626.513999999, 479305.743999999], [213637.697000001, 479322.625999998], [213648.927000001, 479338.670000002], [213659.431000002, 479354.739], [213670.416999999, 479370.962000001], [213681.436000001, 479387.010000002], [213691.870999999, 479402.18], [213702.081, 479417.533], [213712.984999999, 479433.368000001], [213723.234999999, 479448.927000001], [213733.640000001, 479464.493999999], [213744.982000001, 479481.502999999], [213755.761, 479497.796], [213766.804000001, 479514.394000001], [213777.02, 479529.918000001], [213787.274, 479546.085999999], [213797.866999999, 479562.284000002], [213808.386999998, 479578.27], [213818.758000001, 479594.122000001], [213829.653999999, 479611.043000001], [213840.383000001, 479627.226], [213851.23, 479643.660999998], [213863, 479661.263], [213873.313999999, 479676.840999998], [213884.506000001, 479693.829], [213895.338, 479710.217], [213905.338, 479725.285], [213915.363000002, 479740.478], [213926.256000001, 479757.414999999], [213936.852000002, 479773.912999999], [213947.813999999, 479790.008000001], [213958.127999999, 479806.274999999], [213969.153999999, 479822.487], [213980.351, 479839.107000001], [213991.899999999, 479856.284000002], [214002.815000001, 479872.545000002], [214013.802000001, 479888.659000002], [214024.727000002, 479904.760000002], [214035.909000002, 479921.353], [214046.971000001, 479937.679000001], [214057.883000001, 479954.419], [214068.892999999, 479970.511999998], [214080.850000001, 479988.91], [214090.951000001, 480004.947000001], [214102.381000001, 480021.550000001], [214113.063999999, 480037.592], [214124.500999998, 480054.453000002], [214135.784000002, 480070.298999999], [214147.329, 480085.443], [214158.397, 480100.405999999], [214169.305, 480115.884], [214180.493999999, 480132.291000001], [214192.140999999, 480148.901000001], [214202.848000001, 480163.903000001], [214213.835999999, 480179.763], [214224.945, 480196.131999999], [214236.353, 480212.475000001], [214248.048999999, 480228.951000001], [214259.625999998, 480245.373], [214271.363000002, 480261.77], [214282.443, 480277.127999999], [214293.16, 480292.504999999], [214304.304000001, 480308.017000001], [214315.475000001, 480323.548], [214326.646000002, 480339.427000001], [214338.550000001, 480356.213], [214350.107000001, 480372.392999999], [214362.168000001, 480389.785], [214374.124000002, 480406.973000001], [214384.384, 480421.359999999], [214395.611000001, 480437.609999999], [214407.056000002, 480453.912999999], [214418.140999999, 480470.063999999], [214423.002, 480476.818999998], [214433.870999999, 480492.283], [214445.004999999, 480507.934], [214456.274999999, 480523.945], [214467.761, 480540.440000001], [214478.796999998, 480556.274], [214489.782000002, 480572.368000001], [214498.568999998, 480584.421], [214509.388, 480600.219999999], [214519.436000001, 480616.760000002], [214527.837000001, 480634.291999999], [214534.717999998, 480652.566], [214541.339000002, 480670.73], [214547.914999999, 480688.982999999], [214555.592999998, 480709.399999999], [214561.949999999, 480725.920000002], [214569.416000001, 480746.287999999], [214577.256000001, 480767.087000001], [214584.688000001, 480786.910999998], [214591.287999999, 480806.653000001], [214596.517999999, 480833.409000002], [214599.370999999, 480852.197000001], [214602.359000001, 480871.124000002], [214605.388, 480890.651999999], [214608.370000001, 480910.054000001], [214611.300999999, 480930.206], [214613.987, 480948.789999999], [214616.789999999, 480968.329], [214619.339000002, 480987.552999999], [214624.357000001, 481021.302000001], [214626.947999999, 481040.727000002], [214630.026999999, 481061.491], [214632.896000002, 481081.230999999], [214636.024999999, 481101.063999999], [214638.921999998, 481120.563999999], [214641.403999999, 481141.326000001], [214643.504999999, 481167.07], [214643.760000002, 481168.528999999], [214643.908, 481170.004999999], [214644.662999999, 481176.294], [214646.059, 481186.173999999], [214647.16, 481193.052999999], [214649.778000001, 481209.050999999], [214649.732000001, 481210.27], [214652.824000001, 481229.960999999], [214655.785, 481249.094000001], [214658.778999999, 481268.717999998], [214661.352000002, 481286.344999999], [214662.734000001, 481295.636], [214665.673, 481315.651999999], [214668.544, 481335.463], [214671.324000001, 481354.822000001], [214674.057999998, 481374.873], [214677.295000002, 481397.388999999], [214679.857999999, 481416.414000001], [214682.458000001, 481435.570999999], [214685.100000001, 481454.478999998], [214688.022, 481474.798999999], [214691.738000002, 481497.405999999], [214694.585000001, 481516.780999999], [214697.616, 481536.734000001], [214700.294, 481556.526999999], [214703.287999999, 481575.688000001], [214706.827, 481598.552000001], [214709.728, 481617.73], [214712.403000001, 481636.710000001], [214715.488000002, 481655.620999999], [214716.410999998, 481663.574000001], [214719.43, 481682.059], [214722.088, 481699.84], [214725.223000001, 481719.223000001], [214728.122000001, 481738.405999999], [214730.934999999, 481756.581999999], [214733.837000001, 481775.791000001], [214736.932999998, 481795.859999999], [214739.535, 481814.989], [214742.774999999, 481834.478999998], [214745.557, 481853.462000001], [214748.306000002, 481871.805], [214751.208000001, 481891.061000001], [214753.998, 481911.103999998], [214756.822000001, 481930.202], [214759.73, 481949.710999999], [214762.541999999, 481969.202], [214765.416999999, 481988.684], [214768.463, 482010.497000001], [214771.199000001, 482029.646000002], [214774.087000001, 482048.969000001], [214776.879000001, 482069.048], [214779.337000001, 482087.769000001], [214783.421, 482124.713], [214785.045000002, 482145.030999999], [214786.384, 482164.329999998], [214787.271000002, 482185.050999999], [214787.852000002, 482204.186000001], [214788.219999999, 482222.978], [214788.434, 482242.958999999], [214788.749000002, 482262.852000002], [214788.945999999, 482282.721999999], [214789.217, 482302.241], [214789.397999998, 482320.692000002], [214789.635000002, 482340.375], [214789.784000002, 482359.498], [214790, 482378.745000001], [214790.509, 482404.934999999], [214790.695, 482424.631000001], [214790.909000002, 482444.186999999], [214791.237, 482464.423999999], [214791.484999999, 482484.708999999], [214791.497000001, 482505.561999999], [214792.011, 482522.559], [214792.131999999, 482533.864], [214792.010000002, 482544.774], [214791.673999999, 482547.480999999], [214790.771000002, 482550.197999999], [214790.732000001, 482564.785999998], [214791.598000001, 482579.986000001], [214792.936000001, 482598.93], [214794.188999999, 482618.204], [214795.399999999, 482637.368000001], [214795.715999998, 482657.552999999], [214795.905999999, 482677.543000001], [214795.943999998, 482696.995999999], [214796.054000001, 482717.500999998], [214796.456999999, 482737.059999999], [214796.763999999, 482756.522999998], [214797.022999998, 482777.094000001], [214797.265999999, 482796.392000001], [214797.471999999, 482815.572000001], [214798.002, 482837.697000001], [214798.434, 482857.397], [214799.679000001, 482876.291999999], [214801.986000001, 482895.403999999], [214805.708999999, 482915.405999999], [214810.059999999, 482933.833999999], [214815.010000002, 482952.651000001], [214821.004999999, 482971.436999999], [214827.276000001, 482989.84], [214834.191, 483008.304000001], [214841.809, 483026.931000002], [214850.410999998, 483047.079999998], [214858.092, 483064.623], [214865.727000002, 483081.949000001], [214873.464000002, 483099.541999999], [214880.079, 483115.682999998], [214887.440000001, 483133.274], [214895.287, 483149.692000002], [214904.934, 483166.929000001], [214915.272, 483184.465], [214924.692000002, 483202.050000001], [214934.456, 483222.515999999], [214942.434, 483239.096000001], [214950.863000002, 483257.101], [214959.265000001, 483275.239999998], [214967.725000001, 483293.368000001], [214976.127999999, 483311.329999998], [214984.041999999, 483328.217], [214992.566, 483346.658], [215001.256000001, 483365.249000002], [215009.960000001, 483383.938000001], [215018.855999999, 483403.118999999], [215027.103999998, 483420.839000002], [215036.114, 483440.296999998], [215045.022, 483459.287], [215053.631000001, 483478.041000001], [215062.357999999, 483496.901999999], [215070.68, 483514.037], [215079.579999998, 483532.638999999], [215087.874000002, 483550.671999998], [215096.101, 483568.191], [215103.919, 483584.943999998], [215112.383000001, 483602.866999999], [215120.41, 483619.837000001], [215127.102000002, 483634.967], [215135.035, 483653.784000002], [215138.140999999, 483661.588], [215144.138, 483676.866], [215147.015999999, 483683.164999999], [215150.390999999, 483695.818], [215152.506000001, 483703.263999999], [215153.166999999, 483705.941], [215154.177000001, 483709.434], [215154.603999998, 483711.151000001], [215155.081999999, 483713.171], [215155.699000001, 483716.081], [215155.818, 483716.567000002], [215156.045000002, 483717.348000001], [215157.673999999, 483721.993000001], [215163.239999998, 483741.52], [215168.046, 483759.548999999], [215170.691, 483769.690000001], [215173.193, 483778.418000001], [215176.27, 483788.949000001], [215179.567000002, 483800.892000001], [215184.427999999, 483820.719999999], [215189.046999998, 483839.802999999], [215193.701000001, 483858.449999999], [215198.318999998, 483878.184], [215202.651000001, 483897.355999999], [215207.146000002, 483916.879999999], [215211.747000001, 483937.487], [215216.113000002, 483956.984000001], [215220.381999999, 483976.471999999], [215224.800000001, 483996.940000001], [215228.671, 484016.263], [215233.118999999, 484034.386999998], [215237.669, 484052.350000001], [215241.32, 484071.563000001], [215243.804000001, 484092.506999999], [215246.399999999, 484113.300000001], [215248.758000001, 484133.829], [215250.592, 484153.232000001], [215252.592999998, 484173.318], [215254.774, 484193.846999999], [215256.684, 484213.783], [215259.078000002, 484236.215], [215260.778000001, 484256.043000001], [215262.596999999, 484275.478999998], [215264.956, 484294.901999999], [215267.539999999, 484314.848999999], [215269.910999998, 484340.136999998], [215271.149999999, 484358.588], [215272.068999998, 484377.706], [215272.66, 484397.758000001], [215273.495999999, 484418.274], [215274.550999999, 484445.738000002], [215274.919, 484465.442000002], [215275.221000001, 484485.495000001], [215275.537999999, 484506.633000001], [215275.989999998, 484527.07], [215276.284000002, 484548.100000001], [215276.539999999, 484567.934999999], [215276.896000002, 484588.355], [215277.313000001, 484610.232999999], [215277.752999999, 484627.82], [215277.727000002, 484647.706999999], [215277.493999999, 484657.392999999], [215276.633000001, 484668.734000001], [215276.581, 484687.199999999], [215277.478999998, 484709.241], [215278.386, 484728.129999999], [215278.798999999, 484748.079], [215278.943999998, 484766.114999998], [215279.155000001, 484785.059], [215279.449999999, 484803.452], [215279.655999999, 484822.425999999], [215280.102000002, 484849.967999998], [215280.329999998, 484868.802000001], [215280.592, 484888.579999998], [215281.002, 484907.991999999], [215281.32, 484929.857000001], [215281.548, 484953.050000001], [215281.664000001, 484971.998], [215282.048999999, 484993.414000001], [215282.184, 485011.938999999], [215282.228999998, 485030.778999999], [215282.252999999, 485051.833999999], [215282.646000002, 485070.953000002], [215283.07, 485090.221999999], [215283.506000001, 485110.447000001], [215283.861000001, 485130.796999998], [215284.101, 485155.280999999], [215284.214000002, 485174.252], [215284.504000001, 485194.592], [215284.98, 485214.096000001], [215285.208000001, 485233.249000002], [215285.43, 485252.877999999], [215285.710999999, 485271.543000001], [215285.947999999, 485291.175999999], [215286.131999999, 485310.984000001], [215286.375999998, 485330.853999998], [215286.392000001, 485351.624000002], [215286.793000001, 485371.530999999], [215287.204999998, 485390.879000001], [215287.991, 485410.846999999], [215288.245000001, 485430.796999998], [215288.291000001, 485451.208000001], [215288.734000001, 485471.484000001], [215288.896000002, 485491.362], [215288.947000001, 485511.454], [215288.925999999, 485531.227000002], [215289.186000001, 485551.601], [215289.521000002, 485573.853999998], [215290.032000002, 485598.18], [215290.423, 485617.440000001], [215290.931000002, 485636.289999999], [215291.006000001, 485656.353], [215291.267000001, 485678.024], [215291.870000001, 485698.081], [215292.050000001, 485719.245000001], [215292.938999999, 485738.982000001], [215294.734999999, 485758.379000001], [215297.337000001, 485780.934999999], [215299.995000001, 485800.280000001], [215303.013999999, 485819.739999998], [215306.300999999, 485839.813999999], [215309.361000001, 485857.743999999], [215312.372000001, 485872.440000001], [215313.664000001, 485880.166999999], [215315.059999999, 485889.239999998], [215316.291999999, 485900.370999999], [215317.353999998, 485912.184999999], [215319.688999999, 485918.662999999], [215322.408, 485925.607999999], [215323.960000001, 485929.732999999], [215325.877, 485935.881000001], [215329.002, 485944.818999998], [215329.953000002, 485947.800999999], [215334.052000001, 485960.206999999], [215338.991999999, 485976.294], [215340.114, 485979.085000001], [215341.412999999, 485983.451000001], [215347.594000001, 485998.502], [215359.611000001, 486033.734999999], [215365.008000001, 486052.515000001], [215370.072999999, 486071.447000001], [215375.179000001, 486091.59], [215379.914000001, 486110.146000002], [215384.691, 486129.351], [215389.324999999, 486147.794], [215394.153999999, 486166.892000001], [215399.181000002, 486187.241], [215404.101, 486206.602000002], [215408.587000001, 486224.864999998], [215413.276000001, 486243.412], [215418.688999999, 486264.901999999], [215424.675000001, 486289.052000001], [215429.476, 486307.754999999], [215434.195, 486326.517000001], [215438.754999999, 486344.912], [215443.061000001, 486362.296999998], [215447.997000001, 486381.475000001], [215452.697999999, 486400.217999998], [215458.173, 486422.102000002], [215464.423, 486446.48], [215469.169, 486465.454999998], [215474.248, 486486.138999999], [215479.168000001, 486505.670000002], [215484.491, 486525.859999999], [215489.300000001, 486545.366999999], [215494.250999998, 486564.473000001], [215498.932999998, 486583.076000001], [215503.596999999, 486601.524], [215508.526000001, 486620.708999999], [215513.965999998, 486642.177000001], [215518.763999999, 486660.835000001], [215523.488000002, 486679.958000001], [215527.84, 486698.142000001], [215531.114999998, 486717.122000001], [215534.249000002, 486736.934999999], [215536.375999998, 486755.500999998], [215538.693999998, 486775.120000001], [215540.458999999, 486793.311000001], [215542.734999999, 486813.057999998], [215545.280999999, 486840.772999998], [215547.464000002, 486859.213], [215549.463, 486878.401000001], [215551.611000001, 486898.445], [215553.901999999, 486917.695], [215556.495999999, 486944.338], [215558.614999998, 486962.390999999], [215560.616, 486981.254000001], [215562.686999999, 487000.276000001], [215564.844999999, 487020.403999999], [215567.177999999, 487042.355], [215569.267999999, 487061.765000001], [215571.443, 487081.511], [215573.493999999, 487100.313999999], [215575.421999998, 487119.116], [215577.463, 487138.890000001], [215579.625999998, 487157.138], [215582.052000001, 487177.473999999], [215584.271000002, 487191.927000001], [215585.916999999, 487211.147], [215585.903999999, 487217.682999998], [215586.065000001, 487222.691], [215586.225000001, 487226.324000001], [215586.440000001, 487228.32], [215587.151000001, 487231.883000001], [215588.046, 487235.449000001], [215588.063000001, 487236.228], [215588.162, 487236.896000002], [215588.340999998, 487238.293000001], [215588.559, 487239.828000002], [215589.182, 487243.791000001], [215589.833999999, 487248.159000002], [215590.934999999, 487257.16], [215592.050999999, 487266.557], [215593.050999999, 487276.133000001], [215594.021000002, 487288.620000001], [215596.375999998, 487306.561999999], [215598.405000001, 487324.063000001], [215600.329, 487341.559999999], [215602.171, 487359.346999999], [215605.035, 487382.952], [215607.513, 487407.701000001], [215609.690000001, 487427.476], [215611.215999998, 487446.063999999], [215613.276000001, 487465.164000001], [215615.500999998, 487485.57], [215617.210999999, 487505.559999999], [215619.464000002, 487527.013999999], [215621.274999999, 487545.732000001], [215622.712000001, 487560.594000001], [215624.568999998, 487580.798], [215626.162, 487600.188999999], [215626.340999998, 487619.103], [215626.412999999, 487631.517000001], [215629.947000001, 487652.57], [215633.969000001, 487671.127999999], [215636.381999999, 487690.019000001], [215638.706999999, 487709.394000001], [215640.416999999, 487727.063999999], [215642.577, 487749.791000001], [215644.612, 487768.576000001], [215646.280999999, 487786.954], [215648.250999998, 487805.631000001], [215649.745000001, 487822.602000002], [215651.256000001, 487841.802000001], [215652.927999999, 487859.855999999], [215653.958000001, 487872.013999999], [215655.392000001, 487891.901999999], [215656.563000001, 487908.995999999], [215657.311000001, 487918.853], [215658.487, 487937.752], [215660.171999998, 487957.370999999], [215661.554000001, 487976.534000002], [215662.868000001, 487996.335000001], [215664.602000002, 488022.359000001], [215666.500999998, 488043.870000001], [215667.914000001, 488063.686999999], [215669.199000001, 488082.449000001], [215670.471000001, 488100.778000001], [215671.921999998, 488118.890000001], [215673.149, 488138.370000001], [215674.723999999, 488158.631000001], [215675.763, 488178.500999998], [215677.074999999, 488197.493000001], [215678.715, 488223.934999999], [215679.829, 488235.557], [215681.160999998, 488254.921], [215682.725000001, 488280.272], [215684.368999999, 488302.151000001], [215685.907000002, 488325.728999998], [215687.612, 488346.302000001], [215688.873, 488366.348000001], [215690.293000001, 488385.794], [215691.715, 488405.866999999], [215693.169, 488425.362], [215694.601, 488445.072999999], [215695.166000001, 488453.862], [215696.026999999, 488462.074000001], [215696.471000001, 488465.227000002], [215697.07, 488471.495000001], [215697.377, 488473.488000002], [215697.377, 488473.543000001], [215697.596999999, 488475.888], [215698.028999999, 488479.294], [215697.925000001, 488482.673], [215698.063999999, 488483.574999999], [215698.265999999, 488485.477000002], [215698.519000001, 488489.469000001], [215699.105, 488495.063000001], [215701.158, 488514.598000001], [215702.622000001, 488534.202], [215703.473000001, 488553.925000001], [215704.967, 488574.144000001], [215706.596000001, 488592.526999999], [215708.193999998, 488612.399999999], [215711.469999999, 488631.916999999], [215713.416999999, 488651.337000001], [215716.421999998, 488671.517999999], [215719.699000001, 488691.083000001], [215723.427999999, 488710.763999999], [215727.774, 488731.135000002], [215731.427000001, 488750.265000001], [215735.655999999, 488769.767000001], [215738.888, 488784.745000001], [215740.864999998, 488796.820999999], [215741.291999999, 488799.973999999], [215741.653999999, 488803.638999999], [215742.513, 488810.484000001], [215742.522, 488810.556000002], [215744.374000002, 488821.57], [215744.348000001, 488821.767999999], [215744.668000001, 488825.758000001], [215747.772, 488846.241], [215750.833000001, 488866.177999999], [215753.552999999, 488883.886], [215754.261999998, 488888.105999999], [215754.578000002, 488891.765000001], [215757.488000002, 488910.204999998], [215760.263999999, 488928.910999998], [215763.471000001, 488948.585999999], [215766.129999999, 488967.482000001], [215768.136999998, 488980.730999999], [215768.555, 488983.114999998], [215769.467999998, 488988.059], [215769.598999999, 488989.581999999], [215770.436999999, 488994.809], [215771.112, 489001.030999999], [215776.017999999, 489014.019000001], [215778.307, 489035.719000001], [215782.568, 489060.486000001], [215784.416000001, 489074.190000001], [215787.427999999, 489082.919], [215788.171, 489087.715], [215787.122000001, 489091.578000002], [215786.861000001, 489105.567000002], [215789.215, 489122.539000001], [215791.635000002, 489142.511999998], [215794.346999999, 489158.210999999], [215795.908, 489170.368999999], [215796.134, 489172.800000001], [215797.602000002, 489182.613000002], [215800.993000001, 489198.743999999], [215801.190000001, 489201.114999998], [215807.420000002, 489205.088], [215807.59, 489205.057], [215809.232000001, 489216.425999999], [215812.026000001, 489235.909000002], [215814.701000001, 489254.203000002], [215818.449999999, 489272.482000001], [215822.160999998, 489290.019000001], [215826.940000001, 489310.783], [215835.659000002, 489335.903000001], [215842.028000001, 489353.760000002], [215845.034000002, 489363.875], [215846.261999998, 489373.377], [215846.048999999, 489381.225000001], [215843.574999999, 489383.414999999], [215841.824000001, 489391.844000001], [215839.642999999, 489398.453000002], [215839.289000001, 489399.267999999], [215833.756000001, 489410.721999999], [215836.537, 489416.416000001], [215841.535999998, 489422.495000001], [215847.682999998, 489427.763999999], [215851.195999999, 489430.195999999], [215860.076000001, 489438.170000002], [215861.798999999, 489440.000999998], [215862.897, 489441.096000001], [215864.272, 489442.333999999], [215874.795000002, 489431.883000001], [215885.991, 489420.583999999], [215888.824000001, 489422.699000001], [215888.706999999, 489422.758000001], [215892.260000002, 489424.311999999], [215898.041999999, 489423.717999998], [215902.149, 489422.745000001], [215909.443999998, 489431.445999999], [215910.471000001, 489432.688999999], [215921.666999999, 489445.660999998], [215933.168000001, 489457.763999999], [215937.113000002, 489461.491999999], [215938.044, 489464.579999998], [215951.223999999, 489479.213], [215964.730999999, 489493.045000002], [215978.370000001, 489506.247000001], [215990.885000002, 489517.646000002], [215996.631999999, 489522.609000001], [215998.524999999, 489525.787999999], [216000.460000001, 489527.93], [216004.107000001, 489530.690000001], [216007.844000001, 489533.923], [216011.682999998, 489537.155000001], [216016.43, 489540.892999999], [216017.441, 489541.397999998], [216024.410999998, 489548.267000001], [216028.956, 489552.811999999], [216034.815000001, 489557.863000002], [216037.945999999, 489560.691], [216043.905999999, 489567.458999999], [216047.037999999, 489570.793000001], [216056.598999999, 489583.463], [216067.585000001, 489604.377], [216082.899999999, 489623.884], [216110.57, 489653.028999999], [216144.333999999, 489687.017000001], [216156.794, 489699.243999999], [216171.655000001, 489714.004000001], [216183.631999999, 489724.73], [216185.987, 489727.090999998], [216189.370999999, 489730.579999998], [216196.826000001, 489737.500999998], [216215.300999999, 489749.798], [216226.021000002, 489755.546999998], [216229.155000001, 489757.903999999], [216233.68, 489761.386999998], [216233.741999999, 489761.399], [216236.114999998, 489763.447000001], [216238.469999999, 489765.774], [216238.528000001, 489765.866999999], [216239.206999999, 489766.500999998], [216239.243000001, 489766.539000001], [216241.528000001, 489768.476], [216243.412, 489770.157000002], [216248.219999999, 489774.524], [216255.796, 489782.313999999], [216268.127, 489794.592], [216277.756999999, 489804.199999999], [216277.765999999, 489804.208999999], [216293.118999999, 489819.616999999], [216307.662999999, 489834.072000001], [216322.427999999, 489848.811999999], [216337.050999999, 489863.441], [216351.124000002, 489876.379999999], [216367.147, 489891.057999998], [216381.666000001, 489905.533], [216395.232000001, 489919.077], [216399.287, 489923.197999999], [216400.973000001, 489924.921999998], [216403.467999998, 489927.407000002], [216405.969999999, 489929.868000001], [216407.684999999, 489931.596999999], [216424.848000001, 489949.401000001], [216441.748, 489967.002], [216457.357000001, 489983.535], [216463.967999998, 489990.625], [216473.739, 490003.043000001], [216483.579999998, 490015.460000001], [216494.438000001, 490025.034000002], [216505.693, 490038.302000001], [216516.267999999, 490059.293000001], [216527.932999998, 490080.692000002], [216536.826000001, 490098.135000002], [216546.377999999, 490118.074999999], [216554.125, 490136.901999999], [216562.140999999, 490156.530000001], [216570.414999999, 490176.181000002], [216578.219999999, 490195.465], [216585.866999999, 490214.883000001], [216594.276999999, 490235.030000001], [216602.017999999, 490254.320999999], [216610.241, 490274.73], [216618.375, 490294.727000002], [216626.732000001, 490314.756000001], [216634.881999999, 490335.013], [216643.188999999, 490354.511], [216651.034000002, 490373.394000001], [216659.215999998, 490393.447999999], [216666.197999999, 490410.526000001], [216674.138, 490429.346000001], [216680.901000001, 490445.515999999], [216688.866, 490465.116], [216695.458999999, 490480.287], [216698.175000001, 490486.881000001], [216698.300000001, 490487.118999999], [216703.072999999, 490498.477000002], [216703.945999999, 490500.348999999], [216711.385000002, 490519.431000002], [216712.458000001, 490521.741], [216718.800000001, 490536.193], [216721.929000001, 490543.395], [216728.881000001, 490560.175999999], [216736.758000001, 490577.337000001], [216745.526000001, 490596.006999999], [216755.254000001, 490614.313000001], [216766.238000002, 490632.355], [216777.482000001, 490649.625999998], [216789.188999999, 490666.355999999], [216802.083000001, 490683.052000001], [216815.234999999, 490699.259], [216828.085999999, 490714.892999999], [216840.982999999, 490730.500999998], [216853.59, 490745.903999999], [216866.289000001, 490761.228999998], [216878.999000002, 490776.84], [216891.675000001, 490792.603999998], [216905.331, 490808.862], [216918.263, 490825.026000001], [216931.125999998, 490840.809], [216944.260000002, 490856.522], [216958.276999999, 490872.951000001], [216971.488000002, 490889.116999999], [216985.061999999, 490904.969999999], [216998.629999999, 490920.987], [217011.401999999, 490936.34], [217024.509, 490951.850000001], [217037.517999999, 490966.607000001], [217051.256999999, 490981.361000001], [217064.802000001, 490996.079999998], [217078.024, 491010.581999999], [217091.046999998, 491024.581], [217103.647999998, 491038.394000001], [217117.397999998, 491053.142999999], [217131.276999999, 491067.816], [217145.445999999, 491082.963], [217159.831999999, 491097.693999998], [217174.136999998, 491112.629999999], [217187.741, 491127.010000002], [217201.087000001, 491141.421], [217214.662999999, 491155.300999999], [217228.798999999, 491170.006999999], [217243.081, 491184.741], [217253.500999998, 491195.896000002], [217258.964000002, 491202.318999998], [217267.252, 491211.681000002], [217274.988000002, 491219.776999999], [217281.436000001, 491226.554000001], [217295.752999999, 491241.351], [217309.894000001, 491255.473000001], [217324.293000001, 491269.359999999], [217338.577, 491283.230999999], [217353.704, 491297.454], [217367.848999999, 491310.469000001], [217382.151000001, 491323.938999999], [217395.048, 491335.831999999], [217409.881000001, 491349.609999999], [217425.013, 491363.247000001], [217439.73, 491376.934999999], [217455.195999999, 491391.074999999], [217469.732000001, 491404.155999999], [217485.783, 491418.671999998], [217501.875999998, 491431.973999999], [217517.989, 491444.647999998], [217535.307, 491457.708000001], [217551.923999999, 491470.837000001], [217567.381999999, 491482.833999999], [217584.346000001, 491496.164999999], [217600.697999999, 491508.723999999], [217617.140000001, 491521.272999998], [217633.175000001, 491533.743000001], [217649.079999998, 491546.068999998], [217665.686999999, 491558.84], [217681.769000001, 491571.079], [217698.456, 491583.960000001], [217714.353999998, 491597.659000002], [217728.886999998, 491612.442000002], [217740.805, 491626.719999999], [217753.583999999, 491642.033], [217767.386999998, 491658.737], [217780.203000002, 491674.662], [217793.594999999, 491691.199999999], [217806.657000002, 491707.046], [217818.934, 491723.566], [217827.035999998, 491733.822000001], [217830.932, 491740.440000001], [217844.491, 491758.975000001], [217856.741, 491775.624000002], [217869.195999999, 491792.556000002], [217881.357999999, 491809.539000001], [217893.509, 491826.162999999], [217905.881999999, 491842.982000001], [217918.309999999, 491859.364], [217930.982000001, 491875.061999999], [217945.344000001, 491890.842999998], [217959.756999999, 491905.315000001], [217973.511, 491919.465], [217986.318999998, 491932.614], [218000.471999999, 491946.780000001], [218015.977000002, 491962.276999999], [218030.592999998, 491977.173], [218045.300000001, 491991.938999999], [218059.914000001, 492006.574000001], [218074.002999999, 492021.193999998], [218088.611000001, 492035.772999998], [218104.011999998, 492051.067000002], [218118.703000002, 492066.160999998], [218133.901000001, 492081.157000002], [218148.895, 492095.710999999], [218157.302000001, 492103.693], [218161.445999999, 492107.965], [218165.965999998, 492112.614999998], [218172.206999999, 492119.460999999], [218181.333000001, 492127.831999999], [218196.635000002, 492141.986000001], [218210.745999999, 492156.414000001], [218224.835000001, 492170.059999999], [218239.193, 492184.769000001], [218253.629000001, 492199.809], [218267.993999999, 492215.131999999], [218281.392999999, 492229.929000001], [218293.491, 492245.046999998], [218305.232000001, 492262.112], [218314.965, 492280.013], [218323.677999999, 492298.362], [218331.392000001, 492316.583999999], [218338.113000002, 492335.515000001], [218343.039000001, 492355.124000002], [218346.598000001, 492374.567000002], [218349.829999998, 492394.708999999], [218353.055, 492414.774], [218356.259, 492435.039999999], [218359.101, 492454.195999999], [218359.866999999, 492460.473999999], [218362.988000002, 492482.043000001], [218365.52, 492498.936999999], [218368.333000001, 492516.653000001], [218371.280000001, 492533.941], [218374.546, 492554.138], [218377.484000001, 492573.978], [218380.357000001, 492593.728], [218383.659000002, 492613.874000002], [218386.561999999, 492634.414000001], [218389.776000001, 492654.811000001], [218392.699999999, 492674.193], [218396.043000001, 492695.690000001], [218396.52, 492700.526000001], [218399.539000001, 492718.982000001], [218402.112, 492735.91], [218405.892000001, 492757.482000001], [218408.886999998, 492777.590999998], [218412.111000001, 492797.594999999], [218415.022, 492815.489999998], [218417.989999998, 492835.725000001], [218421.146000002, 492856.272999998], [218424.550999999, 492877.136999998], [218427.912, 492897.699999999], [218431.438999999, 492918.454999998], [218434.844000001, 492940.103], [218437.945999999, 492959.975000001], [218441.096000001, 492980.592], [218444.195999999, 493000.954999998], [218446.822000001, 493020.195999999], [218449.695999999, 493041.919], [218453.647, 493067.243999999], [218456.664999999, 493087.811999999], [218459.855, 493108.958000001], [218462.879999999, 493129.670000002], [218465.491999999, 493147.030999999], [218468.988000002, 493169.703000002], [218472.004999999, 493188.859000001], [218475.355, 493208.982000001], [218478.324999999, 493229.100000001], [218481.278999999, 493249.223999999], [218484.567000002, 493268.522999998], [218487.295000002, 493287.956], [218490.280999999, 493307.890999999], [218493.557, 493327.743999999], [218496.796999998, 493348.179000001], [218499.91, 493368.123], [218502.999000002, 493388.473999999], [218506.364, 493408.827], [218509.260000002, 493429.250999998], [218512.502, 493449.798999999], [218513.583000001, 493457.300999999], [218516.320999999, 493476.502999999], [218519.202, 493495.449000001], [218521.927999999, 493513.331999999], [218524.769000001, 493531.765999999], [218527.804000001, 493551.534000002], [218531.030999999, 493571.866], [218532.853, 493583.592999998], [218535.708999999, 493601.807], [218538.504999999, 493620.164000001], [218541.524, 493638.647], [218544.741999999, 493656.048], [218545.644000001, 493661.146000002], [218548.756000001, 493676.864], [218551.552999999, 493688.055], [218555.034000002, 493699.631999999], [218560.498, 493711.827], [218569.019000001, 493731.348000001], [218578.203000002, 493750.500999998], [218587.116999999, 493769.046999998], [218596.798999999, 493787.182999998], [218607.734000001, 493804.438000001], [218618.493999999, 493821.015999999], [218629.197999999, 493838.267999999], [218639.864, 493855.094999999], [218651.294, 493872.682999998], [218662.188999999, 493889.655000001], [218674.102000002, 493908.556000002], [218685.370999999, 493926.826000001], [218696.473000001, 493943.756999999], [218708.037999999, 493961.748], [218722.377999999, 493984.346999999], [218723.890000001, 493986.480999999], [218727.587000001, 493992.329999998], [218732.537, 493998.809], [218743.602000002, 494014.475000001], [218754.888999999, 494031.484999999], [218766.23, 494048.969000001], [218777.370999999, 494066.390999999], [218788.600000001, 494083.405999999], [218799.649999999, 494100.366], [218810.855999999, 494117.82], [218822.612, 494135.688000001], [218833.866, 494153.017000001], [218845.030000001, 494170.414999999], [218855.802999999, 494187.27], [218866.304000001, 494203.272], [218877.140999999, 494219.960999999], [218888.471999999, 494237.759], [218899.982000001, 494255.101], [218910.464000002, 494271.283], [218921.208000001, 494288.034000002], [218932.427999999, 494305.050999999], [218942.875, 494321.140999999], [218954.138, 494338.333000001], [218965.245999999, 494355.662999999], [218975.620999999, 494371.914999999], [218986.351, 494388.653999999], [218997.204, 494405.249000002], [219007.708999999, 494421.532000002], [219018.642000001, 494438.113000002], [219029.381999999, 494454.798], [219040.344999999, 494471.767000001], [219050.958999999, 494488.241999999], [219061.855999999, 494505.274], [219072.368999999, 494522.370000001], [219082.324000001, 494539.997000001], [219091.151999999, 494558.006999999], [219098.664999999, 494575.909000002], [219110.260000002, 494595.618999999], [219117.370000001, 494612.622000001], [219122.923, 494627.017000001], [219129.623, 494647.640999999], [219135.577, 494667.874000002], [219140.427000001, 494687.548], [219145.980999999, 494707.442000002], [219151.155000001, 494727.237], [219156.147999998, 494747.030000001], [219161.397999998, 494766.892000001], [219166.807, 494786.706999999], [219172.217999998, 494806.647], [219177.673999999, 494826.846000001], [219182.890000001, 494846.859000001], [219188.195999999, 494866.813000001], [219193.469999999, 494886.754000001], [219199.063000001, 494906.403000001], [219204.050999999, 494925.940000001], [219209.651999999, 494945.949000001], [219214.833999999, 494965.699000001], [219220.265999999, 494985.098000001], [219225.561999999, 495004.715], [219231.039999999, 495024.276000001], [219236.261, 495044.302000001], [219241.708999999, 495063.958000001], [219246.905000001, 495083.594000001], [219252.491, 495103.522], [219257.260000002, 495122.465], [219262.513, 495141.317000002], [219267.658, 495161.103999998], [219273.089000002, 495181.055], [219278.484999999, 495200.623], [219283.864, 495220.190000001], [219289.193, 495239.601], [219294.752999999, 495259.947999999], [219300.215999998, 495279.184999999], [219305.293000001, 495298.868999999], [219308.688000001, 495319.600000001], [219314.664000001, 495339.784000002], [219316.384, 495346.879000001], [219318.997000001, 495360.088], [219323.960999999, 495380.741999999], [219329.574999999, 495400.895], [219334.726, 495421.044], [219339.977000002, 495440.469999999], [219344.892999999, 495459.649], [219350.669, 495479.837000001], [219356.478, 495502.217], [219356.875, 495504.120000001], [219357.322000001, 495506.162], [219361.177999999, 495521.567000002], [219366.390000001, 495541.938000001], [219371.546, 495561.785], [219377.017000001, 495582.706], [219382.245000001, 495602.544], [219387.675000001, 495621.791999999], [219393.094000001, 495641.166999999], [219398.395, 495661.293000001], [219403.497000001, 495682.190000001], [219405.202, 495688.822000001], [219406.416000001, 495693.164000001], [219407.613000002, 495697.087000001], [219408.469999999, 495702.149999999], [219410.374000002, 495711.627], [219415.774999999, 495731.267000001], [219421.432999998, 495751.166999999], [219426.925000001, 495771.234000001], [219432.085999999, 495790.423999999], [219437.304000001, 495809.787], [219439.789000001, 495818.662], [219442.725000001, 495829.464000002], [219447.899, 495848.903999999], [219453.285999998, 495869.140999999], [219454.513999999, 495879.543000001], [219453.932999998, 495888.362], [219453.863000002, 495890.976]]}, "properties": {"OBJECTID": 665, "SOORT": 1, "KPNIDENT": "3288", "STATUS": 1}}, {"type": "Feature", "id": 666, "geometry": {"type": "LineString", "coordinates": [[200821.339000002, 516461.129000001], [200800.655999999, 516476.039999999], [200784.421999998, 516488.666999999], [200778.289000001, 516495.280000001], [200773.763, 516503.758000001], [200765.984000001, 516520.491], [200757.324000001, 516538.545000002], [200748.517000001, 516557.274], [200741.372000001, 516574.045000002], [200738.241999999, 516595.671999998], [200736.186999999, 516615.046999998], [200733.84, 516649.226]]}, "properties": {"OBJECTID": 666, "SOORT": 1, "KPNIDENT": "3289", "STATUS": 1}}, {"type": "Feature", "id": 667, "geometry": {"type": "LineString", "coordinates": [[205179.083000001, 477974.441], [205175.848000001, 477978.013], [205167.118000001, 477982.739], [205154.217999998, 477977.009], [205133.600000001, 477968.451000001], [205124.238000002, 477986.037], [205115.118000001, 478003.372000001], [205106.68, 478017.260000002], [205097.188999999, 478034.489], [205087.432, 478051.844000001], [205077.388, 478069.280999999], [205068.783, 478086.886999998], [205066.645, 478090.859999999]]}, "properties": {"OBJECTID": 667, "SOORT": 1, "KPNIDENT": "3290", "STATUS": 1}}, {"type": "Feature", "id": 668, "geometry": {"type": "LineString", "coordinates": [[214277.418000001, 474030.072999999], [214276.988000002, 474026.017999999], [214276.881999999, 474022.188000001], [214277.011, 474018.572000001], [214277.046999998, 474017.903000001], [214275.208000001, 473997.640999999], [214275.451000001, 473986.471999999], [214275.649999999, 473977.352000002], [214279.730999999, 473957.826000001], [214280.489999998, 473957.052000001], [214270.625, 473947.002999999], [214265.510000002, 473940.441], [214265.480999999, 473935.794], [214265.59, 473935.024], [214265.758000001, 473933.125], [214265.947000001, 473931.166000001], [214266.068, 473930.162999999], [214266.296, 473929.427999999], [214266.627999999, 473920.585000001], [214267.072999999, 473916.631000001], [214270.182, 473896.327], [214271.752999999, 473887.59], [214271.820999999, 473887.002]]}, "properties": {"OBJECTID": 668, "SOORT": 1, "KPNIDENT": "3291", "STATUS": 1}}, {"type": "Feature", "id": 676, "geometry": {"type": "LineString", "coordinates": [[185739.300099999, 513756.5671], [185742.515000001, 513747.327], [185747.805, 513731.221999999], [185749.432, 513725.844000001], [185760.309, 513693.438999999], [185774.344999999, 513652.039999999], [185780.686999999, 513633.094999999], [185784.355, 513622.234999999], [185786.901999999, 513617.719000001], [185790.344999999, 513614.384], [185796.713, 513611.543000001], [185821.061999999, 513604.686000001], [185855.017999999, 513595.197999999], [185875.145, 513586.916999999], [185870.274999999, 513570.866], [185864.463, 513552.870000001], [185858.640999999, 513534.574000001], [185852.745000001, 513516.293000001], [185846.693999998, 513497.02], [185840.539000001, 513477.484999999], [185834.469000001, 513458.072999999], [185828.706, 513439.462000001], [185822.583999999, 513420.638999999], [185817.524999999, 513403.932], [185811.146000002, 513384.102000002], [185806.076000001, 513366.480999999], [185798.5, 513341.941], [185793.609000001, 513325.263], [185788.18, 513307.344000001], [185782.151000001, 513286.886], [185776.107999999, 513266.346000001], [185769.508000001, 513243.984000001], [185764.932, 513228.333999999], [185759.09, 513208.054000001], [185753.583999999, 513188.903000001], [185747.931000002, 513169.614999998], [185741.289999999, 513146.991], [185736.530999999, 513130.384], [185730.57, 513110.181000002], [185723.480999999, 513086.405999999], [185718.335000001, 513068.317000002], [185711.776999999, 513045.43], [185706.085999999, 513025.976], [185700.627, 513007.068999998], [185694.758000001, 512987.657000002], [185688.509, 512968.179000001], [185682.348999999, 512948.050000001], [185676.605999999, 512929.839000002], [185670.587000001, 512911.175000001], [185664.919, 512892.010000002], [185658.140999999, 512870.219999999], [185652.032000002, 512849.657000002], [185645.692000002, 512829.191], [185639.973999999, 512809.556000002], [185634.504000001, 512789.829999998], [185629.412, 512767.677000001], [185625.329, 512744.274], [185622.758000001, 512726.884], [185620.072000001, 512707.328000002], [185617.188999999, 512685.368000001], [185614.357999999, 512664.188999999], [185611.175000001, 512639.124000002], [185608.726, 512619.151000001], [185605.673999999, 512598.550000001], [185603.829, 512581.414000001], [185601.636, 512562.579], [185599.759, 512542.772], [185598.125999998, 512523.517000001], [185596.421, 512503.925000001], [185594.763999999, 512484.181000002], [185593.157000002, 512464.669], [185591.528000001, 512444.392000001], [185589.949999999, 512424.631000001], [185588.269000001, 512405.151999999], [185586.693, 512385.337000001], [185584.93, 512365.677000001], [185583.339000002, 512346.120999999], [185581.561000001, 512326.761999998], [185579.778000001, 512307.160999998], [185577.923999999, 512287.651000001], [185576.022999998, 512268.09], [185573.732999999, 512248.059], [185572.576000001, 512228.592999998], [185570.822999999, 512208.831], [185568.945999999, 512189.102000002], [185567.197000001, 512169.934], [185565.454999998, 512150.274], [185563.556000002, 512130.627], [185561.862, 512110.989999998], [185560.088, 512091.653000001], [185558.633000001, 512072.364], [185557, 512053.046], [185555.289000001, 512033.934999999], [185553.548999999, 512014.826000001], [185551.954, 511995.316], [185550.223999999, 511976.241], [185548.66, 511956.804000001], [185547, 511936.875], [185545.548, 511917.322000001], [185544.204, 511897.671], [185543.101, 511878.010000002], [185542.155000001, 511858.482000001], [185540.883000001, 511838.649], [185539.886, 511818.510000002], [185538.800000001, 511798.84], [185537.759, 511779.006999999], [185536.745000001, 511759.302999999], [185535.634, 511738.767000001], [185534.73, 511719.853999998], [185533.640000001, 511700.826000001], [185532.662, 511681.307999998], [185531.524, 511661.289000001], [185530.548999999, 511641.802000001], [185529.581999999, 511621.899999999], [185528.539000001, 511602.329999998], [185527.677999999, 511583.397999998], [185526.649999999, 511563.539000001], [185525.458000001, 511544.326000001], [185524.338, 511524.921999998], [185525.855999999, 511505.899], [185535.456999999, 511489.478], [185548.993000001, 511475.646000002], [185562.561000001, 511462.210999999], [185576.533, 511448.118000001], [185580.041000001, 511439.258000001], [185578.721999999, 511429.704], [185569.692000002, 511413.363000002], [185559.831999999, 511396.620999999], [185550.423, 511379.184999999], [185541.945999999, 511361.241999999], [185534.631999999, 511343.598999999], [185527.984999999, 511325.010000002], [185522.798999999, 511304.857000001], [185519.181000002, 511281.32], [185517.511, 511260.899], [185516.352000002, 511241.412999999], [185515.061999999, 511221.892000001], [185513.991, 511202.028000001], [185512.633000001, 511181.534000002], [185511.736000001, 511161.572999999], [185510.675999999, 511142.123], [185510.191, 511122.329999998], [185511.664000001, 511109.868999999], [185512.947000001, 511102.73], [185517.125, 511092.813000001], [185522.298999999, 511084.017000001], [185526.951000001, 511078.169], [185528.681000002, 511076.427999999], [185540.006999999, 511064.715999998], [185557.429000001, 511046.756999999], [185572.302000001, 511030.973000001], [185587.394000001, 511016.590999998], [185605.357999999, 510999.945], [185623.559, 510982.826000001], [185642.134, 510965.401999999], [185657.802000001, 510950.763999999], [185669.993999999, 510939.166999999], [185690.717, 510919.822999999], [185708.096000001, 510903.436000001], [185729.831999999, 510883.243999999], [185744.936999999, 510868.960999999], [185768.515000001, 510847.072999999], [185787.201000001, 510829.624000002], [185809.331999999, 510808.982999999], [185830.449000001, 510789.874000002], [185838.581, 510783.032000002], [185852.107999999, 510772.302000001], [185872.640999999, 510757.120999999], [185894.037999999, 510743.072000001], [185914.181000002, 510730.838], [185935.769000001, 510718.888], [185955.625999998, 510709.055], [185977.124000002, 510699.811999999], [186000.546999998, 510690.563999999], [186023.373, 510682.017999999], [186044.285999998, 510675.120000001], [186066.585000001, 510668.725000001], [186090.771000002, 510663.491], [186113.677000001, 510659.287], [186148.008000001, 510653.868999999], [186163.337000001, 510652.816], [186165.791999999, 510652.546], [186178.030999999, 510651.52], [186204.815000001, 510650.829999998], [186233.636999998, 510650.931000002], [186257.818999998, 510651.780999999], [186285.956, 510653.127999999], [186312.555, 510655.322000001], [186338.136, 510658.498], [186362.691, 510662.352000002], [186393.688000001, 510667.693], [186417.772, 510672.491], [186438.394000001, 510677.105], [186460.199999999, 510682.497000001], [186481.855999999, 510688.333999999], [186503.232000001, 510694.289000001], [186531.493000001, 510702.088], [186556.817000002, 510709.34], [186578.627999999, 510715.907000002], [186598.995999999, 510722.182], [186621.809, 510729.502], [186634.614, 510733.853999998], [186659.732999999, 510742.784000002], [186683.84, 510752.421], [186706.640000001, 510761.855], [186739.045000002, 510775.171999998], [186769.458999999, 510787.526999999], [186798.317000002, 510799.57], [186820.857000001, 510809.056000002], [186840.068999998, 510816.988000002], [186864.054000001, 510826.861000001], [186884.835999999, 510835.534000002], [186901.357000001, 510842.434999999], [186919.583999999, 510849.833999999], [186921.897, 510850.726], [186930.296, 510853.478999998], [186942.638, 510858.916999999], [186962.043000001, 510862.710000001], [187001.041999999, 510868.682], [187024.886, 510866.901999999], [187049.315000001, 510867.640000001], [187071.879999999, 510868.550000001], [187098.901999999, 510869.392000001], [187123.394000001, 510870.201000001], [187142.647, 510870.811999999], [187161.772999998, 510871.208000001], [187178.088, 510871.087000001], [187191.752999999, 510869.41], [187213.500999998, 510868.813000001], [187238.690000001, 510868.670000002], [187262.478, 510871.583999999], [187288.357999999, 510872.462000001], [187314.177000001, 510872.123], [187341.061999999, 510871.484000001], [187367.609000001, 510870.796999998], [187394.215, 510870.160999998], [187419.276999999, 510869.669], [187442.258000001, 510869.186000001], [187467.079, 510868.719999999], [187493.673999999, 510868.09], [187518.577, 510867.686000001], [187541.342, 510866.973999999], [187546.250999998, 510866.307], [187570.958999999, 510864.118000001], [187595.776999999, 510861.535999998], [187618.721000001, 510859.048999999], [187634.969999999, 510857.502], [187651.078000002, 510856.590999998], [187653.634, 510856.425999999], [187658.816, 510856.208999999], [187660.741, 510856.263], [187662.853999998, 510856.427000001], [187665.879999999, 510856.874000002], [187689.188999999, 510868.392999999], [187713.324000001, 510873.109999999], [187715.785999998, 510873.260000002], [187733.407000002, 510876.07], [187751.528999999, 510876.835000001], [187777.412999999, 510877.192000002], [187795.653999999, 510876.096000001], [187815.081999999, 510875.022999998], [187839.625, 510873.204], [187867.999000002, 510870.620000001], [187891.829999998, 510868.684], [187909.506999999, 510867.291999999], [187932.837000001, 510865.456999999], [187948.046999998, 510863.833999999], [187952.077, 510863.443999998], [187967.693999998, 510861.313000001], [187987.48, 510858.702], [187996.998, 510857.513], [188021.464000002, 510854.603], [188042.111000001, 510852.159000002], [188042.204999998, 510852.123], [188053.866999999, 510850.245999999], [188076.034000002, 510845.995999999], [188096.835999999, 510839.875], [188112.088, 510832.745000001], [188134.329, 510821.147999998], [188156.327, 510809.351], [188179.136999998, 510796.588], [188200.094999999, 510784.166000001], [188221.978999998, 510771.258000001], [188237.605999999, 510761.521000002], [188257.065000001, 510749.576000001], [188260.730999999, 510747.638999999], [188264.368999999, 510745.423999999], [188276.421, 510737.895], [188294.761999998, 510727.013], [188329.875999998, 510714.394000001], [188354.114, 510706.526999999], [188384.449000001, 510696.877999999], [188411.717999998, 510687.780000001], [188437.627, 510677.807999998], [188459.368999999, 510668.829], [188477.392000001, 510659.541999999], [188489.526000001, 510650.164000001], [188501.732000001, 510635.77], [188513.462000001, 510617.252], [188524.965999998, 510598.577], [188535.118999999, 510583.932], [188539.702, 510578.673], [188541.381999999, 510576.800000001], [188544.870999999, 510573.614999998], [188558.763999999, 510561.500999998], [188575.625999998, 510548.061999999], [188589.809, 510537.202], [188612.416999999, 510520.024], [188632.089000002, 510505.313999999], [188653.030999999, 510489.570999999], [188672.577, 510475.039999999], [188679.302000001, 510469.644000001], [188703.482000001, 510449.006000001], [188712.434999999, 510439.458000001], [188719.989, 510427.407000002], [188728.234000001, 510410.041000001], [188733.612, 510396.331], [188735.714000002, 510390.465], [188741.383000001, 510376.488000002], [188751.403999999, 510360.886], [188764.743000001, 510343.129999999], [188778.138999999, 510328.570999999], [188790.344000001, 510317.267999999], [188799.941, 510309.456], [188801.945, 510307.971999999], [188804.203000002, 510306.425999999], [188813.559, 510299.997000001], [188825.706999999, 510292.804000001], [188841.059999999, 510284.204], [188858.405999999, 510276.420000002], [188878.035, 510268.579999998], [188899.451000001, 510261.039000001], [188920.938000001, 510253.236000001], [188936.631999999, 510245.909000002], [188948.25, 510238.611000001], [188967.357000001, 510221.594000001], [188981.087000001, 510205.524], [189003.502999999, 510179.723999999], [189009.537999999, 510172.715999998], [189012.118999999, 510169.348000001], [189013.175000001, 510168.107999999], [189014.800000001, 510166.202], [189015.919, 510164.967], [189024.822000001, 510154.565000001], [189038.798999999, 510138.318], [189053.109999999, 510121.000999998], [189067.568999998, 510103.743000001], [189080.932, 510087.673999999], [189095.511, 510070.009], [189102.793000001, 510062.135000002], [189117.454, 510047.489999998], [189134.577, 510030.960000001], [189151.945999999, 510014.133000001], [189169.289000001, 509997.379999999], [189176.886999998, 509988.885000002], [189182.401000001, 509979.282000002], [189185.629000001, 509968.723000001], [189186.579999998, 509959.874000002], [189188.328000002, 509935.576000001], [189189.897999998, 509911.725000001], [189190.798999999, 509897.280999999], [189191.605, 509891.517000001], [189193.234999999, 509868.942000002], [189196.055, 509851.783], [189199.583000001, 509840.471999999], [189200.462000001, 509838.193], [189207.980999999, 509823.995000001], [189219.734999999, 509808.269000001], [189234.633000001, 509792.405999999], [189253.158, 509776.673999999], [189272.666999999, 509760.601], [189291.357000001, 509745.431000002], [189308.699999999, 509731.647], [189327.664999999, 509716.68], [189343.732000001, 509703.767999999], [189345.631000001, 509702.338], [189350.910999998, 509698.133000001], [189359.75, 509691.328000002], [189366.903000001, 509685.355999999], [189372.159000002, 509681.477000002], [189374.068, 509679.995999999], [189380.147999998, 509675.046999998], [189391.607999999, 509665.719999999], [189406.324000001, 509654.436000001], [189436.704999998, 509630.963], [189449.796999998, 509620.535999998], [189466.159000002, 509608.066], [189486.991, 509592.092999998], [189508.184999999, 509575.813999999], [189518.463, 509567.975000001], [189528.761, 509560.085000001], [189540.910999998, 509550.851], [189554.285999998, 509540.664000001], [189564.681000002, 509533.000999998], [189573.881000001, 509526.409000002], [189591.287, 509516.853999998], [189609.206, 509509.261999998], [189627.368000001, 509500.883000001], [189640.806000002, 509492.530999999], [189644.061999999, 509490.594000001], [189658.184, 509478.568], [189671.982000001, 509464.954999998], [189685.372000001, 509452.684999999], [189700.445999999, 509438.315000001], [189716.838, 509422.510000002], [189731.727000002, 509407.673999999], [189743.188000001, 509396.004999999], [189756.498, 509381.574999999], [189761.655000001, 509375.897], [189773.645, 509362.368999999], [189785.824999999, 509348.833000001], [189799.386, 509333.776000001], [189814.228999998, 509317.480999999], [189821.504999999, 509309.282000002], [189825.920000002, 509304.59], [189833.331, 509297.113000002], [189840.164999999, 509290.441], [189850.793000001, 509283.420000002], [189856.109999999, 509280.039999999], [189873.197999999, 509271.377], [189890.831999999, 509263.487], [189910.443, 509255.932], [189927.155999999, 509249.895], [189946.219000001, 509243.265000001], [189963.605999999, 509237.638], [189989.715999998, 509230.013], [189999.874000002, 509227.351], [190021.633000001, 509222.16], [190040.289999999, 509218.427000001], [190062.302999999, 509214.91], [190086.673999999, 509212.032000002], [190108.094000001, 509210.618000001], [190128.993000001, 509210.070999999], [190151.011, 509210.52], [190172.844999999, 509211.579999998], [190197.304000001, 509214.061999999], [190219.723999999, 509217.109999999], [190241.530000001, 509220.609999999], [190262.221000001, 509223.598000001], [190283.999000002, 509226.857999999], [190303.774999999, 509229.811000001], [190322.193, 509234.513], [190327.438000001, 509236.967999998], [190339.730999999, 509242.997000001], [190346.199999999, 509247.662999999], [190347.515999999, 509248.561999999], [190349.449999999, 509249.953000002], [190350.609000001, 509250.938999999], [190357.741, 509256.552999999], [190364.066, 509262.726], [190375.510000002, 509274.34], [190390.498, 509288.962000001], [190401.160999998, 509299.684], [190408.649999999, 509306.624000002], [190420.243000001, 509318.579999998], [190433.293000001, 509325.000999998], [190437.855999999, 509327.109000001], [190457.715999998, 509327.296], [190466.713, 509323.734999999], [190475.613000002, 509317.313999999], [190489.528999999, 509304.829999998], [190512.984999999, 509283.568999998], [190531.750999998, 509266.817000002], [190549.324000001, 509251.021000002], [190568.260000002, 509233.975000001], [190585.960000001, 509217.993999999], [190606.614999998, 509200.357999999], [190627.210000001, 509183.489], [190644.699999999, 509163.515000001], [190655.774, 509148.508000001], [190667.276000001, 509141.414000001], [190673.699000001, 509133.905000001], [190684.109999999, 509121.500999998], [190694.298999999, 509109.739], [190711.576000001, 509089.140000001], [190726.638, 509075.407000002], [190720.658, 509068.784000002], [190714.456, 509061.452], [190747.210999999, 509032.75], [190764.442000002, 509021.107000001], [190775.333999999, 509038.561000001], [190785, 509035], [190808.848000001, 509023.412999999], [190855.951000001, 509005.908], [190878.197999999, 508997.528000001], [190899.717, 508989.504000001], [190926.057999998, 508979.634], [190948.605999999, 508971.263], [190973.265999999, 508961.943], [190996.258000001, 508953.353999998], [191015.631000001, 508937.344999999], [191037.789999999, 508925.945], [191059.734999999, 508914.035], [191079.294, 508899.431000002], [191097.259, 508882.789999999], [191110.432, 508862.252999999], [191120.204999998, 508838.923], [191130.077, 508822.116]]}, "properties": {"OBJECTID": 676, "SOORT": 1, "KPNIDENT": "3241", "STATUS": 1}}, {"type": "Feature", "id": 677, "geometry": {"type": "LineString", "coordinates": [[194431.489, 504479.907000002], [194425.506999999, 504482.745000001], [194405.635000002, 504492.145], [194395.848000001, 504496.057], [194377.368000001, 504503.971000001], [194373.026000001, 504505.521000002], [194366.741999999, 504507.234000001], [194358.794, 504509.513], [194344.695, 504512.182], [194337.706, 504512.899999999], [194326.980999999, 504514.653999999], [194307.456999999, 504515.884], [194287.997000001, 504518.511], [194269.477000002, 504522.114], [194259.723999999, 504524.780000001], [194247.952, 504528.662], [194238.078000002, 504533.221000001], [194226.193, 504539.252], [194212.576000001, 504546.975000001], [194197.469000001, 504556.359000001], [194183.129000001, 504567.420000002], [194174.203000002, 504575.399], [194162.340999998, 504587.499000002], [194149.572000001, 504601.662999999], [194136.278999999, 504617.320999999], [194124.923999999, 504632.125], [194112.920000002, 504647.394000001], [194103.897999998, 504663.868999999], [194096.541999999, 504677.976], [194087.484999999, 504696.015000001], [194081.495999999, 504714.897], [194079.793000001, 504731.456], [194079.670000002, 504753.743999999], [194080.723000001, 504773.912], [194079.572999999, 504792.131000001], [194073.188999999, 504810.848000001], [194062.495999999, 504838.329999998], [194056.087000001, 504856.594999999], [194053.546, 504879.936999999], [194052.554000001, 504899.372000001], [194051.583999999, 504915.725000001], [194051.088, 504921.566], [194051.842999998, 504947.550999999], [194051.932, 504960.980999999], [194052.02, 504971.787999999], [194049.723000001, 504980.727000002], [194047.805, 504986.471000001], [194047.423999999, 504987.989], [194047.423, 504987.993000001]]}, "properties": {"OBJECTID": 677, "SOORT": 1, "KPNIDENT": "3242", "STATUS": 1}}, {"type": "Feature", "id": 678, "geometry": {"type": "LineString", "coordinates": [[202478.467, 503321.971000001], [202487.767999999, 503336.405999999], [202476.634, 503345.487], [202465.173, 503355.657000002], [202452.197000001, 503364.302999999], [202431.851, 503369.644000001], [202418.463, 503379.013999999], [202403.146000002, 503393.791999999], [202389.741, 503404.403000001], [202379.236000001, 503415.241999999], [202370.425000001, 503424.513999999], [202369.249000002, 503425.772999998], [202354.059999999, 503441.870999999], [202355.936999999, 503443.717], [202352.68, 503447.234999999], [202344.287999999, 503455.895], [202333.166999999, 503467.620000001], [202331.879000001, 503468.914999999], [202326.982999999, 503474.215], [202324.978, 503476.359000001], [202318.011999998, 503483.532000002], [202309.217, 503488.203000002], [202298.802999999, 503500.627999999], [202287.182, 503511.495999999], [202288.640999999, 503512.778999999], [202285.592999998, 503513.425000001], [202271.699999999, 503517.574000001], [202262.776999999, 503527.414999999], [202254.754999999, 503536.318999998], [202243.585999999, 503548.675000001], [202233.557999998, 503559.738000002], [202217.826000001, 503576.969000001], [202204.488000002, 503591.644000001], [202197.828000002, 503598.949000001], [202197.750999998, 503600.546], [202198.362, 503602.169], [202203.169, 503608.473999999], [202203.074999999, 503608.719000001], [202202.162, 503612.359000001], [202194.157000002, 503621.908], [202187.517999999, 503629.502999999], [202186.737, 503630.434999999], [202182.226, 503636.828000002], [202176.919, 503643.158], [202175.350000001, 503645.348000001], [202173.092, 503647.589000002], [202172.017000001, 503649.006000001], [202168.504999999, 503651.923999999], [202166.868000001, 503653.899], [202164.342, 503656.998], [202161.815000001, 503659.907000002], [202160.260000002, 503662.438000001], [202158.445999999, 503668.193], [202166.585000001, 503672.048999999], [202182.758000001, 503684.776999999], [202195.925999999, 503697.033], [202190.407000002, 503700.763999999], [202188.066, 503704.502], [202187.033, 503705.318999998], [202184.252, 503707.761], [202182.144000001, 503709.563000001], [202178.666999999, 503712.296], [202176.953000002, 503713.995999999], [202173.778999999, 503717.662999999], [202171.006000001, 503720.092999998], [202166.418000001, 503725.002], [202163.25, 503728.386999998], [202160.555, 503729.359999999], [202155.993000001, 503733.280000001], [202155.620999999, 503733.600000001], [202139.702, 503745.438000001], [202126.535999998, 503756.063000001], [202117.280000001, 503764.186999999], [202105.517000001, 503774.657000002], [202099.107999999, 503781.445], [202090.754000001, 503789.509], [202087.259, 503793.024999999], [202083.802000001, 503797.083000001], [202070.783, 503811.272999998], [202059.202, 503825.046999998], [202047.502999999, 503840.346000001], [202040.421999998, 503850.304000001], [202037.094000001, 503855.638999999], [202034.318, 503859.677999999], [202024.458999999, 503877.293000001], [202019.594999999, 503884.947000001], [202011.175999999, 503892.280000001], [202005.197999999, 503892.75], [201998.488000002, 503891.147], [201984.589000002, 503881.789999999], [201978.219000001, 503879.203000002], [201974.793000001, 503879.916000001], [201966.550000001, 503884.809999999], [201960.388999999, 503890.833999999], [201946.684, 503904.739], [201933.192000002, 503918.693], [201919.66, 503933.109000001], [201906.274999999, 503946.938000001], [201893.952, 503959.464000002], [201883.363000002, 503971.719999999], [201882.802000001, 503979.555], [201882.967999998, 503983.366999999], [201882.541999999, 503992.660999998], [201881.670000002, 504007.416999999], [201881.853, 504012.465999998], [201877.964000002, 504022.245000001], [201870.340999998, 504041.024], [201862.524999999, 504060.761999998], [201855.342, 504079.050999999], [201848.057999998, 504097.454], [201840.629000001, 504116.170000002], [201833.309, 504134.298], [201825.927999999, 504152.324999999], [201821.969000001, 504162.420000002], [201817.313999999, 504169.98], [201802.855999999, 504184.982000001], [201789.27, 504200.068], [201775.864, 504215.756000001], [201769.574999999, 504225.798999999], [201765.392999999, 504236.006999999], [201757.717, 504254.52], [201750.537, 504273.033], [201743.227000002, 504291.886], [201738.739999998, 504301.039000001], [201732.943999998, 504309.988000002], [201731.272999998, 504312.666000001], [201726.625999998, 504320.227000002], [201722.480999999, 504327.579999998], [201712.186000001, 504343.776000001], [201701.462000001, 504361.315000001], [201690.535, 504379.252], [201679.730999999, 504396.793000001], [201669.616, 504413.386], [201658.897, 504430.693], [201648.399, 504448.133000001], [201637.888999999, 504465.260000002], [201628.072999999, 504482.82], [201617.855999999, 504501.844000001], [201612.463, 504511.702], [201609.331999999, 504517.914999999], [201605.352000002, 504524.642999999], [201600.009, 504534.394000001], [201593.886999998, 504544.982000001], [201584.324999999, 504562.969000001], [201576.324000001, 504577.967], [201574.592999998, 504581.342], [201569.609999999, 504588.756000001], [201562.670000002, 504595.500999998], [201556.024999999, 504599.324000001], [201556.993000001, 504606.653999999], [201557.868999999, 504611.690000001], [201555.789999999, 504618.355999999], [201547.800999999, 504633.684], [201540.846000001, 504646.967999998], [201536.397999998, 504655.620999999], [201529.511, 504668.717], [201522.147, 504687.004000001], [201520.346000001, 504701.999000002], [201521.862, 504712.377], [201528.386999998, 504730.969000001], [201536.607000001, 504753.504000001], [201543.300999999, 504772.605999999], [201550.094000001, 504791.403999999], [201557.131000001, 504810.938000001], [201564.206, 504830.682], [201572.151000001, 504853.236000001], [201580.134, 504874.278999999], [201588.171999998, 504893.645], [201597.276999999, 504911.250999998], [201605.037999999, 504920.432999998], [201610.195, 504922.009], [201619.223000001, 504925.346000001], [201634.035, 504930.631000001], [201644.331, 504934.239999998], [201654.046999998, 504938.232999999], [201662.635000002, 504944.287], [201669.385000002, 504951.907000002], [201674.623, 504961.463], [201678.517000001, 504970.677999999], [201686.577, 504989.631000001], [201696.649999999, 505013.473000001], [201704.664999999, 505032.449999999], [201712.761, 505051.535999998], [201719.535999998, 505069.625999998], [201725.607000001, 505089.919], [201730.502999999, 505108.780000001], [201735.263999999, 505128.07], [201737.105999999, 505147.693], [201736.434999999, 505166.859999999], [201734.912999999, 505185.752], [201733.333000001, 505201.681000002], [201731.460000001, 505204.75], [201729.855999999, 505225.555], [201731.809, 505246.195999999], [201735.859000001, 505255.929000001], [201740.427999999, 505263.278000001], [201750.817000002, 505279.592999998], [201756.52, 505288.214000002], [201764.094000001, 505300.671], [201767.331, 505305.473999999], [201774.649999999, 505319.467999998], [201776.763, 505324.614999998], [201784.125, 505343.429000001], [201790.537, 505358.855999999], [201792.425999999, 505363.083000001], [201798.289999999, 505380.039999999], [201802.603, 505389.07], [201805.710999999, 505394.425999999], [201807.030000001, 505396.475000001], [201808.614999998, 505401.804000001], [201812.219999999, 505404.941], [201813.783, 505427.215999998], [201822.550000001, 505446.122000001], [201829.324999999, 505465.105], [201836.441, 505483.307], [201843.475000001, 505501.377], [201850.789000001, 505519.965999998], [201857.728999998, 505538.868999999], [201864.344000001, 505557.649], [201870.833999999, 505576.245000001], [201877.703000002, 505596.021000002], [201885.300000001, 505619.436000001], [201889.848000001, 505638.340999998], [201895.488000002, 505660.517999999], [201901.524, 505685.932], [201904.07, 505706.109999999], [201905.526000001, 505724.105999999], [201906.434999999, 505742.102000002], [201907.883000001, 505787.142999999], [201909.155999999, 505825.135000002], [201910.612, 505858.166999999], [201911.704, 505877.798999999], [201912.978, 505896.704], [201915.728, 505924.469999999], [201917.728999998, 505940.647999998], [201919.912, 505956.463], [201923.123, 505967.519000001], [201927.068, 505987.254000001], [201930.728999998, 506006.353999998], [201933.987, 506023.526000001], [201938.026000001, 506047.625], [201940.690000001, 506067.427999999], [201943.274, 506087.353999998], [201945.747000001, 506107.066], [201948.447000001, 506126.445999999], [201950.800999999, 506144.451000001], [201953.699000001, 506164.287], [201957.640999999, 506187.309999999], [201961.982000001, 506209.445], [201966.004000001, 506222.408], [201969.377, 506227.098999999], [201974.631000001, 506232.046999998], [201987.440000001, 506241.144000001], [201998.028000001, 506249.079999998], [202001.953000002, 506257.109999999], [202005.377999999, 506267.477000002], [202006.074999999, 506279.844999999], [202003.93, 506300.691], [202000.978999998, 506326.513999999], [202001.787, 506339.658], [202004.311000001, 506348.774999999], [202011.776000001, 506367.232000001], [202020.302000001, 506388.351], [202028.653000001, 506409.067000002], [202037.050000001, 506428.598000001], [202044.958999999, 506447.780999999], [202052.329999998, 506464.958999999], [202061.066, 506485.421999998], [202070.960000001, 506504.171], [202083.541000001, 506523.157000002], [202095.271000002, 506541.394000001], [202107.543000001, 506560.085999999], [202118.616, 506576.230999999], [202132.350000001, 506595.585000001], [202147.195999999, 506610.528999999], [202160.431000002, 506621.706999999], [202176.467999998, 506634.796999998], [202190.782000002, 506646.910999998], [202208.386999998, 506661.739999998], [202225.618000001, 506673.673], [202255.969000001, 506683.559], [202276.605, 506677.491], [202297.147999998, 506670.335999999], [202317.386999998, 506664.197000001], [202338.026999999, 506659.090999998], [202357.456999999, 506654.177999999], [202376.875, 506649.307999998], [202396.373, 506644.370999999], [202415.870000001, 506639.513999999], [202434.977000002, 506634.962000001], [202452.465, 506629.870000001], [202474.138, 506625.066], [202494.094999999, 506620.719000001], [202513.197000001, 506614.532000002], [202530.094999999, 506606.567000002], [202545.726, 506596.763999999], [202560.074000001, 506584.063000001], [202574.234999999, 506571.673], [202614.754000001, 506632.208999999], [202728.771000002, 506809.059999999], [202739.901999999, 506827.59], [202751.638999999, 506843.570999999], [202766.098999999, 506857.313000001], [202781.811000001, 506866.796999998], [202798.228, 506875.449000001], [202815.620999999, 506884.495999999], [202832.831999999, 506893.386], [202850.460000001, 506901.953000002], [202868.965999998, 506909.752999999], [202888.147999998, 506914.085000001], [202907.756000001, 506911.677000001], [202926.987, 506908.092999998], [202946.372000001, 506906.329], [202964.794, 506910.653999999], [202983.668000001, 506917.122000001], [202993.807999998, 506920.203000002], [203004.618000001, 506922.511999998], [203024.249000002, 506923.765999999], [203043.668000001, 506923.567000002], [203063.840999998, 506925.136], [203076.056000002, 506931.693], [203081.212000001, 506937.651000001], [203089.888999999, 506948.988000002], [203093.421999998, 506954.877], [203096.083999999, 506967.050999999], [203095.769000001, 506972.905999999], [203088.969999999, 506987.602000002], [203083.265000001, 506994.883000001], [203073.861000001, 507006.787999999], [203060.237, 507022.550999999], [203049.265000001, 507040.511], [203043.407000002, 507057.719000001], [203032.057999998, 507075.528000001], [203020.283, 507091.647], [203008.940000001, 507107.765000001], [203005.513999999, 507117.25], [203006.458999999, 507127.649999999], [203017.009, 507147.352000002], [203026.759, 507163.965], [203034.447000001, 507178.419], [203041.129000001, 507192.475000001], [203051.160999998, 507212.105], [203060.022, 507230.192000002], [203069.044, 507248.756999999], [203078.339000002, 507268.033], [203085.756000001, 507284.405000001], [203094.842999998, 507304.024999999], [203102.18, 507322.504999999], [203110.657000002, 507344.295000002], [203117.324999999, 507360.068], [203124.723000001, 507376.75], [203133.046, 507394.923], [203141.458000001, 507413.352000002], [203150.026999999, 507431.897999998], [203155.478999998, 507442.675999999], [203161.223999999, 507448.388999999], [203180.991999999, 507450.261999998], [203201.238000002, 507452.401000001], [203221.228, 507455.546], [203243.022, 507459.107000001], [203262.142000001, 507463.879000001], [203278.664999999, 507469.649999999], [203294.651000001, 507479.030000001], [203313.690000001, 507489.508000001], [203332.500999998, 507499.912999999], [203346.816, 507508.469000001], [203363.677000001, 507517.522999998], [203383.541999999, 507524.852000002], [203404.438999999, 507530.201000001], [203426.223000001, 507535.787], [203439.024999999, 507539.633000001], [203460.221999999, 507544.699999999], [203480.122000001, 507547.954], [203501.419, 507550.820999999], [203516.894000001, 507551.715999998], [203530.366999999, 507551.035999998], [203536.554000001, 507551.245000001], [203552.063000001, 507553.386999998], [203557.296999998, 507555.403999999], [203565.57, 507557.853], [203578.839000002, 507559.568999998], [203587.912999999, 507559.375], [203597.833000001, 507557.646000002], [203617.096000001, 507554.977000002], [203636.458000001, 507553.653000001], [203656.373, 507552.368000001], [203675.528999999, 507548.635000002], [203693.829999998, 507541.624000002], [203719.414000001, 507534.357999999], [203738.004000001, 507524.824999999], [203755.164000001, 507513.916999999], [203772.796999998, 507504.763999999], [203792.489, 507498.054000001], [203801.515999999, 507496.434], [203812.840999998, 507496.153000001], [203826.703000002, 507490.954], [203832.828000002, 507485.23], [203844.640000001, 507474.565000001], [203849.458999999, 507470.686000001], [203855.710000001, 507459.241999999], [203858.276000001, 507452.445], [203864.057, 507434.226], [203870.407000002, 507418.554000001], [203874.226, 507411.260000002], [203882.759, 507402.357000001], [203896.276000001, 507396.164000001], [203903.555, 507395.609000001], [203926.065000001, 507400.289999999], [203941.476, 507412.537], [203953.923999999, 507429.344999999], [203966.796, 507443.837000001], [203984.5, 507456.723999999], [204000.432, 507467.010000002], [204019.351, 507478.811000001], [204032.956999999, 507487.228999998], [204051.908, 507498.017999999], [204070.524, 507509.333000001], [204091.965999998, 507521.118000001], [204113.008000001, 507529.425000001], [204129.401999999, 507533.835999999], [204141.102000002, 507531.807], [204149.555, 507528.886], [204166.624000002, 507516.999000002], [204184.070999999, 507503.592], [204194.706999999, 507498.009], [204204.25, 507494.761999998], [204222.359000001, 507490.305], [204243.287, 507485.932999998], [204261.708000001, 507480.642000001], [204281.885000002, 507472.995000001], [204299.342, 507465.973000001], [204310.59, 507463.079999998], [204318.938000001, 507462.704], [204337.625999998, 507461.627], [204346.787999999, 507457.151000001], [204354.032000002, 507449.901999999], [204365.914999999, 507431.866], [204377.355999999, 507413.388999999], [204384.063999999, 507396.800000001], [204386.868999999, 507384.886], [204387.067000002, 507378.274], [204384.890999999, 507367.690000001], [204380.942000002, 507358.673999999], [204378.164999999, 507348.715], [204378.741, 507338.149999999], [204380.035999998, 507318.017000001], [204383.916000001, 507307.842], [204390.048, 507302.307999998], [204394.232000001, 507301.601], [204413.923999999, 507299.030000001], [204434.291000001, 507298.991], [204453.706, 507298.888999999], [204472.438999999, 507298.535999998], [204493.809, 507295.050999999], [204511.831999999, 507287.651999999], [204521.916000001, 507280.294], [204527.784000002, 507273.886999998], [204536.796, 507256.263999999], [204544.298, 507234.978999998], [204549.561000001, 507220.168000001], [204555.848000001, 507202.760000002], [204563.061000001, 507183.059999999], [204571.081999999, 507162.289000001], [204577.995000001, 507142.921], [204583.978, 507126.818999998], [204591.585999999, 507107.318999998], [204600.702, 507087.660999998], [204613.151999999, 507070.427999999], [204629.829999998, 507052.486000001], [204644.219999999, 507037.32], [204659.370999999, 507021.217], [204675.728999998, 507004.202], [204689.175000001, 506990.328000002], [204703.302999999, 506975.021000002], [204716.815000001, 506960.866], [204731.307999998, 506945.800000001], [204745.173999999, 506931.780999999], [204759.293000001, 506916.91], [204773.857999999, 506900.796], [204787.633000001, 506886.188000001], [204801.918000001, 506872.456999999], [204813.412, 506853.574000001], [204819.322999999, 506831.774], [204825.324999999, 506815.443999998], [204835.552000001, 506797.324999999], [204851.776000001, 506782.396000002], [204868.442000002, 506769.717999998], [204884.892999999, 506756.989999998], [204901.785, 506743.962000001], [204916.420000002, 506733.000999998], [204933.640000001, 506719.743000001], [204949.410999998, 506707.169], [204953.550999999, 506699.561000001], [204955.528999999, 506690.864999998], [204955.094999999, 506686.098999999], [204949.991, 506674.460000001], [204944.848000001, 506667.909000002], [204939.506999999, 506661.612], [204934.352000002, 506648.272999998], [204934.335999999, 506629.971999999], [204937.991, 506610.465999998], [204941.901000001, 506595.635000002], [204945.039000001, 506590.440000001], [204952.186999999, 506581.206], [204962.008000001, 506573.853999998], [204970.780999999, 506570.335000001], [204980.850000001, 506569.173999999], [204991.353, 506567.173], [204999.602000002, 506560.339000002], [205005.635000002, 506552.195999999], [205007.127999999, 506541.688999999], [205008.855, 506521.48], [205011.114, 506496.065000001], [205013.055, 506470.103999998], [205013.859000001, 506447.999000002], [205013.901000001, 506429.015999999], [205014.162, 506409.670000002], [205014.414999999, 506384.18], [205014.493999999, 506365.429000001], [205014.666000001, 506346.412999999], [205014.982000001, 506327.561999999], [205015.27, 506305.896000002], [205015.613000002, 506285.609000001], [205016.818999998, 506266.184], [205017.682999998, 506246.522999998], [205027.368999999, 506235.864999998], [205041.991, 506224.197999999], [205063.158, 506207.929000001], [205048.627999999, 506186.447999999], [205037.138, 506170.339000002], [205028.035, 506155.195999999], [205028.361000001, 506152.848999999], [205022.081, 506127.809], [205035.340999998, 506113.221999999], [205042.645, 506108.083999999], [205050.247000001, 506100.074999999], [205061.129999999, 506084.077], [205071.329999998, 506067.416999999], [205086.873, 506059.046999998], [205104.212000001, 506049.427999999], [205130.392000001, 506035.228], [205145.493000001, 506026.484000001], [205155.859000001, 506008.666000001], [205163.771000002, 505996.331999999], [205170.778999999, 505981.585000001], [205180.732000001, 505962.669], [205189.199000001, 505955.467999998], [205197.798, 505953.326000001], [205213.576000001, 505955.423], [205235.734000001, 505959.385000002], [205250.651999999, 505947.631000001], [205264.728, 505934.688000001], [205283.225000001, 505915.339000002], [205297.208999999, 505901.655999999], [205312.739, 505888.754000001], [205331.572999999, 505881.870000001], [205348.425000001, 505876.822000001], [205364.999000002, 505865.585000001], [205385.563999999, 505849.649999999], [205394.914000001, 505843.872000001], [205405.822999999, 505838.352000002], [205420.500999998, 505842.102000002], [205435.394000001, 505842.026999999], [205449.813999999, 505838.616999999], [205464.291999999, 505833.789999999], [205480.855999999, 505816.662], [205474.657000002, 505805.228999998], [205465.026999999, 505791.947000001], [205454.947999999, 505778.351], [205445.813000001, 505763.978], [205434.765999999, 505749.465], [205427.168000001, 505738.195999999], [205416.719999999, 505724.873], [205406.642000001, 505712.344999999], [205398.030000001, 505698.101], [205401.513999999, 505693.274], [205404.963, 505690.254999999], [205410.903999999, 505685.596999999], [205423.772, 505679.18], [205441.585999999, 505675.714000002], [205458.324000001, 505670.668000001], [205476.094000001, 505666.153000001], [205489.287999999, 505658.603], [205502.703000002, 505662.756999999], [205518.473000001, 505653.340999998], [205526.66, 505650.607999999], [205543.833000001, 505648.577], [205566.679000001, 505653.32], [205588.140999999, 505653.831], [205608.366999999, 505643.684], [205620.351, 505637.645], [205625.93, 505637.787], [205634.835999999, 505636.802999999], [205650.818, 505627.787999999], [205668.236000001, 505616.173], [205679.438000001, 505605.213], [205685.401000001, 505603.701000001], [205693.789000001, 505601.780999999], [205714.636, 505598.425000001], [205733.136999998, 505593.778000001], [205752.287999999, 505584.704], [205770.578000002, 505574.556000002], [205786.528000001, 505565.429000001], [205801.085000001, 505561.364999998], [205813.826000001, 505556.686000001], [205828.405000001, 505548.633000001], [205846.359999999, 505540.491999999], [205853.438999999, 505534.897], [205862.592999998, 505529.381999999], [205880.254000001, 505518.609000001], [205896.714000002, 505509.905000001], [205913.756000001, 505499.738000002], [205929.184999999, 505489.965999998], [205945.960999999, 505482.021000002], [205962.305, 505473.114999998], [205978.647999998, 505465.057], [205998.344000001, 505452.249000002], [206011.561999999, 505442.484999999], [206026.260000002, 505429.848000001], [206043.355, 505414.816], [206057.574000001, 505401.026999999], [206071.761, 505388.085999999], [206084.822000001, 505374.864], [206092.263, 505366.204999998], [206100.083000001, 505359.09], [206115.888, 505338.482000001], [206126.305, 505321.265999999], [206134.618000001, 505303.403999999], [206135.813999999, 505283.873], [206138.934, 505257.081], [206145.938000001, 505239.41], [206154.311999999, 505220.370999999], [206159.625, 505214.491], [206169.127999999, 505206.114999998], [206184.890999999, 505189.583999999], [206202.653000001, 505171.563000001], [206209.997000001, 505164.390999999], [206213.555, 505161.427999999], [206215.497000001, 505156.754000001], [206222.614, 505137.458000001], [206229.673999999, 505118.846999999], [206236.589000002, 505099.202], [206241.704999998, 505075.467], [206247.449999999, 505058.026999999], [206253.458999999, 505039.125999998], [206258.570999999, 505020.708999999], [206262.067000002, 505008.618999999], [206262.107999999, 504999.749000002], [206261.079, 504988.868000001], [206257.055, 504976.916999999], [206248.443999998, 504959.572000001], [206239.169, 504939.561000001], [206238.535999998, 504934.195], [206242.184, 504919.136], [206247.497000001, 504900.467], [206295.585000001, 504875.346999999], [206296.559, 504869.504000001], [206304.432, 504851.037999999], [206307.469000001, 504839.589000002], [206294.66, 504824.368999999], [206285.727000002, 504815.052999999], [206280.008000001, 504809.984000001], [206260.237, 504805.622000001], [206245.140000001, 504802.440000001], [206225.52, 504798.252], [206204.965999998, 504794.026999999], [206185.486000001, 504789.761999998], [206166.272999998, 504785.805], [206148.831999999, 504782.162], [206130.596999999, 504778.175999999], [206134.384, 504765.307999998], [206140.127, 504753.815000001], [206143.701000001, 504746.805], [206152.561000001, 504744.493999999], [206172.250999998, 504739.353], [206192.348000001, 504733.574999999], [206211.300999999, 504728.883000001], [206221.954, 504725.204999998], [206240.318, 504716.938000001], [206257.605, 504707.287], [206274.693999998, 504696.842], [206291.833999999, 504685.456], [206307.684, 504675.581999999], [206324.995999999, 504666.054000001], [206333.034000002, 504642.414999999], [206336.467999998, 504633.702], [206342.607000001, 504624.57], [206356.333000001, 504609.721999999], [206370.603, 504594.910999998], [206384.372000001, 504579.982000001], [206397.585999999, 504565.140999999], [206404.18, 504557.704], [206417.552000001, 504542.530999999], [206430.789999999, 504527.265000001], [206443.175000001, 504511.045000002], [206454.335000001, 504494.287999999], [206465.840999998, 504476.145], [206475.829, 504460.355], [206486.021000002, 504443.640000001], [206495.653000001, 504426.622000001], [206504.877, 504409.48], [206514.112, 504392.392000001], [206524.338, 504376.363000002], [206536.739, 504362.173999999], [206552.539999999, 504350.778000001], [206570.482000001, 504341.070999999], [206588.221000001, 504331.620999999], [206605.482000001, 504322.522], [206622.103999998, 504310.515000001], [206635.346999999, 504295.691], [206647.210999999, 504280.225000001], [206659.374000002, 504264.568999998], [206671.105, 504249.59], [206683.298999999, 504233.489999998], [206694.964000002, 504217.431000002], [206705.579999998, 504199.59], [206715.600000001, 504182.465], [206724.828000002, 504166.009], [206728.699000001, 504158.923], [206733.658, 504150.68], [206738.883000001, 504143.760000002], [206745.923, 504132.463], [206748.600000001, 504128.096999999], [206752.259, 504119.785999998], [206753.855900001, 504116.297499999], [206750.460000001, 504114.465399999], [206753.1719, 504111.588], [206753.337299999, 504107.321600001], [206756.8618, 504108.986099999], [206756.953000002, 504108.908], [206762.234000001, 504102.311000001], [206771.188999999, 504098.658], [206781.306000002, 504098.092999998], [206801.333000001, 504099.221000001], [206818.91, 504102.306000002], [206837.741999999, 504107.807999998], [206857.022, 504114.791000001], [206875.627999999, 504121.875999998], [206895.287, 504127.785], [206914.793000001, 504130.436999999], [206935.802000001, 504132.302999999], [206955.896000002, 504133.921999998], [206977.015999999, 504135.842], [206996.184999999, 504138.853999998], [207015.399999999, 504143.524], [207034.333000001, 504148.881000001], [207054.732999999, 504154.651999999], [207073.623, 504160.921999998], [207093.886999998, 504167.524999999], [207113.357999999, 504174.098999999], [207132.723999999, 504181.800999999], [207151.223999999, 504188.774], [207170.568999998, 504193.377], [207188.965, 504196.921999998], [207210.153000001, 504199.271000002], [207230.000999998, 504200.381000001], [207250.112, 504201.109999999], [207270.074000001, 504201.842], [207289.978, 504202.513], [207310.719999999, 504203.061999999], [207330.261, 504202.155000001], [207349.750999998, 504199.793000001], [207369.703000002, 504196.136], [207379.318999998, 504194.532000002], [207389.151000001, 504193.943], [207410.024999999, 504196.546999998], [207418.910999998, 504201.089000002], [207428.804000001, 504205.263999999], [207448.026999999, 504210.668000001], [207467.563000001, 504214.011999998], [207486.655000001, 504218.374000002], [207504.925999999, 504223.771000002], [207524.342999998, 504229.079999998], [207543.482000001, 504234.635000002], [207554.250999998, 504236.072999999], [207563.190000001, 504236.037999999], [207582.476, 504231.813000001], [207603.454, 504226.511], [207621.346000001, 504221.528000001], [207640.943, 504216.160999998], [207660.109999999, 504211.162999999], [207678.977000002, 504205.699999999], [207688.859000001, 504201.449000001], [207697.534000002, 504196.726], [207714.447000001, 504186.035], [207733.23, 504174.074000001], [207751.186999999, 504164.589000002], [207769.250999998, 504155.524999999], [207787.662, 504147.555], [207804.704999998, 504139.436000001], [207821.506000001, 504129.925999999], [207838.357000001, 504119.603], [207854.600000001, 504108.037999999], [207862.052000001, 504100.982000001], [207868.403999999, 504093.640999999], [207879.563000001, 504078.004000001], [207890.794, 504061.381999999], [207895.923, 504052.925000001], [207900.087000001, 504043.414999999], [207902.033, 504033.986000001], [207902.335000001, 504023.642999999], [207901.739999998, 504003.725000001], [207902.147, 503983.98], [207905.585000001, 503974.908], [207911.888999999, 503965.170000002], [207926.964000002, 503951.811999999], [207941.899999999, 503939.041000001], [207956.894000001, 503925.969000001], [207971.877999999, 503913.346999999], [207987.522, 503899.493000001], [207991.555, 503888], [208000.077, 503881.697999999], [208015.408, 503870.840999998], [208030.938999999, 503859.671], [208039.761, 503855.831999999], [208053.738000002, 503846.589000002], [208067.414999999, 503837.331999999], [208083.445, 503826.557999998], [208099.772999998, 503815.583000001], [208116.355, 503804.421], [208132.662, 503793.618000001], [208148.666000001, 503782.620999999], [208165.52, 503771.210000001], [208182.305, 503759.794], [208199.122000001, 503749.210000001], [208218.405000001, 503740.842], [208237.864999998, 503738.206], [208250.017000001, 503739.254999999], [208257.831999999, 503740.912], [208276.352000002, 503746.754999999], [208294.942000002, 503753.682], [208313.041999999, 503760.287], [208333.184, 503767.552999999], [208345.397999998, 503772.09], [208353.081, 503774.765000001], [208372.054000001, 503780.927999999], [208391.052999999, 503786.386], [208409.91, 503791.515999999], [208429.806000002, 503796.228], [208449.044, 503800.309999999], [208468.831, 503803.861000001], [208488.861000001, 503806.681000002], [208508.991999999, 503809.715], [208528.447999999, 503812.653999999], [208548.265999999, 503815.366], [208568.548, 503818.063999999], [208588.373, 503820.920000002], [208607.471000001, 503823.827], [208626.267000001, 503826.434999999], [208645.138, 503829.960000001], [208663.261999998, 503833.905000001], [208681.629999999, 503840.140000001], [208699.280000001, 503849.017999999], [208716.359999999, 503858.574999999], [208733.274999999, 503867.785], [208751.833000001, 503876.296], [208763.276000001, 503881.355999999], [208770.484000001, 503884.408], [208788.815000001, 503891.736000001], [208803.82, 503897.713], [208821.381999999, 503905.316], [208839.217, 503913.300999999], [208856.631999999, 503921.543000001], [208873.704999998, 503930.186999999], [208891.032000002, 503939.522999998], [208908.395, 503948.75], [208924.875999998, 503959.649999999], [208940.993999999, 503970.640000001], [208959.276000001, 503981.107999999], [208977.258000001, 503987.642000001], [208997.585000001, 503993.212000001], [209017.307999998, 503997.498], [209028.848000001, 503999.436999999], [209037.581, 504000.682999998], [209057.328000002, 504002.989999998], [209077.493999999, 504002.721000001], [209097.122000001, 503997.914000001], [209117.033, 503992.022999998], [209137.857999999, 503986.805], [209157.590999998, 503982.914999999], [209176.272, 503979.739], [209195.403000001, 503976.581999999], [209215.098000001, 503973.394000001], [209235.691, 503969.951000001], [209256.212000001, 503966.642999999], [209276.511, 503963.260000002], [209296.5, 503960.090999998], [209316.657000002, 503956.941], [209337.480999999, 503953.499000002], [209357.899999999, 503950.125999998], [209378.392000001, 503946.754999999], [209398.252, 503943.568999998], [209416.921999998, 503939.131999999], [209436.193999998, 503929.52], [209450.035, 503915.817000002], [209462.638, 503899.302000001], [209474.335000001, 503883.078000002], [209485.522999998, 503867.607000001], [209498.072000001, 503851.859000001], [209511.050000001, 503836.666999999], [209524.875999998, 503821.403000001], [209538.489999998, 503807.063000001], [209552.429000001, 503792.225000001], [209566.664999999, 503777.159000002], [209580.835999999, 503762.237], [209595.445, 503748.373], [209612.820999999, 503739.011999998], [209631.855, 503731.842999998], [209650.962000001, 503725.862], [209671.118999999, 503722.348999999], [209691.409000002, 503720.101], [209711.008000001, 503718.346000001], [209731.265000001, 503716.423999999], [209740.504999999, 503715.477000002], [209751.23, 503715.280999999], [209758.870999999, 503715.210999999], [209771.425999999, 503714.226], [209792.247000001, 503712.030999999], [209812.247000001, 503710.147999998], [209833.166000001, 503708.263999999], [209852.436000001, 503706.546], [209872.815000001, 503706.645], [209892.118999999, 503708.618999999], [209911.346999999, 503711.447999999], [209931.458000001, 503714.989999998], [209950.186000001, 503719.478999998], [209969.131000001, 503725.238000002], [209988.164999999, 503731.936000001], [210006.883000001, 503739.566], [210024.925000001, 503748.030000001], [210043.605, 503757.581], [210060.852000002, 503768.702], [210076.372000001, 503781.011], [210093.305, 503794.829999998], [210109.526000001, 503808.151999999], [210125.552999999, 503821.447000001], [210141.223000001, 503834.388999999], [210149.16, 503840.771000002], [210157.688000001, 503847.306000002], [210172.291000001, 503857.769000001], [210187.441, 503868.614], [210204.010000002, 503879.193999998], [210221.151000001, 503889.131999999], [210238.941, 503897.489999998], [210256.241999999, 503904.214000002], [210274.890000001, 503911.024], [210294.173, 503917.010000002], [210313.498, 503922.388999999], [210333.149999999, 503926.16], [210354.199000001, 503926.658], [210375.986000001, 503925.267000001], [210395.669, 503923.140000001], [210414.995999999, 503919.850000001], [210434.897999998, 503914.982999999], [210456.056000002, 503907.059], [210474.355999999, 503898.668000001], [210491.806000002, 503888.947000001], [210500.506999999, 503883.227000002], [210504.954, 503880.100000001], [210509.725000001, 503876.574999999], [210526.723000001, 503864.370000001], [210543.633000001, 503852.030999999], [210560.311000001, 503840.089000002], [210575.105999999, 503829.331999999], [210580.120999999, 503825.903000001], [210593.089000002, 503816.217999998], [210610, 503803.908], [210621, 503796.061000001], [210637.943999998, 503783.670000002], [210654.771000002, 503771.239999998], [210671.535, 503758.796], [210688.634, 503746.441], [210699.958000001, 503738.215], [210717.456, 503725.511], [210735.316, 503712.535999998], [210753.101, 503699.706], [210769.984000001, 503687.631000001], [210780.002, 503680.41], [210797.842999998, 503667.434999999], [210815.710999999, 503654.346999999], [210834.294, 503640.927000001], [210851.752, 503628.311999999], [210871.787, 503613.934999999], [210875.050000001, 503611.359000001], [210882.921999998, 503604.756999999], [210898.204, 503594.046999998], [210914.785999998, 503582.401000001], [210931.171, 503570.555], [210947.377999999, 503558.840999998], [210960.556000002, 503549.800000001], [210973.776999999, 503539.598999999], [210989.894000001, 503527.682], [211006.241999999, 503516.061999999], [211022.221999999, 503504.556000002], [211037.094999999, 503493.451000001], [211052.807, 503481.861000001], [211072.396000002, 503467.748], [211085.66, 503457.364999998], [211103.386999998, 503447.783], [211124.791999999, 503442.629999999], [211143.324000001, 503440.269000001], [211164.467, 503438.484000001], [211181.063000001, 503432.134], [211192.532000002, 503425.613000002], [211207.509, 503412.366999999], [211218.592999998, 503398.704999998], [211229.537999999, 503384.929000001], [211240.866999999, 503371.484999999], [211251.368000001, 503359.412], [211262.723999999, 503346.471999999], [211276.291999999, 503330.407000002], [211288.048999999, 503316.853999998], [211292.447000001, 503308.116999999], [211301.848999999, 503291.487], [211308.033, 503275.658], [211315.752, 503257.140999999], [211322.368999999, 503236.280000001], [211325.692000002, 503223.899], [211331.238000002, 503201.033], [211335.605, 503180.127], [211339.636999998, 503162.690000001], [211344.852000002, 503141.280000001], [211350.379999999, 503120.120999999], [211355.675000001, 503097.636], [211358.364999998, 503088.131999999], [211361.824999999, 503071.653000001], [211362.568, 503060.532000002], [211362.348000001, 503054.011999998], [211359.925000001, 503041.726], [211357.421999998, 503031.302999999], [211354.912999999, 503022.973999999], [211351.401999999, 503013.131000001], [211345.528000001, 502999.655000001], [211339.401999999, 502987.006000001], [211333.245999999, 502972.105999999], [211331.555, 502961.114], [211328.048999999, 502941.859000001], [211327.315000001, 502922.254000001], [211330.5, 502902.919], [211336.741, 502883.585000001], [211345.351, 502862.508000001], [211353.978, 502844.98], [211362.57, 502829.221999999], [211372.789999999, 502812.607999999], [211386.221999999, 502797.840999998], [211402.947999999, 502787.184], [211432.311000001, 502773.629999999], [211438.136, 502768.203000002], [211450.002999999, 502756.738000002], [211464.592, 502742.747000001], [211477.033, 502731.605999999], [211493.987, 502721.541999999], [211510.640000001, 502713.947999999], [211528.373, 502705.737], [211545.873, 502697.366], [211563.763999999, 502688.763999999], [211580.640999999, 502681.055], [211597.693, 502676.112], [211617.276000001, 502671.120999999], [211637.434999999, 502666.66], [211657.179000001, 502665.978], [211675.561999999, 502670.732000001], [211689.864999998, 502676.556000002], [211709.173999999, 502684.318999998], [211743.598999999, 502697.362], [211767.916000001, 502703.780999999], [211770.105, 502703.528999999], [211775.079, 502704.421999998], [211787.798999999, 502701.493000001], [211807.723999999, 502694.346000001], [211827.313000001, 502686.388], [211846, 502679.004000001], [211865.951000001, 502674.182999998], [211894.403000001, 502669.861000001], [211915.238000002, 502666.473999999], [211935.899, 502662.787], [211956.329999998, 502658.965], [211977.502999999, 502654.807999998], [211998.208999999, 502649.243000001], [212013.329999998, 502639.541999999], [212025.449999999, 502629.491999999], [212040.489, 502615.473000001], [212055.015999999, 502601.905000001], [212070.131999999, 502587.669], [212085.452, 502573.195], [212100.931000002, 502558.546999998], [212116.43, 502544.034000002], [212134.761, 502527.717999998], [212145.092, 502519.795000002], [212167.510000002, 502506.725000001], [212184.462000001, 502497.228999998], [212202.372000001, 502487.307], [212218.509, 502478.283], [212236.805, 502468.065000001], [212254.405000001, 502458.083000001], [212273.129999999, 502447.585000001], [212291.767000001, 502437.239], [212308.074000001, 502428.370000001], [212324.109000001, 502419.184999999], [212337.938999999, 502411.295000002], [212352.557, 502403.291000001], [212367.495999999, 502394.873], [212382.333000001, 502386.510000002], [212396.969000001, 502378.396000002], [212412.517999999, 502369.798], [212427.188000001, 502368.263], [212441.344999999, 502368.460999999], [212455.280999999, 502370.256999999], [212469.256000001, 502371.945999999], [212488.541000001, 502368.583000001], [212509.941, 502359.809], [212525.565000001, 502348.675999999], [212540.815000001, 502335.899999999], [212555.208000001, 502324.730999999], [212571.197999999, 502315.405000001], [212589.43, 502306.925999999], [212607.563000001, 502299.340999998], [212625.634, 502289.954999998], [212640.151999999, 502281.203000002], [212653.173, 502273.530000001], [212674.618999999, 502261.353], [212692.440000001, 502254.193999998], [212713.425999999, 502247.043000001], [212727.473000001, 502239.988000002], [212742.949999999, 502230.030999999], [212757.745000001, 502216.462000001], [212773.550999999, 502199.465999998], [212783.131000001, 502189.188999999], [212801.344999999, 502183.465], [212817.046999998, 502181.326000001], [212837.977000002, 502177.612], [212860.184999999, 502173.493000001], [212883.594999999, 502169.078000002], [212903.780999999, 502165.353], [212926.410999998, 502160.526000001], [212936.300999999, 502158.848999999], [212961.241, 502154.616], [212971.350000001, 502156.612], [212974.967999998, 502161.539999999], [212987.315000001, 502188.964000002], [212991.368000001, 502198.690000001], [212996.975000001, 502204.543000001], [213013.528999999, 502212.633000001], [213029.171999998, 502220.074000001], [213047.688999999, 502228.737], [213052.008000001, 502230.728], [213069.285999998, 502240.960000001], [213076.311000001, 502245.283], [213084.872000001, 502249.982000001], [213105.476, 502251.510000002], [213125.103, 502249.311000001], [213144.57, 502243.442000002], [213161.855, 502226.377], [213171.280999999, 502214.002999999], [213180.313000001, 502202.607000001], [213192.75, 502184.980999999], [213204.302000001, 502168.407000002], [213222.524, 502143.013999999], [213237.118000001, 502124.965999998], [213252.489999998, 502111.260000002], [213267.870000001, 502099.634], [213275.344000001, 502095.581999999], [213288.892999999, 502083.897999998], [213302.068, 502071.901999999], [213308.352000002, 502063.987], [213318.566, 502050.616999999], [213331.217, 502033.125999998], [213345.644000001, 502014.949999999], [213359.006999999, 502001.271000002], [213374.708000001, 501986.169], [213388.227000002, 501974.304000001], [213405.065000001, 501961.813999999], [213421.191, 501951.842999998], [213437.844000001, 501942.66], [213455.816, 501935.412999999], [213469.083000001, 501930.748], [213475.153000001, 501929.088], [213492.309999999, 501922.565000001], [213512.280000001, 501910.997000001], [213528.239999998, 501898.581], [213541.223999999, 501887.603], [213553.094000001, 501875.886], [213562.795000002, 501862.079], [213566.535, 501855.002], [213569.945999999, 501848.765999999], [213577.885000002, 501834.504000001], [213586.846999999, 501817.473000001], [213593.677999999, 501812.759], [213604.447999999, 501811.862], [213633.726, 501804.827], [213655.967999998, 501796.932999998], [213674.703000002, 501788.276000001], [213696.899999999, 501778.052999999], [213712.640999999, 501770.577], [213731.173999999, 501761.399], [213748.261, 501752.934999999], [213765.046, 501745.730999999], [213781.556000002, 501739.596000001], [213800.952, 501733.534000002], [213818.177999999, 501729.284000002], [213832.945999999, 501726.102000002], [213853.377, 501722.375999998], [213885.805, 501718.272999998], [213905.907000002, 501717.353], [213926.022, 501717.237], [213941.866, 501717.537999999], [213985.695999999, 501717.692000002], [214005.682999998, 501717.831999999], [214026.024, 501718.146000002], [214045.923999999, 501718.385000002], [214085.170000002, 501718.857000001], [214105.259, 501719.177999999], [214121.962000001, 501719.594000001], [214139.750999998, 501721.886999998], [214157.454999998, 501729.215], [214176.737, 501740], [214190.16, 501750.780999999], [214192.454999998, 501753.100000001], [214197.908, 501749.98], [214213.489, 501742.874000002], [214226.329, 501737.936999999], [214232.589000002, 501735.190000001], [214245.556000002, 501730.791000001], [214270.059999999, 501728.151999999], [214291.789000001, 501726.414000001], [214313.491, 501726.004999999], [214335.074999999, 501724.486000001], [214357.129000001, 501721.162999999], [214375.217, 501716.855], [214394.550000001, 501710.489999998], [214413.309, 501703.353999998], [214431.925999999, 501695.335999999], [214450.670000002, 501687.135000002], [214470.017999999, 501678.653000001], [214489.309999999, 501670.190000001], [214508.997000001, 501661.498], [214527.965, 501653.157000002], [214547.620999999, 501644.504000001], [214566.294, 501636.401999999], [214585.491999999, 501627.934999999], [214604.925999999, 501619.359000001], [214624.798, 501610.581999999], [214643.484999999, 501602.546999998], [214662.568, 501594.177999999], [214662.66, 501594.083999999], [214681.539000001, 501585.874000002], [214700.397999998, 501577.583000001], [214719.318, 501569.296999998], [214738.088, 501560.997000001], [214757.307, 501552.579999998], [214776.789999999, 501544.109999999], [214796.329, 501535.445], [214815.105, 501527.234000001], [214833.541000001, 501519.144000001], [214851.940000001, 501511.055], [214870.451000001, 501502.989999998], [214888.859000001, 501494.881999999], [214907.015999999, 501486.905999999], [214924.905000001, 501479.057999998], [214942.434, 501471.223000001], [214960.061000001, 501462.206999999], [214977.204, 501451.346999999], [214993.789999999, 501440.138], [215010.447999999, 501428.941], [215027.338, 501417.699999999], [215043.918000001, 501406.682999998], [215060.669, 501395.431000002], [215077.704999998, 501384.048], [215094.300999999, 501372.960999999], [215110.473999999, 501362.120000001], [215126.829, 501351.113000002], [215143.934, 501339.631999999], [215160.576000001, 501328.565000001], [215176.991999999, 501317.620000001], [215193.125, 501306.750999998], [215208.794, 501296.355999999], [215222.879000001, 501286.866999999], [215238.291999999, 501276.609000001], [215253.800000001, 501266.125999998], [215269.421999998, 501255.719000001], [215284.953000002, 501245.197000001], [215293.041999999, 501239.796], [215301.331, 501234.899999999], [215309.958999999, 501230.941], [215319.101, 501228.32], [215327.318999998, 501228.651000001], [215337.103, 501230.026999999], [215339.699999999, 501230.881999999], [215351.515000001, 501231.991], [215351.820999999, 501232.090999998]]}, "properties": {"OBJECTID": 678, "SOORT": 1, "KPNIDENT": "3244", "STATUS": 1}}, {"type": "Feature", "id": 679, "geometry": {"type": "LineString", "coordinates": [[203029.515000001, 511416.572000001], [203018.534000002, 511431.436999999], [203003.344000001, 511445.918000001], [202987.513, 511459.609000001], [202980.204999998, 511466.16], [202965.366999999, 511479.409000002], [202953.305, 511488.366], [202943.807, 511491.929000001], [202926.061999999, 511493.033], [202920.784000002, 511492.798999999], [202908.998, 511492.123], [202889.829, 511490.440000001], [202871.627, 511489.412], [202866.625, 511488.947999999], [202863.272, 511476.212000001], [202859.193999998, 511459.998], [202856.390000001, 511461.524999999], [202834.721000001, 511473.407000002], [202834.221000001, 511472.703000002], [202833.478999998, 511473.092999998], [202833.181000002, 511473.267000001], [202828.09, 511476.679000001], [202827.993999999, 511476.691], [202827.236000001, 511477.092999998], [202824.695, 511478.920000002], [202822.342, 511480.555], [202822.249000002, 511480.550000001], [202821.710000001, 511480.971999999], [202821.473999999, 511481.217], [202818.213, 511483.368999999], [202818.100000001, 511483.375999998], [202817.462000001, 511483.791000001], [202817.388999999, 511483.855], [202813.390999999, 511486.704], [202813.327, 511486.714000002], [202810.401000001, 511488.651000001], [202810.140999999, 511488.785999998], [202808.465, 511489.943], [202808.427999999, 511489.960000001], [202807.601, 511490.493999999], [202807.592, 511490.579999998], [202801.624000002, 511494.543000001], [202801.596000001, 511494.566], [202800.776000001, 511495.101], [202800.756000001, 511495.151999999], [202794.831999999, 511499.250999998], [202794.732999999, 511499.287], [202793.995000001, 511499.837000001], [202793.960999999, 511499.892000001], [202792.877999999, 511500.566], [202789.412999999, 511502.881999999], [202788.592999998, 511503.605], [202788.566, 511503.693], [202784.467999998, 511506.245000001], [202778.18, 511510.677000001], [202778.120999999, 511510.754000001], [202777.583999999, 511511.098000001], [202777.544, 511511.155000001], [202776.329, 511511.789999999], [202774.171999998, 511513.118000001], [202773.508000001, 511513.565000001], [202773.421, 511513.664999999], [202771.942000002, 511514.620999999], [202770.02, 511516.028000001], [202769.456999999, 511516.383000001], [202769.401000001, 511516.403999999], [202767.875, 511517.414999999], [202766.605, 511518.399], [202765.962000001, 511518.743000001], [202765.932, 511518.868999999], [202764.300000001, 511520.147], [202764.25, 511520.272], [202763.399999999, 511520.771000002], [202763.241, 511520.818], [202761.93, 511521.344000001], [202761.831, 511521.170000002], [202760.754000001, 511521.949000001], [202760.719000001, 511521.958000001], [202760.232999999, 511522.267999999], [202760.168000001, 511522.274999999], [202758.237, 511523.530999999], [202755.261, 511525.579999998], [202755.118000001, 511525.681000002], [202754.563999999, 511526.055], [202754.511999998, 511526.079], [202753.475000001, 511526.721000001], [202753.307, 511526.859000001], [202752.640999999, 511527.316], [202752.541000001, 511527.405999999], [202747.596999999, 511530.469999999], [202743.574000001, 511533.223999999], [202741.725000001, 511535.259], [202741.670000002, 511537.184], [202742.833000001, 511540.714000002], [202745.548, 511546.594000001], [202747.850000001, 511550.717999998], [202747.945999999, 511550.828000002], [202749.072000001, 511552.506000001], [202746.302999999, 511554.204], [202742.695, 511556.491999999], [202729.02, 511564.133000001], [202710.886, 511572.774], [202691.679000001, 511579.997000001], [202673.859000001, 511586.361000001], [202655.357999999, 511593.276999999], [202639.054000001, 511604.960000001], [202626.111000001, 511620.136999998], [202618.385000002, 511637.363000002], [202617.098000001, 511656.964000002], [202615.265999999, 511676.363000002], [202608.59, 511690.221999999], [202603.752, 511689.425999999], [202583.579999998, 511689.668000001], [202575.032000002, 511694.006999999], [202572.677999999, 511701.640000001], [202570.642999999, 511700.999000002], [202570.423999999, 511700.925999999], [202570.249000002, 511700.774], [202553.379000001, 511693.195999999], [202534.265999999, 511684.943999998], [202516.175999999, 511676.609000001], [202508.0068, 511673.145300001], [202496.464000002, 511685.511999998], [202496.190000001, 511686.521000002], [202492.206, 511696.798999999], [202486.519000001, 511711.052999999], [202485.627, 511716.438000001], [202485.633000001, 511716.458999999], [202483.204999998, 511731.727000002], [202483.202, 511731.759], [202482.960999999, 511735.488000002], [202482.973000001, 511735.513999999], [202482.987, 511741.245999999], [202482.986000001, 511741.256999999], [202483.374000002, 511753.256999999], [202483.247000001, 511755.789999999], [202483.221999999, 511755.822000001], [202483.192000002, 511756.127], [202483.182, 511756.142999999], [202483.155000001, 511756.442000002], [202483.18, 511756.477000002], [202483.157000002, 511756.774999999], [202483.164999999, 511756.793000001], [202483.151000001, 511757.098000001], [202483.138999999, 511757.105999999], [202483.094000001, 511758.07], [202483.092999998, 511758.083000001], [202483.094999999, 511758.392000001], [202483.085000001, 511758.399], [202483.067000002, 511758.692000002], [202483.061999999, 511758.702], [202483.054000001, 511759.013999999], [202483.048999999, 511759.022], [202483.037, 511759.359000001], [202483.037, 511759.384], [202482.971000001, 511760.960000001], [202482.217999998, 511770.804000001], [202480.749000002, 511789.719999999], [202479.919, 511799.673999999], [202479.914999999, 511799.706999999], [202479.228, 511809.252999999], [202478.692000002, 511815.634], [202478.690000001, 511815.644000001], [202478.473999999, 511817.081999999], [202478.443, 511817.138], [202477.796, 511828.276999999], [202477.662, 511828.346000001], [202470.809999999, 511831.265000001], [202462.605, 511836.015000001], [202447.899999999, 511849.785], [202431.743000001, 511862.857000001], [202427.276999999, 511867.145], [202420.862, 511871.952], [202415.576000001, 511876.177999999], [202413.462000001, 511878.901999999], [202412.693999998, 511879.892000001], [202412.127, 511880.094999999], [202409.489999998, 511882.585000001], [202409.357000001, 511882.613000002], [202407.460999999, 511884.868999999], [202405.18, 511887.445], [202403.526000001, 511889.931000002], [202401.535999998, 511893.179000001], [202413.074999999, 511900.774], [202431.703000002, 511911.443999998], [202448.982999999, 511919.702], [202466.818, 511928.432999998], [202468.77, 511929.357000001], [202468.997000001, 511929.488000002], [202485.504000001, 511934.384], [202500.798, 511939.616], [202500.993999999, 511939.77], [202504.938999999, 511941.627], [202523.090999998, 511949.905999999], [202541.460999999, 511957.381000001], [202559.669, 511964.840999998], [202578.013, 511972.499000002], [202599.624000002, 511982.782000002], [202622.918000001, 511996.363000002], [202632.750999998, 512002.686000001], [202644.482999999, 512011.063000001]]}, "properties": {"OBJECTID": 679, "SOORT": 1, "KPNIDENT": "3245", "STATUS": 1}}, {"type": "Feature", "id": 680, "geometry": {"type": "LineString", "coordinates": [[190451.395, 508683.409000002], [190451.395, 508683.405000001], [190451.988000002, 508683.184], [190453.186000001, 508682.140000001], [190453.088, 508676.873], [190452.431000002, 508669.789000001], [190450.432, 508659.846999999], [190446.366999999, 508639.791000001], [190442.543000001, 508620.918000001], [190441.077, 508613.601], [190433.024, 508608.037], [190431.693, 508605.421999998], [190422.300999999, 508587.043000001], [190419.557, 508581.647], [190419.552999999, 508581.616999999], [190420.344999999, 508579.247000001], [190420.129999999, 508579.197000001], [190420.103, 508579.192000002], [190419.199999999, 508578.863000002], [190419.173, 508578.859999999], [190418.969000001, 508578.789000001], [190421.412, 508571.561999999], [190421.438999999, 508571.539000001], [190422.368999999, 508568.774999999], [190426.213, 508557.375999998], [190424.045000002, 508550.16], [190418.370000001, 508531.331999999], [190414.338, 508517.947000001], [190420.085999999, 508514.824999999], [190437.315000001, 508505.460999999], [190454.572999999, 508496.066], [190460.945, 508492.596999999], [190470.441, 508494.386], [190477.883000001, 508495.804000001], [190479.616999999, 508498.283], [190492.208999999, 508489.675999999], [190499.68, 508484.515000001], [190499.723999999, 508484.495999999], [190500.059999999, 508484.247000001], [190500.085999999, 508484.226], [190502.228999998, 508482.763], [190504.579, 508481.116999999], [190504.629999999, 508481.092], [190504.971999999, 508480.877], [190505.008000001, 508480.833999999], [190507.282000002, 508479.245999999], [190504.568, 508472.851], [190504.024999999, 508470.605999999], [190503.883000001, 508468.304000001], [190504.079, 508465.997000001], [190504.693999998, 508463.756999999], [190505.627, 508461.649], [190506.918000001, 508459.734000001], [190508.497000001, 508458.052000001], [190510.352000002, 508456.679000001], [190522.114, 508449.798999999], [190522.278000001, 508450.09], [190522.289000001, 508450.113000002], [190523.017999999, 508451.423999999], [190523.715, 508452.66], [190523.732000001, 508452.671], [190523.888999999, 508452.982999999], [190525.710000001, 508451.916000001], [190527.592, 508450.372000001], [190528.737, 508448.232000001], [190529.100000001, 508445.916000001], [190534.964000002, 508445.004000001], [190540.596999999, 508444.096000001], [190540.98, 508445.057], [190544.280000001, 508452.785], [190552.011999998, 508471.340999998], [190560, 508490.392999999], [190568.688000001, 508511.100000001], [190576.184, 508529.02], [190578.793000001, 508535.366], [190579.111000001, 508535.874000002], [190577.794, 508537.431000002], [190577.741999999, 508537.491999999], [190576.956, 508539.013], [190577.208000001, 508542.710000001], [190578.026999999, 508544.226], [190581.059, 508546.340999998], [190582.789999999, 508546.585000001], [190586.386999998, 508545.421999998], [190587.570999999, 508544.280000001], [190587.535999998, 508544.213], [190588.535, 508542.339000002], [190589.147, 508542.416000001], [190594.094000001, 508542.236000001], [190597.760000002, 508541.640999999], [190601.155999999, 508540.559], [190617.052000001, 508534.136999998], [190630.699000001, 508528.484999999], [190636.197999999, 508525.565000001], [190641.427000001, 508522.23], [190643.151999999, 508520.943], [190645.140000001, 508518.952], [190644.776999999, 508518.598999999], [190644.754999999, 508518.590999998], [190643.899, 508517.938999999], [190643.061000001, 508517.326000001], [190643.039000001, 508517.309999999], [190642.901999999, 508517.217999998], [190645.019000001, 508514.429000001], [190645.048, 508514.353], [190645.322999999, 508514.022999998], [190645.346999999, 508513.995000001], [190655.658, 508500.232999999], [190668.015999999, 508483.723000001], [190680.113000002, 508467.662999999], [190692.125999998, 508451.662], [190704.072000001, 508435.756999999], [190715.798999999, 508420.129999999], [190729.990600001, 508400.577100001], [190718.634199999, 508392.399999999], [190718.149, 508393.101], [190707.366999999, 508385.364], [190714.6457, 508372.780099999], [190715.652800001, 508373.2106], [190716.774599999, 508373.358800001], [190718.510299999, 508372.872000001], [190719.759100001, 508371.919500001], [190720.542300001, 508370.882300001], [190720.9868, 508369.485300001], [190720.965599999, 508368.342300002], [190720.732799999, 508366.945300002], [190719.970800001, 508365.6329], [190718.979899999, 508364.629799999], [190731.024, 508342.791000001], [190733.749299999, 508337.831], [190736.057500001, 508338.2432], [190737.4333, 508337.946899999], [190739.698100001, 508336.041900001], [190740.311999999, 508334.390900001], [190740.0156, 508331.7874], [190738.3215, 508329.5207], [190743.116, 508320.802000001], [190751.436999999, 508305.673999999], [190767.434999999, 508287.192000002], [190767.945, 508286.379999999], [190767.954999998, 508286.363000002], [190769.140999999, 508284.550999999], [190769.642999999, 508284.879999999], [190770.261, 508283.938999999], [190771.745000001, 508284.919], [190774.076000001, 508281.73], [190773.407000002, 508281.250999998], [190776.072000001, 508277.149], [190775.978, 508276.780999999], [190775.686999999, 508276.588], [190775.75, 508276.486000001], [190775.761, 508276.469000001], [190776.357000001, 508275.511999998], [190776.368000001, 508275.495000001], [190776.454999998, 508275.355], [190778.107999999, 508276.388999999], [190779.028000001, 508274.919], [190776.155000001, 508273.09], [190778.193999998, 508269.800999999], [190779.920000002, 508266.91], [190779.93, 508266.892000001], [190780.434, 508266.048], [190780.443999998, 508266.030999999], [190780.682999998, 508265.631000001], [190780.763999999, 508264.909000002], [190784.191, 508259.287999999], [190785.425999999, 508257.524999999], [190786.537999999, 508258.131999999], [190787.800999999, 508258.25], [190789.006999999, 508257.859000001], [190789.958999999, 508257.022], [190790.348000001, 508255.833000001], [190790.335999999, 508254.636999998], [190789.763999999, 508253.193], [190790.693999998, 508251.625], [190789.300999999, 508250.800000001], [190792.291000001, 508245.837000001], [190792.300999999, 508245.82], [190792.842, 508244.965999998], [190792.853, 508244.949999999], [190792.991999999, 508244.759], [190793.548, 508243.828000002], [190796.581999999, 508239.136999998], [190800.719000001, 508232.206], [190803.443999998, 508234.109000001], [190807.245999999, 508228.495999999], [190804.113000002, 508226.254999999], [190804.197999999, 508226.144000001], [190804.210000001, 508226.127999999], [190804.388, 508225.895], [190804.399999999, 508225.879000001], [190805.282000002, 508224.721000001], [190806.087000001, 508223.666000001], [190806.098999999, 508223.649999999], [190806.23, 508223.478999998], [190806.241999999, 508223.463], [190807.131000001, 508222.296], [190814.493999999, 508211.688999999], [190815.440000001, 508212.368000001], [190818.614999998, 508207.192000002], [190817.039000001, 508206.225000001], [190820.921999998, 508199.339000002], [190822.103, 508197.375], [190823.859000001, 508198.234999999], [190825.278000001, 508198.015999999], [190826.070999999, 508197.285999998], [190826.690000001, 508196.241], [190826.761999998, 508195.028999999], [190826.338, 508193.931000002], [190825.866, 508193.197000001], [190825.210999999, 508192.688999999], [190831.173999999, 508183.377], [190835.467, 508177.214000002], [190838.644000001, 508171.603], [190842.670000002, 508173.583000001], [190842.311000001, 508174.311999999], [190850.182999998, 508178.364999998], [190856.333000001, 508167.561999999], [190860.634, 508169.318999998], [190861.436999999, 508167.386], [190864.545000002, 508168.620999999], [190868.815000001, 508163.008000001], [190871.379999999, 508164.802999999], [190871.708000001, 508164.366], [190875.550999999, 508159.243000001], [190875.914000001, 508158.759], [190876.806000002, 508157.842999998], [190877.120999999, 508157.660999998], [190878.607000001, 508155.171], [190881.567000002, 508150.208999999], [190881.390000001, 508149.719000001], [190881.383000001, 508149.699999999], [190881.234000001, 508149.289999999], [190881.228, 508149.272], [190880.017000001, 508145.932], [190878.627999999, 508142.101], [190878.622000001, 508142.083000001], [190878.539000001, 508141.857000001], [190878.533, 508141.839000002], [190878.456, 508141.625999998], [190883.787, 508135.028000001], [190883.798999999, 508135.011999998], [190884.379000001, 508134.272999998], [190884.390999999, 508134.256999999], [190887.419, 508130.519000001], [190887.431000002, 508130.502999999], [190888.028000001, 508129.772999998], [190888.039999999, 508129.756999999], [190891.061999999, 508126.081999999], [190892.410999998, 508124.175000001], [190895.568999998, 508120.197000001], [190895.035999998, 508119.774999999], [190895.136, 508119.646000002], [190895.147999998, 508119.629999999], [190895.666999999, 508118.958999999], [190895.679000001, 508118.943], [190895.771000002, 508118.824000001], [190896.421999998, 508119.340999998], [190906.682999998, 508106.329], [190908.241999999, 508104.077], [190908.254000001, 508104.061000001], [190910.690000001, 508101.026000001], [190913.0429, 508098.432799999], [190927.550000001, 508108.778000001], [190927.561999999, 508108.761999998], [190927.671999998, 508108.607999999], [190927.684, 508108.592], [190932.438999999, 508102.002], [190932.451000001, 508101.986000001], [190932.647, 508101.727000002], [190932.659000002, 508101.710999999], [190937.390000001, 508095.123], [190937.401999999, 508095.107000001], [190937.655999999, 508094.752], [190937.938000001, 508094.359000001], [190942.112, 508097.377], [190945.524, 508092.574999999], [190945.535999998, 508092.559], [190950.002999999, 508086.278999999], [190950.015000001, 508086.263], [190950.208999999, 508085.989], [190950.221000001, 508085.973000001], [190954.701000001, 508079.675000001], [190954.713, 508079.659000002], [190954.916000001, 508079.390999999], [190954.927999999, 508079.375], [190959.636999998, 508072.739999998], [190959.802999999, 508072.853999998], [190959.818999998, 508072.866], [190962.015000001, 508074.388999999], [190963.903000001, 508071.671999998], [190963.914000001, 508071.655000001], [190965.445999999, 508069.076000001], [190965.763999999, 508068.686000001], [190967.732999999, 508065.980999999], [190969.702, 508063.274999999], [190969.977000002, 508062.859999999], [190971.566, 508060.359000001], [190971.577, 508060.342999998], [190972.202, 508059.489999998], [190973.504000001, 508057.712000001], [190973.515000001, 508057.695999999], [190973.568999998, 508057.623], [190971.491999999, 508056.103], [190976.116999999, 508049.609000001], [190976.462000001, 508049.125], [190980.817000002, 508043.011999998], [190981.177999999, 508042.526000001], [190985.598999999, 508036.421999998], [190985.682, 508036.2971], [190969.8237, 508024.775899999], [190971.015999999, 508023.465], [190970.901000001, 508023.384], [190972.870000001, 508021.120000001], [190974.339000002, 508019.440000001], [190977.850000001, 508015.372000001], [190975.75, 508013.528000001], [190977.588, 508011.421999998], [190976.927999999, 508010.844000001], [190976.912999999, 508010.831], [190971.524999999, 508006.114], [190971.587000001, 508005.846999999], [190971.590999998, 508005.827], [190971.717, 508005.282000002], [190971.725000001, 508005.263999999], [190972.969999999, 508003.635000002], [190974.186999999, 508002.043000001], [190974.199000001, 508002.026999999], [190975.653000001, 508000.124000002], [190975.715999998, 507999.798999999], [190979.237, 507995.888], [190978.848000001, 507995.493999999], [190980.903999999, 507993.339000002], [190985.280000001, 507988.445999999], [190985.375999998, 507988.526999999], [190989.333999999, 507991.888999999], [190989.351, 507991.868999999], [190991.495999999, 507989.361000001], [190991.509, 507989.344999999], [190992.184, 507988.555], [190992.197000001, 507988.539000001], [190994.265999999, 507986.120000001], [190990.267999999, 507982.688000001], [190993.539000001, 507978.769000001], [190995.614999998, 507978.861000001], [190997.063000001, 507979.188000001], [191000.145, 507981.870000001], [191004.785999998, 507976.419], [190999.388, 507971.848000001], [191005.085999999, 507965.260000002], [191005.100000001, 507965.245000001], [191005.747000001, 507964.539000001], [191005.761, 507964.524], [191008.745000001, 507961.131000001], [191010.421999998, 507959.416000001], [191013.622000001, 507955.675000001], [191020.673999999, 507961.693], [191025.473999999, 507956.114], [191025.171, 507955.842999998], [191025.155999999, 507955.829], [191024.535999998, 507955.285999998], [191024.52, 507955.272999998], [191020.138, 507951.664000001], [191020.248, 507951.535], [191020.526999999, 507951.206999999], [191020.539000001, 507951.192000002], [191021.486000001, 507950.074999999], [191022.43, 507948.963], [191022.443, 507948.947000001], [191022.727000002, 507948.613000002], [191022.835999999, 507948.484000001], [191021.313999999, 507947.202], [191022.092, 507946.375999998], [191022.105999999, 507946.361000001], [191022.647999998, 507945.787], [191022.662, 507945.772], [191025.213, 507943.068], [191028.372000001, 507939.467999998], [191032.528999999, 507934.971999999], [191038.925999999, 507927.318], [191040.776000001, 507928.863000002], [191042.66, 507926.368999999], [191043.113000002, 507926.806000002], [191043.127, 507926.82], [191043.774999999, 507927.443999998], [191043.789999999, 507927.458000001], [191044.357999999, 507928.004999999], [191044.473999999, 507927.853], [191044.923, 507927.269000001], [191045.276000001, 507926.412], [191045.395, 507925.500999998], [191045.295000002, 507924.623], [191044.940000001, 507923.813999999], [191043.872000001, 507922.785], [191043.515000001, 507922.473999999], [191047.568, 507918.074999999], [191047.638, 507918.140000001], [191047.857999999, 507917.899999999], [191047.872000001, 507917.886], [191048.379000001, 507917.333000001], [191048.392999999, 507917.318999998], [191048.598000001, 507917.094999999], [191048.482999999, 507916.991], [191057.673999999, 507906.759], [191057.897, 507906.346999999], [191058.131999999, 507905.914000001], [191058.142999999, 507905.897], [191061.081999999, 507902.473999999], [191063.458999999, 507899.704], [191063.473000001, 507899.688999999], [191063.739, 507899.377999999], [191063.864, 507899.232999999], [191062.908, 507898.445], [191066.331, 507894.568], [191067.392000001, 507895.471000001], [191067.614, 507895.221000001], [191067.627999999, 507895.206999999], [191068.153999999, 507894.616999999], [191068.168000001, 507894.602000002], [191069.465999998, 507893.146000002], [191069.758000001, 507893.394000001], [191071.491999999, 507891.471999999], [191072.905999999, 507892.713], [191074.914000001, 507890.381999999], [191074.927999999, 507890.366], [191075.601, 507889.585000001], [191075.614, 507889.568999998], [191075.706, 507889.463], [191075.499000002, 507887.460000001], [191075.504000001, 507887.443], [191075.905000001, 507886.969000001], [191075.918000001, 507886.954], [191076.997000001, 507885.681000002], [191077.010000002, 507885.664999999], [191077.559, 507885.017000001], [191077.572000001, 507885.000999998], [191078.903999999, 507883.429000001], [191078.916999999, 507883.414000001], [191079.543000001, 507882.673999999], [191079.556000002, 507882.658], [191080.318999998, 507881.759], [191080.331999999, 507881.743000001], [191080.945999999, 507881.017999999], [191080.958000001, 507881.002], [191082.135000002, 507879.614], [191082.434, 507879.085000001], [191083.27, 507878.094999999], [191083.282000002, 507878.079], [191083.829999998, 507877.429000001], [191083.842999998, 507877.414000001], [191089.342, 507870.896000002], [191089.353999998, 507870.879999999], [191089.932999998, 507870.173999999], [191089.945999999, 507870.158], [191091.316, 507868.460000001], [191091.48, 507868.588], [191091.521000002, 507868.537], [191091.533, 507868.521000002], [191092.227000002, 507867.644000001], [191092.239999998, 507867.629999999], [191095.320999999, 507864.603], [191098.168000001, 507861.250999998], [191104.521000002, 507853.748], [191104.936000001, 507853.708999999], [191105.493999999, 507853.056000002], [191105.52, 507853.026000001], [191105.534000002, 507853.011], [191106.743999999, 507851.677000001], [191106.758000001, 507851.662999999], [191106.791000001, 507851.625], [191110.515000001, 507847.285], [191110.953000002, 507847.66], [191115.118000001, 507842.375], [191115.160999998, 507842.320999999], [191115.173, 507842.305], [191115.745999999, 507841.585000001], [191115.807999998, 507841.506000001], [191116.399, 507840.761999998], [191116.410999998, 507840.745999999], [191116.454999998, 507840.692000002], [191120.596000001, 507835.486000001], [191119.363000002, 507834.467999998], [191119.416999999, 507834.399], [191119.43, 507834.383000001], [191120.135000002, 507833.491999999], [191120.147, 507833.477000002], [191128.956, 507822.285], [191135.412999999, 507813.877], [191135.425000001, 507813.861000001], [191136.056000002, 507813.041000001], [191136.068, 507813.024999999], [191137.127999999, 507811.644000001], [191138.699000001, 507809.870999999], [191138.712000001, 507809.855999999], [191139.252, 507809.175999999], [191139.315000001, 507809.096999999], [191139.907000002, 507808.351], [191139.919, 507808.335000001], [191140.373, 507807.763999999], [191141.644000001, 507806.114], [191142.41, 507805.989999998], [191145.397, 507802.195], [191145.434999999, 507802.147], [191145.447000001, 507802.131000001], [191145.954999998, 507801.427999999], [191145.967, 507801.412], [191146.002999999, 507801.364], [191146.673999999, 507800.454], [191146.684, 507800.436999999], [191147.094000001, 507799.500999998], [191147.105, 507799.484000001], [191148.215999998, 507797.885000002], [191152.478, 507792.315000001], [191152.681000002, 507792.469999999], [191153.620999999, 507791.289000001], [191153.789000001, 507791.416999999], [191154.210999999, 507790.868999999], [191154.890999999, 507789.816], [191155.166999999, 507790.052000001], [191155.182, 507790.063999999], [191155.894000001, 507790.693999998], [191155.908, 507790.708000001], [191157.833000001, 507792.412999999], [191157.967, 507792.245000001], [191158.256999999, 507791.879000001], [191158.269000001, 507791.863000002], [191159.934, 507789.761999998], [191161.329999998, 507788.002], [191161.342999998, 507787.986000001], [191161.635000002, 507787.616999999], [191161.743999999, 507787.48], [191162.967, 507788.384], [191166.197000001, 507784.044], [191166.208999999, 507784.028000001], [191166.682999998, 507783.377999999], [191166.695, 507783.362], [191166.795000002, 507783.223999999], [191166.807, 507783.208000001], [191167.283, 507782.554000001], [191167.295000002, 507782.537999999], [191170.326000001, 507778.289000001], [191165.649, 507774.938000001], [191172.602000002, 507765.941], [191173.017000001, 507766.118999999], [191173.035, 507766.127], [191173.872000001, 507766.487], [191173.890999999, 507766.495000001], [191173.945999999, 507766.519000001], [191176.089000002, 507767.561000001], [191177.524999999, 507767.083999999], [191179.627, 507764.028000001], [191179.581999999, 507762.289999999], [191178.072000001, 507760.541999999], [191180.399999999, 507757.267999999], [191179.509, 507756.645], [191179.66, 507756.43], [191179.671999998, 507756.414000001], [191180.215, 507755.640000001], [191180.226, 507755.624000002], [191181.067000002, 507754.427000001], [191181.079, 507754.410999998], [191182.078000002, 507752.998], [191182.09, 507752.980999999], [191187.574000001, 507745.227000002], [191194.079, 507735.563000001], [191194.798, 507734.370000001], [191194.807999998, 507734.352000002], [191196.146000002, 507732.129000001], [191197.460000001, 507729.945], [191197.469999999, 507729.927000001], [191197.719000001, 507729.513999999], [191208.487, 507713.686999999], [191215.204, 507703.307999998], [191215.214000002, 507703.291000001], [191216.337000001, 507701.373], [191216.998, 507700.245999999], [191217.008000001, 507700.228], [191221.624000002, 507691.857000001], [191226.245000001, 507683.478], [191228.498, 507679.399999999], [191229.866, 507677.471000001], [191233.943999998, 507670.088], [191238.195, 507672.002999999], [191237.745999999, 507673.357999999], [191237.977000002, 507674.765999999], [191238.835000001, 507675.905000001], [191240.125999998, 507676.515000001], [191241.550999999, 507676.456], [191242.651999999, 507675.852000002], [191243.408, 507674.848000001], [191243.684, 507673.620999999], [191243.431000002, 507672.390000001], [191242.693999998, 507671.370999999], [191241.603, 507670.747000001], [191241.804000001, 507670.291999999], [191241.811999999, 507670.274], [191242.524999999, 507668.509], [191243.188000001, 507666.868999999], [191243.195999999, 507666.851], [191243.397, 507666.355], [191244.556000002, 507666.741], [191245.772999998, 507666.627999999], [191246.840999998, 507666.035999998], [191247.581, 507665.063999999], [191247.868000001, 507663.877], [191247.653999999, 507662.673999999], [191247.173, 507661.827], [191246.576000001, 507661.055], [191248.660999998, 507655.379999999], [191245.155999999, 507654.147999998], [191240.653000001, 507652.335000001], [191243.048999999, 507646.026000001], [191244.555, 507642.284000002], [191245.890999999, 507639.561000001], [191246.978, 507636.780999999], [191248.328000002, 507633.418000001], [191254.013999999, 507618.088], [191257.818999998, 507608.195999999], [191258.134, 507608.318], [191259.024, 507606.002999999], [191261.425999999, 507606.947000001], [191262.758000001, 507603.550999999], [191262.765000001, 507603.533], [191263.079999998, 507602.68], [191263.088, 507602.66], [191265.263, 507597.326000001], [191262.816, 507596.364], [191266.252, 507586.916000001], [191267.686000001, 507583.806000002], [191270.057, 507578.131999999], [191271.905000001, 507573.092], [191274.074999999, 507573.785999998], [191275.638, 507569.412999999], [191273.48, 507568.480999999], [191278.583999999, 507559.272], [191278.401999999, 507559.197999999], [191279.73, 507556.741], [191279.839000002, 507556.785999998], [191279.857000001, 507556.794], [191280.114, 507556.901999999], [191280.131999999, 507556.91], [191283.802000001, 507558.456999999], [191283.82, 507558.465999998], [191284.026999999, 507558.581999999], [191284.634, 507558.920000002], [191286.592999998, 507559.741999999], [191286.611000001, 507559.75], [191286.703000002, 507559.787999999], [191286.809999999, 507559.555], [191297.995999999, 507564.335999999], [191298.013999999, 507564.344000001], [191301.484000001, 507565.827], [191301.559, 507565.647], [191301.567000002, 507565.629000001], [191301.708000001, 507565.289000001], [191301.715999998, 507565.271000002], [191302.362, 507563.723000001], [191302.370000001, 507563.704999998], [191302.526999999, 507563.328000002], [191302.535, 507563.309], [191306.120000001, 507554.719000001], [191305.559999999, 507554.465], [191305.653000001, 507554.249000002], [191305.662, 507554.230999999], [191307.278000001, 507550.484000001], [191308.892999999, 507546.741], [191309.030000001, 507546.423], [191309.037999999, 507546.403999999], [191309.127999999, 507546.195999999], [191309.173999999, 507546.203000002]]}, "properties": {"OBJECTID": 680, "SOORT": 1, "KPNIDENT": "3247", "STATUS": 1}}, {"type": "Feature", "id": 681, "geometry": {"type": "LineString", "coordinates": [[205832.914999999, 506099.579999998], [205832.907000002, 506099.598000001], [205832.385000002, 506099.822000001], [205832.346000001, 506099.756000001], [205830.977000002, 506100.158], [205825.952, 506101.504000001], [205823.511, 506102.256000001], [205823.471999999, 506102.243000001], [205822.954999998, 506102.357999999], [205822.921, 506102.351], [205813.881999999, 506104.848999999], [205813.859999999, 506104.861000001], [205813.566, 506105.015999999], [205813.636, 506105.239], [205813.653000001, 506105.318], [205814.585999999, 506108.693999998], [205814.598000001, 506108.732999999], [205814.743000001, 506109.27], [205815.697000001, 506112.774999999], [205815.734999999, 506112.787999999], [205815.855, 506113.313999999], [205815.855999999, 506113.344000001], [205816.754000001, 506116.759], [205816.774999999, 506116.787], [205816.943999998, 506117.34], [205820.456999999, 506130.942000002], [205820.791000001, 506131.359000001], [205820.761999998, 506131.379000001], [205821.710000001, 506134.756999999], [205821.710000001, 506134.785999998], [205821.851, 506135.285999998], [205821.857000001, 506135.309], [205822.774999999, 506138.743000001], [205822.798999999, 506138.772999998], [205822.936000001, 506139.284000002], [205822.942000002, 506139.307999998], [205823.800000001, 506142.488000002], [205824.078000002, 506142.914999999], [205823.149, 506143.162], [205819.875999998, 506144.111000001], [205819.840999998, 506144.098000001], [205819.320999999, 506144.241999999], [205819.331, 506144.278000001], [205815.596000001, 506145.390999999], [205815.559999999, 506145.397999998], [205815.026999999, 506145.555], [205815.009, 506145.539999999], [205811.254999999, 506146.625999998], [205811.221000001, 506146.642999999], [205810.738000002, 506146.771000002], [205810.684999999, 506146.760000002], [205806.903000001, 506147.844000001], [205806.861000001, 506147.857999999], [205806.392000001, 506148.033], [205806.359000001, 506148.046], [205805.574000001, 506148.272]]}, "properties": {"OBJECTID": 681, "SOORT": 1, "KPNIDENT": "3248", "STATUS": 1}}, {"type": "Feature", "id": 688, "geometry": {"type": "LineString", "coordinates": [[216315.300999999, 503241.927000001], [216312.636, 503229.943999998], [216310.967999998, 503224.831999999], [216308.963, 503208.037], [216303.136, 503189.276999999], [216291.442000002, 503174.577], [216274.509, 503164.329999998], [216257.127, 503155.353], [216239.399, 503146.41], [216222.708000001, 503138.397999998], [216216.535, 503135.59], [216215.098999999, 503135.320999999], [216214.136999998, 503135.18], [216210.776000001, 503133.645], [216207.338, 503132.877999999], [216205.835999999, 503131.736000001], [216197.552000001, 503125.715], [216195.284000002, 503109.329], [216194.969999999, 503090.737], [216195.477000002, 503072.289000001], [216176.666000001, 503071.555], [216158.127, 503070.338], [216138.809999999, 503069.745000001], [216120.074999999, 503068.315000001], [216102.827, 503067.666000001], [216083.866, 503066.969999999], [216065.267000001, 503066.572000001], [216045.283, 503065.022999998], [216027.631000001, 503064.787], [216008.769000001, 503062.956999999], [216003.348999999, 503062.017000001], [215988.339000002, 503051.623], [215975.809999999, 503037.513999999], [215960.337000001, 503021.798999999], [215945.52, 503006.589000002], [215935.050999999, 502995.588], [215927.574999999, 502989.467999998], [215917.146000002, 502978.756999999], [215905.765999999, 502969.728999998], [215893.502, 502961.842999998], [215876.305, 502952.638], [215858.592999998, 502944.339000002], [215841.534000002, 502936.302000001], [215827.816, 502930.057999998], [215813.384, 502921.932], [215802.938999999, 502909.311000001], [215791.787999999, 502893.085000001], [215780.657000002, 502877.425999999], [215768.932999998, 502860.953000002], [215758.721999999, 502844.162999999], [215756.544, 502840.502], [215754.949000001, 502839.532000002], [215751.682999998, 502833.261], [215750.050000001, 502820.471999999], [215750.25, 502810.594000001], [215750.760000002, 502806.100000001], [215751.067000002, 502800.714000002], [215751.377999999, 502800.384], [215751.651000001, 502797.078000002], [215751.699000001, 502795.546999998], [215751.942000002, 502793.960999999], [215752.420000002, 502789.077], [215753.837000001, 502774.568999998], [215755.642999999, 502756.820999999], [215757.348000001, 502738.971999999], [215759.396000002, 502720.327], [215761.309, 502701.749000002], [215762.353, 502692.113000002], [215763.462000001, 502680.712000001], [215765.530999999, 502664.397999998], [215767.467999998, 502645.640000001], [215769.506999999, 502627.022], [215771.024, 502612.392999999], [215772.004000001, 502602.908], [215773.833999999, 502584.287999999], [215776.181000002, 502564.673], [215777.662999999, 502549.908], [215778.436999999, 502543.489999998], [215779.037, 502533.500999998], [215780.118000001, 502509.811000001], [215781.353, 502504.513]]}, "properties": {"OBJECTID": 688, "SOORT": 1, "KPNIDENT": "3276", "STATUS": 1}}, {"type": "Feature", "id": 689, "geometry": {"type": "LineString", "coordinates": [[206858.094999999, 474492.366999999], [206854.765000001, 474494.772999998], [206847.100000001, 474500.517999999], [206830.296999998, 474512.339000002], [206815.931000002, 474525.978999998], [206800.978999998, 474538.390999999], [206786.046999998, 474550.388], [206771.153999999, 474562.25], [206751.249000002, 474577.647], [206734.883000001, 474589.447999999], [206719.142000001, 474600.274], [206703.778000001, 474610.719000001], [206687.909000002, 474620.989999998], [206668.614999998, 474633.131999999], [206652.877, 474643.377999999], [206637.342, 474653.476], [206620.662, 474664.291999999], [206603.805, 474675.177000001], [206582.971999999, 474688.274], [206566.857000001, 474698.824000001], [206551.081, 474708.875], [206535.726, 474719.037999999], [206520.022999998, 474729.625], [206501.164000001, 474742.396000002], [206484.414999999, 474753.616999999], [206467.920000002, 474764.509], [206451.153999999, 474775.631000001], [206435.048, 474786.309999999], [206418.574000001, 474797.037999999], [206403.147, 474807.123], [206386.112, 474818.210999999], [206369.035, 474829.364], [206352.989999998, 474840.068999998], [206333.791999999, 474852.638], [206318.089000002, 474862.932999998], [206302.331, 474873.394000001], [206286.065000001, 474884.640000001], [206269.982999999, 474896.192000002], [206255.074999999, 474907.160999998], [206239.193, 474919.261999998], [206223.322999999, 474931.535999998], [206206.544, 474945.456], [206191.796999998, 474957.91], [206175.267000001, 474972.276999999], [206160.688999999, 474985.352000002], [206145.967, 474999.232000001], [206132.111000001, 475013.094999999], [206118.543000001, 475026.929000001], [206104.313999999, 475042.188999999], [206090.890000001, 475057.221999999], [206077.905000001, 475072.473000001], [206065.791999999, 475086.947999999], [206053.453000002, 475101.750999998], [206042.932, 475114.214000002], [206029.120999999, 475129.809], [206015.607999999, 475144.618000001], [206002.197000001, 475158.813999999], [205988.936000001, 475172.899999999], [205972.704999998, 475189.809], [205959.221000001, 475205.333999999], [205945.506000001, 475220.337000001], [205940.440000001, 475226.587000001], [205940.083999999, 475228.796999998], [205938.695, 475234.340999998], [205935.852000002, 475237.127999999], [205921.811000001, 475251.342999998], [205906.690000001, 475266.949999999], [205892.813000001, 475281.607000001], [205879.399, 475296.057999998], [205866.469999999, 475310.215], [205853.263999999, 475325.056000002], [205838.537, 475341.583999999], [205824.497000001, 475357.866], [205812.166999999, 475372.346999999], [205800.405999999, 475386.293000001], [205788.844000001, 475400.431000002], [205775.447000001, 475417.026000001], [205762.506000001, 475433.173], [205750.886999998, 475448.460000001], [205739.245000001, 475464.232000001], [205727.98, 475479.791999999], [205714.697999999, 475498.688000001], [205702.969000001, 475515.728999998], [205692.304000001, 475531.454], [205681.677000001, 475547.169], [205671.842, 475562.331999999], [205661.425999999, 475579.076000001], [205651.109999999, 475596.546], [205641.546999998, 475613.103999998], [205633.072000001, 475628.252999999], [205624.353999998, 475643.868000001], [205617.581999999, 475655.910999998], [205616.528000001, 475657.805], [205610.905999999, 475668.941], [205601.486000001, 475685.686000001], [205591.905999999, 475702.651000001], [205582.181000002, 475719.901000001], [205555.193, 475769.800000001], [205539.326000001, 475797.732000001], [205537.041999999, 475804.298], [205535.186000001, 475811.149999999], [205534.280999999, 475820.938000001], [205534.375999998, 475827.686999999], [205535.364999998, 475839.857000001], [205537.041999999, 475848.265000001], [205539.515999999, 475856.344000001], [205543.465999998, 475863.682], [205560.234000001, 475885.625], [205628.745000001, 475961.524999999], [205607.682999998, 475980.416000001], [205593.559999999, 475993.552999999], [205579.208999999, 476006.741], [205564.785999998, 476020.044], [205550.291000001, 476033.515000001], [205533.988000002, 476048.506999999], [205521.197000001, 476062.513999999], [205511.114999998, 476079.920000002], [205501.085000001, 476097.425999999], [205491.151999999, 476114.772999998], [205480.802000001, 476132.655999999], [205471.063000001, 476149.691], [205461.114, 476166.892000001], [205451.142000001, 476183.884], [205441.837000001, 476201.491999999], [205437.776000001, 476222.247000001], [205434.083000001, 476240.741999999], [205429.895, 476259.734000001], [205425.962000001, 476278.896000002], [205421.949000001, 476298.340999998], [205418, 476317.287], [205413.866999999, 476336.868000001], [205409.978, 476355.568999998], [205405.982999999, 476374.920000002], [205401.809999999, 476394.831999999], [205401.149, 476407.866], [205404.669, 476418.401999999], [205412.359999999, 476436.510000002], [205419.497000001, 476454.510000002], [205426.517000001, 476472.747000001], [205433.579999998, 476491.052000001], [205440.342999998, 476508.749000002], [205447.193, 476526.670000002], [205454.447000001, 476544.988000002], [205461.684, 476563.375], [205469.046999998, 476582.420000002], [205477.291999999, 476604.327], [205481.081, 476613.598000001], [205487.318, 476621.300000001], [205502.295000002, 476634.006000001], [205517.221999999, 476646.691], [205532.438000001, 476659.653999999], [205547.603999998, 476672.534000002], [205562.338, 476684.973000001], [205577.294, 476697.697000001], [205592.662, 476710.723000001], [205608.206, 476723.925999999], [205624.561999999, 476738.002], [205639.837000001, 476750.857999999], [205654.901999999, 476763.533], [205669.874000002, 476776.284000002], [205684.899999999, 476789.006000001], [205699.785999998, 476801.899999999], [205714.454999998, 476814.659000002], [205728.545000002, 476828.350000001], [205742.822999999, 476842.385000002], [205757.649999999, 476856.903999999], [205779.947999999, 476878.618000001], [205780.980999999, 476880.837000001], [205783.138, 476888.596999999], [205779.609999999, 476898.169], [205776.055, 476907.647], [205766.184, 476924.054000001], [205756.271000002, 476941.962000001], [205746.517000001, 476959.252999999], [205736.945999999, 476976.335999999], [205727.135000002, 476993.938000001], [205722.107999999, 477004.517999999], [205727.500999998, 477015.940000001], [205723.155999999, 477023.789999999], [205716.631999999, 477035.465], [205713.265000001, 477041.346999999], [205711.842, 477043.692000002], [205702.296999998, 477046.274999999], [205696.618999999, 477050.153000001], [205688.478999998, 477063.855999999], [205678.636, 477080.947000001], [205669.465999998, 477097.043000001], [205659.925000001, 477113.892000001], [205650.521000002, 477131.789999999], [205640.127999999, 477149.423999999], [205630.311999999, 477167.572999999], [205620.530999999, 477185.105], [205612.833999999, 477199.596000001], [205602.298999999, 477217.576000001], [205592.302999999, 477235.327], [205582.636999998, 477252.909000002], [205572.465, 477270.677999999], [205562.662, 477288.309], [205552.624000002, 477306.044], [205542.265999999, 477323.848000001], [205531.074999999, 477340.714000002], [205522.471000001, 477350.034000002], [205518.318, 477366.419], [205516.101, 477370.116], [205502.469000001, 477390.063000001], [205490.829999998, 477406.732000001], [205480.557999998, 477422.563000001], [205467.458000001, 477442.934], [205457.223000001, 477460.405000001], [205445.315000001, 477482.774], [205435.442000002, 477500.491999999], [205425.491999999, 477518.171999998], [205415.506999999, 477536.434], [205406.030999999, 477554.199000001], [205397.295000002, 477571.261999998], [205388.454999998, 477589.175999999], [205379.767999999, 477607.513999999], [205375.526999999, 477616.800000001], [205366.502, 477636.664999999], [205357.596000001, 477654.313000001], [205348.105999999, 477671.48], [205338.252, 477688.697999999], [205328.697999999, 477706.201000001], [205318.822999999, 477722.541000001], [205306.622000001, 477738.776999999], [205296.509, 477755.945999999], [205286.669, 477773.855], [205276.693999998, 477792.015999999], [205269.171, 477811.863000002], [205259.462000001, 477830.199000001], [205249.381999999, 477848.105999999], [205239.754999999, 477865.883000001], [205230.118999999, 477883.125999998], [205221.916000001, 477897.170000002], [205212.438000001, 477914.947000001], [205202.732999999, 477932.311000001], [205193.09, 477949.477000002], [205183.556000002, 477966.754000001], [205179.083000001, 477974.441]]}, "properties": {"OBJECTID": 689, "SOORT": 1, "KPNIDENT": "3277", "STATUS": 1}}, {"type": "Feature", "id": 696, "geometry": {"type": "LineString", "coordinates": [[191063.864, 507899.232999999], [191063.748, 507899.368000001], [191064.002, 507899.592999998], [191067.982000001, 507902.877], [191068.015000001, 507902.839000002], [191068.704, 507903.421], [191068.671999998, 507903.458999999], [191069.739999998, 507904.355999999], [191072.651999999, 507906.785], [191075.813999999, 507909.366999999], [191077.254000001, 507910.616], [191077.383000001, 507910.463], [191081.173999999, 507905.995999999], [191081.074999999, 507905.912], [191081.818999998, 507905.035], [191081.895, 507905.098999999], [191082.256000001, 507904.704], [191082.173999999, 507904.631000001], [191082.916999999, 507903.805], [191082.991999999, 507903.870999999], [191083.335000001, 507903.467], [191086.853999998, 507899.318], [191090.173, 507895.384], [191090.366999999, 507895.155000001], [191090.431000002, 507895.079], [191090.34, 507895.000999998], [191090.372000001, 507894.963], [191091.252999999, 507893.909000002], [191091.278999999, 507893.879000001], [191091.377999999, 507893.963], [191091.624000002, 507893.673], [191098.916000001, 507885.061999999], [191098.978, 507885.112], [191099.307, 507884.699999999], [191099.23, 507884.636], [191099.294, 507884.559999999], [191100.570999999, 507883.037999999], [191100.647999998, 507883.102000002], [191101.000999998, 507882.681000002], [191100.940000001, 507882.629999999], [191104.782000002, 507878.052000001], [191105.239, 507877.509], [191105.315000001, 507877.572000001], [191105.588, 507877.267999999], [191105.493000001, 507877.186999999], [191106.364999998, 507876.171], [191106.434, 507876.228999998], [191106.651999999, 507875.967999998], [191106.581999999, 507875.91], [191109.302999999, 507872.688999999], [191109.364999998, 507872.739999998], [191109.686999999, 507872.357999999], [191109.618000001, 507872.300000001], [191110.708999999, 507871.004999999], [191110.778000001, 507871.063000001], [191111.100000001, 507870.68], [191111.037999999, 507870.629000001], [191113.925999999, 507867.094000001], [191117.399, 507863.061000001], [191117.460999999, 507863.112], [191117.668000001, 507862.859000001], [191117.605999999, 507862.807999998], [191117.662999999, 507862.739], [191117.592999998, 507862.682], [191118.552000001, 507861.502999999], [191118.629999999, 507861.566], [191118.681000002, 507861.504000001], [191118.734999999, 507861.548], [191118.949999999, 507861.284000002], [191118.895, 507861.239999998], [191122.298999999, 507857.171999998], [191122.901999999, 507856.451000001], [191123.668000001, 507857.094000001], [191125.131000001, 507856.975000001], [191126.109000001, 507855.833000001], [191125.969999999, 507854.337000001], [191125.212000001, 507853.715999998], [191126.142000001, 507852.607000001], [191126.068, 507852.541000001], [191126.851, 507851.662], [191126.925999999, 507851.728999998], [191127.747000001, 507850.728999998], [191127.673, 507850.662], [191128.447999999, 507849.787999999], [191128.522999998, 507849.855], [191129.511999998, 507848.739999998], [191130.23, 507849.377999999], [191131.635000002, 507849.219000001], [191132.581, 507848.039999999], [191132.48, 507846.623], [191131.732999999, 507846.004000001], [191132.199000001, 507845.467999998], [191132.214000002, 507845.480999999], [191132.374000002, 507845.289000001], [191132.328000002, 507845.25], [191132.359999999, 507845.212000001], [191132.322000001, 507845.18], [191133.004999999, 507844.357000001], [191133.044, 507844.388999999], [191133.081999999, 507844.342999998], [191133.127999999, 507844.381000001], [191133.282000002, 507844.197000001], [191133.228, 507844.151999999], [191133.813000001, 507843.441], [191134.986000001, 507843.361000001], [191136.322000001, 507841.776000001], [191136.192000002, 507840.623], [191139.693, 507836.543000001], [191139.730999999, 507836.574999999], [191139.909000002, 507836.359000001], [191139.870999999, 507836.327], [191139.927999999, 507836.258000001], [191140.557, 507835.493999999], [191140.594999999, 507835.447999999], [191140.634, 507835.48], [191140.811999999, 507835.263], [191140.772999998, 507835.232000001], [191142.399999999, 507833.348999999], [191142.445999999, 507833.386999998], [191142.631999999, 507833.164000001], [191142.585999999, 507833.125999998], [191142.636999998, 507833.065000001], [191143.285999998, 507832.289000001], [191143.331999999, 507832.327], [191143.524, 507832.096999999], [191143.471000001, 507832.052000001], [191146.449000001, 507828.515000001], [191147.570999999, 507829.464000002], [191147.982999999, 507828.988000002], [191149.153999999, 507828.903999999], [191149.256000001, 507828.976], [191150.636, 507827.311000001], [191150.521000002, 507827.215], [191150.511, 507827.142000001], [191150.359000001, 507826.041999999], [191150.465, 507825.912999999], [191150.623, 507825.719999999], [191150.412, 507825.550999999], [191151.238000002, 507824.537], [191151.441, 507824.699999999], [191151.596999999, 507824.504999999], [191152.550999999, 507823.353], [191152.780000001, 507823.348999999], [191153.147999998, 507823.300999999], [191153.397999998, 507823.234999999], [191153.629000001, 507823.147], [191153.811999999, 507823.059], [191154.032000002, 507822.927999999], [191154.118000001, 507822.868000001], [191154.25, 507822.761], [191154.546, 507822.447000001], [191154.671999998, 507822.27], [191154.846000001, 507821.938000001], [191154.943, 507821.662], [191155.022, 507821.263999999], [191155.032000002, 507821.147], [191155.035999998, 507820.936000001], [191155.024, 507820.741999999], [191154.991999999, 507820.526000001], [191154.958000001, 507820.377], [191155.048, 507820.263], [191155.204999998, 507820.068], [191154.945999999, 507819.863000002], [191155.739999998, 507818.859000001], [191155.999000002, 507819.063999999], [191156.153999999, 507818.868000001], [191157.135000002, 507817.662999999], [191158.024999999, 507817.759], [191158.217, 507817.839000002], [191158.254000001, 507817.873], [191159.921, 507815.791999999], [191159.881999999, 507815.760000002], [191159.804000001, 507815.697999999], [191159.769000001, 507815.583000001], [191159.511999998, 507814.727000002], [191159.636, 507814.594999999], [191159.807999998, 507814.412999999], [191159.537999999, 507814.206], [191160.329999998, 507813.171999998], [191160.596999999, 507813.384], [191160.752, 507813.188000001], [191161.449999999, 507812.342], [191160.151999999, 507811.291999999], [191168.317000002, 507800.824999999], [191158.182999998, 507792.41], [191157.993999999, 507792.210999999]]}, "properties": {"OBJECTID": 696, "SOORT": 1, "KPNIDENT": "3365", "STATUS": 1}}, {"type": "Feature", "id": 697, "geometry": {"type": "LineString", "coordinates": [[191246.723000001, 507660.833000001], [191246.772999998, 507660.868000001], [191246.824000001, 507660.903999999], [191246.866, 507660.934999999], [191256.315000001, 507660.848000001], [191256.703000002, 507660.670000002], [191258.664000001, 507659.622000001], [191259.011, 507659.386], [191263.774, 507653.693], [191266.004000001, 507647.954], [191266.175999999, 507648.039999999], [191266.236000001, 507648.021000002], [191266.284000002, 507648.028999999], [191266.399, 507648.041000001], [191266.52, 507648.046999998], [191266.631000001, 507648.045000002], [191266.774, 507648.030999999], [191266.872000001, 507648.015000001], [191267.004000001, 507647.984999999], [191267.159000002, 507647.936000001], [191267.291000001, 507647.879999999], [191267.412999999, 507647.818], [191267.510000002, 507647.759], [191267.623, 507647.68], [191267.717, 507647.602000002], [191267.815000001, 507647.509], [191267.894000001, 507647.423], [191267.964000002, 507647.335000001], [191268.035999998, 507647.232000001], [191268.072999999, 507647.247000001], [191268.245999999, 507646.826000001], [191268.208999999, 507646.811000001], [191269.232000001, 507644.285], [191269.269000001, 507644.300000001], [191269.436999999, 507643.894000001], [191270.173, 507642.118000001], [191270.344999999, 507641.713], [191270.317000002, 507641.701000001], [191271.114, 507639.736000001], [191271.142000001, 507639.747000001], [191271.423999999, 507639.032000002], [191271.873, 507638.037], [191272.044, 507637.640999999], [191271.98, 507637.614], [191273.581999999, 507633.614], [191273.627999999, 507633.634], [191273.780000001, 507633.282000002], [191273.697000001, 507633.247000001], [191275.546999998, 507628.811999999], [191275.574999999, 507628.822999999], [191275.594000001, 507628.776999999], [191275.585000001, 507628.772999998], [191275.640999999, 507628.634], [191275.491999999, 507628.574000001], [191275.885000002, 507627.623], [191276.024, 507627.679000001], [191276.079999998, 507627.570999999], [191276.118000001, 507627.537], [191276.147, 507627.499000002], [191276.123, 507627.48], [191278.260000002, 507622.333000001], [191278.278000001, 507622.342999998], [191278.309, 507622.285], [191278.298999999, 507622.214000002], [191278.353, 507622.129999999], [191278.284000002, 507622.085999999], [191278.640000001, 507621.199999999], [191279.125999998, 507620.013999999], [191279.159000002, 507619.952], [191279.238000002, 507619.993999999], [191279.333000001, 507619.787], [191282.947000001, 507611.052000001], [191282.965, 507611.059999999], [191283.043000001, 507610.844000001], [191282.960000001, 507610.809], [191283.353999998, 507609.851], [191283.436999999, 507609.885000002], [191283.522999998, 507609.68], [191283.936999999, 507608.710999999], [191283.954999998, 507608.719000001], [191283.978, 507608.664000001], [191283.982000001, 507608.600000001], [191284.019000001, 507608.506999999], [191283.925999999, 507608.469999999], [191284.305, 507607.524999999], [191284.397999998, 507607.561999999], [191284.508000001, 507607.340999998], [191288.068999998, 507598.734000001], [191287.976, 507598.697000001], [191288.361000001, 507597.741], [191288.453000002, 507597.778000001], [191288.557, 507597.574999999], [191288.864999998, 507596.816], [191288.892999999, 507596.828000002], [191290.556000002, 507592.840999998], [191290.752, 507592.471000001], [191291.324999999, 507591.112], [191291.471999999, 507590.754999999], [191291.425999999, 507590.736000001], [191293.166000001, 507586.515999999], [191293.221000001, 507586.537999999], [191293.384, 507586.140999999], [191293.938000001, 507584.789000001], [191294.092999998, 507584.401000001], [191294.659000002, 507583.041999999], [191294.831999999, 507582.653999999], [191294.787, 507582.634], [191296.541999999, 507578.445], [191296.596999999, 507578.467999998], [191296.787, 507578.004999999], [191296.759, 507577.993999999], [191298.471000001, 507573.774999999], [191298.508000001, 507573.789999999], [191298.68, 507573.375], [191299.559, 507571.258000001], [191299.727000002, 507570.851], [191299.681000002, 507570.831999999], [191301.421999998, 507566.620000001], [191301.469000001, 507566.638999999], [191301.655999999, 507566.186999999], [191301.522999998, 507566.145], [191301.556000002, 507566.066]]}, "properties": {"OBJECTID": 697, "SOORT": 1, "KPNIDENT": "3366", "STATUS": 1}}, {"type": "Feature", "id": 698, "geometry": {"type": "LineString", "coordinates": [[191347.173, 507423.383000001], [191347.480999999, 507423.539000001], [191348.375999998, 507424.000999998], [191354.763999999, 507427.092], [191363.879999999, 507431.543000001], [191363.840999998, 507431.624000002], [191364.353999998, 507431.873], [191364.605999999, 507431.359000001], [191364.552000001, 507431.331999999], [191365.305, 507429.795000002], [191365.350000001, 507429.817000002], [191365.543000001, 507429.418000001], [191365.506999999, 507429.401000001], [191365.991999999, 507428.399], [191366.028000001, 507428.416999999], [191366.23, 507428.011], [191366.186000001, 507427.988000002], [191367.767000001, 507424.732000001], [191367.820999999, 507424.758000001], [191368.269000001, 507423.831999999], [191368.223999999, 507423.809999999], [191368.984000001, 507422.236000001], [191369.030000001, 507422.256999999], [191369.217, 507421.866], [191369.692000002, 507420.875], [191369.892999999, 507420.475000001], [191369.839000002, 507420.447999999], [191371.478, 507417.113000002], [191371.532000002, 507417.138], [191371.84, 507416.5], [191370.920000002, 507416.039999999], [191370.967, 507415.975000001], [191372.32, 507413.16], [191371.32, 507412.68], [191372.649, 507409.962000001], [191372.75, 507407.675000001], [191372.629000001, 507407.636999998], [191372.592, 507404.905999999], [191372.449000001, 507403.978], [191372.557999998, 507403.967], [191372.515000001, 507403.537], [191372.405999999, 507403.548], [191371.818, 507399.923999999], [191371.923999999, 507399.895], [191371.816, 507399.489999998], [191371.710000001, 507399.519000001], [191370.800000001, 507395.943999998], [191370.905000001, 507395.910999998], [191370.776999999, 507395.506000001], [191370.469000001, 507395.605999999], [191368.418000001, 507390.282000002], [191368.397, 507390.138], [191368.392999999, 507390.134], [191368.390000001, 507390.131000001], [191368.386, 507390.127999999], [191368.383000001, 507390.125], [191368.379999999, 507390.122000001], [191368.377, 507390.118999999], [191368.374000002, 507390.116], [191368.370999999, 507390.113000002], [191368.368000001, 507390.109999999], [191368.364999998, 507390.107000001], [191368.362, 507390.103], [191368.359000001, 507390.100000001], [191368.357000001, 507390.096000001], [191368.353999998, 507390.092999998], [191368.351, 507390.09], [191368.348999999, 507390.085999999], [191368.346000001, 507390.081999999], [191368.344000001, 507390.079], [191368.342, 507390.074999999], [191368.339000002, 507390.070999999], [191368.337000001, 507390.068], [191368.335000001, 507390.063999999], [191368.333000001, 507390.059999999], [191368.331, 507390.056000002], [191368.329, 507390.052000001], [191368.263, 507389.914999999], [191368.234999999, 507389.802000001], [191368.210999999, 507389.708000001]]}, "properties": {"OBJECTID": 698, "SOORT": 1, "KPNIDENT": "3368", "STATUS": 1}}, {"type": "Feature", "id": 699, "geometry": {"type": "LineString", "coordinates": [[190975.668000001, 508000.046999998], [190975.653000001, 508000.124000002], [190979.250999998, 508003.521000002], [190979.811999999, 508004.026999999], [190979.877999999, 508004.138999999], [190980.145, 508003.980999999], [190981.098000001, 508004.884], [190980.960000001, 508005.171999998], [190981.077, 508005.228], [190981.539000001, 508005.690000001], [190984.219000001, 508008.212000001], [190985.756000001, 508009.655999999], [190986.114, 508009.278999999], [190986.208999999, 508009.223000001], [190986.063999999, 508008.949000001], [190986.890999999, 508008.056000002], [190987.171999998, 508008.186999999], [190987.217999998, 508008.088], [190987.452, 508007.866999999], [190989.122000001, 508009.419], [190989.046999998, 508009.5], [190989.478999998, 508009.901000001], [190989.52, 508009.857000001], [190997.045000002, 508001.714000002], [190993.607999999, 507998.464000002], [190993.629000001, 507998.441], [190993.497000001, 507998.318999998], [190993.442000002, 507998.377999999], [190992.780999999, 507997.767999999], [190992.835999999, 507997.708999999], [190992.703000002, 507997.587000001], [190992.682999998, 507997.609000001], [190992.068999998, 507997.024], [190993.554000001, 507995.489999998], [190993.579, 507995.465], [190993.647999998, 507995.524999999], [190998.274, 507999.511], [190998.215, 507999.579], [190998.307, 507999.658], [190998.598000001, 507999.909000002], [190998.931000002, 507999.499000002], [190998.861000001, 507999.442000002], [190999.184, 507999.070999999], [190999.092999998, 507998.991999999], [190999.962000001, 507998.008000001], [191000.046, 507998.079999998], [191000.456, 507997.605999999], [191000.289000001, 507997.462000001], [191001.416999999, 507996.162], [191001.590999998, 507996.311999999], [191003.151000001, 507994.510000002], [191003.243000001, 507994.587000001], [191003.600000001, 507994.158], [191003.568999998, 507994.131999999], [191004.050000001, 507993.579], [191003.804000001, 507993.374000002], [191004.421, 507992.651999999], [191004.659000002, 507992.851], [191004.938000001, 507992.541000001], [191004.563000001, 507992.223999999], [191006.113000002, 507990.423], [191006.471999999, 507990.727000002], [191006.877, 507990.287], [191006.640000001, 507990.088], [191007.475000001, 507989.107999999], [191007.704999998, 507989.300999999], [191008.210000001, 507988.732999999], [191008.105, 507988.640000001], [191011.043000001, 507985.151000001], [191011.072999999, 507985.177000001], [191011.363000002, 507984.848999999], [191011.294, 507984.791000001], [191012.210999999, 507983.693], [191012.280000001, 507983.750999998], [191012.651999999, 507983.328000002], [191012.673999999, 507983.346999999], [191012.896000002, 507983.09], [191012.813000001, 507983.017999999], [191013.460000001, 507982.267000001], [191014.015000001, 507981.623], [191014.098000001, 507981.695], [191014.197000001, 507981.581999999], [191014.401000001, 507981.346999999], [191014.318, 507981.274999999], [191015.659000002, 507979.721999999], [191015.741999999, 507979.794], [191017.350000001, 507977.938000001], [191017.853999998, 507977.388999999], [191017.761999998, 507977.311999999], [191018.647, 507976.256000001], [191018.739, 507976.333000001], [191022.217, 507972.363000002], [191022.502, 507972.028000001], [191022.425999999, 507971.963], [191023.313999999, 507970.919], [191023.390000001, 507970.984000001], [191023.853999998, 507970.436999999], [191023.785, 507970.379000001], [191025.118000001, 507968.802000001], [191025.186999999, 507968.859999999], [191026.886999998, 507966.93], [191026.947000001, 507966.982000001], [191027.162999999, 507966.732000001], [191027.300000001, 507966.574000001], [191027.142000001, 507966.436000001], [191027.943, 507965.510000002], [191028.102000002, 507965.647], [191028.390999999, 507965.326000001], [191028.607999999, 507965.298999999], [191028.965999998, 507965.228], [191029.355, 507965.111000001], [191029.664000001, 507964.986000001], [191029.912, 507964.863000002], [191030.190000001, 507964.697999999], [191030.420000002, 507964.535999998], [191030.52, 507964.416999999], [191030.719000001, 507964.179000001], [191030.909000002, 507963.941], [191031.059, 507963.706999999], [191031.186999999, 507963.460000001], [191031.304000001, 507963.169], [191031.397999998, 507962.833000001], [191031.445999999, 507962.546999998], [191031.465999998, 507962.300000001], [191031.467999998, 507962.114999998], [191031.451000001, 507961.846999999], [191031.809, 507961.43], [191026.339000002, 507956.741999999], [191026.300999999, 507956.787999999], [191025.624000002, 507956.232000001], [191025.662, 507956.184999999], [191025.519000001, 507956.056000002], [191025.473999999, 507956.114]]}, "properties": {"OBJECTID": 699, "SOORT": 1, "KPNIDENT": "3369", "STATUS": 1}}, {"type": "Feature", "id": 700, "geometry": {"type": "LineString", "coordinates": [[191197.734999999, 507729.491], [191198.034000002, 507729.73], [191202.056000002, 507732.309], [191207.046999998, 507735.263999999], [191210.879999999, 507737.359999999], [191211.684, 507737.681000002], [191212.116999999, 507737.800000001], [191212.552999999, 507737.885000002], [191213.145, 507737.949000001], [191213.649999999, 507737.956], [191214.302000001, 507737.901000001], [191214.789999999, 507737.806000002], [191215.318, 507737.644000001], [191215.842, 507737.423], [191216.261, 507737.197999999], [191216.653999999, 507736.942000002], [191216.998, 507736.675000001], [191217.350000001, 507736.351], [191217.616, 507736.067000002], [191217.885000002, 507735.730999999], [191218.083000001, 507735.445], [191220.164999999, 507732.052000001], [191220.285, 507732.123], [191220.335999999, 507732.037], [191220.431000002, 507732.092], [191220.824000001, 507731.423999999], [191220.728999998, 507731.368999999], [191221.919, 507729.456999999], [191222.015999999, 507729.510000002], [191222.386999998, 507728.833000001], [191222.199999999, 507728.715999998], [191222.317000002, 507728.530000001], [191223.169, 507727.171999998], [191223.285999998, 507726.986000001], [191223.471999999, 507727.103], [191223.881999999, 507726.432999998], [191223.789000001, 507726.375999998], [191224.947000001, 507724.431000002], [191225.041999999, 507724.487], [191225.431000002, 507723.828000002], [191225.035, 507723.594000001], [191227.822000001, 507719.034000002], [191228.009, 507719.149999999], [191228.421, 507718.487], [191228.234000001, 507718.370999999], [191230.995999999, 507713.844999999], [191231.186999999, 507713.954999998], [191232.085000001, 507712.399], [191231.896000002, 507712.285999998], [191232.010000002, 507712.096999999], [191232.956999999, 507710.515999999], [191233.07, 507710.327], [191233.259, 507710.440000001], [191236.644000001, 507704.397999998], [191236.833000001, 507704.511], [191237.232999999, 507703.840999998], [191237.044, 507703.728], [191239.710999999, 507699.305], [191240.081, 507699.541999999], [191240.504000001, 507698.879999999], [191240.410999998, 507698.820999999], [191241.563000001, 507696.916999999], [191241.658, 507696.973000001], [191242.159000002, 507696.129999999], [191241.971999999, 507696.015000001], [191242.056000002, 507695.879000001], [191241.962000001, 507695.820999999], [191242.664000001, 507694.677000001], [191242.758000001, 507694.734999999], [191242.840999998, 507694.598000001], [191243.028999999, 507694.713], [191243.528999999, 507693.877999999], [191243.434999999, 507693.820999999], [191244.587000001, 507691.888999999], [191244.691, 507691.949000001], [191245.070999999, 507691.289000001], [191244.923999999, 507691.204], [191244.949000001, 507691.16], [191244.377, 507690.831], [191244.322000001, 507690.925999999], [191241.493999999, 507689.179000001], [191241.550000001, 507689.083999999], [191240.980999999, 507688.745000001], [191240.925000001, 507688.839000002], [191238.090999998, 507687.138], [191238.147999998, 507687.044], [191237.581999999, 507686.704], [191237.449999999, 507686.609999999], [191235.552999999, 507689.782000002], [191232.182999998, 507687.638999999], [191234.723999999, 507683.144000001], [191228.556000002, 507679.436000001]]}, "properties": {"OBJECTID": 700, "SOORT": 1, "KPNIDENT": "3370", "STATUS": 1}}, {"type": "Feature", "id": 701, "geometry": {"type": "LineString", "coordinates": [[191162.971000001, 507788.416000001], [191169.973999999, 507793.226], [191174.280000001, 507796.070999999], [191174.623, 507796.243000001], [191174.848000001, 507796.291000001], [191175.147999998, 507796.289999999], [191175.373, 507796.241], [191175.635000002, 507796.120000001], [191175.879999999, 507795.923999999], [191176.232999999, 507795.495000001], [191177.213, 507794.191], [191180.028999999, 507790.469000001], [191180.941, 507789.136999998], [191187.296999998, 507780.159000002], [191188.381000001, 507778.631000001], [191191.434999999, 507774.34], [191192.511999998, 507772.811000001], [191193.088, 507771.949999999], [191190.528000001, 507770.329], [191190.666999999, 507770.109000001], [191189.039999999, 507769.202], [191189.191, 507768.954], [191189.131000001, 507768.918000001], [191189.739999998, 507767.940000001], [191189.791999999, 507767.971000001], [191189.938000001, 507767.732000001], [191193.897, 507770.146000002], [191195.798999999, 507767.057999998], [191195.995999999, 507767.002], [191196.364, 507766.844000001], [191196.691, 507766.634], [191196.971999999, 507766.381999999], [191197.179000001, 507766.133000001], [191197.395, 507765.769000001], [191197.511, 507765.480999999], [191197.601, 507765.111000001], [191197.629999999, 507764.77], [191197.616, 507764.482000001], [191197.570999999, 507764.208999999], [191198.120999999, 507763.317000002], [191198.824000001, 507763.800999999], [191199.888, 507762.274], [191200.822000001, 507760.967], [191204.934999999, 507755.083999999], [191205.852000002, 507753.758000001], [191208.971999999, 507749.329999998], [191209.302000001, 507748.690000001], [191209.449999999, 507748.256999999], [191209.545000002, 507747.824000001], [191209.596000001, 507747.179000001], [191209.563999999, 507746.677000001], [191209.416000001, 507745.997000001], [191209.173999999, 507745.397], [191208.831, 507744.831999999], [191208.515000001, 507744.451000001], [191208.164000001, 507744.118000001], [191207.563000001, 507743.702], [191203.423999999, 507740.958999999], [191202.504000001, 507740.370000001], [191200.552999999, 507739.079999998], [191200.590999998, 507739.022], [191198.379000001, 507737.581999999], [191197.188000001, 507737.572999999], [191194.175999999, 507735.453000002]]}, "properties": {"OBJECTID": 701, "SOORT": 1, "KPNIDENT": "3371", "STATUS": 1}}, {"type": "Feature", "id": 702, "geometry": {"type": "LineString", "coordinates": [[191022.734999999, 507948.603], [191025.056000002, 507950.624000002], [191025.120000001, 507950.546999998], [191025.868000001, 507951.166000001], [191025.805, 507951.243000001], [191030.728999998, 507955.443], [191035.447999999, 507959.550000001], [191035.620999999, 507959.699999999], [191035.723999999, 507959.579], [191038.27, 507956.57], [191038.339000002, 507956.627999999], [191038.377999999, 507956.581999999], [191038.522, 507956.706], [191038.866, 507956.302999999], [191038.721999999, 507956.179000001], [191038.754000001, 507956.140999999], [191039.623, 507955.125], [191039.767999999, 507955.248], [191040.112, 507954.844999999], [191039.967, 507954.721999999], [191040.013, 507954.668000001], [191039.943999998, 507954.609999999], [191042.545000002, 507951.504999999], [191042.5, 507951.465], [191043.159000002, 507950.697999999], [191043.410999998, 507950.912], [191043.616, 507950.655999999], [191043.537999999, 507950.592999998], [191046.372000001, 507947.282000002], [191046.447999999, 507947.346999999], [191046.728, 507947.02], [191046.370999999, 507946.714000002], [191047.033, 507945.925000001], [191047.397, 507946.237], [191047.677000001, 507945.91], [191047.601, 507945.844999999], [191050.478, 507942.513], [191050.805, 507942.791999999], [191051.074999999, 507942.475000001], [191050.991, 507942.403999999], [191054.364, 507938.662999999], [191054, 507938.350000001], [191055.221999999, 507936.929000001], [191055.585999999, 507937.241], [191055.866, 507936.914999999], [191055.539999999, 507936.635000002], [191058.385000002, 507933.276000001], [191058.467999998, 507933.348000001], [191058.75, 507933.024], [191059.423999999, 507932.247000001], [191059.706, 507931.921999998], [191059.623, 507931.850000001], [191062.432999998, 507928.579999998], [191062.517999999, 507928.649999999], [191062.767000001, 507928.350000001], [191062.567000002, 507928.184], [191062.670000002, 507928.061999999], [191062.624000002, 507928.022999998], [191062.682, 507927.954], [191063.285, 507927.223000001], [191063.339000002, 507927.267999999], [191063.688000001, 507926.852000002], [191064.015999999, 507927.129999999], [191065.995000001, 507924.791999999], [191065.666000001, 507924.513999999], [191066.088, 507924.048999999], [191066.419, 507924.322999999], [191066.870999999, 507923.778000001], [191066.539999999, 507923.502999999], [191066.693, 507923.318999998], [191066.462000001, 507923.127], [191067.715999998, 507921.684], [191067.947999999, 507921.874000002], [191068.101, 507921.688999999], [191068.432999998, 507921.962000001], [191068.896000002, 507921.399], [191068.563999999, 507921.125], [191068.969999999, 507920.627999999], [191069.296999998, 507920.907000002], [191071.274, 507918.59], [191070.988000002, 507918.317000002], [191071.263, 507917.999000002], [191070.440000001, 507917.289000001], [191070.368000001, 507917.372000001], [191067.309999999, 507914.712000001], [191067.388999999, 507914.622000001], [191061.34, 507909.32], [191061.261, 507909.41], [191060.857000001, 507909.063999999], [191060.976, 507908.929000001], [191060.579999998, 507908.581], [191060.5, 507908.671], [191060.395, 507908.579], [191060.381999999, 507908.594000001], [191060.313999999, 507908.534000002], [191060.254999999, 507908.602000002], [191058.989999998, 507907.506999999], [191059.050000001, 507907.440000001], [191058.982999999, 507907.379999999], [191058.997000001, 507907.364999998], [191058.855, 507907.238000002], [191058.929000001, 507907.155999999], [191058.530999999, 507906.798], [191058.390999999, 507906.954], [191058.034000002, 507906.633000001]]}, "properties": {"OBJECTID": 702, "SOORT": 1, "KPNIDENT": "3372", "STATUS": 1}}, {"type": "Feature", "id": 703, "geometry": {"type": "LineString", "coordinates": [[190767.910999998, 508286.506000001], [190780.175000001, 508294.563999999], [190783.703000002, 508296.886999998], [190783.835000001, 508296.686999999], [190783.943999998, 508296.758000001], [190786.633000001, 508293.030999999], [190787.213, 508292.223999999], [190787.263, 508292.160999998], [190787.364999998, 508292.221999999], [190787.717, 508291.750999998], [190787.620000001, 508291.679000001], [190787.655999999, 508291.631000001], [190788.335000001, 508290.704], [190788.440000001, 508290.780000001], [190789.054000001, 508289.938999999], [190788.941, 508289.855999999], [190790.138999999, 508288.282000002], [190790.249000002, 508288.370000001], [190790.620000001, 508287.903999999], [190790.478999998, 508287.791999999], [190791.675000001, 508286.213], [190791.818999998, 508286.320999999], [190792.204999998, 508285.806000002], [190792.101, 508285.728], [190793.291000001, 508284.155000001], [190793.394000001, 508284.234000001], [190794.201000001, 508283.173999999], [190794.105999999, 508283.101], [190794.647999998, 508282.333999999], [190794.671999998, 508282.302000001], [190794.776000001, 508282.381000001], [190795.094000001, 508281.958999999], [190795.013999999, 508281.899], [190795.061999999, 508281.835000001], [190795.664000001, 508281.041000001], [190798.373, 508277.414999999], [190798.348999999, 508277.397], [190799.013999999, 508276.475000001], [190798.916999999, 508276.405000001], [190798.962000001, 508276.313000001], [190799.899999999, 508275.096999999], [190800.004000001, 508275.173999999], [190802.794, 508271.405999999], [190802.537, 508271.215999998], [190803.802000001, 508269.576000001], [190804.057, 508269.769000001], [190804.510000002, 508269.168000001], [190804.271000002, 508268.987], [190805.535, 508267.289000001], [190805.765999999, 508267.464000002], [190808.717999998, 508263.561000001], [190808.614999998, 508263.482000001], [190809.607000001, 508262.149999999], [190809.702, 508262.223999999], [190810.41, 508261.311000001], [190810.475000001, 508261.357999999], [190810.662999999, 508261.096999999], [190810.079999998, 508260.653999999], [190812.219999999, 508257.785999998], [190812.816, 508258.241], [190814.785999998, 508255.660999998], [190816.274, 508253.66], [190808.565000001, 508247.842], [190809.556000002, 508246.414000001], [190810.370999999, 508246.978], [190810.427000001, 508246.895], [190812.460000001, 508248.331], [190812.912, 508247.859000001], [190817.886999998, 508251.361000001], [190817.965999998, 508251.416999999], [190821.164999999, 508247.142999999], [190821.085000001, 508247.083000001], [190821.776000001, 508246.134], [190821.855999999, 508246.193999998], [190825.346999999, 508241.489999998], [190817.727000002, 508236.243000001], [190817.774, 508236.179000001], [190808.379000001, 508229.671999998], [190808.351, 508229.713], [190807.499000002, 508229.109000001]]}, "properties": {"OBJECTID": 703, "SOORT": 1, "KPNIDENT": "3373", "STATUS": 1}}, {"type": "Feature", "id": 704, "geometry": {"type": "LineString", "coordinates": [[197830.039000001, 512790.184], [197829.691, 512801.184999999], [197829.471999999, 512813.765000001], [197829.489999998, 512831.693999998], [197828.695, 512849.945], [197828.421, 512867.662], [197828.282000002, 512886.254000001], [197827.998, 512906.155000001], [197826.995000001, 512927.473000001], [197826.112, 512946.420000002], [197825.712000001, 512965.170000002], [197825.925999999, 512984.396000002], [197827.107000001, 513003.302999999], [197827.888999999, 513022.147999998], [197829.284000002, 513041.261], [197831.072999999, 513060], [197834.175999999, 513079.030999999], [197838.844999999, 513098.888], [197843.442000002, 513117.386], [197848.352000002, 513135.806000002], [197853.258000001, 513154.127], [197859.265000001, 513172.296], [197868.072999999, 513189.463], [197877.006999999, 513207.342], [197883.776000001, 513223.760000002], [197890.513, 513241.703000002], [197897.195999999, 513261.368999999], [197902.27, 513279.796], [197906.436000001, 513298.576000001], [197909.765999999, 513318.741], [197911.096999999, 513337.986000001], [197910.554000001, 513357.035999998], [197905.969000001, 513375.407000002], [197899.079999998, 513393.539999999], [197890.846000001, 513411.057], [197881.802000001, 513427.894000001], [197873.037999999, 513441.491999999], [197867.723999999, 513449.392000001], [197859.23, 513461.736000001], [197848.324999999, 513477.342999998], [197837.460000001, 513494.263999999], [197828.5, 513512.511], [197822.160999998, 513531.574999999], [197819.113000002, 513551.465999998], [197817.892000001, 513571.447999999], [197814.951000001, 513593.561999999]]}, "properties": {"OBJECTID": 704, "SOORT": 1, "KPNIDENT": "3375", "STATUS": 1}}, {"type": "Feature", "id": 705, "geometry": {"type": "LineString", "coordinates": [[212502.581999999, 511585.726], [212482.660999998, 511582.839000002], [212462.940000001, 511578.715999998], [212424.159000002, 511570.947999999], [212404.739999998, 511566.977000002], [212385.171, 511562.784000002], [212366.223000001, 511558.875999998], [212347.646000002, 511555.07], [212331.48, 511551.484999999], [212312.462000001, 511547.577], [212293.366, 511543.568999998], [212274.857000001, 511539.852000002], [212257.368999999, 511536.083000001], [212238.991, 511532.353], [212219.306000002, 511528.339000002], [212199.851, 511524.460000001], [212180.460000001, 511520.914000001], [212160.186000001, 511516.101], [212141.184, 511512.307999998], [212122.024, 511508.600000001], [212102.702, 511504.857000001], [212083.886, 511501.136], [212064.651000001, 511497.252], [212052.383000001, 511494.623], [212032.412999999, 511490.548], [212013.149, 511486.624000002], [211993.943999998, 511482.745000001], [211974.829, 511478.829], [211956.809, 511475.109000001], [211949.079, 511473.508000001], [211930.09, 511469.467999998], [211910.351, 511465.327], [211891.294, 511461.412], [211872.105, 511457.530999999], [211852.640000001, 511453.602000002], [211833.627, 511449.666999999], [211818.052000001, 511446.155000001], [211807.844000001, 511443.177000001], [211806.585999999, 511442.853999998], [211787.684, 511438.120999999], [211771.077, 511432.083000001], [211757.131999999, 511425.555], [211740.372000001, 511417.254000001], [211724.693, 511408.976], [211720.032000002, 511407.703000002], [211718.839000002, 511407.318999998], [211709.192000002, 511404.921], [211701.261999998, 511403.500999998], [211690.866999999, 511401.852000002], [211688.647999998, 511401.465999998], [211687.013, 511401.473999999], [211684.395, 511401.102000002], [211682.603999998, 511400.754999999], [211679.359000001, 511400.487], [211670.153000001, 511401.669], [211657.107999999, 511401.524], [211655.228, 511401.061999999], [211645.640999999, 511400.728999998], [211636.236000001, 511400.636999998], [211614.987, 511400.420000002], [211614.059999999, 511400.34], [211611.807, 511400.326000001], [211611.035999998, 511400.442000002], [211590.030999999, 511398.478999998], [211570.322999999, 511394.009], [211551.763999999, 511390.116999999], [211533.068, 511386.436000001], [211516.550000001, 511382.897], [211496.938999999, 511379.044], [211478.734999999, 511375.504999999], [211459.489999998, 511371.541999999], [211440.094000001, 511367.363000002], [211421.541999999, 511363.495000001], [211403.028000001, 511359.855], [211384.833999999, 511356.011999998], [211379.581999999, 511354.741999999], [211375.567000002, 511353.238000002], [211372.504000001, 511352.706], [211365.761999998, 511351.438999999], [211355.620000001, 511349.533], [211336.522999998, 511345.570999999], [211316.743999999, 511341.348999999], [211296.546, 511337.329999998], [211278.283, 511333.649999999], [211260.013, 511329.947999999], [211245.888, 511326.877999999], [211226.625999998, 511322.870000001], [211207.646000002, 511319.195], [211187.875999998, 511315.068999998], [211168.320999999, 511311.113000002], [211149.306000002, 511307.377999999], [211117.978, 511300.548], [211098.265000001, 511296.324999999], [211079.227000002, 511292.392999999], [211059.703000002, 511288.074999999], [211042.261999998, 511283.765999999], [211022.868999999, 511278.747000001], [211003.927000001, 511273.546999998], [210984.712000001, 511268.191], [210966.254999999, 511263.238000002], [210951.199000001, 511259.079], [210931.026999999, 511253.145], [210911.855, 511248.077], [210893.177000001, 511242.982000001], [210874.107000001, 511237.796], [210857.010000002, 511233.519000001], [210851.170000002, 511231.964000002], [210831.727000002, 511226.971000001], [210812.401000001, 511221.987], [210793.175999999, 511217.164999999], [210777.752, 511213.063999999], [210756.515000001, 511207.390999999], [210741.333999999, 511203.521000002], [210722.458000001, 511198.410999998], [210703.554000001, 511193.342999998], [210684.892000001, 511188.294], [210665.596000001, 511183.407000002], [210646.875999998, 511178.315000001], [210632.956999999, 511174.686000001], [210612.699999999, 511169.427000001], [210593.203000002, 511164.436999999], [210573.798, 511159.394000001], [210554.269000001, 511154.026000001], [210535.530000001, 511148.998], [210523.831, 511145.618999999], [210503.318999998, 511140.252999999], [210483.774, 511135.142999999], [210465.022, 511130.306000002], [210446.164999999, 511125.260000002], [210424.732000001, 511119.278999999], [210405.576000001, 511113.727000002], [210386.432999998, 511108.813999999], [210366.686000001, 511103.984999999], [210347.855999999, 511098.956], [210328.600000001, 511093.77], [210311.318999998, 511088.750999998], [210291.905000001, 511083.489999998], [210273.443, 511078.673], [210254.831999999, 511073.594999999], [210240.098999999, 511069.583999999], [210231.916000001, 511067.204], [210211.855, 511062.238000002], [210192.846999999, 511057.227000002], [210174.392000001, 511052.693999998], [210155.895, 511047.850000001], [210135.870999999, 511042.307], [210115.910999998, 511037.447999999], [210096.896000002, 511032.232000001], [210078.210000001, 511026.681000002], [210058.989, 511020.425999999], [210041.954, 511013.329], [210035.909000002, 511010.68], [210016.109000001, 511002.357000001], [209997.710999999, 510995.589000002], [209978.953000002, 510989.453000002], [209961.861000001, 510984.552000001], [209950.420000002, 510981.741999999], [209930.168000001, 510977.296999998], [209910.945999999, 510974.092999998], [209891.969999999, 510971.493000001], [209872.329, 510969.585999999], [209851.410999998, 510968.769000001], [209833.546, 510968.677999999], [209824.52, 510968.870000001], [209804.954, 510969.570999999], [209792.793000001, 510969.057], [209778.195999999, 510968.833000001], [209768.634, 510969.484000001], [209765.368000001, 510969.228], [209758.306000002, 510970.942000002], [209752.186000001, 510971.454999998], [209746.048999999, 510972.048], [209738.206999999, 510972.925000001], [209735.278000001, 510973.526000001], [209721.271000002, 510978.373], [209705.149, 510984.068], [209689.041000001, 510990.035999998], [209670.214000002, 510997.732999999], [209664.412, 511001.136999998], [209650.390999999, 511006.802999999], [209646.243000001, 511008.588], [209630.769000001, 511013.927000001], [209615.623, 511019.375999998], [209592.039000001, 511027.024], [209591.217, 511024.697000001], [209586.116999999, 511026.767999999], [209581.191, 511028.169], [209578.603, 511028.852000002], [209577.102000002, 511029.359000001], [209574.046, 511030.504000001], [209572.572000001, 511030.916999999], [209572.427000001, 511030.934999999], [209565.956, 511033.111000001], [209560.932999998, 511034.409000002], [209558.91, 511035.159000002], [209550.188000001, 511038.609000001], [209548.578000002, 511039.098000001], [209547.144000001, 511039.532000002], [209540.318, 511042.427000001], [209535.401000001, 511044.570999999], [209530.695, 511046.618000001], [209522.25, 511053.087000001], [209507.673, 511062.390999999], [209494.357999999, 511070.544], [209490.379000001, 511070.510000002], [209486.881000001, 511072.653000001], [209471.585999999, 511083.193999998], [209456.530000001, 511094.331], [209441.322999999, 511104.995999999], [209426.519000001, 511115.546999998], [209410.480999999, 511126.669], [209400.386, 511132.916999999], [209389.100000001, 511139.857999999], [209372.954, 511149.285999998], [209356.327, 511158.875], [209339.960999999, 511168.429000001], [209323.300000001, 511178.181000002], [209306.124000002, 511188.289000001], [209290.647999998, 511197.395], [209280.782000002, 511203.225000001], [209264.024, 511213.394000001], [209248.059, 511222.567000002], [209232.043000001, 511231.98], [209216.613000002, 511241.002], [209200.978, 511250.186999999], [209186.182999998, 511258.850000001], [209177.112, 511264.177000001], [209159.285999998, 511274.734000001], [209143.383000001, 511284.162], [209127.813000001, 511293.227000002], [209111.366999999, 511303.061999999], [209095.316, 511312.537], [209080.509, 511321.177000001], [209066.217, 511329.449000001], [209050.212000001, 511338.951000001], [209036.960000001, 511346.730999999], [209020.114999998, 511356.754000001], [209004.287999999, 511366.201000001], [208995.272, 511371.076000001], [208982.785999998, 511377.745999999], [208975.456999999, 511382.842999998], [208961.315000001, 511391.570999999], [208945.418000001, 511400.897999998], [208929.489999998, 511409.897], [208914.046, 511417.960000001], [208895.419, 511423.828000002], [208877.853999998, 511426.173], [208861.631999999, 511427.241999999], [208842.888, 511428.447000001], [208824.903999999, 511429.425999999], [208805.811000001, 511430.629000001], [208787.013, 511431.517000001], [208768.438999999, 511432.295000002], [208750.129000001, 511432.984000001], [208729.993000001, 511433.284000002], [208713.026999999, 511433.019000001], [208694.958000001, 511431.732999999], [208672.721999999, 511429.282000002], [208653.423, 511426.544], [208628.368000001, 511422.982000001], [208608.471999999, 511420.155999999], [208590.052000001, 511417.333999999], [208571.954, 511414.563000001], [208553.960999999, 511411.75], [208535.890999999, 511408.997000001], [208518.320999999, 511406.368000001], [208502.300000001, 511403.879000001], [208491.322000001, 511402.072000001], [208473.162999999, 511399.438999999], [208455.18, 511396.618999999], [208437.429000001, 511393.879000001], [208419.453000002, 511391.278999999], [208399.177999999, 511387.995000001], [208381.405999999, 511385.238000002], [208361.635000002, 511381.941], [208343.033, 511379.221000001], [208324.748, 511376.372000001], [208306.545000002, 511373.517999999], [208288.458000001, 511370.638999999], [208270.570999999, 511367.956], [208254.511999998, 511365.447999999], [208245.681000002, 511363.956], [208227.416000001, 511361.403000001], [208209.864, 511358.802999999], [208191.840999998, 511356.221000001], [208173.997000001, 511353.521000002], [208155.879000001, 511350.936000001], [208138.362, 511348.352000002], [208117.127, 511345.088], [208098.919, 511342.892999999], [208082.557, 511340.267999999], [208065.293000001, 511337.673999999], [208047.188000001, 511334.929000001], [208028.412999999, 511332.366], [208011.449000001, 511329.941], [207992.741, 511326.877], [207975.16, 511324.188000001], [207956.677000001, 511321.456], [207939.605, 511318.829999998], [207922.443999998, 511316.357999999], [207904.234999999, 511313.592], [207887.752, 511311.263999999], [207871.577, 511308.701000001], [207852.739, 511306.004000001], [207834.725000001, 511303.120999999], [207816.469000001, 511300.469000001], [207797.761999998, 511297.660999998], [207779.552000001, 511294.916999999], [207755.088, 511291.145], [207736.072000001, 511288.362], [207717.530000001, 511285.526999999], [207699.592999998, 511282.642999999], [207680.717999998, 511279.627999999], [207661.291000001, 511276.519000001], [207641.743999999, 511273.410999998], [207621.824999999, 511270.011999998], [207603.046, 511267.296999998], [207584.723000001, 511264.541000001], [207566.285, 511261.844999999], [207547.408, 511259.004000001], [207528.918000001, 511256.219000001], [207505.602000002, 511252.362], [207486.392000001, 511249.800000001], [207467.331999999, 511246.870999999], [207449.754000001, 511244.239999998], [207431.316, 511241.651999999], [207413.34, 511238.954999998], [207394.664999999, 511236.048999999], [207374.535999998, 511232.888999999], [207356.146000002, 511230.146000002], [207338.879000001, 511227.442000002], [207320.866, 511224.651999999], [207303.399, 511221.829], [207287.048, 511219.159000002], [207273.153000001, 511216.346000001], [207255.879999999, 511210.936999999], [207238.987, 511203.958000001], [207222.776000001, 511196.682], [207206.09, 511190.046999998], [207186.305, 511184.837000001], [207165.706, 511184.009], [207147.532000002, 511186.094999999], [207129.210000001, 511188.881999999], [207111.215999998, 511190.572999999], [207093.903999999, 511189.379999999], [207080.241999999, 511187.410999998], [207061.201000001, 511184.681000002], [207042.892000001, 511182.048999999], [207024.712000001, 511179.421999998], [207005.936999999, 511176.627999999], [206987.019000001, 511173.784000002], [206967.050000001, 511170.658], [206948.284000002, 511168.116], [206929.93, 511165.263999999], [206911.339000002, 511162.638999999], [206892.453000002, 511159.829], [206873.272999998, 511156.789000001], [206854.829999998, 511154.063000001], [206839.693999998, 511151.842], [206829.673, 511150.169], [206810.956, 511147.443], [206793.232000001, 511144.817000002], [206774.056000002, 511141.945999999], [206755.618000001, 511139.085000001], [206737.432999998, 511136.460000001], [206722.151000001, 511134.241999999], [206710.555, 511132.405999999], [206691.782000002, 511129.702], [206672.794, 511126.892999999], [206654.173, 511124.050000001], [206635.811999999, 511121.225000001], [206618.465999998, 511118.460000001], [206601.892000001, 511115.907000002], [206584.142999999, 511113.232000001], [206564.851, 511110.407000002], [206546.828000002, 511107.827], [206530.545000002, 511105.366999999], [206511.186000001, 511102.638999999], [206492.592999998, 511099.649], [206476.272, 511097.350000001], [206463.647, 511095.289000001], [206434.699999999, 511090.877999999], [206417.159000002, 511088.175000001], [206398.805, 511085.326000001], [206380.284000002, 511082.438999999], [206362.923, 511079.918000001], [206345.761999998, 511077.318999998], [206337.657000002, 511076.022999998], [206318.978999998, 511073.030000001], [206300.418000001, 511070.166000001], [206282.261999998, 511067.443], [206263.910999998, 511064.618000001], [206245.469000001, 511061.598999999], [206227.848000001, 511058.835000001], [206217.748, 511057.159000002], [206195.375, 511053.578000002], [206177.166000001, 511050.717999998], [206159.037999999, 511047.524], [206140.493000001, 511044.638999999], [206124.116999999, 511042.021000002], [206106.105999999, 511039.316], [206089.631999999, 511036.541000001], [206071.254000001, 511033.730999999], [206052.954, 511030.895], [206035.671999998, 511028.184], [206017.249000002, 511025.328000002], [205999.096999999, 511022.408], [205982.145, 511019.881999999], [205972.590999998, 511018.254000001], [205952.739999998, 511015.333000001], [205933.822999999, 511012.465], [205918, 511010.045000002], [205908.204, 511008.092999998], [205890.101, 511005.217], [205872.372000001, 511002.362], [205857.057999998, 510999.93], [205821.441, 510994.065000001], [205802.414000001, 510991.024], [205782.789999999, 510987.842], [205763.923999999, 510984.353], [205746.243999999, 510980.741], [205729.607000001, 510977.511], [205720.673999999, 510975.68], [205701.645, 510971.886999998], [205683.609000001, 510968.105999999], [205665.627, 510964.664999999], [205647.555, 510960.827], [205629.588, 510957.239999998], [205612.261, 510953.546], [205598.669, 510950.800000001], [205580.579999998, 510947.159000002], [205562.107000001, 510943.592999998], [205544.919, 510940.127], [205527.469000001, 510936.611000001], [205510.522999998, 510933.039000001], [205493.495999999, 510929.478999998], [205474.706, 510925.427999999], [205457.199000001, 510921.772999998], [205439.817000002, 510917.598000001], [205421.223000001, 510913.498], [205403.868999999, 510909.710999999], [205385.300000001, 510905.609999999], [205368.907000002, 510902.467], [205343.412, 510897.425000001], [205324.759, 510893.879999999], [205308.088, 510890.728999998], [205299.061000001, 510888.432], [205280.206, 510883.664999999], [205262.638999999, 510877.535999998], [205245.647, 510870.631999999], [205228.487, 510862.934], [205210.919, 510855.581], [205193.017000001, 510848.390999999], [205176.555, 510842.068999998], [205164.767000001, 510837.23], [205145.653999999, 510830.795000002], [205128.201000001, 510825.019000001], [205109.635000002, 510819.002999999], [205091.396000002, 510813.361000001], [205071.984000001, 510807.605999999], [205054.083999999, 510802.583999999], [205035.605, 510797.822000001], [205016.206999999, 510793.346999999], [204997.642999999, 510789.618999999], [204977.756999999, 510786.798999999], [204959.293000001, 510785.896000002], [204940.732999999, 510786.100000001], [204921.754000001, 510787.798], [204904.579999998, 510790.442000002], [204891.719000001, 510792.999000002], [204873.193999998, 510798.25], [204855.256000001, 510804.806000002], [204837.289999999, 510811.396000002], [204818.938000001, 510816.473000001], [204800.436000001, 510820.067000002], [204781.030000001, 510822.392000001], [204764.548, 510824.272999998], [204745.359000001, 510826.085000001], [204739.952, 510826.693999998], [204737.48, 510828.011], [204733.793000001, 510829.008000001], [204728.181000002, 510830.467], [204707.574000001, 510832.111000001], [204686.500999998, 510834.188999999], [204667.357000001, 510836.379000001], [204647.638, 510838.486000001], [204638.796, 510839.486000001], [204617.359000001, 510841.782000002], [204596.884, 510844.149], [204575.658, 510846.151999999], [204554.103, 510847.443999998], [204532.600000001, 510846.666000001], [204516.555, 510844.795000002], [204507.221999999, 510843.248], [204487.313000001, 510838.537], [204467.670000002, 510832.342], [204448.738000002, 510824.006999999], [204430.541000001, 510814.217999998], [204413.149999999, 510802.774], [204396.658, 510791.227000002], [204381.776000001, 510781.967], [204375.758000001, 510778.489999998], [204356.910999998, 510769.331], [204337.537999999, 510761.432], [204320.552999999, 510755.971000001], [204307.045000002, 510752.353999998], [204294.602000002, 510750.103999998], [204294.524, 510750.123], [204291.609999999, 510749.642000001], [204281.655000001, 510748.405999999], [204261.423999999, 510747.076000001], [204241.899999999, 510746.000999998], [204224.305, 510745.035], [204217.605999999, 510744.388999999], [204199.022999998, 510743.953000002], [204189.361000001, 510744.283], [204184.732000001, 510745.423999999], [204174.811999999, 510747.515999999], [204164.541000001, 510746.710999999], [204156.620000001, 510745.971000001], [204154.695999999, 510745.914000001], [204154.295000002, 510745.901000001]]}, "properties": {"OBJECTID": 705, "SOORT": 1, "KPNIDENT": "3260", "STATUS": 1}}, {"type": "Feature", "id": 706, "geometry": {"type": "LineString", "coordinates": [[206040.184999999, 498769.982999999], [206040.296, 498755.247000001], [206040.272999998, 498734.984000001], [206040.357000001, 498713.392999999], [206040.403999999, 498685.366999999], [206040.296999998, 498664.752], [206040.504999999, 498646.234000001], [206041.304000001, 498623.197000001], [206043.210000001, 498603.377999999], [206047.504999999, 498576.293000001], [206052.186000001, 498554.577], [206057.184, 498537.482999999], [206063.697000001, 498517.493000001], [206070.721000001, 498497.585000001], [206077.559999999, 498483.109000001], [206081.583999999, 498475.272999998], [206092.782000002, 498455.355], [206103.116, 498437.842], [206114.078000002, 498419.464000002], [206125.081, 498401.364], [206136.083999999, 498383.263999999], [206150.607999999, 498358.793000001], [206162.566, 498338.510000002], [206172.627999999, 498322.238000002], [206184.440000001, 498302.291000001], [206191.629000001, 498290.405999999], [206206.940000001, 498264.052999999], [206218.396000002, 498245.636999998], [206226.285999998, 498232.588], [206237.789999999, 498214.592], [206250.098999999, 498197.267999999], [206262.405999999, 498180.655000001], [206273.715, 498165.681000002], [206286.583000001, 498149.848999999], [206299.567000002, 498134.855], [206315.798, 498116.27], [206328.219000001, 498104.204999998], [206341.759, 498091.215], [206344.732000001, 498088.019000001], [206347.798, 498085.272], [206356.901000001, 498077.278999999], [206369.627, 498065.559999999], [206384.693999998, 498052.541000001], [206401.374000002, 498039.706999999], [206417.620000001, 498027.919], [206434.991999999, 498015.793000001], [206452.136999998, 498003.642000001], [206468.405999999, 497992.477000002], [206484.838, 497979.022], [206501.441, 497965.846999999], [206519.916999999, 497950.431000002], [206537.704999998, 497934.48], [206550.460000001, 497923.32], [206567.647999998, 497906.511999998], [206582.511, 497891.892999999], [206597.452, 497876.745999999], [206610.973000001, 497862.166000001], [206624.842, 497847.359999999], [206643.530000001, 497825.063000001], [206657.550000001, 497808.063000001], [206668.971000001, 497793.861000001], [206679.026000001, 497779.346000001], [206688.785999998, 497766.583999999], [206700.074000001, 497750.570999999], [206711.429000001, 497733.75], [206722.309999999, 497717.028999999], [206733.789000001, 497698.829999998], [206747.502999999, 497674.772], [206756.863000002, 497658.489], [206765.168000001, 497641.43], [206774.16, 497624.061999999], [206782.787, 497605.820999999], [206793.081, 497582.962000001], [206802.004999999, 497564.965], [206810.510000002, 497547.260000002], [206820.796999998, 497530.017999999], [206831.550000001, 497513.094999999], [206843.173999999, 497495.938000001], [206850.568999998, 497486.511999998], [206862.805, 497472.576000001], [206875.217, 497457.061999999], [206887.941, 497441.594000001], [206900.555, 497425.712000001], [206910.864, 497411.986000001], [206920.305, 497398.857000001], [206931.313000001, 497381.804000001], [206941.081999999, 497365.112], [206950.447000001, 497347.015999999], [206956.101, 497337.022999998], [206958.712000001, 497331.039000001], [206961.344000001, 497326.243999999], [206968.932, 497304.912], [206973.596000001, 497286.113000002], [206978.684, 497266.550999999], [206983.295000002, 497247.883000001], [206988.399, 497229.443], [206994.671, 497204.875999998], [207000.035, 497184.142999999], [207004.870999999, 497166.364], [207009.907000002, 497145.438000001], [207013.18, 497132.681000002], [207018.305, 497113.837000001], [207024.004999999, 497091.759], [207028.500999998, 497073.572999999], [207034.25, 497053.261], [207038.210000001, 497037.282000002], [207044.118999999, 497015.098000001], [207049.778000001, 496993.526000001], [207054.688999999, 496974.175000001], [207058.202, 496960.353], [207063.769000001, 496939.721999999], [207069.333000001, 496917.973999999], [207074.265000001, 496898.884], [207079.184, 496879.215], [207083.521000002, 496863.070999999], [207088.794, 496843.692000002], [207094.739, 496822.129000001], [207099.890000001, 496801.443999998], [207104.263999999, 496784.679000001], [207109.874000002, 496762.182], [207113.945999999, 496747.123], [207119.624000002, 496726.206], [207124.614999998, 496705.989], [207130.783, 496683.469000001], [207135.975000001, 496663.504999999], [207139.390999999, 496651.390999999], [207144.322000001, 496631.214000002], [207149.048, 496612.114999998], [207154.535999998, 496592.940000001], [207159.412, 496573.923], [207164.263999999, 496554.969999999], [207168.5, 496537.697000001], [207173.201000001, 496517.752999999], [207177.208000001, 496497.965], [207179.947999999, 496478.473000001], [207181.546999998, 496458.145], [207182.311000001, 496439.166999999], [207182.011, 496420.791999999], [207180.896000002, 496400.333999999], [207178.791999999, 496379.798999999], [207175.787999999, 496359.392999999], [207171.59, 496338.469000001], [207166.703000002, 496317.967999998], [207160.691, 496297.550000001], [207153.894000001, 496277.892999999], [207146.276000001, 496259.596000001], [207139.094999999, 496244.412999999], [207130.715999998, 496229.568], [207120.684, 496212.484000001], [207109.484999999, 496195.677000001], [207098.191, 496179.999000002], [207086.23, 496163.425999999], [207074.952, 496147.916000001], [207063.894000001, 496132.620000001], [207053.006999999, 496117.355], [207042.074999999, 496102.212000001], [207027.846000001, 496082.949000001], [207016.134, 496066.381999999], [207004.592, 496050.159000002], [206992.912, 496033.848999999], [206981.706, 496017.318999998], [206970.545000002, 495998.068999998], [206962.681000002, 495980.651000001], [206955.800000001, 495961.666000001], [206949.298, 495942.629999999], [206942.088, 495923.267000001], [206934.140999999, 495902.967999998], [206926.657000002, 495884.693], [206918.607000001, 495866.557999998], [206910.144000001, 495848.785], [206901.647, 495830.857999999], [206893.030000001, 495813.083000001], [206883.954, 495795.357999999], [206874.326000001, 495777.877999999], [206864.300999999, 495759.811999999], [206853.895, 495741.074999999], [206842.217999998, 495720.090999998], [206833.723000001, 495704.765000001], [206823.366999999, 495685.864], [206813.809999999, 495668.668000001], [206804.451000001, 495651.708999999], [206794.388, 495633.704], [206784.828000002, 495616.335000001], [206775.226, 495599.168000001], [206765.875, 495582.024], [206754.931000002, 495562.498], [206744.817000002, 495543.938999999], [206736.304000001, 495526.550999999], [206728.484000001, 495508.890000001], [206721.851, 495490.737], [206716.355, 495472.366], [206710.956999999, 495450.686000001], [206706.590999998, 495431.109999999], [206702.585000001, 495410.802999999], [206698.578000002, 495390.954], [206694.839000002, 495371.772999998], [206691.873, 495354.101], [206688.879000001, 495333.991], [206686.947999999, 495313.583999999], [206686.252999999, 495293.142000001], [206686.616999999, 495273.168000001], [206687.884, 495251.592], [206689.237, 495231.712000001], [206690.653000001, 495211.815000001], [206692.044, 495191.471999999], [206693.612, 495171.795000002], [206695, 495150.782000002], [206696.541999999, 495130.622000001], [206697.859000001, 495110.761], [206699.25, 495090.787], [206700.800000001, 495070.168000001], [206702.434, 495048.035], [206704.467, 495028.846999999], [206707.414000001, 495010.118000001], [206711.138999999, 494991.142999999], [206715.789999999, 494972.011999998], [206720.938000001, 494951.640000001], [206725.416000001, 494933.124000002], [206730.546, 494913.820999999], [206735.875999998, 494892.623], [206740.907000002, 494873.627999999], [206745.895, 494853.576000001], [206750.818, 494835.008000001], [206755.528999999, 494816.028999999], [206760.353, 494797.484999999], [206765.464000002, 494778.486000001], [206771.225000001, 494755.596999999], [206776.063000001, 494736.912], [206780.681000002, 494718.355999999], [206785.453000002, 494699.739999998], [206789.864999998, 494681.434999999], [206795.491, 494660.701000001], [206800.291000001, 494641.769000001], [206804.978, 494622.791000001], [206809.752, 494604.427000001], [206814.408, 494586.006999999], [206818.504999999, 494568.881000001], [206822.975000001, 494552.079], [206827.504000001, 494534.125999998], [206831.728999998, 494517.197999999], [206837.511, 494496.019000001], [206842.171999998, 494477.022999998], [206847.452, 494456.785999998], [206853.028000001, 494435.760000002], [206858.245999999, 494415.079999998], [206862.859000001, 494396.313999999], [206867.250999998, 494378.728999998], [206872.201000001, 494359.655000001], [206877.013, 494340.987], [206881.829999998, 494321.767000001], [206886.416999999, 494303.197000001], [206891.375999998, 494283.749000002], [206895.978, 494265.085000001], [206901.184, 494246.226], [206905.932999998, 494226.734000001], [206912.692000002, 494201.588], [206917.66, 494182.881000001], [206921.605999999, 494164.131999999], [206925.101, 494144.283], [206927.967999998, 494127.552999999], [206930.552000001, 494112.311999999], [206933.269000001, 494093.363000002], [206936.416999999, 494074.056000002], [206939.550000001, 494055.034000002], [206942.782000002, 494035.368999999], [206946.204999998, 494013.796999998], [206949.239, 493994.34], [206952.537, 493974.522999998], [206955.995999999, 493954.443], [206959.414000001, 493934.524999999], [206962.278999999, 493915.995000001], [206965.322000001, 493896.120000001], [206968.340999998, 493877.370999999], [206971.386, 493858.144000001], [206974.659000002, 493838.447000001], [206977.855, 493819.943], [206980.909000002, 493801.25], [206984.151000001, 493781.749000002], [206987.173, 493761.783], [206990.703000002, 493742.050999999], [206994.063999999, 493722.427999999], [206996.877, 493706.487], [206998.951000001, 493691.309999999], [207001.405999999, 493671.311000001], [207004.096000001, 493652.162999999], [207007.028999999, 493633.136], [207010.026999999, 493608.951000001], [207012.493000001, 493589.526000001], [207015.081, 493571.059], [207017.590999998, 493552.159000002], [207020.151999999, 493533.285999998], [207022.914999999, 493513.829999998], [207025.340999998, 493494.875999998], [207027.907000002, 493475.971999999], [207030.375, 493456.054000001], [207033.548, 493435.057999998], [207036.897, 493417.627], [207041.065000001, 493398.105999999], [207047.043000001, 493378.392999999], [207053.101, 493359.581], [207059.443, 493341.006000001], [207065.026000001, 493322.837000001], [207071.333999999, 493303.489], [207077.482000001, 493284.642000001], [207083.488000002, 493265.302999999], [207089.669, 493246.454999998], [207096.313000001, 493225.622000001], [207102.686999999, 493206.315000001], [207108.545000002, 493187.039999999], [207114.440000001, 493168.094999999], [207120.182999998, 493150.291999999], [207125.896000002, 493131.609999999], [207131.995000001, 493112.723000001], [207137.949000001, 493093.969999999], [207143.920000002, 493074.776999999], [207149.296999998, 493057.342], [207155.208000001, 493038.039000001], [207160.570999999, 493018.594000001], [207165.353999998, 492999.835000001], [207170.379999999, 492980.548999999], [207175.302000001, 492961.445999999], [207180.355999999, 492941.669], [207185.061000001, 492922.359999999], [207190.467, 492902.375], [207195.283, 492883.377999999], [207200.206, 492864.743000001], [207205.030000001, 492846.442000002], [207209.883000001, 492826.938000001], [207214.835000001, 492807.806000002], [207219.68, 492788.93], [207224.331, 492769.872000001], [207229.234000001, 492750.296], [207234.261999998, 492731.186000001], [207239.063000001, 492712.300000001], [207243.842, 492693.335999999], [207248.949999999, 492674.504999999], [207253.881999999, 492655.929000001], [207258.502999999, 492636.956999999], [207263.260000002, 492618.096999999], [207268.416999999, 492598.761999998], [207274.673999999, 492577.574999999], [207280.677999999, 492559.002999999], [207287.675999999, 492540.613000002], [207295.274999999, 492521.923], [207302.862, 492503.579999998], [207308.949000001, 492488.431000002], [207316.607000001, 492470.083999999], [207324.217999998, 492451.379999999], [207331.956, 492432.952], [207339.438999999, 492414.410999998], [207347.037, 492396.151000001], [207354.234000001, 492378.495000001], [207362.249000002, 492359.877], [207369.993000001, 492341.212000001], [207377.449999999, 492322.701000001], [207383.581, 492305.409000002], [207389.717999998, 492286.188999999], [207395.081, 492267.809999999], [207399.673999999, 492248.702], [207403.973999999, 492228.701000001], [207407.208999999, 492209.395], [207410.649, 492182.175000001], [207412.649, 492160.748], [207414.693999998, 492139.745999999], [207416.658, 492118.568], [207421.526000001, 492106.868000001], [207438.587000001, 492087.879000001], [207447.234000001, 492042.32], [207418.756000001, 492044.905000001], [207419.500999998, 492009.787999999], [207421.405000001, 491990.528000001], [207423.015999999, 491971.100000001], [207424.671999998, 491951.842], [207426.250999998, 491932.366], [207427.863000002, 491912.684], [207429.213, 491896.723000001], [207430.965, 491877.868999999], [207432.502, 491859.112], [207434.232999999, 491839.197999999], [207435.894000001, 491819.662], [207438.011, 491795.765000001], [207439.513999999, 491775.620000001], [207441.267999999, 491755.704999998], [207439.291000001, 491742.495999999], [207440.164000001, 491725.592999998], [207441.366, 491709.607000001], [207442.896000002, 491691.566], [207444.100000001, 491671.691], [207445.859000001, 491652.162], [207447.456999999, 491631.32], [207448.978999998, 491611.357999999], [207450.245999999, 491596.052999999], [207451.976, 491573.969000001], [207453.873, 491551.432], [207455.09, 491534.054000001], [207456.686999999, 491516.100000001], [207457.822999999, 491500.096999999], [207459.263, 491482.809], [207460.778000001, 491462.566], [207462.372000001, 491443.377], [207463.962000001, 491424.951000001], [207465.329, 491404.182999998], [207466.960999999, 491383.477000002], [207468.802000001, 491361.927000001], [207470.372000001, 491342.078000002], [207471.951000001, 491322.877999999], [207473.897, 491300.982999999], [207475.844000001, 491280.561999999], [207477.899999999, 491259.863000002], [207480.109999999, 491240.712000001], [207481.885000002, 491221.594000001], [207483.914000001, 491202.723999999], [207485.931000002, 491184.245000001], [207487.697999999, 491164.456999999], [207489.969000001, 491145.015000001], [207491.568, 491125.826000001], [207493.585000001, 491104.789000001], [207494.596999999, 491084.588], [207495.101, 491065.651000001], [207495.101, 491045.704999998], [207495.017000001, 491028.034000002], [207493.84, 491004.138999999], [207492.831999999, 490984.105], [207491.991, 490963.988000002], [207491.068, 490943.445999999], [207489.971999999, 490923.840999998], [207489.131999999, 490904.649999999], [207488.541000001, 490887.057999998], [207487.532000002, 490867.384], [207486.774, 490850.892000001], [207486.017000001, 490831.27], [207485.173999999, 490811.162], [207484.249000002, 490793.743999999], [207483.658, 490771.693999998], [207483.239, 490756.379999999], [207483.155999999, 490736.598999999], [207484.502, 490717.655999999], [207487.359999999, 490698.215999998], [207488.116999999, 490691.307999998], [207488.620999999, 490680.807999998], [207489.039999999, 490667.923], [207489.545000002, 490654.82], [207492.572000001, 490637.460000001], [207496.695999999, 490615.758000001], [207501.659000002, 490594.967], [207506.370000001, 490575.953000002], [207510.916000001, 490558.778999999], [207515.960000001, 490539.963], [207520.677000001, 490521.508000001], [207526.230999999, 490500.555], [207530.436000001, 490483.813000001], [207535.907000002, 490463.280000001], [207541.168000001, 490443.026999999], [207546.313000001, 490423.432], [207551.287999999, 490403.833000001], [207555.300000001, 490386.670000002], [207558.861000001, 490366.850000001], [207561.311000001, 490349.327], [207562.870999999, 490330.392999999], [207564.059, 490309.013], [207564.061999999, 490288.498], [207563.419, 490270.401999999], [207562.719000001, 490251.364999998], [207561.614, 490230.495999999], [207560.583000001, 490211.896000002], [207563.195, 490196.210000001], [207562.728999998, 490172.304000001], [207560.675999999, 490151.947999999], [207560.396000002, 490141.509], [207554.612, 490139.085000001], [207545.284000002, 490139.737]]}, "properties": {"OBJECTID": 706, "SOORT": 1, "KPNIDENT": "3261", "STATUS": 1}}, {"type": "Feature", "id": 709, "geometry": {"type": "LineString", "coordinates": [[201818.193999998, 506724.936999999], [201816.467999998, 506718.688999999], [201812.967, 506707.612], [201808.256000001, 506688.697999999], [201802.719999999, 506668.800000001], [201796.899, 506649.147], [201790.82, 506629.537999999], [201782.052000001, 506602.892999999], [201775.057999998, 506583.079], [201767.897, 506563.921], [201760.688999999, 506544.958999999], [201752.956, 506526.412], [201743.793000001, 506505.576000001], [201735.112, 506486.600000001], [201726.640999999, 506468.556000002], [201717.723999999, 506449.732000001], [201708.842999998, 506431.061999999], [201700.16, 506412.511], [201688.572999999, 506387.706], [201680.927000001, 506371.317000002], [201672.868000001, 506354.109000001], [201664.962000001, 506337.261], [201656.853, 506320.173999999], [201648.423999999, 506302.188000001], [201640.09, 506284.100000001], [201631.848999999, 506265.844999999], [201623.829, 506247.909000002], [201615.883000001, 506230.010000002], [201608.002999999, 506212.034000002], [201600.272, 506194.092999998], [201592.563000001, 506175.899], [201585.438000001, 506157.791000001], [201579.798999999, 506139.208000001], [201576.008000001, 506119.668000001], [201575.131999999, 506099.66], [201574.370999999, 506079.592999998], [201573.278999999, 506060.063999999], [201572.357000001, 506040.283], [201572.212000001, 506021.359000001], [201573.895, 506015.829], [201575.397999998, 506003.774], [201575.563000001, 506000.160999998], [201581.201000001, 505980.208999999], [201587.186999999, 505960.75], [201592.078000002, 505941.535], [201593.934, 505922.84], [201592.048999999, 505902.949000001], [201588.039000001, 505883.019000001], [201583.447000001, 505863.219999999], [201578.625, 505843.208999999], [201573.594000001, 505823.331], [201567.877999999, 505803.370000001], [201562.182999998, 505783.647999998], [201557.147, 505764.960999999], [201551.5, 505742.923], [201546.916999999, 505723.092], [201543.761, 505703.921999998], [201540.464000002, 505684.234000001], [201538.691, 505669.557], [201534.197000001, 505645.392000001], [201531.583000001, 505625.469000001], [201529.346000001, 505605.743999999], [201527.671, 505586.022], [201526.164999999, 505566.749000002], [201524.495000001, 505543.818], [201522.987, 505524.537999999], [201525.215, 505523.024999999], [201524.537, 505514.280000001], [201524.484000001, 505513.592999998], [201524.368000001, 505512.098999999], [201524.344999999, 505511.794], [201523.723000001, 505503.771000002], [201523.719999999, 505503.732000001], [201523.699000001, 505503.500999998], [201523.261, 505498.756999999], [201523.203000002, 505498.125999998], [201522.993000001, 505495.84], [201519.741999999, 505487.870000001], [201519.284000002, 505482.247000001], [201517.171999998, 505463.399], [201514.984999999, 505443.579], [201512.456, 505423.677000001], [201509.982999999, 505404.111000001], [201507.710000001, 505384.204], [201505.978999998, 505364.956999999], [201504.741999999, 505343.831], [201504.552000001, 505322.660999998], [201505.088, 505303.122000001], [201505.789999999, 505282.952], [201506.184999999, 505262.866], [201506.359000001, 505241.953000002], [201506.272, 505221.892999999], [201505.552999999, 505202.263999999], [201503.969999999, 505182.846000001], [201499.916000001, 505164.013999999], [201490.375, 505139.938999999], [201480.868999999, 505123.068999998], [201470.431000002, 505106.872000001], [201462.502, 505094.471999999], [201425.706999999, 505036.471999999], [201407.300999999, 505008.059999999], [201395.919, 504991.995999999], [201384.942000002, 504975.675000001], [201374.458000001, 504960.066], [201363.567000002, 504943.875], [201357.541999999, 504932.793000001], [201347.579999998, 504916.140999999], [201336.982999999, 504899.272999998], [201325.304000001, 504882.976], [201311.853, 504870], [201303.245999999, 504863.942000002], [201294.377999999, 504858.283], [201288.844999999, 504854.929000001], [201282.958999999, 504850.552000001], [201280.362, 504844.763], [201279.421999998, 504840.916000001], [201279.249000002, 504840.267999999], [201272.670000002, 504826.32], [201263.144000001, 504809.379000001], [201259.010000002, 504799.644000001], [201256.739999998, 504790.861000001], [201255.239, 504776.879000001], [201255.074000001, 504756.327], [201254.458000001, 504744.997000001], [201252.173, 504737.453000002], [201252.765999999, 504717.144000001], [201253.568999998, 504697.767999999], [201253.421999998, 504677.534000002], [201253.037, 504656.932999998], [201252.530999999, 504652.054000001], [201252.982000001, 504651.592999998], [201252.875, 504643.688000001], [201278.265999999, 504642.655999999], [201278.265999999, 504638.280999999], [201282.046999998, 504638.280999999], [201282.078000002, 504637.125], [201287.094000001, 504637.375], [201292.078000002, 504637.969000001], [201297.015999999, 504638.905999999], [201301.890999999, 504640.125], [201306.671999998, 504641.688000001], [201311.344000001, 504643.530999999], [201316.969000001, 504646.155999999], [201316.530999999, 504647.063000001], [201319.688000001, 504648.563000001], [201387.796999998, 504505.125], [201379.875, 504501.280999999], [201377.063000001, 504507.030999999], [201331.796999998, 504484.969000001], [201330.921999998, 504464.844000001], [201389.780999999, 504468.313000001], [201394.655999999, 504424.280999999], [201394.484000001, 504411.688000001], [201394.171999998, 504398.530999999], [201393.405999999, 504378.094000001], [201391.98, 504354.493999999], [201391.140999999, 504338.688000001], [201388.813000001, 504321.780999999], [201370.515999999, 504321.530999999], [201370.5, 504323.219000001], [201346.140999999, 504322.875], [201346.155999999, 504321.688000001], [201343.015999999, 504321.625], [201343, 504322.844000001], [201313.655999999, 504322.438000001], [201313.671999998, 504321.25], [201310.530999999, 504321.188000001], [201310.515999999, 504322.405999999], [201281.328000002, 504322.030999999], [201281.344000001, 504320.813000001], [201278.203000002, 504320.780999999], [201278.188000001, 504321.969000001], [201249.421999998, 504321.594000001], [201237.063000001, 504321.813000001], [201237.009, 504321.116999999], [201236.379999999, 504311.493999999], [201235.342, 504290.875999998], [201234.260000002, 504271.385000002], [201233.002999999, 504251.232000001], [201231.651000001, 504231.359999999], [201229.986000001, 504211.609999999], [201229.934, 504210.835999999], [201228.618999999, 504191.403000001], [201226.484000001, 504171.872000001], [201224.962000001, 504151.607999999], [201223.284000002, 504131.348000001], [201221.800000001, 504111.186000001], [201220.679000001, 504091.013], [201217.861000001, 504071.522999998], [201215.952, 504052.817000002], [201213.653999999, 504032.964000002], [201212.713, 504022.438000001], [201213.171999998, 504012.526000001], [201218.52, 504003.585999999], [201224.131999999, 503995.056000002], [201235.388999999, 503978.57], [201236.488000002, 503976.280999999], [201239.52, 503971.524], [201243.046999998, 503963.037], [201242.794, 503953.033], [201242.219999999, 503951.818999998], [201238.024, 503942.941], [201226.978999998, 503924.232999999], [201217.386, 503906.692000002], [201207.958999999, 503889.414000001], [201198.302999999, 503875.43], [201186.57, 503859.407000002], [201174.666000001, 503843.980999999], [201162.598000001, 503828.497000001], [201150.657000002, 503813.046], [201137.528000001, 503796.723999999], [201125.324000001, 503781.504000001], [201112.912, 503765.760000002], [201100.890999999, 503750.219000001], [201088.570999999, 503734.658], [201075.521000002, 503718.164000001], [201063.226, 503702.73], [201057.418000001, 503695.603999998], [201054.092, 503691.524], [201050.546999998, 503687.175000001], [201038.664000001, 503671.846999999], [201026.449000001, 503656.537], [201021.423999999, 503648.493000001], [201005.263999999, 503628.010000002], [201002.499000002, 503624.475000001], [200988.947000001, 503608.486000001], [200977.208000001, 503593.050999999], [200964.693, 503578.068999998], [200951.877, 503562.181000002], [200939.34, 503546.357999999], [200926.59, 503530.309999999], [200914.405000001, 503514.850000001], [200902.221999999, 503499.723000001], [200895.605, 503491.449000001], [200890.495000001, 503484.969999999], [200889.886999998, 503484.039999999], [200886.767999999, 503480.581999999], [200879.634, 503472.083999999], [200866.555, 503455.497000001], [200853.668000001, 503439.502999999], [200840.647999998, 503424.806000002], [200832.254000001, 503416.506000001], [200818.418000001, 503401.649999999], [200803.791000001, 503387.436000001], [200788.627999999, 503373.77], [200773.579999998, 503359.548999999], [200759.182, 503345.524999999], [200745.129000001, 503332.030000001], [200737.410999998, 503326.616999999], [200736.848999999, 503326.223000001], [200731.601, 503324.063999999], [200719.982999999, 503324.623], [200707.464000002, 503334.581999999], [200691.375999998, 503347.463], [200675.901999999, 503360.054000001], [200660.778000001, 503372.348999999], [200656.918000001, 503375.173999999], [200656.373, 503375.59], [200655.409000002, 503376.311999999], [200655.379999999, 503376.329999998], [200655.204999998, 503376.403000001]]}, "properties": {"OBJECTID": 709, "SOORT": 1, "KPNIDENT": "3298", "STATUS": 1}}, {"type": "Feature", "id": 710, "geometry": {"type": "LineString", "coordinates": [[215781.353, 502504.513], [215781.511999998, 502503.833000001], [215781.796, 502491.460000001], [215782.037, 502474.449000001], [215782.686000001, 502447.476], [215784.221999999, 502406.517000001], [215764.092, 502396.851], [215744.184999999, 502387.631000001], [215722.338, 502377.375], [215716.699999999, 502374.664000001], [215685.355, 502361.908], [215674.486000001, 502355.921999998], [215665.072000001, 502353.473000001], [215657.609999999, 502354.710999999], [215643.828000002, 502359.142000001], [215624.999000002, 502362.726], [215620.855999999, 502362.585999999], [215605.458999999, 502358.991999999], [215582.068, 502352.749000002], [215571.960000001, 502350.715], [215542.039000001, 502345.228999998], [215532.159000002, 502342.741999999], [215512.151999999, 502337.706], [215494.425000001, 502333.386], [215468.223999999, 502328.409000002], [215456.142000001, 502328.651000001], [215444.537, 502346.590999998], [215430.410999998, 502367.208999999], [215429.237, 502368.903999999], [215428.009, 502370.671]]}, "properties": {"OBJECTID": 710, "SOORT": 1, "KPNIDENT": "3299", "STATUS": 1}}, {"type": "Feature", "id": 711, "geometry": {"type": "LineString", "coordinates": [[214271.820999999, 473887.002], [214272.315000001, 473882.708000001], [214273.914000001, 473876.561000001], [214279.074999999, 473857.101], [214284.302999999, 473837.734999999], [214289.675000001, 473818.420000002], [214294.964000002, 473798.965], [214300.182999998, 473779.416000001], [214304.749000002, 473759.831999999], [214308.557999998, 473744.863000002], [214306.504999999, 473742.901999999], [214301.291999999, 473737.921999998], [214299.245000001, 473735.995000001], [214297.173999999, 473734.145], [214293.618000001, 473730.785999998], [214285.583999999, 473723.414999999], [214279.228, 473717.546], [214264.232999999, 473704.238000002], [214249.289000001, 473690.609999999], [214234.425000001, 473677.096999999], [214219.390000001, 473663.409000002], [214207.506999999, 473652.741], [214198.442000002, 473644.752999999], [214194.309, 473640.947000001], [214195.783, 473632.482999999], [214197.986000001, 473621.011], [214201.772999998, 473601.295000002], [214205.839000002, 473581.419], [214209.741, 473561.384], [214210.407000002, 473558.528000001], [214194.752999999, 473545.993000001], [214178.976, 473533.061999999], [214170.401000001, 473525.964000002], [214163.410999998, 473520.236000001], [214157.484000001, 473515.364999998], [214147.879000001, 473507.491], [214132.09, 473494.467999998], [214116.642999999, 473481.842999998], [214101.07, 473469.079], [214095.267999999, 473464.405000001], [214085.598000001, 473456.526000001], [214069.715999998, 473443.438999999], [214068.063000001, 473441.574999999], [214063.418000001, 473458.659000002], [214059.502, 473472.789999999], [214056.552999999, 473483.212000001], [214052.859000001, 473482.515000001], [214051.796999998, 473482.039999999], [214046.296999998, 473480.993000001], [214044.362, 473480.579], [214041.866999999, 473480.063999999], [214039.309, 473479.491999999], [214031.517999999, 473477.835999999], [214029.061999999, 473477.188000001], [214027.195, 473476.796999998], [214031.673999999, 473461.419], [214039.32, 473435.221000001], [214042.888, 473423.833999999], [214042.717999998, 473423.590999998], [214038.752, 473422.34], [214012.392000001, 473415.092], [213994.447999999, 473410.177000001], [213974.931000002, 473404.691], [213954.101, 473398.875], [213933.844999999, 473393.311000001], [213913.535, 473387.587000001], [213913.028999999, 473387.453000002], [213905.629000001, 473385.338], [213884.585000001, 473379.467999998], [213863.809999999, 473373.776000001], [213842.835000001, 473367.669], [213827.294, 473363.557999998], [213806.109000001, 473357.545000002], [213787.054000001, 473352.355999999], [213767.026999999, 473346.826000001], [213744.804000001, 473340.195999999], [213724.572000001, 473333.048], [213704.304000001, 473325.756999999], [213684.037, 473318.550999999], [213664.002, 473311.587000001], [213643.73, 473304.362], [213621.93, 473296.550000001], [213602.109000001, 473289.532000002], [213583.07, 473282.715999998], [213563.601, 473275.752], [213543.855, 473268.798999999], [213524.958999999, 473262.164999999], [213506.509, 473255.191], [213505.394000001, 473254.715], [213497.688000001, 473251.859000001], [213477.658, 473244.710999999], [213457.486000001, 473237.620000001], [213437.261, 473230.271000002], [213416.877999999, 473222.943999998], [213396.774, 473215.991999999], [213376.155999999, 473208.840999998], [213355.774, 473201.789999999], [213335.083999999, 473194.307], [213314.464000002, 473187.173], [213294.52, 473179.960000001], [213274.767999999, 473172.778999999], [213254.006000001, 473165.647], [213250.114, 473185.162999999], [213246.16, 473206.024], [213242.192000002, 473226.671999998], [213232.032000002, 473231.601], [213220.861000001, 473236.943999998], [213203.127, 473245.559], [213187.999000002, 473239.217], [213168.638, 473231.732000001], [213148.241999999, 473226.390000001], [213134.454, 473221.857000001], [213113.875999998, 473215.745999999], [213093.335000001, 473208.083000001], [213074.476, 473198.581], [213054.929000001, 473189.359999999], [213035.208999999, 473182.302999999], [213015.340999998, 473175.232000001], [212994.761, 473168.509], [212976.070999999, 473159.034000002], [212965.664999999, 473152.772999998], [212951.337000001, 473137.423], [212937.452, 473122.368000001], [212933.548, 473119.136999998]]}, "properties": {"OBJECTID": 711, "SOORT": 1, "KPNIDENT": "3300", "STATUS": 1}}, {"type": "Feature", "id": 712, "geometry": {"type": "LineString", "coordinates": [[203931.877999999, 483602.249000002], [203943.629999999, 483616.688000001], [203956.929000001, 483632.942000002], [203969.471000001, 483648.509], [203981.938000001, 483664.68], [203993.125, 483680.697000001], [204004.328000002, 483697.162], [204015.219999999, 483716.548999999], [204022.368999999, 483730.761999998], [204032.458999999, 483752.701000001], [204040.416000001, 483769.853], [204048.004000001, 483787.973000001], [204057.050000001, 483808.182999998], [204064.48, 483826.651999999], [204073.306000002, 483845.140999999], [204081.723000001, 483863.877999999], [204088.66, 483882.026999999], [204096.903999999, 483900.691], [204104.975000001, 483918.787999999], [204113.305, 483937.625], [204121.285, 483955.743000001], [204128.982999999, 483973.782000002], [204135.798999999, 483991.953000002], [204141.784000002, 484010.315000001], [204147.607999999, 484031.596000001], [204152.022999998, 484051.157000002], [204155.353999998, 484070.713], [204158.138, 484090.511], [204159.585000001, 484110.453000002], [204160.403000001, 484127.193999998], [204161.009, 484146.579999998], [204161.076000001, 484149.785]]}, "properties": {"OBJECTID": 712, "SOORT": 1, "KPNIDENT": "3302", "STATUS": 1}}, {"type": "Feature", "id": 713, "geometry": {"type": "LineString", "coordinates": [[215351.820999999, 501232.090999998], [215361.410999998, 501235.208000001], [215378.241, 501241.874000002], [215392.881000001, 501254.436999999], [215407.375999998, 501266.949999999], [215424.07, 501276.984999999], [215440.886999998, 501287.065000001], [215457.179000001, 501297.114999998], [215473.664999999, 501307.09], [215494.284000002, 501319.550000001], [215506.82, 501335.875], [215518.035999998, 501351.388], [215529.011999998, 501366.98], [215538.155999999, 501380.191], [215541.447000001, 501400.649999999], [215543.912999999, 501421.239999998], [215546.866999999, 501440.962000001], [215549.315000001, 501460.686000001], [215550.539999999, 501470.728999998], [215550.495000001, 501471.530999999]]}, "properties": {"OBJECTID": 713, "SOORT": 1, "KPNIDENT": "3303", "STATUS": 1}}, {"type": "Feature", "id": 714, "geometry": {"type": "LineString", "coordinates": [[204496.886999998, 508153.546999998], [204490.625, 508152.864999998], [204491.350000001, 508150.318999998], [204492.206, 508148.096999999], [204494.739, 508141.412999999], [204496.931000002, 508135.151000001], [204497.184, 508134.699000001], [204493.943, 508133.151000001], [204495.780999999, 508128.627], [204500.980999999, 508114.543000001], [204509.752, 508118.416000001], [204510.331, 508118.136999998]]}, "properties": {"OBJECTID": 714, "SOORT": 1, "KPNIDENT": "3305", "STATUS": 1}}, {"type": "Feature", "id": 719, "geometry": {"type": "LineString", "coordinates": [[191006.989999998, 508944.484999999], [191007.160999998, 508928.245000001], [191006.625999998, 508920.484999999], [191007.160999998, 508903.984999999], [191007.875, 508895.691], [191006.982999999, 508889.447000001], [191008.855999999, 508879.903999999], [191015.813000001, 508814.528000001], [191020.449999999, 508768.596000001], [191023.215, 508742.640999999], [191029.191, 508681.101], [191033.383000001, 508641.947000001], [191034.364, 508629.370999999], [191036.951000001, 508610.818999998], [191038.734000001, 508600.563000001], [191041.855999999, 508588.076000001], [191045.412, 508579.217], [191061.745000001, 508543.214000002], [191064.370999999, 508528.412999999], [191064.920000002, 508499.013], [191069.590999998, 508475.383000001], [191078.480999999, 508433.063999999]]}, "properties": {"OBJECTID": 719, "SOORT": 1, "KPNIDENT": "3307", "STATUS": 1}}, {"type": "Feature", "id": 731, "geometry": {"type": "LineString", "coordinates": [[190114.530999999, 508869.535], [190114.884, 508870.188000001], [190115.116, 508870.559999999], [190115.524999999, 508871.480999999], [190120.901999999, 508868.940000001], [190131.249000002, 508864.103999998], [190131.230999999, 508864.032000002], [190150.695999999, 508855.07], [190169.206, 508846.449999999], [190188.015999999, 508837.647999998], [190207.5, 508828.300000001], [190226.204999998, 508818.877], [190244.993999999, 508809.618999999], [190263.392000001, 508800.168000001], [190281.590999998, 508791.072000001], [190300.153000001, 508781.688999999], [190318.249000002, 508772.515000001], [190337.388999999, 508762.772], [190355.806000002, 508753.5], [190373.986000001, 508744.259], [190391.929000001, 508735.173], [190408.061000001, 508727.074999999], [190414.019000001, 508725.465999998], [190418.509, 508720.423], [190419.815000001, 508716.68], [190424.427999999, 508701.149999999], [190424.993000001, 508697.085999999], [190428.732000001, 508690.570999999], [190434.352000002, 508687.989999998], [190449.010000002, 508684.469999999], [190451.443999998, 508683.833999999], [190451.395, 508683.409000002]]}, "properties": {"OBJECTID": 731, "SOORT": 1, "KPNIDENT": "3318", "STATUS": 1}}, {"type": "Feature", "id": 732, "geometry": {"type": "LineString", "coordinates": [[213563.838, 477191.118000001], [213381.537, 477187.532000002], [213195.250999998, 477182.352000002], [213079.09, 477183.971999999], [212944.682, 477187.594000001], [212804.594000001, 477192.077], [212689.759, 477193.197999999], [212555.684999999, 477195.925000001], [212511.230999999, 477199.66], [212442.868000001, 477210.120000001], [212344.693999998, 477225.436999999], [212269.98, 477225.436999999], [212164.335000001, 477228.052000001]]}, "properties": {"OBJECTID": 732, "SOORT": 1, "KPNIDENT": "3319", "STATUS": 1}}, {"type": "Feature", "id": 733, "geometry": {"type": "LineString", "coordinates": [[218181.438000001, 502981.502], [218180.760000002, 502990.629000001], [218180.078000002, 502999.578000002], [218179.736000001, 503002.982000001], [218178.602000002, 503013.385000002], [218177.186000001, 503023.919], [218175.535, 503028.561000001], [218174.738000002, 503031.91], [218172.585000001, 503041.088], [218170.386999998, 503047.910999998], [218167.259, 503053.487], [218165.318999998, 503056.603999998], [218156.791999999, 503065.067000002], [218145.809999999, 503074.682999998], [218120.114999998, 503089.550999999], [218112.563000001, 503095.072999999], [218110.405000001, 503098.761999998], [218112.249000002, 503103.767999999], [218114.420000002, 503110.034000002], [218117.693, 503125.607999999], [218121.034000002, 503140.899999999], [218122.684999999, 503149.633000001], [218123.568, 503150.717], [218123.732000001, 503151.449000001], [218123.986000001, 503153.103999998], [218124.316, 503154.923], [218124.399, 503155.730999999], [218125.140999999, 503158.695999999], [218133.412999999, 503168.949000001], [218145.300999999, 503182.134], [218155.131000001, 503193.892000001], [218160.879999999, 503201.445], [218161.734000001, 503203.585000001], [218162.465, 503205.552999999], [218163.41, 503208.596999999], [218163.815000001, 503210.791999999], [218164.245999999, 503212.723000001], [218166.307, 503231.594999999], [218168.721999999, 503249.298], [218170.721000001, 503265.171], [218171.125, 503272.188999999], [218169.598999999, 503278.009], [218168.339000002, 503280.162], [218166.945999999, 503281.807], [218165.173, 503283.199000001], [218159.602000002, 503285.344000001], [218148.607000001, 503285.874000002], [218140.350000001, 503287.248], [218134.087000001, 503285.745999999], [218126.026000001, 503284.684999999], [218106.574999999, 503283.011], [218087.456, 503281.629000001], [218075.829999998, 503281.204999998], [218074.181000002, 503281.469000001], [218055.134, 503282.002], [218035.096999999, 503283.315000001], [218017.057, 503284.48], [217997.228, 503285.515999999], [217976.295000002, 503286.754999999], [217955.721999999, 503287.602000002], [217940.478, 503288.627], [217933.213, 503290.991999999], [217931.486000001, 503291.388999999], [217928.932, 503291.668000001], [217931.173999999, 503298.914000001], [217936.048999999, 503316.363000002], [217940.850000001, 503334.168000001], [217945.763999999, 503352.436999999], [217950.193, 503368.943], [217951.034000002, 503372.337000001], [217950.818999998, 503380.605999999], [217947.267999999, 503385.868000001], [217928.368000001, 503392.423], [217908.508000001, 503398.978], [217889.050999999, 503405.675999999], [217870.173999999, 503411.903999999], [217851.548, 503418.144000001], [217839.552999999, 503422.493999999], [217820.899999999, 503429.304000001], [217809.088, 503434.138999999], [217796.958999999, 503437.907000002], [217792.454999998, 503438.629000001], [217784.645, 503439.890000001], [217766.701000001, 503441.335000001], [217747.195999999, 503441.588], [217729.998, 503442.017999999], [217711.419, 503442.443999998], [217699.938999999, 503442.747000001], [217697.537999999, 503442.601], [217693.568, 503442.616999999], [217690.728, 503442.763], [217687.857999999, 503442.565000001], [217681.131000001, 503442.432999998], [217661.491, 503442.239], [217642.405999999, 503442.813999999], [217622.793000001, 503442.984999999], [217602.544, 503442.868000001], [217582.454, 503442.691], [217562.956, 503441.796999998], [217543.526000001, 503440.305], [217526.745000001, 503439.741], [217517.732999999, 503439.463], [217514.410999998, 503439.328000002], [217509.289999999, 503438.715999998], [217507.822999999, 503438.612], [217497.679000001, 503436.107000001], [217479.372000001, 503429.565000001], [217462.149, 503421.364], [217445.065000001, 503412.539999999], [217437.967999998, 503408.794], [217435.048999999, 503407.767000001], [217431.998, 503405.989999998], [217425.713, 503402.84], [217408.504999999, 503392.932999998], [217392.350000001, 503383.620000001], [217374.903999999, 503374.249000002], [217357.313000001, 503364.517000001], [217340.013, 503355.276000001], [217322.134, 503345.535], [217304.228999998, 503336.736000001], [217298.546999998, 503333.717], [217295.852000002, 503332.103], [217292.412, 503330.379999999], [217290.131000001, 503329.677999999], [217273.987, 503320.403000001], [217257.585000001, 503310.859000001], [217250.484000001, 503307.524999999], [217246.723999999, 503305.363000002], [217243.223000001, 503299.175000001], [217243.026000001, 503297.910999998], [217230.522999998, 503282.951000001], [217218.158, 503268.375], [217205.524999999, 503253.708999999], [217193.774999999, 503239.120999999], [217182.028999999, 503224.331999999], [217179.473000001, 503220.673], [217177.541999999, 503219.048999999], [217177.179000001, 503218.559999999], [217175.868000001, 503215.815000001], [217176.054000001, 503214.824000001], [217181.118000001, 503200.908], [217188.019000001, 503184.892999999], [217199.418000001, 503169.127], [217214.408, 503157.109000001], [217230.646000002, 503146.671999998], [217248.135000002, 503137.487], [217265.092, 503129.629999999], [217282.596000001, 503122.741999999], [217297.135000002, 503116.467999998], [217299.166999999, 503114.201000001], [217306.272999998, 503105.024999999], [217311.173999999, 503092.048999999], [217311.986000001, 503090.136], [217313.390000001, 503086.614], [217313.199000001, 503067.563999999], [217313.414000001, 503048.379000001], [217314.247000001, 503028.693999998], [217316.063999999, 503010.353], [217317.035999998, 502999.546], [217317.850000001, 502990.877999999], [217318.550999999, 502983.585999999], [217319.098000001, 502980.105999999], [217320.460999999, 502972.554000001], [217320.726, 502969.368999999], [217320.932999998, 502967.267000001], [217321.669, 502956.02], [217323.636, 502941.131999999], [217323.817000002, 502932.715], [217329.026000001, 502933.239], [217329.975000001, 502933.427999999], [217338.750999998, 502934.515999999], [217350.758000001, 502935.835000001], [217369.796, 502938.296999998], [217389.412, 502940.598999999], [217399.497000001, 502941.458000001], [217401.738000002, 502941.574000001], [217420.57, 502944.418000001], [217439.945, 502947.120000001], [217459.449000001, 502950.123], [217467.109000001, 502951.193], [217501.598999999, 502956.261], [217509.285, 502956.447999999], [217526.249000002, 502956.925000001], [217550.263, 502963.75], [217559.030000001, 502972.102000002], [217569.221000001, 502979.250999998], [217587.614999998, 502983.083999999], [217606.096999999, 502986.182], [217624.736000001, 502988.342], [217637.907000002, 502989.921999998], [217647.829999998, 502991.024999999], [217653.653000001, 502991.791000001], [217657.934999999, 502992.344999999], [217661.739, 502992.736000001], [217671.227000002, 502994.133000001], [217673.945, 502994.719000001], [217681.427000001, 502995.537999999], [217696.605999999, 502998.787999999], [217712.561000001, 503002.193], [217716.228999998, 502986.618000001], [217719.300999999, 502973.686000001], [217721.977000002, 502974.438000001], [217724.274, 502974.962000001], [217724.956999999, 502975.109999999], [217725.954, 502975.328000002], [217729.256999999, 502976.116], [217731.23, 502976.579999998], [217732.704, 502977.043000001], [217736.02, 502977.585000001], [217751.353999998, 502981.605999999], [217758.201000001, 502983.263], [217767.477000002, 502970.467999998], [217776.489, 502957.967999998], [217777.352000002, 502956.989], [217778.690000001, 502955.331999999], [217780.405000001, 502953.888999999], [217781.931000002, 502952.289999999], [217793.857999999, 502939.993000001], [217807.602000002, 502925.954], [217815.458999999, 502916.166999999], [217822.605999999, 502907.265000001]]}, "properties": {"OBJECTID": 733, "SOORT": 1, "KPNIDENT": "3321", "STATUS": 1}}, {"type": "Feature", "id": 734, "geometry": {"type": "LineString", "coordinates": [[208021.168000001, 482363.614999998], [208007.598000001, 482352.982000001], [207999.260000002, 482350.372000001], [207991.355, 482349.838], [207984.708999999, 482350.943999998], [207978.741999999, 482354.541000001], [207933.208999999, 482403.342999998], [207918.331999999, 482420.182999998], [207871.000999998, 482472.662999999], [207633.039999999, 482735.719999999], [207607.535, 482763.759], [207572.712000001, 482802.015999999], [207519.577, 482859.646000002], [207452.464000002, 482936.405000001], [207437.668000001, 482954.144000001], [207397.940000001, 483003.436999999], [207364.670000002, 483044.309], [207311.943999998, 483109.379000001], [207275.649, 483155.32], [207245.076000001, 483193.331], [207222.923, 483226.438000001], [207205.511, 483256.929000001], [207185.647, 483298.864999998], [207169.052999999, 483335.16], [207159.897, 483352.653000001], [207145.592, 483376.767999999], [207124.420000002, 483408.976], [207111.993999999, 483426.469000001], [207092.784000002, 483449.030999999], [207079.133000001, 483464.480999999], [207055.508000001, 483487.942000002], [207025.916000001, 483512.874000002], [206933.462000001, 483591.022999998], [206916.623, 483606.717999998]]}, "properties": {"OBJECTID": 734, "SOORT": 1, "KPNIDENT": "3322", "STATUS": 1}}, {"type": "Feature", "id": 736, "geometry": {"type": "LineString", "coordinates": [[193685.971000001, 514835.519000001], [193686.640000001, 514823.907000002], [193686.886, 514803.879999999], [193687.340999998, 514780.423999999], [193687.364, 514756.734999999], [193687.726, 514732.377], [193688.098000001, 514709.204], [193688.162, 514687.486000001], [193688.668000001, 514667.173999999], [193688.800000001, 514645.517999999], [193688.811000001, 514626.287999999], [193689.364, 514604.506000001], [193689.809999999, 514583.908], [193690.18, 514563.329], [193690.541999999, 514541.688999999], [193691.894000001, 514514.399999999], [193692.736000001, 514494.026999999], [193693.870000001, 514471.171], [193694.796, 514450.690000001], [193696.708999999, 514405.467], [193697.999000002, 514384.971000001], [193698.936000001, 514363.920000002], [193699.93, 514342.745999999], [193700.870000001, 514322.451000001], [193701.945, 514301.802999999], [193703.045000002, 514279.590999998], [193703.940000001, 514259.386999998], [193705.116999999, 514237.822999999], [193706.329999998, 514215.965], [193706.079999998, 514197.627999999], [193707.765999999, 514180.800000001], [193708.995999999, 514162.166999999], [193710.245999999, 514144.061000001], [193711.795000002, 514125.232000001], [193711.140999999, 514106.429000001], [193711.541999999, 514088.063999999], [193712.581999999, 514069.307999998], [193714.276999999, 514050.853999998], [193716.065000001, 514032.664999999], [193717.956, 514014.169], [193719.879999999, 513995.600000001], [193722.026999999, 513976.228], [193724.164999999, 513957.322000001], [193726.859000001, 513938.780999999], [193729.423, 513920.589000002], [193730.480999999, 513901.533], [193732.522999998, 513882.548], [193734.173, 513859.647], [193736.419, 513835.368999999], [193738.572000001, 513814.300000001], [193741.015000001, 513790.320999999], [193743.140999999, 513771.857999999], [193745.118999999, 513752.921], [193747.249000002, 513730.774], [193749.388, 513708.32], [193751.390999999, 513687.864], [193754.307999998, 513665.910999998], [193756.489, 513645.956], [193758.526000001, 513626.120000001], [193760.191, 513606.309999999], [193762.166000001, 513586.030999999], [193763.761, 513563.401999999], [193765.535, 513540.620000001], [193765.469000001, 513516.579], [193765.977000002, 513513.243999999], [193765.697999999, 513508.681000002], [193764.498, 513503.988000002], [193760.063000001, 513495.57], [193745.596000001, 513478.447999999], [193732.550000001, 513462.427999999], [193719.829999998, 513446.57], [193705.385000002, 513428.962000001], [193691.556000002, 513412.015999999], [193676.912, 513394.405000001], [193664.357000001, 513378.149], [193651.839000002, 513363.32], [193636.491999999, 513344.938000001], [193620.456, 513326.384], [193605.486000001, 513309.874000002], [193593.210000001, 513296.515000001], [193580.272999998, 513281.991999999], [193568.401999999, 513268.767999999], [193556.706999999, 513256.033], [193544.833999999, 513242.736000001], [193532.151000001, 513228.283], [193517.449999999, 513211.603999998], [193506.465, 513197.395], [193502.636999998, 513189.116], [193499.723000001, 513180.454], [193489.991999999, 513145.566], [193484.524, 513127.342], [193478.907000002, 513109.969999999], [193473.510000002, 513092.182999998], [193467.309, 513075.300999999], [193460.375, 513057.488000002], [193453.737, 513040.895], [193449.199999999, 513023.568], [193446.230999999, 513005.658], [193443.464000002, 512987.534000002], [193440.344000001, 512969.375999998], [193436.84, 512951.181000002], [193433.557, 512933.489999998], [193432.265999999, 512925.550000001], [193430.074000001, 512920.826000001], [193427.932999998, 512918.142999999], [193425.316, 512915.585999999], [193407.613000002, 512908.475000001], [193390.188000001, 512900.458999999], [193373.677999999, 512892.636999998], [193357.747000001, 512883.370000001], [193342.873, 512873.296999998], [193327.388, 512863.386], [193310.465, 512855.491], [193294.936999999, 512845.442000002], [193281.956999999, 512833.284000002], [193272.583999999, 512819.925999999], [193263.333999999, 512805.894000001], [193252.480999999, 512789.802000001], [193242.447000001, 512774.747000001], [193229.326000001, 512760.405000001], [193214.179000001, 512748.546], [193200.559999999, 512733.855999999], [193187.702, 512717.903999999], [193175.203000002, 512703.456999999], [193163.443, 512688.624000002], [193153.567000002, 512672.646000002], [193148.055, 512653.984000001], [193144.993999999, 512638.828000002], [193141.412999999, 512631.747000001], [193124.215, 512622.732000001], [193106.738000002, 512613.756999999], [193090.221000001, 512604.302999999], [193074.184, 512593.725000001], [193059.631999999, 512581.728999998], [193046.510000002, 512567.096000001], [193035.103999998, 512551.429000001], [193023.761, 512534.287999999], [193014.004999999, 512517.502999999], [193005.112, 512499.316], [192998.657000002, 512480.969999999], [192992.585999999, 512462.48], [192989.647999998, 512451.362], [192989.094000001, 512441.478999998], [192988.265999999, 512421.848000001], [192989.024999999, 512403.394000001], [192990.193, 512382.077], [192992.879999999, 512360.695999999], [192998.087000001, 512339.484999999], [193006.693999998, 512320.423], [193017.5, 512304.947999999], [193030.134, 512288.441], [193042.162999999, 512272.434], [193057.785999998, 512252.252999999], [193069.443999998, 512236.399], [193081.318, 512220.195], [193093.245000001, 512203.909000002], [193105.090999998, 512187.353999998], [193115.629999999, 512170.557], [193125.127999999, 512153.618000001], [193135.66, 512135.409000002], [193146.063999999, 512117.949999999], [193156.541000001, 512099.092999998], [193165.973999999, 512080.671], [193172.159000002, 512062.754000001], [193178.149, 512044.467], [193184.590999998, 512025.045000002], [193190.081999999, 512006.225000001], [193196.164000001, 511987.072999999], [193202.469999999, 511967.653000001], [193204.322000001, 511960.982000001], [193210.592999998, 511950.212000001], [193222.828000002, 511936.491999999], [193235.702, 511921.554000001], [193248.633000001, 511907.348999999], [193261.465, 511893.934], [193275.853, 511878.756999999], [193291.030000001, 511863.48], [193298.664999999, 511855.888999999], [193306.706999999, 511850.454], [193311.653000001, 511848.894000001], [193316.41, 511847.848000001], [193323.765999999, 511847.416000001], [193345.078000002, 511848.765999999], [193351.59, 511848.796999998], [193357.021000002, 511847.348999999], [193361.664999999, 511845.085000001], [193365.331, 511842.752999999], [193379.774999999, 511829.449999999], [193395.316, 511816.813999999], [193410.601, 511803.736000001], [193415.852000002, 511799.719000001], [193420.634, 511797.193], [193428.284000002, 511794.374000002], [193446.317000002, 511789.379999999], [193462.258000001, 511785.563000001], [193483.019000001, 511781.986000001], [193502.436999999, 511778.241], [193522.853, 511773.296999998], [193543.094999999, 511769.567000002], [193564.019000001, 511766.717999998], [193586.230999999, 511763.827], [193606.706999999, 511762.918000001], [193627.509, 511762.204999998], [193645.927999999, 511762.355999999], [193666.714000002, 511764.377999999], [193687.226, 511766.651999999], [193709.125, 511765.052999999], [193727.66, 511760.164000001], [193746.829, 511757.226], [193767.274, 511756.392000001], [193787.909000002, 511758.370999999], [193808.177000001, 511763.311000001], [193828.653000001, 511768.203000002], [193845.982000001, 511774.077], [193865.318, 511779.677999999], [193885.357000001, 511781.771000002], [193905.396000002, 511782.452], [193926.602000002, 511780.026999999], [193945.978999998, 511779.567000002], [193965.864999998, 511783.535999998], [193985.75, 511788.993000001], [194003.109999999, 511796.021000002], [194022.302000001, 511799.469000001], [194038.429000001, 511799.625], [194056.592999998, 511806.833999999], [194074.443, 511814.723000001], [194093.550999999, 511822.585000001], [194110.776000001, 511831.395], [194128.219999999, 511840.653999999], [194145.603999998, 511850.434], [194162.142000001, 511861.427000001], [194179.631999999, 511873.895], [194196.037999999, 511885.147999998], [194213.936999999, 511893.385000002], [194233.223000001, 511898.903000001], [194252.851, 511904.754999999], [194270.772999998, 511910.989], [194289.030999999, 511920.151000001], [194305.844999999, 511930.322999999], [194322.203000002, 511942.234999999], [194339.379999999, 511954.993000001], [194354.603999998, 511966.491999999], [194370.377999999, 511979.238000002], [194385.155999999, 511992.537], [194399.984000001, 512006.839000002], [194414.149999999, 512020.552000001], [194427.397, 512033.363000002], [194441.647999998, 512046.526999999], [194455.997000001, 512060.877], [194469.513999999, 512076.089000002], [194481.943, 512091.524999999], [194493.690000001, 512107.052999999], [194504.953000002, 512122.982999999], [194517.105, 512138.960000001], [194529.234000001, 512154.855999999], [194541.462000001, 512171.618999999], [194551.791000001, 512187.013999999], [194565.550000001, 512208.804000001], [194574.322999999, 512226.136999998], [194577.305, 512235.197999999], [194578.237, 512245.261999998], [194578.583999999, 512264.776999999], [194580.931000002, 512284.307], [194585.438000001, 512302.903000001], [194597.715, 512318.717999998], [194608.721000001, 512335.302000001], [194619.530000001, 512351.776000001], [194630.214000002, 512368.324000001], [194641.335999999, 512386.355], [194651.789000001, 512402.870000001], [194662.874000002, 512419.092999998], [194673.443, 512435.475000001], [194683.723000001, 512451.796], [194694.754999999, 512470.070999999], [194706.484000001, 512485.302000001], [194712.368000001, 512491.138], [194715.528000001, 512494.513999999], [194717.506000001, 512496.298], [194720.186999999, 512497.217], [194723.811999999, 512496.307], [194738.82, 512488.883000001], [194754.181000002, 512480.364], [194768.568999998, 512472.213], [194778.469000001, 512467.434999999], [194782.054000001, 512466.287], [194785.511, 512466.438999999], [194788.072999999, 512468.278000001], [194789.949999999, 512470.357999999], [194798.258000001, 512483.465], [194807.681000002, 512501.316], [194817.886, 512521.357999999], [194827.364999998, 512540.596000001], [194835.458999999, 512557.859000001], [194844.646000002, 512577.359000001], [194852.717, 512594.506000001], [194860.506999999, 512611.072999999], [194869.223999999, 512630.195999999], [194877.463, 512647.798], [194885.269000001, 512665.226], [194889.870000001, 512674.489], [194894.673999999, 512683.403999999], [194903.077, 512701.934999999], [194912.215999998, 512721.798], [194920.364, 512739.947999999], [194928.155999999, 512757.357000001], [194935.651000001, 512775.456], [194942.460999999, 512791.489], [194950.545000002, 512813.248], [194957.372000001, 512833.245000001], [194963.833999999, 512851.669], [194969.984000001, 512870.335999999], [194975.658, 512886.598999999], [194982.397999998, 512907.373], [194988.877999999, 512927.401000001], [194994.848999999, 512945.965], [195000.565000001, 512963.962000001], [195006.146000002, 512981.098000001], [195012.344000001, 513000.82], [195018.199999999, 513020.197999999], [195023.478999998, 513038.234000001], [195029.125, 513056.932999998], [195034.112, 513074.057999998], [195041.348999999, 513095.642999999], [195047.416000001, 513114.458000001], [195053.625, 513133.892999999], [195059.927999999, 513151.719999999], [195068.873, 513166.646000002], [195078.695999999, 513181.114999998], [195090.011, 513197.059], [195101.960999999, 513213.304000001], [195113.923, 513229.798], [195126.039000001, 513246.061999999], [195137.916000001, 513262.695999999], [195148.374000002, 513276.831], [195161.122000001, 513294.805], [195172.226, 513310.313999999], [195195.868000001, 513343.280999999], [195207.532000002, 513359.434], [195219.480999999, 513375.960000001], [195230.984999999, 513392.070999999], [195242.725000001, 513408.912], [195253.554000001, 513423.809999999], [195264.473000001, 513439.263999999], [195275.449999999, 513454.557999998], [195287.030999999, 513470.66], [195300.182, 513489.263], [195312.717, 513506.298], [195324.476, 513522.237], [195336.048999999, 513539.653999999], [195348.103999998, 513556.408], [195360.692000002, 513574.100000001], [195373.614, 513591.390000001], [195388.306000002, 513605.342999998], [195403.491999999, 513620.409000002], [195417.491, 513634.910999998], [195434.68, 513653.671999998], [195446.914000001, 513670.348000001], [195457.613000002, 513687.147], [195467.668000001, 513703.324999999], [195478.634, 513720.118999999], [195489.247000001, 513736.774999999], [195499.298, 513752.346999999], [195510.287, 513769.598000001], [195521.239, 513786.829999998], [195532.184999999, 513804], [195543.489, 513821.23], [195554.561999999, 513838.061000001], [195565.239999998, 513854.114999998], [195576.454999998, 513870.899], [195587.725000001, 513887.793000001], [195600.177999999, 513905.43], [195613.464000002, 513923.050999999], [195626.662, 513940.147], [195639.603999998, 513955.725000001], [195652.405000001, 513971.511], [195664.170000002, 513987.044], [195676.853, 514004.41], [195688.734999999, 514021.375999998], [195700.925999999, 514037.315000001], [195713.030999999, 514053.734000001], [195724.697999999, 514070.129999999], [195737.056000002, 514087.487], [195748.866999999, 514103.927000001], [195761.002, 514120.451000001], [195772.809, 514136.441], [195784.184999999, 514152.436999999], [195796.373, 514169.045000002], [195808.403999999, 514185.515999999], [195812.892999999, 514192.120999999], [195815.702, 514198.960000001], [195816.765000001, 514203.298], [195819.771000002, 514223.25], [195823.057999998, 514241.634], [195826.221000001, 514261.440000001], [195829.754000001, 514280.951000001], [195832.855, 514300.432999998], [195836.109000001, 514319.199000001], [195839.306000002, 514339.451000001], [195842.305, 514358.392000001], [195845.548, 514378.149999999], [195849.579, 514398.182999998], [195851.1961, 514405.416200001]]}, "properties": {"OBJECTID": 736, "SOORT": 1, "KPNIDENT": "3306", "STATUS": 1}}, {"type": "Feature", "id": 740, "geometry": {"type": "LineString", "coordinates": [[192202.846000001, 510895.278000001], [192218.355, 510904.697000001], [192232.381000001, 510914.682], [192250.555, 510928.225000001], [192266.407000002, 510940.324999999], [192282.427000001, 510952.243999999], [192298.263999999, 510964.250999998], [192314.217999998, 510976.236000001], [192330.230999999, 510988.166999999], [192346.151000001, 511000.192000002], [192362.252, 511012.004000001], [192378.197999999, 511023.920000002], [192394.515999999, 511035.373], [192410.817000002, 511046.842999998], [192415.021000002, 511049.649], [192417.342999998, 511055.43], [192419.734000001, 511062.215], [192426.544, 511081.443], [192431.916999999, 511100.202], [192436.445, 511118.175000001], [192440.557999998, 511137.155000001], [192446.509, 511161.149999999], [192451.217999998, 511180.947000001], [192460.486000001, 511217.677000001], [192465.199000001, 511236.063000001], [192469.057999998, 511248.919], [192475.642000001, 511274.625], [192480.805, 511292.892000001], [192486.083000001, 511310.609000001], [192492.289000001, 511329.420000002], [192499.59, 511346.223999999], [192510.206, 511363.750999998], [192517.745000001, 511375.982999999], [192526.642999999, 511389.842], [192537.024999999, 511406.313999999], [192548.061000001, 511422.870999999], [192559.978, 511439.719999999], [192570.170000002, 511453.896000002], [192581.690000001, 511469.681000002], [192592.795000002, 511484.5], [192604.09, 511499.662999999], [192615.471000001, 511514.719000001], [192630.498, 511531.844999999], [192643.094999999, 511547.225000001], [192655.588, 511562.162], [192667.480999999, 511577.173999999], [192679.463, 511592.958999999], [192692.052999999, 511605.697999999], [192705.546999998, 511619.807999998], [192717.611000001, 511635.894000001], [192730.441, 511650.127999999], [192742.993999999, 511664.818999998], [192754.405000001, 511678.239999998], [192779.370999999, 511707.263], [192792.256999999, 511721.703000002], [192808.477000002, 511731.642000001], [192823.818, 511736.688000001], [192841.631999999, 511739.090999998], [192860.138, 511738.170000002], [192879.737, 511735.73], [192898.756999999, 511731.171], [192912.416999999, 511727.221999999], [192928.852000002, 511722.399999999], [192948.851, 511716.248], [192967.234999999, 511710.701000001], [192985.317000002, 511705.083000001], [193003.237, 511699.535], [193021.136, 511694.248], [193039.114999998, 511689.101], [193056.568999998, 511683.785999998], [193073.763, 511678.215999998], [193091.295000002, 511672.690000001], [193109.011999998, 511667.908], [193127.278000001, 511662.061999999], [193145.090999998, 511656.399], [193163.291999999, 511650.267999999], [193180.820999999, 511645.32], [193200.284000002, 511639.269000001], [193219.984999999, 511633.351], [193239.462000001, 511627.649], [193258.965, 511622.048], [193277.353, 511616.892999999], [193295.646000002, 511612.578000002], [193314.015000001, 511608.486000001], [193331.232000001, 511604.66], [193351.879000001, 511599.627999999], [193367.124000002, 511594.285], [193381.063999999, 511584.827], [193392.664000001, 511572.899999999], [193403.353999998, 511560.386], [193413.184999999, 511548.631999999], [193424.421, 511534.706], [193435.289999999, 511521.337000001], [193446.245999999, 511507.702], [193458.09, 511493.477000002], [193469.420000002, 511480.019000001], [193489.331, 511456.101], [193507.168000001, 511443.588], [193526.166999999, 511430.923999999], [193544.578000002, 511436.232999999], [193563.682, 511441.704999998], [193582.673, 511447.210000001], [193601.807999998, 511452.677000001], [193620.897, 511458.057], [193639.989, 511463.471999999], [193659.135000002, 511468.962000001], [193678.122000001, 511474.394000001], [193697.247000001, 511479.794], [193716.375999998, 511485.232999999], [193735.436999999, 511490.616], [193754.548, 511496.085000001], [193773.602000002, 511501.509], [193793.657000002, 511507.418000001], [193811.651999999, 511512.811999999], [193830.611000001, 511518.609000001], [193849.552000001, 511524.497000001], [193868.447000001, 511530.324000001], [193887.401999999, 511536.100000001], [193906.41, 511541.980999999], [193925.418000001, 511547.758000001], [193944.443999998, 511553.546], [193960.495000001, 511558.390999999], [193980.226, 511564.306000002], [194000.054000001, 511570.374000002], [194019.465, 511576.302999999], [194039.252999999, 511582.342999998], [194055.739, 511587.263], [194074.491, 511592.960999999], [194093.984999999, 511598.934999999], [194113.991, 511604.993999999], [194134.239, 511611.215], [194150.758000001, 511616.170000002], [194169.785, 511621.995000001], [194189.318999998, 511628.002999999], [194210.151000001, 511634.221999999], [194229.254000001, 511640.339000002], [194248.094999999, 511646.074999999], [194267.280999999, 511652.079], [194286.524999999, 511658.379999999], [194305.991, 511664.682], [194323.772, 511670.623], [194341.666000001, 511677.002], [194360.432999998, 511685.818], [194377.184999999, 511696.728999998], [194393.123, 511709.074000001], [194408.111000001, 511721.465], [194421.870000001, 511732.710000001], [194436.151000001, 511744.555], [194448.412999999, 511724.241999999], [194455.364999998, 511713.234999999], [194475.447999999, 511721.346000001], [194481.434999999, 511722.890999999], [194485.875999998, 511721.732000001], [194488.697000001, 511720.98], [194493.673999999, 511724.748], [194500.958000001, 511728.704], [194505.682, 511730.833000001], [194510.182, 511742.127999999], [194530.028999999, 511756.576000001], [194503.113000002, 511799.524999999], [194512.728, 511807.465999998], [194530.395, 511822.006000001], [194546.831, 511835.566], [194561.638999999, 511847.818], [194575.124000002, 511858.776999999], [194591.866999999, 511872.552999999], [194607.395, 511884.802999999], [194624.307999998, 511896.41], [194641.802000001, 511906.377999999], [194645.670000002, 511911.449999999], [194648.684999999, 511914.940000001], [194649.807999998, 511916.688000001], [194655.587000001, 511923.634], [194658.484999999, 511930.509], [194660.193999998, 511940.162], [194652.23, 511958.793000001], [194644.168000001, 511977.890000001], [194639.136999998, 511997.313000001], [194642.752, 512017.522999998], [194651.921999998, 512035.510000002], [194661.682999998, 512052.361000001], [194671.629999999, 512069.634], [194681.539000001, 512087.201000001], [194692.649, 512106.502999999], [194702.193, 512123.265999999], [194711.263, 512139.419], [194720.909000002, 512156.072999999], [194730.763, 512173.158], [194741.374000002, 512191.644000001], [194750.458999999, 512208.894000001], [194758.986000001, 512225.017000001], [194767.883000001, 512242.009], [194779.737, 512261.050999999], [194789.243000001, 512276.984000001], [194798.539000001, 512291.853], [194809.114, 512307.956], [194820.908, 512326.397999998], [194837.725000001, 512351.054000001], [194850.943999998, 512371.017000001], [194862.401999999, 512387.73], [194873.247000001, 512404.212000001], [194883.850000001, 512419.988000002], [194895.986000001, 512437.532000002], [194911.681000002, 512460.318999998], [194924.164000001, 512478.658], [194934.921, 512494.785], [194945.333999999, 512509.419], [194954.357000001, 512527.098000001], [194961.967999998, 512546.511999998], [194969.083000001, 512563.798999999], [194976.477000002, 512581.418000001], [194984.517000001, 512600.245000001], [194993.471000001, 512620.149999999], [195002.607000001, 512640.675000001], [195010.662999999, 512658.693], [195018.300000001, 512676.533], [195025.41, 512693.153999999], [195033.677000001, 512712.748], [195043.142000001, 512731.838], [195056.098999999, 512748.318], [195072.403999999, 512758.300000001], [195089.77, 512766.965999998], [195106.453000002, 512775.355], [195124.526000001, 512784.912999999], [195141.201000001, 512793.263999999], [195158.664000001, 512801.960000001], [195175.897999998, 512810.800000001], [195191.545000002, 512818.329999998], [195208.250999998, 512826.438999999], [195225.467999998, 512835.008000001], [195242.030000001, 512843.431000002], [195259.052999999, 512851.963], [195277.09, 512861.118999999], [195293.085999999, 512868.949999999], [195309.894000001, 512877.495999999], [195327.170000002, 512886.089000002], [195343.500999998, 512894.390000001], [195362.434, 512904.015999999], [195378.140000001, 512912.513999999], [195395.840999998, 512920.804000001], [195413.223000001, 512929.568999998], [195431.853, 512938.673], [195449.537999999, 512947.800000001], [195466.581999999, 512956.467999998], [195483.033, 512965.041000001], [195499.881999999, 512973.524], [195516.804000001, 512982.557], [195535.318999998, 512992.248], [195549.113000002, 512999.351], [195567.131000001, 513008.706], [195583.977000002, 513016.75], [195600.969000001, 513024.921], [195619.276999999, 513032.511], [195637.204999998, 513039.892999999], [195654.552999999, 513046.988000002], [195672.739, 513053.829999998], [195691.238000002, 513060.811999999], [195707.276000001, 513066.978999998], [195724.940000001, 513073.673], [195742.881999999, 513080.697999999], [195760.741, 513087.456], [195778.931000002, 513094.695999999], [195796.844000001, 513101.647999998], [195814.372000001, 513108.033], [195830.421999998, 513114.353], [195848.743999999, 513121.484999999], [195866.524, 513128.247000001], [195885.530000001, 513136.009], [195901.366999999, 513141.958999999], [195919.715, 513148.969999999], [195936.822999999, 513155.495000001], [195954.749000002, 513162.157000002], [195974.754999999, 513168.653000001], [195991.098999999, 513172.842], [196009.861000001, 513176.914000001], [196028.491, 513180.105], [196047.460999999, 513183.541000001], [196067.083000001, 513186.954], [196084.013, 513189.364], [196103.265000001, 513191.967], [196122.653000001, 513195.151999999], [196142.114, 513197.765000001], [196161.443999998, 513200.715999998], [196181.210000001, 513204.324000001], [196187.230999999, 513204.98], [196190.410999998, 513205.164999999], [196194.254999999, 513205.552999999], [196199.057, 513206.136999998], [196203.956, 513206.596000001], [196207.598000001, 513207.175000001], [196220.478, 513208.989999998], [196238.25, 513211.658], [196257.083000001, 513214.988000002], [196275.837000001, 513218.697000001], [196293.969000001, 513224.875999998], [196312.103999998, 513231.703000002], [196332.254000001, 513239.083999999], [196356.478, 513248.618999999], [196378.098999999, 513257.092999998], [196396.886999998, 513264.611000001], [196414.758000001, 513271.708000001], [196432.456, 513278.896000002], [196450.307, 513286.142000001], [196469.907000002, 513293.809], [196488.223999999, 513300.91], [196505.938000001, 513307.675999999], [196524.090999998, 513314.495999999], [196542.184999999, 513320.313000001], [196562.123, 513325.447000001], [196582.254000001, 513329.820999999], [196599.908, 513333.465999998], [196619.033, 513337.278999999], [196636.140999999, 513341.333999999], [196655.449000001, 513344.936999999], [196674.988000002, 513348.844999999], [196693.59, 513352.977000002], [196712.129000001, 513357.100000001], [196732.931000002, 513361.609999999], [196758.133000001, 513366.225000001], [196777.146000002, 513370.179000001], [196796.289999999, 513374.087000001], [196814.447999999, 513378.074999999], [196829.973999999, 513382.166000001], [196851.517000001, 513385.855999999], [196869.943999998, 513389.612], [196888.438000001, 513393.460000001], [196906.807999998, 513397.464000002], [196927.112, 513402.278999999], [196947.818, 513406.927000001], [196966.208999999, 513410.763999999], [196985.449999999, 513414.791999999], [197004.493999999, 513418.726], [197023.988000002, 513422.776999999], [197040.725000001, 513426.754999999], [197058.964000002, 513430.761], [197078.473000001, 513434.697000001], [197096.806000002, 513438.403000001], [197121.271000002, 513443.475000001], [197143.627, 513448.634], [197162.664000001, 513452.497000001], [197181.388999999, 513456.379999999], [197200.004000001, 513460.328000002], [197218.863000002, 513464.522999998], [197237.333999999, 513468.346999999], [197256.043000001, 513472.338], [197275.054000001, 513476.445999999], [197297.447999999, 513480.877], [197317.346000001, 513485.190000001], [197337.907000002, 513489.699999999], [197356.238000002, 513493.690000001], [197375.210000001, 513497.669], [197394.107999999, 513501.294], [197414.252, 513505.517000001], [197431.903999999, 513509.193], [197452.191, 513513.578000002], [197470.956999999, 513517.702], [197490.543000001, 513521.754999999], [197513.177000001, 513526.567000002], [197529.456999999, 513529.822999999], [197547.877, 513533.774], [197566.568999998, 513537.929000001], [197585.631999999, 513541.892999999], [197604.623, 513545.715999998], [197621.013999999, 513549.067000002], [197637.261, 513552.403999999], [197656.269000001, 513556.703000002], [197675.539999999, 513560.684999999], [197695.199999999, 513564.429000001], [197718.748, 513569.978], [197735.081999999, 513573.215], [197754.351, 513576.789000001], [197773.559, 513581.004999999], [197792.719999999, 513585.458000001], [197816.039999999, 513593.965], [197825.782000002, 513597.090999998]]}, "properties": {"OBJECTID": 740, "SOORT": 1, "KPNIDENT": "3308", "STATUS": 1}}, {"type": "Feature", "id": 741, "geometry": {"type": "LineString", "coordinates": [[205516.151999999, 489433.004999999], [205520.925000001, 489445.901999999], [205528.863000002, 489464.692000002], [205537.747000001, 489483.079999998], [205546.888, 489499.816], [205557.140000001, 489516.506999999], [205568.528000001, 489534.083000001], [205578.888999999, 489549.710000001], [205589.057, 489565.199000001], [205599.864999998, 489581.561000001], [205612.329, 489600.294], [205623.458000001, 489617.245999999], [205634.123, 489633.149], [205644.886999998, 489649.567000002], [205655.534000002, 489665.732000001], [205666.181000002, 489681.932], [205678.66, 489700.649999999], [205688.861000001, 489716.168000001], [205699.581999999, 489732.409000002], [205710.089000002, 489748.309999999], [205720.920000002, 489765.081], [205734.234000001, 489785.059999999], [205743.552000001, 489799.261], [205753.964000002, 489815.204], [205765.113000002, 489831.829999998], [205775.787, 489848.158], [205788.778999999, 489867.780999999], [205800.272, 489884.133000001], [205810.642000001, 489900.699999999], [205821.096999999, 489916.449999999], [205831.372000001, 489931.883000001], [205844.092999998, 489951.344999999], [205855.653999999, 489968.903999999], [205866.348000001, 489985.465], [205877.396000002, 490002.192000002], [205888.420000002, 490018.618000001], [205899.024, 490034.605], [205909.679000001, 490050.787999999], [205921.238000002, 490067.925999999], [205931.885000002, 490083.879000001], [205942.890999999, 490100.528000001], [205954.27, 490117.789000001], [205964.838, 490133.688000001], [205975.727000002, 490150.088], [205987.098999999, 490167.298], [205997.197000001, 490182.828000002], [206009.311999999, 490201.545000002], [206019.515999999, 490217.804000001], [206029.579999998, 490235.572000001], [206039.350000001, 490254.673999999], [206047.612, 490272.636999998], [206055.888, 490292.193], [206062.493000001, 490310.668000001], [206068.517999999, 490328.953000002], [206074.039000001, 490348.177000001], [206078.114, 490365.848000001], [206082.256999999, 490386.350000001], [206085.886999998, 490405.397], [206089.513999999, 490424.855999999], [206092.800999999, 490443.289999999], [206096.316, 490463.754000001], [206099.616999999, 490483.368000001], [206103.272, 490503.833000001], [206107.002999999, 490525.304000001], [206110.631000001, 490544.978999998], [206113.943, 490563.934999999], [206117.263999999, 490583.302999999], [206120.627999999, 490602.374000002], [206124.072000001, 490621.901000001], [206127.403000001, 490641.135000002], [206130.942000002, 490660.813999999], [206134.384, 490680.473000001], [206137.710000001, 490699.561999999], [206141.261, 490719.624000002], [206144.677999999, 490739.280999999], [206148.124000002, 490759.868999999], [206151.835000001, 490780.078000002], [206155.061000001, 490799.010000002], [206158.576000001, 490818.375], [206161.789000001, 490837.559999999], [206165.034000002, 490856.491], [206168.953000002, 490878.434999999], [206172.182, 490897.193999998], [206175.647999998, 490916.228], [206179.122000001, 490935.592], [206182.272, 490953.851], [206186.351, 490976.945], [206189.749000002, 490995.855], [206193.282000002, 491014.827], [206196.987, 491033.993000001], [206200.179000001, 491051.066], [206205.311000001, 491076.861000001], [206209.269000001, 491095.467999998], [206213.188999999, 491114.348000001], [206217.210999999, 491133.818999998], [206221.414999999, 491152.750999998], [206225.954, 491173.412999999], [206230.370999999, 491192.616], [206234.920000002, 491212.702], [206239.316, 491232.028000001], [206243.929000001, 491251.852000002], [206248.48, 491271.754999999], [206252.677000001, 491290.359999999], [206257.028999999, 491309.291999999], [206261.259, 491327.850000001], [206265.403000001, 491345.796999998], [206270.489, 491368.030999999], [206275.085000001, 491387.916999999], [206279.366999999, 491406.796999998], [206283.783, 491425.995999999], [206288.238000002, 491445.197999999], [206292.927000001, 491465.727000002], [206297.541999999, 491485.796], [206301.824999999, 491504.409000002], [206306.548999999, 491524.572999999], [206310.853999998, 491543.613000002], [206315.280000001, 491562.688999999], [206319.561000001, 491581.438000001], [206323.949999999, 491600.526000001], [206328.620999999, 491620.868000001], [206333.015000001, 491639.960999999], [206337.168000001, 491658.283], [206341.477000002, 491676.844000001], [206346.02, 491696.603], [206350.346999999, 491715.249000002], [206354.708999999, 491733.710999999], [206357.684999999, 491747.414000001], [206360.050999999, 491757.910999998], [206364.932999998, 491778.688999999], [206369.513, 491798.829999998], [206373.348000001, 491817.875], [206365.568, 491837.541999999], [206360.995000001, 491855.318], [206356.300000001, 491873.607999999], [206358.022, 491893.044], [206362.791000001, 491908.5], [206359.857000001, 491910.978999998], [206358.519000001, 491912.368000001], [206355.872000001, 491915.570999999], [206352.763999999, 491920.377], [206350.765999999, 491922.550000001], [206347.818999998, 491925.197999999], [206347.445999999, 491926.214000002], [206344.035, 491930.092999998], [206342.434999999, 491931.859000001], [206336.362, 491940.48], [206331.629999999, 491950.221999999], [206328.179000001, 491959.447999999], [206321.785, 491978.066], [206317.550999999, 491988.234000001], [206312.002, 491996.77], [206305.868999999, 492003.603999998], [206299.506999999, 492010.057999998], [206281.763999999, 492026.660999998], [206268.765000001, 492038.903999999], [206257.159000002, 492054.083999999], [206247.122000001, 492070.285999998], [206235.673, 492083.565000001], [206217.884, 492097.574000001], [206198.046999998, 492108.309], [206181.085999999, 492113.377999999], [206161.642999999, 492115.482000001], [206144.263999999, 492116.932999998], [206122.287, 492118.954999998], [206103.09, 492120.899], [206082.526000001, 492122.919], [206064.41, 492124.511999998], [206034.607999999, 492127.594000001], [206031.635000002, 492128.056000002], [206023.403999999, 492131.276999999], [206017.737, 492136.976], [206008.967, 492155.118999999], [206003.267000001, 492174.046], [205997.795000002, 492195.213], [205992.346000001, 492218.318], [205987.394000001, 492237.997000001], [205982.440000001, 492258.283], [205977.714000002, 492277.750999998], [205972.993999999, 492297.182999998], [205968.333000001, 492316.851], [205965.471999999, 492328.875999998], [205960.982000001, 492348.313000001], [205956.305, 492368.127], [205951.670000002, 492386.927999999], [205946.127999999, 492406.326000001], [205940.585999999, 492425.377999999], [205935.923, 492444.329999998], [205933.890999999, 492460.151999999], [205934.870999999, 492479.66], [205937.789999999, 492499.280000001], [205941.261999998, 492516.817000002], [205942.805, 492524.614], [205944.092, 492530.666000001], [205944.646000002, 492533.620999999], [205946.611000001, 492543.280999999], [205950.368000001, 492562.938000001], [205953.932, 492582.614], [205957.102000002, 492602.556000002], [205958.864999998, 492622.368000001], [205959.921999998, 492642.432999998], [205960.921999998, 492662.452], [205961.905000001, 492682.344999999], [205963.638999999, 492701.927000001], [205968.522999998, 492722.467999998], [205976.23, 492741.136], [205985.362, 492758.864999998], [205994.912, 492776.491999999], [206002.791000001, 492795.370999999], [206005.897, 492815.585000001], [206005.103999998, 492835.925999999], [206002.120999999, 492855.649999999], [205997.574000001, 492875.570999999], [205989.155999999, 492894.265000001], [205978.533, 492908.210000001], [205963.105, 492924.820999999], [205949.453000002, 492939.238000002], [205938.335999999, 492952.921], [205934.352000002, 492974.945], [205934.982000001, 492989.136999998], [205935.855999999, 493002.931000002], [205935.153000001, 493023.315000001], [205931.528999999, 493043.509], [205925.085000001, 493062.364999998], [205919.418000001, 493077.646000002], [205915.037999999, 493088.763], [205908.039999999, 493103.390000001], [205896.471000001, 493120.094999999], [205880.511999998, 493133.127999999], [205862.813000001, 493142.588], [205843.184, 493155.285], [205829.728, 493169.324000001], [205818.379000001, 493185.612], [205808.022999998, 493202.414999999], [205798.320999999, 493219.956], [205787.796999998, 493240.204], [205778.780000001, 493259.293000001], [205770.741, 493276.669], [205769.824999999, 493278.5], [205768.673, 493280.684], [205766.153000001, 493285.541000001], [205761.993000001, 493295.59], [205760.947000001, 493297.967999998], [205758.241, 493315.396000002], [205755.579999998, 493337.488000002], [205750.960000001, 493357.037999999], [205744.239999998, 493376.256000001], [205736.155999999, 493394.688000001], [205727.958999999, 493412.846999999], [205722.368999999, 493425.763], [205714.098999999, 493444.008000001], [205705.927999999, 493462.136], [205698.469000001, 493480.502], [205692.381999999, 493499.504999999], [205686.793000001, 493518.59], [205680.616, 493537.769000001], [205677.568999998, 493547.346000001], [205666.651999999, 493575.405000001], [205658.269000001, 493593.749000002], [205648.083999999, 493612.416000001], [205636.947000001, 493629.890999999], [205626.046999998, 493646.824999999], [205615.305, 493663.570999999], [205605.037999999, 493680.631999999], [205595.897, 493698.011], [205589.276999999, 493716.484000001], [205584.090999998, 493735.717999998], [205579.443, 493755.09], [205575.028000001, 493774.640000001], [205571.041000001, 493792.952], [205566.888, 493811.852000002], [205562.537999999, 493831.403000001], [205558.311000001, 493850.541999999], [205555.263, 493868.331], [205553.579999998, 493880.177000001], [205551.596000001, 493896.171], [205551.263999999, 493899.375999998], [205548.993000001, 493919.056000002], [205546.987, 493939.006000001], [205544.993999999, 493959.022999998], [205543.022999998, 493975.02], [205540.300000001, 493990.210000001], [205534.795000002, 494010.158], [205528.500999998, 494029.184999999], [205521.375, 494047.977000002], [205513.079, 494066.232000001], [205505.647, 494082.532000002], [205497.283, 494100.868000001], [205488.896000002, 494118.995999999], [205479.445999999, 494136.855], [205468.556000002, 494154.030000001], [205457.285, 494170.941], [205445.136999998, 494188.774], [205433.822000001, 494205.107999999], [205421.346999999, 494221.32], [205406.057999998, 494234.759], [205391.122000001, 494244.997000001], [205373.568999998, 494255.175999999], [205358.771000002, 494261.425999999], [205356.423, 494262.234000001], [205336.054000001, 494268.93], [205317.019000001, 494274.497000001], [205298.515000001, 494282.809999999], [205286.427000001, 494297.927000001], [205274.311999999, 494312.484999999], [205259.969000001, 494327.795000002], [205245.100000001, 494341.162999999], [205231.109999999, 494351.090999998], [205213.098999999, 494362.204], [205194.412, 494369.561999999], [205174.407000002, 494376.684999999], [205154.567000002, 494382.556000002], [205136.169, 494387.695999999], [205115.423999999, 494393.432], [205096.280000001, 494398.907000002], [205077.348000001, 494403.625999998], [205049.454, 494410.054000001], [205026.897999998, 494416.506000001], [205006.603, 494421.901000001], [204986.949000001, 494427.436000001], [204967.008000001, 494432.318999998], [204942.706999999, 494435.509], [204919.763999999, 494435.855999999], [204897.614, 494435.386999998], [204876.206999999, 494435.43], [204855.067000002, 494436.478999998], [204843.434999999, 494437.355999999], [204823.829, 494437.988000002], [204794.563999999, 494444.471000001], [204792.561999999, 494446.241], [204785.581999999, 494454.124000002], [204779.184999999, 494472.5], [204772.381999999, 494490.103999998], [204767.568999998, 494499.559999999], [204761.324000001, 494508.263], [204747.798, 494523.855999999], [204734.300999999, 494539.702], [204720.465999998, 494554.835000001], [204705.749000002, 494570.704], [204692.168000001, 494585.546999998], [204678.890999999, 494601.688000001], [204666.063999999, 494617.458000001], [204654.208000001, 494632.034000002], [204642.504999999, 494641.013], [204625.131000001, 494651.337000001], [204610.164000001, 494665.192000002], [204606.210999999, 494674.188999999], [204603.866, 494684.838], [204601.261, 494704.373], [204597.822999999, 494714.552999999], [204592.557999998, 494724.116], [204579.669, 494739.989], [204567.098000001, 494755.603], [204555.059999999, 494770.774], [204544.653999999, 494787.208999999], [204535.574000001, 494803.265000001], [204524.590999998, 494821.370000001], [204513.550999999, 494837.228999998], [204501.241999999, 494852.673999999], [204487.853999998, 494868.958999999], [204474.816, 494884.022999998], [204463.596000001, 494900.114999998], [204452.879000001, 494916.276000001], [204441.006999999, 494933.638], [204430.004999999, 494949.210000001], [204419.890000001, 494962.809999999], [204410.041000001, 494978.23], [204404.555, 494999.197000001], [204403.787, 495018.964000002], [204404.186999999, 495038.068], [204403.809999999, 495046.767999999], [204401.789000001, 495066.331], [204400.456999999, 495074.478], [204399.704999998, 495079.737], [204398.905000001, 495082.120999999], [204398.214000002, 495084.910999998], [204397.535, 495086.743999999], [204395.596000001, 495096.737], [204393.331, 495107.16], [204392.103, 495118.684], [204392.373, 495124.929000001], [204392.958999999, 495126.993000001], [204393.408, 495129.361000001], [204393.942000002, 495133.035999998], [204394.131999999, 495139.159000002], [204393.460999999, 495141.857999999], [204393.839000002, 495161.009], [204391.322000001, 495171.704999998], [204386.636999998, 495181.541000001], [204378.032000002, 495200.550999999], [204372.23, 495221.342], [204365.377, 495242.118000001], [204359.436999999, 495256.315000001], [204354.021000002, 495267.081999999], [204343.688999999, 495283.243999999], [204331.855, 495298.629000001], [204318.063999999, 495312.938000001], [204303.848999999, 495324.973999999], [204296.817000002, 495330.785], [204281.420000002, 495343.396000002], [204267.403999999, 495357.873], [204257.511, 495374.339000002], [204253.561000001, 495393.43], [204251.362, 495406.059], [204245.309, 495425.655000001], [204237.219000001, 495443.962000001], [204228.169, 495463.041000001], [204219.024, 495482.116999999], [204208.425000001, 495506.322000001], [204200.631999999, 495524.921], [204195.129999999, 495545.280000001], [204191.839000002, 495564.857999999], [204188.192000002, 495585.25], [204184.085999999, 495604.256999999], [204179.067000002, 495623.697000001], [204173.388999999, 495644.607000001], [204165.870999999, 495663.491], [204155.079999998, 495680.684999999], [204140.691, 495700.899999999], [204138.954, 495703.857000001], [204126.476, 495719.260000002], [204115.478, 495735.488000002], [204113.100000001, 495746.280000001], [204113.204, 495757.074999999], [204114.228, 495776.037], [204115.206, 495794.228999998], [204116.077, 495814.603999998], [204117.105999999, 495834.445999999], [204117.669, 495854.022], [204117.896000002, 495868.237], [204118.592999998, 495883.713], [204119.100000001, 495903.888], [204119.473999999, 495925.059999999], [204120.129000001, 495945.774999999], [204120.640000001, 495967.614999998], [204121.067000002, 495983.677000001], [204121.473000001, 496004.09], [204121.899999999, 496024.232999999], [204122.390000001, 496043.980999999], [204122.945999999, 496063.588], [204123.561999999, 496083.318], [204124.546999998, 496103.085000001], [204127.274, 496122.872000001], [204131.353, 496142.681000002], [204138.017999999, 496161.300000001], [204144.844000001, 496179.743999999], [204150.034000002, 496198.802000001], [204154.015000001, 496218.631000001], [204157.499000002, 496238.535], [204160.587000001, 496258.478999998], [204163.050000001, 496278.638], [204165.009, 496298.651999999], [204167.158, 496318.710999999], [204169.554000001, 496338.296999998], [204171.739999998, 496358.006999999], [204173.888999999, 496377.916000001], [204175.93, 496397.684], [204178.028999999, 496417.952], [204179.68, 496437.427999999], [204180.188000001, 496448.932999998], [204180.256999999, 496459.570999999], [204180.066, 496468.537], [204181.991999999, 496474.046999998], [204183.087000001, 496484.245999999], [204183.936000001, 496495.245000001], [204184.863000002, 496505.576000001], [204184.482000001, 496516.743000001], [204184.333000001, 496536.879999999], [204183.686999999, 496556.122000001], [204183.541000001, 496570.899999999], [204183.079999998, 496590.125], [204182.169, 496609.730999999], [204181.011, 496629.149999999], [204179.543000001, 496649.057999998], [204177.831, 496668.252], [204177.07, 496677.019000001], [204177.076000001, 496677.204], [204174.956, 496696.274], [204172.956, 496714.465999998], [204170.567000002, 496732.934], [204168.122000001, 496751.708999999], [204163.230999999, 496773.892000001], [204157.899, 496791.806000002], [204152.355, 496811.131999999], [204150.291999999, 496831.285], [204151.853999998, 496848.964000002], [204157.862, 496873.964000002], [204162.620000001, 496891.824999999], [204168.02, 496910.502999999], [204173.149, 496928.857999999], [204178.113000002, 496946.971999999], [204184.574999999, 496971.699000001], [204189.243000001, 496989.456999999], [204194.100000001, 497007.666999999], [204199.18, 497026.208999999], [204203.813999999, 497044.006999999], [204209.771000002, 497066.875999998], [204214.748, 497086.296], [204219.397, 497104.750999998], [204223.135000002, 497124.802999999], [204224.375999998, 497144.741], [204223.107000001, 497165.355], [204219.521000002, 497184.741999999], [204216.248, 497199.487]]}, "properties": {"OBJECTID": 741, "SOORT": 1, "KPNIDENT": "3309", "STATUS": 1}}, {"type": "Feature", "id": 743, "geometry": {"type": "LineString", "coordinates": [[207436.026000001, 492043.335000001], [207532.201000001, 491992.873], [207648.629999999, 491935.210000001], [207773.100000001, 491869.901000001], [207849.563000001, 491832.852000002], [207890.528000001, 491817.675999999], [207951.651999999, 491797.963], [207990.625999998, 491786.579999998], [208084.274, 491767.267000001], [208199.087000001, 491752.289000001], [208317.355999999, 491738.329], [208393.327, 491728.497000001], [208460.607999999, 491720.899999999], [208586.802999999, 491704.441], [208674.697000001, 491693.405000001], [208702.473999999, 491690.760000002], [208727.550000001, 491690.263], [208772.048999999, 491693.011], [208833.811000001, 491702.469999999], [208983.978999998, 491731.241999999], [209048.414999999, 491741.953000002], [209124.214000002, 491747.796], [209195.552999999, 491750.555], [209392.899999999, 491763.956], [209454.307, 491768.015999999], [209582.796999998, 491773.534000002], [209626.467, 491775.897999998], [209713.177999999, 491773.927999999], [209836.544, 491758.162], [210069.796999998, 491727.024999999], [210295.993999999, 491697.464000002], [210484.274999999, 491672.870000001], [210555.009, 491665.213], [210564.359999999, 491663.748], [210576.559, 491659.651999999], [210588.377, 491649.225000001], [210594.285999998, 491637.407000002], [210595.675999999, 491623.155999999], [210572.041000001, 491531.254999999], [210568.217, 491500.458999999], [210563.004000001, 491411.826000001], [210556.747000001, 491260.348999999], [210554.313999999, 491181.552000001], [210551.881000001, 491091.528999999], [210550.010000002, 491003.892000001], [210546.335000001, 490741.817000002], [210540.127999999, 490633.919], [210535.892000001, 490594.763999999], [210529.636, 490567.305], [210519.208000001, 490524.204999998], [210514.342, 490498.482999999], [210512.748, 490483.412], [210514.811000001, 490465.147], [210524.215999998, 490414.432], [210528.951000001, 490351.787999999], [210528.655999999, 490325.568999998], [210519.818999998, 490283.206], [210516.873, 490272.306000002], [210491.243000001, 490219.868999999], [210465.613000002, 490169.493000001], [210428.052999999, 490093.899999999], [210374.613000002, 489988.789000001], [210341.030000001, 489920.796999998], [210321.291999999, 489886.035], [210305.089000002, 489852.451000001], [210295.956999999, 489828.884], [210271.136999998, 489773.5], [210248.673999999, 489712.372000001], [210232.471999999, 489668.329999998], [210221.793000001, 489640.712000001], [210208.168000001, 489614.567000002], [210187.914000001, 489586.947999999], [210170.857999999, 489564.863000002], [210155.693, 489545.888999999], [210143.541000001, 489526.004000001], [210134.335000001, 489500.227000002], [210126.234000001, 489463.550000001], [210118.500999998, 489427.463], [210108.190000001, 489384.747000001], [210094.050000001, 489347.296], [210081.528999999, 489324.096999999], [210064.59, 489296.111000001], [210038.445, 489260.759], [210008.585999999, 489225.096999999], [209970.197000001, 489180.456], [209942.074000001, 489146.872000001], [209916.353999998, 489117.739], [209906.524, 489104.087000001], [209899.697999999, 489086.885000002], [209867.532000002, 489015.385000002], [209834.256999999, 488943.155999999], [209812.217, 488895.267000001], [209804.190000001, 488876.783], [209773.443999998, 488810.162], [209752.857999999, 488752.66], [209745.486000001, 488729.397], [209739.48, 488703.458000001], [209732.052999999, 488669.136999998], [209725.227000002, 488621.629000001], [209717.581999999, 488552.686999999], [209701.473000001, 488451.526000001], [209687.493000001, 488364.480999999], [209676.844999999, 488299.881000001], [209647.068, 488115.704], [209640.940000001, 488068.508000001], [209635.973999999, 488032.780999999], [209633.022, 487999.947999999], [209631.384, 487974.010000002], [209629.745999999, 487950.256000001], [209628.379999999, 487916.208000001], [209625.923, 487869.791000001], [209619.642999999, 487767.210999999], [209614.728999998, 487705.313000001], [209608.175999999, 487590.419], [209600.256999999, 487513.504000001], [209593.432, 487458.896000002], [209581.964000002, 487395.388], [209572.681000002, 487345.421999998], [209568.039000001, 487317.708000001], [209568.171999998, 487290.789999999], [209569.677000001, 487260.971000001], [209576.502999999, 487226.022], [209584.147999998, 487188.342999998], [209611.504999999, 487073.737], [209624.557999998, 487015.864999998], [209635.859999999, 486972.339000002], [209638.756000001, 486956.07], [209640.120999999, 486942.418000001], [209632.203000002, 486876.452], [209623.465999998, 486806.008000001], [209621.554000001, 486797.052000001], [209604.739999998, 486695.182999998]]}, "properties": {"OBJECTID": 743, "SOORT": 1, "KPNIDENT": "3311", "STATUS": 1}}, {"type": "Feature", "id": 744, "geometry": {"type": "LineString", "coordinates": [[207968.837000001, 482326.809], [207936.364999998, 482362.247000001], [207855.028000001, 482451.546], [207764.324999999, 482551.460000001], [207701.879000001, 482620.618999999], [207614.298, 482717.567000002], [207539.206, 482799.995999999], [207458.806000002, 482888.826000001], [207398.232999999, 482961.420000002], [207330.635000002, 483045.41], [207280.833999999, 483107.232000001], [207230.565000001, 483169.366], [207211.519000001, 483196.530000001], [207195.127, 483222.602000002], [207181.388999999, 483248.361000001], [207157.191, 483299.098000001], [207131.743999999, 483350.304000001], [207116.756999999, 483374.815000001], [207096.748, 483403.745999999], [207079.133000001, 483425.396000002], [207061.335000001, 483445.067000002], [207042.445, 483464.269000001], [206984.370000001, 483513.914000001], [206910.684, 483578.390000001], [206848.706, 483636.153000001], [206799.684999999, 483682.050999999], [206783.761999998, 483697.506000001], [206766.120000001, 483716.239999998], [206750.039999999, 483735.129999999], [206714.445999999, 483783.526000001], [206658.088, 483864.081999999], [206597.515000001, 483951.350000001], [206556.456999999, 484009.425000001], [206532.414999999, 484037.526000001], [206508.217, 484057.509], [206484.175000001, 484072.809], [206457.166999999, 484086.234000001], [206407.366, 484106.998], [206358.969999999, 484127.916999999], [206322.750999998, 484144.934], [206299.802000001, 484157.892000001], [206276.697000001, 484172.879000001], [206236.576000001, 484202.541000001], [206188.541000001, 484239.157000002], [206156.644000001, 484264.206], [206145.872000001, 484276.384], [206136.931000002, 484290.870999999], [206126.982000001, 484311.197000001], [206123.234999999, 484322.905999999], [206120.164999999, 484336.978999998], [206118.083999999, 484351.475000001], [206117.545000002, 484368.940000001], [206114.337000001, 484472.465], [206112.805, 484473.936000001], [206111.013, 484474.32]]}, "properties": {"OBJECTID": 744, "SOORT": 1, "KPNIDENT": "3312", "STATUS": 1}}, {"type": "Feature", "id": 745, "geometry": {"type": "LineString", "coordinates": [[191313.462000001, 507536.236000001], [191313.543000001, 507536.052000001], [191313.552000001, 507536.030999999], [191315.976, 507530.506000001], [191318.381000001, 507525.021000002], [191318.392999999, 507524.993999999], [191318.489999998, 507524.774], [191319.252, 507525.089000002], [191326.555, 507509.370000001], [191326.563999999, 507509.352000002], [191326.774999999, 507508.897999998], [191326.783, 507508.879999999], [191326.929000001, 507508.566], [191326.936999999, 507508.548], [191326.954999998, 507508.510000002], [191317.662, 507503.942000002], [191315.280999999, 507502.778999999], [191315.263, 507502.771000002], [191314.438000001, 507502.377999999], [191314.420000002, 507502.370000001], [191314.396000002, 507502.357999999], [191309.940000001, 507500.197999999], [191311.030000001, 507497.938000001], [191311.037999999, 507497.920000002], [191312.219999999, 507495.469999999], [191314.697999999, 507490.304000001], [191316.054000001, 507487.509], [191318.135000002, 507483.359999999], [191320.526999999, 507478.436999999], [191322.083999999, 507475.052999999], [191323.596999999, 507472.050000001], [191326.263999999, 507466.649], [191328.357000001, 507462.195999999], [191328.364999998, 507462.177000001], [191330.241, 507458.050000001], [191331.125, 507456.105999999], [191332.114999998, 507454.158], [191332.366999999, 507454.285999998], [191333.644000001, 507451.649999999], [191333.651999999, 507451.631999999], [191334.008000001, 507450.897999998], [191334.015999999, 507450.879999999], [191334.613000002, 507449.600000001], [191334.620999999, 507449.581999999], [191335.414000001, 507447.993999999], [191335.504999999, 507447.771000002], [191335.513, 507447.752999999], [191335.954, 507446.673999999], [191335.960999999, 507446.655999999], [191336.052000001, 507446.432999998], [191337.960999999, 507442.701000001], [191339.460000001, 507439.458999999], [191339.467999998, 507439.441], [191341.785, 507434.699999999], [191341.793000001, 507434.682], [191341.822999999, 507434.622000001], [191341.526000001, 507434.478999998], [191343.736000001, 507429.908], [191343.962000001, 507430.019000001], [191344.004000001, 507429.927999999], [191344.215, 507429.478999998], [191344.223000001, 507429.460999999], [191345.530999999, 507426.666999999], [191346.868999999, 507423.807999998], [191346.879000001, 507423.791000001], [191347.173, 507423.383000001], [191351.017999999, 507415.620000001], [191354.487, 507408.476], [191359.008000001, 507399.352000002], [191359.085999999, 507399.195], [191362.076000001, 507400.668000001], [191367.741999999, 507389.046999998], [191368.368999999, 507389.931000002], [191368.508000001, 507389.875999998], [191368.526999999, 507389.868000001], [191368.999000002, 507389.68], [191369.017000001, 507389.673], [191376.324999999, 507386.756000001], [191384.238000002, 507383.598999999], [191384.256999999, 507383.590999998], [191384.624000002, 507383.445999999], [191384.642000001, 507383.438000001], [191399.307999998, 507377.616], [191410.366999999, 507354.046999998], [191405.059, 507351.419], [191410.340999998, 507338.625], [191414.697999999, 507328.074000001], [191410.555, 507325.886999998], [191417.199000001, 507311.201000001], [191417.714000002, 507308.295000002], [191417.991999999, 507305.544], [191418.408, 507302.971000001], [191401.131999999, 507300.769000001], [191383.655999999, 507298.548], [191363.844000001, 507296.037], [191343.901000001, 507293.548], [191341.206999999, 507293.212000001], [191331.313000001, 507283.131000001], [191329.427999999, 507281.190000001], [191331.476, 507277.173], [191331.502999999, 507277.109999999], [191331.730999999, 507276.616], [191331.75, 507276.574999999], [191335.971000001, 507268.272999998], [191340.780000001, 507258.785999998], [191349.853, 507240.949999999], [191352.574000001, 507235.500999998], [191362.519000001, 507224.852000002], [191370.203000002, 507216.644000001], [191380.730999999, 507205.682], [191380.760000002, 507205.658], [191383.642999999, 507202.556000002], [191383.695, 507202.535], [191383.907000002, 507202.278999999], [191385.295000002, 507203.537999999], [191392.291000001, 507206.916999999], [191410.863000002, 507215.756000001], [191425.734999999, 507222.853], [191447.59, 507233.177999999], [191452.199999999, 507223.57], [191456.879999999, 507213.885000002], [191473.690000001, 507221.787999999], [191480.175999999, 507224.008000001], [191497.813999999, 507229.993999999], [191500.107000001, 507221.772], [191504.598999999, 507205.800000001], [191508.84, 507190.272], [191506.168000001, 507189.451000001], [191510.243999999, 507174.956999999], [191512.884, 507175.708999999], [191518.800000001, 507160.899999999], [191525.397, 507144.574999999], [191532.412999999, 507126.892999999], [191529.984999999, 507125.623], [191532.534000002, 507119.664000001], [191535.037, 507120.697999999], [191535.916999999, 507118.726], [191537.800999999, 507119.136], [191537.842999998, 507119.088], [191544.061000001, 507098.708000001], [191549.851, 507079.905000001], [191555.284000002, 507062.436000001], [191560.105, 507046.559999999], [191565.710000001, 507028.300000001], [191571.197000001, 507010.311999999], [191576.681000002, 506992.427000001], [191582.263999999, 506974.298999999], [191587.454, 506957.456], [191585.519000001, 506956.728], [191587.25, 506936.234999999], [191588.967, 506916.631000001], [191593.414000001, 506901.759], [191599.028999999, 506883.096000001], [191603.938000001, 506866.782000002], [191608.973999999, 506850.039999999], [191614.419, 506832.050000001], [191619.659000002, 506814.846000001], [191624.748, 506797.754999999], [191614.116, 506786.186999999]]}, "properties": {"OBJECTID": 745, "SOORT": 1, "KPNIDENT": "3313", "STATUS": 1}}, {"type": "Feature", "id": 746, "geometry": {"type": "LineString", "coordinates": [[187030.920299999, 506448.329799999], [187028.127, 506459.601], [187023.557, 506478.793000001], [187018.550999999, 506501.300000001], [187010.004000001, 506514.127], [187005.923, 506517.267000001], [186996.627, 506559.622000001], [187005.245000001, 506589.647], [187003.285999998, 506652.02], [187003.006000001, 506669.316], [187004.405999999, 506688.895], [187005.805, 506709.313000001], [187005.805, 506719.102000002], [187004.405999999, 506728.892000001], [187000.206999999, 506742.037999999], [186984.811999999, 506781.475000001], [186979.750999998, 506794.603], [186976.392000001, 506805.791000001], [186974.153000001, 506816.419], [186971.633000001, 506829.565000001], [186968.833999999, 506853.899], [186967.715, 506870.681000002], [186963.796, 506898.651000001], [186960.125, 506920.399999999], [186940.530999999, 507025.846999999], [186939.120000001, 507038.046999998], [186938.84, 507046.158], [186940.239999998, 507058.465], [186942.759, 507074.967], [186947.258000001, 507094.682], [186958.175000001, 507141.392000001], [186960.134, 507153.699000001], [186960.134, 507166.006000001], [186960.134, 507175.795000002], [186957.335000001, 507189.5], [186953.136, 507203.484999999], [186948.636999998, 507212.355999999], [186941.079999998, 507224.943], [186933.802000001, 507235.570999999], [186924.844999999, 507248.997000001], [186920.087000001, 507258.506999999], [186914.208000001, 507277.526000001], [186901.307999998, 507320.204999998], [186874.995999999, 507407.191], [186834.083999999, 507544.232000001], [186789.541999999, 507693.859999999], [186739.383000001, 507861.414999999], [186725.840999998, 507905.822000001], [186721.642000001, 507914.772999998], [186716.883000001, 507923.443], [186712.399, 507929.912], [186701.767999999, 507939.666000001], [186690.011999998, 507946.938000001], [186676.576000001, 507953.370999999], [186666.5, 507957.287], [186661.530000001, 507959.539000001], [186645.583000001, 507961.491999999], [186636.269000001, 507961.203000002], [186586.539999999, 507957.666000001], [186563.879000001, 507956.221000001], [186555.761, 507956.500999998], [186546.690000001, 507957.077], [186525.977000002, 507961.294], [186512.934999999, 507967.409000002], [186499.778999999, 507976.079999998], [186457.513, 508008.245000001], [186411.153999999, 508043.477000002], [186368.048, 508077.041000001], [186350.414000001, 508093.543000001], [186287.714000002, 508154.517000001], [186209.151000001, 508230.307], [186134.135000002, 508302.748], [186074.359000001, 508359.798999999], [186054.206, 508381.616], [186013.618999999, 508430.842999998], [186004.102000002, 508439.234000001], [185995.145, 508445.945999999], [185978.761999998, 508454.502], [185937.056000002, 508475.199999999], [185920.541000001, 508484.989], [185906.265000001, 508494.778000001], [185895.068999998, 508505.127], [185886.392000001, 508514.916999999], [185877.401000001, 508529.862], [185831.215999998, 508605.940000001], [185806.215, 508647.872000001], [185800.616999999, 508659.34], [185795.298999999, 508672.206], [185791.66, 508685.631000001], [185789.140999999, 508702.412999999], [185787.181000002, 508727.307], [185789.964000002, 508784.537999999], [185791.083999999, 508808.872000001], [185791.923999999, 508815.583999999], [185793.322999999, 508823.416000001], [185796.122000001, 508833.204999998], [185801.471999999, 508847.965999998], [185835.901000001, 508952.013999999], [185841.511, 508968.763], [185845.710000001, 508986.943], [185847.109000001, 508999.25], [185847.109000001, 509013.794], [185845.710000001, 509028.618000001], [185844.030000001, 509038.127999999], [185839.272, 509052.671999998], [185835.353, 509061.063000001], [185829.475000001, 509071.692000002], [185817.719000001, 509087.635000002], [185791.041000001, 509120.612], [185770.048, 509145.225000001], [185755.493000001, 509166.761999998], [185745.416000001, 509182.425000001], [185733.379999999, 509204.521000002], [185722.184, 509229.973999999], [185701.976, 509276.401999999], [185679.302999999, 509328.706], [185657.75, 509382.686999999], [185618.219000001, 509486.441], [185592.436000001, 509555.719999999], [185582.359000001, 509580.054000001], [185575.921, 509595.997000001], [185559.405999999, 509625.925000001], [185524.603999998, 509690.798], [185478.697999999, 509775.267000001], [185447.828000002, 509832.592], [185442.510000002, 509842.941], [185439.991, 509849.374000002], [185437.750999998, 509859.443], [185426.555, 509921.816], [185401.894000001, 510057.463], [185374.164000001, 510203.710999999], [185371.046999998, 510222.162], [185369.927999999, 510229.993000001], [185370.767999999, 510238.664000001], [185372.166999999, 510249.291999999], [185376.085999999, 510268.870999999], [185396.519000001, 510349.425000001], [185433.5, 510498.214000002], [185438.835999999, 510520.901000001], [185443.335000001, 510531.443999998], [185448.932999998, 510537.037999999], [185454.250999998, 510540.673999999], [185465.795000002, 510547.261], [185473.276999999, 510544.225000001], [185483.541999999, 510542.028000001], [185504.355, 510538.995999999], [185530.107000001, 510537.037999999], [185549.421, 510535.081], [185571.813000001, 510531.443999998], [185767.745000001, 510484.868999999], [185825.686999999, 510471.443], [185872.723999999, 510459.149999999], [185887.511, 510453.447000001], [185895.348000001, 510448.131999999], [185908.287999999, 510440.27], [185934.879000001, 510419.013], [185979.331, 510381.537999999], [185988.502, 510375.870000001], [185997.202, 510373.407000002], [186015.493000001, 510373.142999999], [186083.511999998, 510373.142999999], [186092.653999999, 510374.545000002], [186107.210000001, 510378.741], [186152.555, 510396.642000001], [186168.789999999, 510402.236000001], [186182.785, 510404.752999999], [186196.780999999, 510404.752999999], [186281.034000002, 510402.236000001], [186292.778999999, 510401.693999998], [186301.736000001, 510402.252999999], [186316.291000001, 510403.651999999], [186340.363000002, 510406.728], [186400.824000001, 510417.636], [186526.223999999, 510445.605999999], [186578.556000002, 510456.583999999], [186586.394000001, 510457.423], [186594.230999999, 510456.304000001], [186601.509, 510455.465], [186615.504000001, 510452.109000001], [186701.157000002, 510433.089000002], [186712.633000001, 510431.410999998], [186722.710000001, 510431.410999998], [186733.905999999, 510432.530000001], [186813.344000001, 510443.451000001], [186875.484000001, 510454.079999998], [186892.839000002, 510459.114999998], [186911.873, 510466.666000001], [186926.342999998, 510474.344000001], [186933.728, 510480.02], [186940.767999999, 510486.577], [186951.572999999, 510502.295000002], [186958.572000001, 510510.221999999], [186966.839000002, 510516.368999999], [186976.574999999, 510520.702], [186985.870000001, 510522.870999999], [187005.396000002, 510525.677999999], [187014.157000002, 510527.009], [187033.445, 510529.616], [187053.16, 510530.469999999], [187073.412, 510530.236000001], [187093.046999998, 510527.318999998], [187095.811000001, 510526.982999999]]}, "properties": {"OBJECTID": 746, "SOORT": 1, "KPNIDENT": "3314", "STATUS": 1}}, {"type": "Feature", "id": 747, "geometry": {"type": "LineString", "coordinates": [[192111.026000001, 513922.875], [192127.965999998, 513937.197999999], [192143.769000001, 513949.456999999], [192159.120999999, 513963.105], [192174.91, 513975.923], [192190.090999998, 513987.568], [192204.824999999, 514001.092], [192219.462000001, 514014.223000001], [192234.313000001, 514027.511], [192249.008000001, 514042.987], [192262.272, 514056.146000002], [192278.267999999, 514069.524], [192286.526000001, 514075.034000002], [192298.407000002, 514077.848000001], [192318.295000002, 514078.795000002], [192337.563000001, 514079.158], [192358.285, 514079.522], [192379.006999999, 514078.431000002], [192449.261, 514076.284000002], [192540.866999999, 514075.502999999], [192578.853999998, 514076.91], [192598.734999999, 514080.612], [192619.094000001, 514087.155999999], [192636.908, 514092.245999999], [192656.175999999, 514099.517000001], [192674.353, 514106.061000001], [192693.596999999, 514115.366], [192712.511999998, 514123.338], [192732.157000002, 514128.237], [192751.425000001, 514131.146000002], [192769.348000001, 514132.782000002], [192790.675000001, 514133.967999998], [192812.248, 514135.844000001], [192832.969000001, 514137.870999999], [192852.237, 514142.596999999], [192871.142000001, 514146.596000001], [192889.682999998, 514151.322999999], [192908.587000001, 514155.684999999], [192928.085000001, 514160.074999999], [192946.976, 514164.909000002], [192966.565000001, 514168.941], [192986.155000001, 514172.973999999], [193005.594999999, 514177.668000001], [193025.017000001, 514182.438000001], [193044.449000001, 514187.170000002], [193063.901999999, 514191.818], [193083.353999998, 514196.465999998], [193102.780000001, 514201.219999999], [193122.140000001, 514206.238000002], [193141.311999999, 514212.287], [193160.697000001, 514219.478], [193178.673999999, 514226.669], [193197.901999999, 514233.546999998], [193215.879999999, 514240.738000002], [193234.508000001, 514247.844000001], [193253.048, 514254.024999999], [193271.953000002, 514262.022999998], [193291.585000001, 514269.294], [193299.583000001, 514280.199999999], [193303.217999998, 514292.197000001], [193310.456, 514312.335000001], [193317.960000001, 514332.344999999], [193329.059, 514345.633000001], [193343.572000001, 514358.726], [193359.931000002, 514370.359999999], [193376.473000001, 514382.066], [193394.247000001, 514392.530000001], [193411.598999999, 514403.16], [193428.824000001, 514414.421999998], [193443.802000001, 514424.263999999], [193461.907000002, 514436.962000001], [193476.085000001, 514444.960000001], [193492.807999998, 514456.23], [193508.804000001, 514468.227000002], [193525.576000001, 514479.18], [193543.225000001, 514489.765000001], [193561.884, 514495.403000001], [193568.846999999, 514497.111000001]]}, "properties": {"OBJECTID": 747, "SOORT": 1, "KPNIDENT": "3316", "STATUS": 1}}, {"type": "Feature", "id": 748, "geometry": {"type": "LineString", "coordinates": [[212424.857999999, 472748.945], [212422.776999999, 472735.98], [212422.835000001, 472716.509], [212423.653999999, 472697.098999999], [212424.458999999, 472677.651999999], [212425.221000001, 472659.015999999], [212425.989999998, 472640.105999999], [212426.785, 472623.147], [212418.925000001, 472616.149999999], [212402.041999999, 472615.27], [212382.469000001, 472614.311000001], [212363.206999999, 472613.329], [212343.885000002, 472612.258000001], [212324.897999998, 472611.217999998], [212304.624000002, 472609.806000002], [212284.642999999, 472608.791999999], [212264.482999999, 472607.738000002], [212244.43, 472606.807999998], [212224.340999998, 472605.664999999], [212203.743999999, 472604.585000001], [212184.175999999, 472603.682], [212164.302000001, 472602.741999999], [212144.598999999, 472601.881000001], [212124.736000001, 472600.989999998], [212105.348000001, 472600.142999999], [212085.340999998, 472599.278999999], [212065.780000001, 472598.392999999], [212047.274, 472597.691], [212024.282000002, 472596.458000001], [212004.238000002, 472595.761999998], [211984.125, 472594.855], [211965.096999999, 472594.375], [211945.721999999, 472593.993000001], [211925.642000001, 472593.600000001], [211905.043000001, 472592.838], [211885.381000001, 472592.068999998], [211865.662999999, 472590.828000002], [211846.287, 472589.044], [211826.767000001, 472586.572000001], [211807.085000001, 472583.109999999], [211787.355999999, 472579.190000001], [211768.010000002, 472575.392999999], [211748.587000001, 472571.331999999], [211729.215, 472567.129999999], [211707.938999999, 472562.429000001], [211687.908, 472560.381999999], [211667.938999999, 472560.634], [211647.760000002, 472563.658], [211628.135000002, 472568.495999999], [211608.894000001, 472573.989], [211588.964000002, 472578.881000001], [211569.142999999, 472582.484000001], [211549.467, 472584.085000001], [211530.511999998, 472584.201000001], [211510.471999999, 472582.322999999], [211491.5, 472578.636999998], [211472.335000001, 472573.193], [211453.960999999, 472566.238000002], [211435.745999999, 472557.866999999], [211418.315000001, 472549.449999999], [211401.063999999, 472541.021000002], [211383.307999998, 472532.348999999], [211364.588, 472523.045000002], [211346.57, 472513.998], [211327.342, 472504.195], [211309.252999999, 472496.671], [211291.109000001, 472491.059], [211276.989, 472488.864]]}, "properties": {"OBJECTID": 748, "SOORT": 1, "KPNIDENT": "3324", "STATUS": 1}}, {"type": "Feature", "id": 749, "geometry": {"type": "LineString", "coordinates": [[193523.125999998, 504095.0328], [193526.861000001, 504084.920000002], [193530.454, 504068.076000001], [193532.879999999, 504051.478999998], [193534.987, 504034.583000001], [193536.732999999, 504014.879999999], [193540.589000002, 503995.419], [193544.627, 503976.438000001], [193548.879000001, 503956.995999999], [193553.249000002, 503937.085000001], [193557.322999999, 503917.338], [193561.412, 503897.717999998], [193565.585999999, 503878.267999999], [193569.866999999, 503859.052999999], [193574.087000001, 503840.017999999], [193578.265000001, 503820.885000002], [193582.533, 503801.361000001], [193586.802999999, 503782.451000001], [193590.894000001, 503762.848000001], [193595.024999999, 503743.313999999], [193599.243999999, 503724.022999998], [193603.543000001, 503704.853], [193607.565000001, 503685.59], [193611.877, 503666.241], [193617.623, 503644.252], [193624.598999999, 503626.157000002], [193632.083999999, 503608.357000001], [193639.616999999, 503590.640999999], [193648.215, 503572.489], [193657.881999999, 503554.396000002], [193667.629000001, 503535.576000001], [193678.077, 503517.004999999], [193688.704999998, 503499.327], [193701.379000001, 503479.438000001], [193704.197999999, 503475.066], [193711.614999998, 503465.353], [193723.824000001, 503451.272], [193735.723000001, 503437.030000001], [193747.513, 503420.239], [193754.088, 503400.732000001], [193755.603999998, 503380.191], [193756.223999999, 503363.947999999], [193756.714000002, 503348.756000001], [193757.296, 503329.037999999], [193757.886999998, 503310.539000001], [193758.329999998, 503291.644000001], [193759.699000001, 503275.502], [193766.447000001, 503261.243999999], [193776.339000002, 503247.537999999], [193788.017999999, 503231.771000002], [193803.083999999, 503219.727000002], [193819.884, 503209.245999999], [193831.941, 503201.846999999], [193848.191, 503191.859000001], [193864.629000001, 503181.445999999], [193878.774, 503168.480999999], [193889.703000002, 503152.434], [193900.645, 503134.730999999], [193910.749000002, 503118.118999999], [193921.489999998, 503101.734000001], [193933.250999998, 503086.138], [193946.986000001, 503070.125999998], [193958.890000001, 503057.002], [193976.282000002, 503039.313000001], [193993.261, 503025.703000002], [194009.820999999, 503015.418000001], [194027.370000001, 503007.228], [194045.210000001, 502996.381000001], [194060.741, 502982.607999999], [194075.838, 502968.16], [194093.605, 502956.101], [194115.958000001, 502947.921], [194133.155999999, 502941.675999999], [194148.975000001, 502930.690000001], [194158.568999998, 502914.962000001], [194164.726, 502899.241999999], [194170.989, 502885.149999999], [194179.984999999, 502868.355999999], [194191.401999999, 502852.890999999], [194204.561999999, 502838.649], [194218.614999998, 502824.092999998], [194234.146000002, 502808.833000001], [194248.186999999, 502796.48], [194265.706, 502786.725000001], [194285.375, 502782.405000001], [194305.048, 502780.475000001], [194324.539999999, 502779.859000001], [194342.704, 502780.471000001], [194362.274, 502782.329999998], [194381.381999999, 502784.004999999], [194400.034000002, 502785.963], [194418.320999999, 502788.041000001], [194436.901000001, 502790.245999999], [194456.122000001, 502792.655000001], [194475.186000001, 502796.077], [194492.771000002, 502800.164000001], [194505.541999999, 502803.796], [194521.600000001, 502808.230999999], [194540.217, 502814.408], [194558.897, 502819.296999998], [194577.484999999, 502820.677999999], [194596.465999998, 502818.993999999], [194615.296, 502814.703000002], [194633.791999999, 502810.552999999], [194652.59, 502806.085999999], [194671.283, 502802.261999998], [194690.295000002, 502799.664000001], [194718.647, 502796.535], [194738.114, 502794.607000001], [194757.327, 502792.969000001], [194775.862, 502791.526999999], [194795.204999998, 502790.170000002], [194808.644000001, 502789.510000002], [194825.278000001, 502789.863000002], [194844.256999999, 502791.120000001], [194863.530999999, 502793.138999999], [194882.471999999, 502796.668000001], [194907.103999998, 502801.609999999], [194927.616999999, 502806.899], [194946.478999998, 502811.789999999], [194964.925999999, 502817.653000001], [194983.129000001, 502825.16], [195004.552000001, 502836.552999999], [195022.743000001, 502848.252], [195038.227000002, 502859.635000002], [195052.563999999, 502871.975000001], [195066.239, 502885.173], [195080.315000001, 502898.840999998], [195094.914999999, 502913.572000001], [195108.649, 502927.791000001], [195120.807, 502941.693], [195130.886, 502954.186000001], [195142.963, 502969.877999999], [195153.848999999, 502986.473999999], [195164.23, 503003.712000001], [195173.403999999, 503021.228], [195180.761999998, 503036.620999999], [195189.131000001, 503053.690000001], [195197.734999999, 503071.309999999], [195206.267000001, 503089.045000002], [195215.048999999, 503106.844999999], [195221.691, 503120.699999999], [195230.445, 503138.576000001], [195238.934999999, 503156.052000001], [195247.497000001, 503173.186999999], [195256.223000001, 503190.495000001], [195265.484999999, 503207.603999998], [195273.927999999, 503224.421999998], [195281.524, 503242.316], [195289.988000002, 503260.337000001], [195297.328000002, 503273.708999999], [195307.175000001, 503288.212000001], [195321.09, 503304.385000002], [195335.146000002, 503317.976], [195349.811000001, 503330.892000001], [195365.655000001, 503342.905999999], [195381.120000001, 503354.175000001], [195396.642000001, 503365.239999998], [195412.274, 503377.015000001], [195427.614999998, 503387.868999999], [195443.09, 503398.879000001], [195457.899, 503410.118999999], [195467.727000002, 503417.307], [195483.932, 503429.377], [195500.169, 503441.596000001], [195516.544, 503453.828000002], [195532.530999999, 503465.897], [195543.498, 503474.203000002], [195559.081999999, 503485.583999999], [195574.989999998, 503497.193], [195590.784000002, 503509.333999999], [195601.563000001, 503516.386999998], [195603.670000002, 503519.381999999], [195606.352000002, 503521.701000001], [195608.394000001, 503523.173999999], [195611.789999999, 503525.327], [195628.969999999, 503536.866], [195644.217999998, 503548.221000001], [195659.91, 503559.695], [195675.596000001, 503571.035], [195690.798, 503582.267000001], [195706.192000002, 503593.390000001], [195720.346000001, 503604.103], [195735.385000002, 503614.618000001], [195750.480999999, 503626.170000002], [195765.745999999, 503637.717999998], [195786.524999999, 503652.640000001], [195801.969000001, 503664.274999999], [195816.559, 503675.278000001], [195831.204999998, 503686.188999999], [195845.713, 503696.965999998], [195859.335000001, 503707.096000001], [195874.155000001, 503718.640999999], [195889.269000001, 503730.405999999], [195904.241, 503741.954], [195919.627999999, 503753.249000002], [195925.995000001, 503758.462000001], [195940.331, 503769.614], [195953.168000001, 503781.469999999], [195955.002, 503784.794], [195965.785, 503790.488000002], [195980.932, 503800.107999999], [195996.355, 503810.923], [196005.986000001, 503817.006999999], [196022.576000001, 503827.304000001], [196039.274999999, 503838.045000002], [196055.302000001, 503849.118999999], [196070.381000001, 503860.588], [196090.842999998, 503875.013], [196105.390999999, 503886.572000001], [196120.892000001, 503898.844000001], [196136.107000001, 503910.388999999], [196150.386, 503921.578000002], [196169.980999999, 503933.802999999], [196182.820999999, 503947.613000002], [196194.726, 503961.986000001], [196207.544, 503976.613000002], [196221.048999999, 503990.219999999], [196235.265000001, 504002.658], [196250.228999998, 504014.223000001], [196266.581999999, 504025.438000001], [196282.885000002, 504036.02], [196299.100000001, 504046.399], [196314.418000001, 504055.776999999], [196329.927999999, 504065.530000001], [196348.846000001, 504076.721000001], [196367.699000001, 504087.524999999], [196383.905999999, 504097.964000002], [196397.789000001, 504106.607999999], [196415.491999999, 504118.350000001], [196431.620999999, 504129.48], [196447.585000001, 504141.219999999], [196465.337000001, 504154.350000001], [196473.98, 504161.293000001], [196487.491999999, 504171.999000002], [196505.144000001, 504186.122000001], [196520.717, 504196.783], [196539.463, 504206.77], [196558.421, 504213.491], [196577.556000002, 504216.719000001], [196597.182, 504218.203000002], [196616.934, 504219.274], [196636.811000001, 504219.677999999], [196655.677999999, 504220.416000001], [196675.390000001, 504221.274], [196696.011, 504222.061000001], [196716.747000001, 504223.024], [196737.357999999, 504223.601], [196755.237, 504224.094999999], [196771.355, 504224.112], [196789.728999998, 504223.710000001], [196809.506000001, 504223.028000001], [196828.989999998, 504221.932999998], [196848.526999999, 504220.533], [196867.965999998, 504219.085000001], [196887.324999999, 504217.772], [196907.092999998, 504216.340999998], [196928.23, 504214.771000002], [196948.098000001, 504213.421999998], [196965.800000001, 504212.133000001], [196985.397, 504210.855999999], [197005.271000002, 504209.285999998], [197025.030999999, 504207.993000001], [197044.515000001, 504206.697999999], [197060.101, 504205.307999998], [197078.594000001, 504201.030999999], [197096.603999998, 504193.649], [197115.028000001, 504186.166999999], [197134.248, 504180.993000001], [197155.326000001, 504179.019000001], [197174.276000001, 504179.388999999], [197194.894000001, 504181.835000001], [197215.938999999, 504184.162], [197237.355, 504185.193], [197257.155000001, 504184.118999999], [197282.124000002, 504180.239999998], [197306.664999999, 504173.151999999], [197325.870999999, 504166.202], [197346.702, 504157.423], [197365.127, 504148.796], [197385.213, 504138.552999999], [197403.044, 504128.659000002], [197418.684999999, 504116.559], [197423.649999999, 504098.199999999], [197421.960999999, 504079.425000001], [197420.111000001, 504059.566], [197418.243000001, 504039.73], [197416.352000002, 504019.581], [197414.600000001, 504000.004000001], [197412.633000001, 503980.085000001], [197410.635000002, 503957.265000001], [197408.789000001, 503937.478], [197406.864, 503917.377], [197405.055, 503897.897999998], [197402.912999999, 503875.774999999], [197401.338, 503858.309999999], [197399.296, 503838.181000002], [197397.502999999, 503819.085000001], [197395.232000001, 503799.686999999], [197392.179000001, 503776.704999998], [197389.361000001, 503755.48], [197386.548, 503734.441], [197383.712000001, 503713.598000001], [197381.026000001, 503693.550999999], [197378.574999999, 503673.714000002], [197376.039000001, 503652.853999998], [197373.837000001, 503631.476], [197371.743999999, 503610.052999999], [197370.186000001, 503589.028999999], [197369.517999999, 503572.32], [197369.879999999, 503555.798], [197372.295000002, 503537.506999999], [197376.638, 503518.704], [197383.559999999, 503500.263], [197391.866, 503482.030999999], [197399.583000001, 503465.416999999], [197405.838, 503447.967999998], [197407.908, 503426.243999999], [197406.958000001, 503404.403000001], [197405.493000001, 503384.410999998], [197403.956, 503364.313999999], [197402.094999999, 503345.182], [197399.699999999, 503325.728], [197396.447000001, 503305.473999999], [197392.136999998, 503285.772], [197387.668000001, 503266.771000002], [197384.085999999, 503247.754000001], [197381.728, 503228.002], [197381.107000001, 503208.471999999], [197382.050999999, 503186.813999999], [197385.153000001, 503167.973999999], [197391.802000001, 503149.289999999], [197402.699000001, 503131.136], [197414.440000001, 503115.732999999], [197428.581999999, 503097.710000001], [197440.561999999, 503082.495999999], [197452.445, 503067.256000001], [197464.526999999, 503051.916999999], [197477.409000002, 503035.311999999], [197492.811999999, 503013.719999999], [197502.629999999, 502998.973999999], [197514.046999998, 502981.284000002], [197525.037, 502963.381999999], [197535.041000001, 502945.951000001], [197544.276999999, 502929.039000001], [197557.816, 502904.313000001], [197568.247000001, 502886.210999999], [197578.772999998, 502869.138], [197589.988000002, 502852.897999998], [197602.331, 502838.223000001], [197615.545000002, 502824.802000001], [197629.732000001, 502811.784000002], [197644.566, 502798.388], [197659.432999998, 502784.732000001], [197677.123, 502768.596000001], [197691.484999999, 502755.5], [197706.401000001, 502741.947000001], [197721.015000001, 502728.581999999], [197735.682, 502715.267999999], [197753.059, 502699.364999998], [197767.806000002, 502686.083999999], [197782.252999999, 502672.976], [197796.149, 502659.815000001], [197809.054000001, 502646.32], [197820.265000001, 502633.285999998], [197831.037, 502618.760000002], [197841.969000001, 502602.280000001], [197850.919, 502585.337000001], [197859.603999998, 502566.877], [197868.116, 502544.943], [197873.745000001, 502529.399999999], [197880.460000001, 502510.309999999], [197887.159000002, 502492.627999999], [197896.048999999, 502473.508000001], [197907.991999999, 502457.188999999], [197924.844000001, 502441.787], [197940.772, 502428.93], [197954.903999999, 502417.445], [197970.408, 502404.91], [197985.883000001, 502392.363000002], [197996.287999999, 502381.214000002], [198005.366999999, 502364.919], [198011.714000002, 502346.311999999], [198018.719000001, 502326.147], [198029.414000001, 502306.853999998], [198045.197000001, 502288.945999999], [198060.188000001, 502274.528999999], [198074.771000002, 502260.583999999], [198089.140000001, 502246.682999998], [198102.651000001, 502232.34], [198112.931000002, 502220.541000001], [198123.155000001, 502208.271000002], [198135.844999999, 502192.859999999], [198141.243999999, 502185.715]]}, "properties": {"OBJECTID": 749, "SOORT": 1, "KPNIDENT": "3325", "STATUS": 1}}, {"type": "Feature", "id": 750, "geometry": {"type": "LineString", "coordinates": [[218834.493000001, 502818.631000001], [218844.441, 502816.537999999], [218930.592, 502793.362], [218978.497000001, 502780.701000001]]}, "properties": {"OBJECTID": 750, "SOORT": 1, "KPNIDENT": "3326", "STATUS": 1}}, {"type": "Feature", "id": 751, "geometry": {"type": "LineString", "coordinates": [[207545.284000002, 490139.737], [207529.517999999, 490141.881000001], [207530.945, 490155.822000001], [207531.872000001, 490176.116], [207532.826000001, 490196.008000001], [207533.691, 490215.993000001], [207538.284000002, 490235.039999999], [207541.546, 490256.309999999], [207542.717999998, 490275.434], [207542.588, 490297.227000002], [207541.807, 490317.133000001], [207540.765999999, 490337.25], [207539.333000001, 490350.52], [207536.078000002, 490370.556000002], [207532.296999998, 490390.296999998], [207527.348999999, 490408.640999999], [207522.783, 490428.486000001], [207519.136999998, 490444.618000001], [207513.66, 490465.491999999], [207508.710999999, 490483.491], [207503.763999999, 490501.965], [207498.278999999, 490520.772999998], [207493.852000002, 490537.686000001], [207489.024, 490557.662], [207483.816, 490575.355], [207478.861000001, 490595.454999998], [207474.563999999, 490614.579], [207470.256999999, 490636.646000002], [207467.653000001, 490654.600000001], [207463.607000001, 490675.109000001], [207460.872000001, 490688.638999999], [207459.583999999, 490693.463], [207458.502999999, 490711.853999998], [207458.230999999, 490737.666999999], [207458.443999998, 490757.526000001], [207459.083000001, 490777.475000001], [207460.033, 490797.748], [207460.960000001, 490818.210999999], [207461.552000001, 490835.545000002], [207462.587000001, 490855.267999999], [207463.5, 490875.923], [207464.465, 490896.226], [207465.202, 490916.469999999], [207465.949000001, 490929.519000001], [207466.730999999, 490948.866999999], [207467.728999998, 490968.958000001], [207468.693999998, 490989.447999999], [207469.686999999, 491008.916999999], [207470.374000002, 491029.851], [207470.646000002, 491049.469000001], [207470.517000001, 491069.465], [207470.055, 491089.212000001], [207468.550999999, 491108.759], [207467.092, 491125.555], [207465.186999999, 491145.234999999], [207463.087000001, 491164.645], [207460.951000001, 491184.469000001], [207458.82, 491204.204999998], [207456.875999998, 491221.708000001], [207455.039000001, 491240.837000001], [207452.877999999, 491260.535], [207450.949000001, 491280.149999999], [207449.140000001, 491300.695999999], [207447.278999999, 491321.73], [207445.717999998, 491341.168000001], [207444.083999999, 491360.859000001], [207442.749000002, 491380.328000002], [207441.022, 491400.017999999], [207438.958000001, 491423.228999998], [207437.302999999, 491442.07], [207435.807, 491460.947999999], [207434.313000001, 491481.061000001], [207432.721999999, 491500.313000001], [207431.541999999, 491514.131000001], [207429.956999999, 491533.011], [207428.454, 491552.307], [207427.078000002, 491571.293000001], [207425.52, 491590.883000001], [207424.072000001, 491609.855], [207422.522999998, 491629.712000001], [207420.761, 491650.395], [207419.059999999, 491671.291999999], [207417.550000001, 491691.074000001], [207415.868999999, 491712.508000001], [207414.425000001, 491731.892000001], [207412.848999999, 491751.267999999], [207411.333999999, 491769.908], [207409.772999998, 491789.361000001], [207407.353, 491817.962000001], [207405.912, 491836.423999999], [207404.318999998, 491855.250999998], [207402.636, 491874.842], [207400.975000001, 491894.120999999], [207399.359000001, 491911.605999999], [207397.668000001, 491930.785], [207395.977000002, 491950.311999999], [207394.521000002, 491964.168000001], [207391.563000001, 491970.109000001], [207389.445, 491989.168000001], [207387.912999999, 492007.249000002], [207386.318, 492026.522], [207384.695, 492046.096000001], [207383.112, 492065.686999999], [207381.267999999, 492085.181000002], [207379.399999999, 492102.802000001], [207375.954, 492121.473999999], [207374.169, 492140.638], [207372.478, 492159.699000001], [207370.495000001, 492178.835000001], [207367.477000002, 492204.760000002], [207364.123, 492224.408], [207359.936000001, 492243.800999999], [207354.886, 492263.145], [207350.309, 492279.653000001], [207345.469999999, 492292.785], [207338.771000002, 492310.559], [207331.693999998, 492328.269000001], [207324.381000001, 492346.057999998], [207317.078000002, 492363.931000002], [207309.541000001, 492382.107000001], [207302.061999999, 492400.614999998], [207294.434999999, 492418.734999999], [207286.967, 492436.973000001], [207279.662999999, 492455.140999999], [207271.361000001, 492473.695], [207263.905000001, 492491.728999998], [207256.706999999, 492510.030000001], [207249.046, 492528.581999999], [207241.811999999, 492547.546999998], [207236.087000001, 492565.302999999], [207230.541000001, 492583.743000001], [207225.651000001, 492602.294], [207220.752999999, 492621.184], [207215.681000002, 492640.653000001], [207209.377999999, 492665.478], [207204.971999999, 492683.864999998], [207200.028000001, 492703.076000001], [207194.741999999, 492722.835000001], [207189.776999999, 492742.668000001], [207185.046, 492760.046], [207180.274999999, 492778.028999999], [207175.482000001, 492796.982999999], [207170.506999999, 492816.217999998], [207165.552999999, 492835.252999999], [207160.552000001, 492854.579], [207155.750999998, 492873.905999999], [207150.908, 492892.857999999], [207145.763999999, 492911.936999999], [207141.061000001, 492931.039000001], [207135.462000001, 492952.041000001], [207130.631999999, 492970.842999998], [207125.838, 492989.738000002], [207120.918000001, 493008.923], [207115.682999998, 493028.397], [207110.566, 493045.668000001], [207104.818, 493064.234999999], [207099.077, 493082.747000001], [207092.978, 493101.403000001], [207087.122000001, 493119.649999999], [207081.581999999, 493137.166999999], [207074.561999999, 493158.502999999], [207068.820999999, 493176.636], [207062.695999999, 493195.640999999], [207056.418000001, 493214.923999999], [207050.041000001, 493234.030000001], [207044.074999999, 493253.237], [207037.997000001, 493272.41], [207031.927999999, 493291.460999999], [207025.848000001, 493310.905999999], [207020.034000002, 493328.625], [207014.213, 493347.193999998], [207008.269000001, 493365.745000001], [207002.486000001, 493384.620000001], [206997.451000001, 493405.783], [206992.640999999, 493427.91], [206989.736000001, 493448.449000001], [206986.995000001, 493468.719999999], [206984.392999999, 493488.464000002], [206981.756999999, 493507.905000001], [206979.248, 493526.909000002], [206976.263999999, 493548.197000001], [206973.502, 493568.715999998], [206970.850000001, 493588.412999999], [206968.306000002, 493607.868999999], [206965.783, 493627.559999999], [206963.840999998, 493641.489], [206961.638, 493656.947999999], [206958.921, 493676.346999999], [206956.271000002, 493696.217], [206952.875999998, 493717.046999998], [206949.721999999, 493738.140999999], [206946.498, 493757.673999999], [206943.342999998, 493776.23], [206940.614999998, 493795.131999999], [206937.602000002, 493813.623], [206934.412999999, 493832.638], [206931.261999998, 493852.344999999], [206928.017000001, 493871.625999998], [206925.105, 493890.719000001], [206921.949999999, 493909.596999999], [206918.829999998, 493928.386], [206915.710999999, 493947.465], [206912.798999999, 493966.383000001], [206909.443, 493985.541999999], [206906.074000001, 494007.109000001], [206903.056000002, 494026.191], [206900.063999999, 494045.159000002], [206896.923999999, 494064.397999998], [206893.581, 494083.861000001], [206890.311999999, 494106.827], [206887.335000001, 494125.249000002], [206884.056000002, 494143.965999998], [206880.160999998, 494163.026999999], [206876.971000001, 494176.197999999], [206873.002999999, 494190.499000002], [206867.857000001, 494211.609999999], [206862.971000001, 494231.370999999], [206857.440000001, 494251.785999998], [206852.357000001, 494271.631999999], [206846.945999999, 494292.655000001], [206842.181000002, 494311.063000001], [206837.835000001, 494329.013], [206833.228999998, 494347.401000001], [206828.429000001, 494365.377999999], [206822.488000002, 494387.079], [206817.489999998, 494407.897], [206812.237, 494428.771000002], [206806.774999999, 494449.778999999], [206801.929000001, 494467.916000001], [206797.405999999, 494486.885000002], [206791.780999999, 494508.848999999], [206787.135000002, 494526.164999999], [206782.708000001, 494543.359999999], [206778.618999999, 494559.789999999], [206774.497000001, 494576.361000001], [206769.776000001, 494594.592999998], [206765.063999999, 494612.883000001], [206760.579, 494630.453000002], [206755.772, 494648.925000001], [206749.837000001, 494672.458999999], [206745.074000001, 494691.046999998], [206740.566, 494708.978], [206736.039999999, 494727.122000001], [206731.203000002, 494745.923999999], [206724.982999999, 494769.043000001], [206720.489999998, 494787.567000002], [206715.723000001, 494805.921999998], [206710.927999999, 494824.923], [206705.997000001, 494843.971000001], [206701.32, 494863.173], [206696.350000001, 494882.050999999], [206691.296, 494901.124000002], [206686.473999999, 494920.197999999], [206681.912999999, 494938.684], [206676.289999999, 494961.256999999], [206671.931000002, 494979.862], [206667.574999999, 494999.361000001], [206664.294, 495019.405000001], [206661.984000001, 495039.559], [206659.469000001, 495066.884], [206657.965999998, 495087.511], [206656.436999999, 495108.759], [206655.094000001, 495128.199999999], [206653.445999999, 495148.458000001], [206652.170000002, 495169.703000002], [206650.100000001, 495197.245999999], [206648.831, 495219.032000002], [206647.197999999, 495239.864999998], [206645.787999999, 495257.247000001], [206644.936999999, 495273.594000001], [206644.784000002, 495293.905999999], [206645.458000001, 495315.826000001], [206647.745000001, 495339.513999999], [206650.785, 495361.311000001], [206654.204999998, 495379.215], [206658.055, 495399.291999999], [206661.556000002, 495418.283], [206665.570999999, 495437.473999999], [206669.921999998, 495458.745999999], [206676.171, 495484.368999999], [206681.919, 495503.511999998], [206688.579, 495521.412], [206696.589000002, 495539.636], [206704.998, 495557.715], [206711.673999999, 495572.528000001], [206712.401999999, 495574.010000002], [206717.953000002, 495582.68], [206729.173, 495602.032000002], [206739.181000002, 495620.741], [206748.892999999, 495638.405999999], [206758.68, 495656.328000002], [206767.697999999, 495672.432], [206777.471999999, 495690.045000002], [206787.204, 495707.572999999], [206797.153999999, 495725.874000002], [206807.493000001, 495744.469999999], [206817.541999999, 495762.780000001], [206827.846999999, 495780.953000002], [206837.760000002, 495798.936999999], [206847.596999999, 495816.963], [206856.787999999, 495834.383000001], [206863.984999999, 495848.859999999], [206873.296999998, 495867.477000002], [206881.708999999, 495885.701000001], [206889.748, 495904.66], [206897.554000001, 495923.298999999], [206903.436999999, 495938.822000001], [206910.123, 495956.059999999], [206916.605999999, 495973.693], [206923.741, 495992.100000001], [206933.184, 496014.897], [206941.177000001, 496031.995999999], [206952.024, 496049.941], [206963.374000002, 496065.506000001], [206977.548, 496085.686999999], [206994.155999999, 496109.098999999], [207005.866999999, 496125.208000001], [207017.401000001, 496140.517000001], [207028.967999998, 496157.131999999], [207040.41, 496173.055], [207052.026999999, 496189.234000001], [207063.998, 496205.956], [207069.651000001, 496213.568], [207078.820999999, 496227.087000001], [207089.359999999, 496243.842], [207098.664999999, 496260.655999999], [207107.028999999, 496278.245999999], [207114.522999998, 496296.691], [207120.932999998, 496315.302000001], [207126.094999999, 496333.445999999], [207130.316, 496349.98], [207133.651000001, 496368.693999998], [207135.423, 496378.971000001], [207137.458000001, 496396.390999999], [207138.721999999, 496415.758000001], [207139.221000001, 496435.039000001], [207138.236000001, 496455.392999999], [207137.094999999, 496468.375999998], [207134.947000001, 496487.309], [207131.697000001, 496507.392000001], [207127.311999999, 496526.442000002], [207122.432999998, 496544.651000001], [207117.561000001, 496562.548999999], [207112.666999999, 496581.640999999], [207107.884, 496600.857999999], [207103.085000001, 496619.929000001], [207097.254000001, 496641.881999999], [207092.228, 496661.342], [207087.210000001, 496681.061999999], [207081.852000002, 496701.431000002], [207076.846999999, 496720.719000001], [207072.552000001, 496737.677000001], [207067.590999998, 496757.199000001], [207062.813999999, 496776.958000001], [207057.875, 496796.000999998], [207052.670000002, 496815.559], [207047.646000002, 496834.412999999], [207042.837000001, 496853.092], [207038.173, 496870.767000001], [207033.081, 496890.225000001], [207027.91, 496909.313999999], [207022.16, 496930.763], [207017.401000001, 496949.884], [207012.624000002, 496968.188000001], [207007.445, 496987.796], [207002.675000001, 497006.052000001], [206997.039999999, 497027.645], [206992.318999998, 497045.859999999], [206987.756999999, 497063.258000001], [206982.953000002, 497081.987], [206977.783, 497101.041999999], [206971.815000001, 497124.265000001], [206967.191, 497142.429000001], [206962.171999998, 497160.789999999], [206957.197999999, 497179.691], [206952.199000001, 497199.063999999], [206946.774999999, 497220.114999998], [206941.838, 497239.581], [206937.024, 497258.238000002], [206931.82, 497277.221000001], [206925.736000001, 497295.936000001], [206919.861000001, 497309.976], [206911.765000001, 497326.653000001], [206903.879999999, 497342.107000001], [206893.927999999, 497358.545000002], [206883.669, 497374.995999999], [206875.465999998, 497385.840999998], [206864.026000001, 497400.976], [206849.401000001, 497419.015999999], [206835.136999998, 497436.443], [206824.002999999, 497450.317000002], [206815.449000001, 497460.965], [206811.495000001, 497466.559999999], [206798.296, 497484.907000002], [206787.57, 497501.456], [206778.166999999, 497517.364], [206768.315000001, 497533.596000001], [206766.662, 497536.306000002], [206760.103, 497549.265999999], [206753.414999999, 497563.977000002], [206742.682, 497586.916999999], [206733.458999999, 497606.212000001], [206724.645, 497623.855], [206714.947999999, 497642.355999999], [206708.206999999, 497654.326000001], [206699.280000001, 497670.116999999], [206687.140000001, 497689.513], [206676.416999999, 497706.767000001], [206665.234999999, 497723.807999998], [206652.890000001, 497740.405000001], [206642.495000001, 497755.440000001], [206630.379000001, 497771.274], [206617.613000002, 497787.120999999], [206603.980999999, 497803.265999999], [206591.02, 497818.390000001], [206574.892999999, 497835.945999999], [206562.123, 497849.872000001], [206546.399999999, 497865.965999998], [206530.712000001, 497881.122000001], [206520.491, 497890.482999999], [206507.938999999, 497902.579], [206491.146000002, 497917.063999999], [206473.833999999, 497931.802999999], [206454.710999999, 497946.57], [206441.530999999, 497956.918000001], [206429.645, 497965.730999999], [206412.500999998, 497977.844000001], [206392.627, 497992.482000001], [206374.811000001, 498005.046999998], [206356.921999998, 498018.831], [206338.954, 498034.397], [206322.447000001, 498048.140999999], [206308.054000001, 498061.675000001], [206296.535999998, 498073.342999998], [206284.322999999, 498086.16], [206265.186000001, 498106.269000001], [206252.386999998, 498121.289999999], [206237.579, 498139.759], [206225.425999999, 498155.221999999], [206212.905000001, 498172.445], [206198.432, 498193.598999999], [206185.550000001, 498214.219999999], [206173.477000002, 498233.761999998], [206163.011999998, 498251.335000001], [206153.083000001, 498267.640999999], [206143.390000001, 498283.624000002], [206130.877, 498304.662999999], [206119.837000001, 498322.949000001], [206109.631000001, 498339.396000002], [206097.017000001, 498360.923999999], [206087.969000001, 498375.921999998], [206074.112, 498398.618999999], [206063.285, 498416.796999998], [206052.245999999, 498435.908], [206041.083000001, 498455.581999999], [206036.719999999, 498464.77], [206029.756999999, 498481.789000001], [206021.223000001, 498503.217999998], [206012.745000001, 498528.811999999], [206007.289999999, 498549.385000002], [206002.978999998, 498568.653999999], [206001.228, 498579.712000001], [205999.100000001, 498597.408], [205997.217, 498620.410999998], [205996.234000001, 498641.912999999], [205995.254999999, 498664.087000001], [205995.32, 498685.092999998], [205995.054000001, 498713.517000001], [205995.072999999, 498734.436999999], [205995.191, 498754.493000001], [205995.392000001, 498773.750999998], [205995.324000001, 498794.074000001], [205995.109000001, 498815.677999999], [205994.467999998, 498834.971000001], [205993.045000002, 498855.644000001], [205990.348999999, 498875.923999999], [205987.460999999, 498893.364999998], [205984.695, 498912.794], [205981.234999999, 498932.954999998], [205978.318, 498952.612], [205975.067000002, 498973.706999999], [205969.557999998, 498999.677000001], [205966.318999998, 499025.732000001], [205963.704999998, 499044.546], [205960.594000001, 499062.596000001], [205957.989, 499082.984999999], [205954.831999999, 499102.368000001], [205950.920000002, 499127.692000002], [205947.645, 499148.894000001], [205943.986000001, 499172.585000001], [205941.186000001, 499190.710999999], [205938.035999998, 499211.103999998], [205935.616999999, 499226.75], [205932.311000001, 499246.232000001], [205929.011999998, 499267.555], [205926.425000001, 499283.348999999], [205925.703000002, 499288.537], [205924.835000001, 499294.377999999], [205923.73, 499300.361000001], [205922.713, 499312.171], [205922.445999999, 499326.508000001], [205925.116999999, 499342.934999999], [205929.982000001, 499358.879000001], [205935.706, 499371.166000001], [205938.140000001, 499375.546999998], [205948.982999999, 499389.767999999], [205960.671, 499401.967], [205965.024, 499405.807], [205969.18, 499409.958000001], [205973.184999999, 499413.907000002], [205976.022999998, 499417.07], [205981.750999998, 499424.204999998], [205985.976, 499431.802999999], [205990.179000001, 499444.171999998], [205990.842999998, 499458.184], [205985.936999999, 499472.677999999], [205978.517000001, 499482.234000001], [205962.221999999, 499499.059], [205948.397, 499514.182999998], [205933.419, 499530.977000002], [205918.305, 499551.647], [205906.592999998, 499571.447000001], [205897.456999999, 499591.072999999], [205890.844999999, 499608.114999998], [205884.146000002, 499627.771000002], [205878.309, 499645.390000001], [205872.026000001, 499663.835999999], [205866.304000001, 499681.295000002], [205859.364, 499699.090999998], [205853, 499717.947000001], [205845.813999999, 499738.526000001], [205840.204, 499755.309], [205832.515000001, 499778.499000002], [205827.193999998, 499794.309], [205822.572000001, 499808.344000001], [205814.063999999, 499829.16], [205811.68, 499839.324000001], [205806.445, 499857.364999998], [205801.642000001, 499873.109000001], [205799.596000001, 499878.548999999], [205793.491, 499896.375], [205787.791000001, 499914.210999999], [205781.544, 499932.239], [205775.147, 499950.986000001], [205766.84, 499975.938000001], [205760.702, 499994.425999999], [205753.697999999, 500014.302999999], [205747.210999999, 500033.954999998], [205740.923, 500052.081], [205734.050000001, 500072.206], [205727.899, 500090.721000001], [205721.050000001, 500111.296], [205715.034000002, 500130.037], [205708.125, 500149.114], [205699.195, 500174.647999998], [205690.719999999, 500200.103], [205684.135000002, 500218.963], [205678.011, 500237.559], [205672.008000001, 500255.787], [205667.603999998, 500268.614999998], [205661.269000001, 500287.274999999], [205655.059999999, 500306.250999998], [205648.721000001, 500324.274], [205642.668000001, 500342.227000002], [205634.927000001, 500365.116], [205628.405000001, 500383.519000001], [205622.02, 500402.136999998], [205615.352000002, 500421.175000001], [205608.763, 500439.658], [205602.686000001, 500458.089000002], [205596.588, 500476.302999999], [205590.009, 500495.668000001], [205583.438999999, 500514.660999998], [205577.265999999, 500533.026999999], [205570.458000001, 500553.348000001], [205564.313999999, 500571.228999998], [205558.441, 500588.892000001], [205552.135000002, 500606.405999999], [205546.289000001, 500623.912999999], [205538.888999999, 500646.320999999], [205532.489999998, 500664.506999999], [205526.041000001, 500683.550000001], [205519.627, 500702.464000002], [205513.749000002, 500720.151999999], [205509.585000001, 500731.458000001], [205504.259, 500746.160999998], [205499.993999999, 500757.778000001], [205499.947000001, 500757.947000001], [205499.838, 500758.583999999], [205498.807999998, 500762.666000001], [205497.096999999, 500769.208999999], [205495.138999999, 500774.136], [205489.142999999, 500792.370000001], [205482.783, 500809.346999999], [205474.241999999, 500832.191], [205467.550999999, 500850.203000002], [205459.976, 500869.579999998], [205453.215999998, 500888.272999998], [205446.456, 500906.153000001], [205438.169, 500928.460999999], [205430.912, 500947.302999999], [205423.991, 500966.134], [205416.873, 500986.015000001], [205409.886, 501004.041000001], [205404.046, 501019.171], [205400.772, 501028.429000001], [205397.623, 501037.995000001], [205396.463, 501047.886], [205398.693999998, 501057.973999999], [205399.27, 501059.708000001], [205399.921, 501062.752], [205400.445, 501065.572000001], [205398.844000001, 501076.931000002], [205394.625, 501089.169], [205391.568999998, 501095.364], [205386.482999999, 501104.160999998], [205380.425000001, 501114.322000001], [205369.605999999, 501130.934], [205358.581999999, 501147.179000001], [205347.815000001, 501163.704999998], [205339.877, 501181.032000002], [205334.588, 501203.370000001], [205333.717999998, 501212.598000001], [205333.875, 501221.947000001], [205336.109000001, 501240.816], [205336.129999999, 501250.855999999], [205333.918000001, 501261.596000001], [205332.657000002, 501268.201000001], [205331.962000001, 501271.195], [205331.041999999, 501275.938000001], [205330.155000001, 501280.567000002], [205328.09, 501289.862], [205325.372000001, 501302.702], [205318.289000001, 501320.463], [205309.309, 501337.581], [205300.557, 501355.679000001], [205293.780000001, 501373.695999999], [205288.122000001, 501396.432], [205284.306000002, 501415.199999999], [205280.454999998, 501433.736000001], [205277.969000001, 501443.796], [205275.254999999, 501453.201000001], [205269.217, 501471.431000002], [205261.184, 501492.774], [205253.912999999, 501511.903000001], [205247.379000001, 501530.151000001], [205240.932999998, 501548.568999998], [205234.706999999, 501566.572000001], [205227.545000002, 501587.245000001], [205220.588, 501606.394000001], [205219.706999999, 501612.215999998], [205218.73, 501616.044], [205214.715, 501625.16], [205210.063000001, 501637.938000001], [205209.155999999, 501640.602000002], [205208.912999999, 501641.827], [205207.884, 501645.493999999], [205206.506999999, 501648.627999999], [205203.688999999, 501650.467999998], [205201.783, 501657.697000001], [205200.013, 501665.528999999], [205197.715999998, 501675.081], [205196.061000001, 501681.730999999], [205194.602000002, 501688.186999999], [205190.679000001, 501708.657000002], [205185.943, 501726.221999999], [205180.497000001, 501745.831], [205174.745999999, 501765.583999999], [205169.068, 501783.681000002], [205161.877, 501801.177999999], [205152.259, 501823.585000001], [205143.546999998, 501842.291999999], [205134.390000001, 501861.145], [205124.239999998, 501877.572999999], [205112.034000002, 501893.929000001], [205101.822999999, 501907.912], [205087.969000001, 501924.965999998], [205073.509, 501941.096999999], [205058.967, 501957.534000002], [205047.379999999, 501971.469000001], [205032.543000001, 501985.407000002], [205018.159000002, 502000.102000002], [205004.905999999, 502015.469999999], [204990.068999998, 502030.460999999], [204974.848000001, 502047.195], [204957.425000001, 502062.348000001], [204947.592, 502072.098000001], [204945.171, 502074.515999999], [204941.223999999, 502078.848999999], [204936.322000001, 502087.598999999], [204930.916000001, 502095.980999999], [204924.322999999, 502105.778999999], [204913.842, 502120.037], [204909.101, 502126.903999999], [204904.548999999, 502135.767000001], [204901.066, 502147.892000001], [204899.419, 502159.421], [204898.067000002, 502169.487], [204895.333000001, 502179.704999998], [204890.497000001, 502187.809], [204882.967, 502194.925000001], [204875.278999999, 502200.5], [204866.831999999, 502205.145], [204857.397999998, 502209.166000001], [204847.368000001, 502213.272], [204829.473999999, 502220.587000001], [204810.66, 502228.440000001], [204792.168000001, 502235.907000002], [204773.809999999, 502243.432999998], [204764.669, 502247.533], [204755.714000002, 502252.030999999], [204746.989999998, 502256.300000001], [204737.916000001, 502260.623], [204728.588, 502263.855999999], [204719.243000001, 502265.995999999], [204709.324999999, 502267.616], [204698.662999999, 502268.888999999], [204679.629000001, 502270.601], [204669.219000001, 502271.670000002], [204659.436000001, 502273.537999999], [204649.855, 502276.543000001], [204640.475000001, 502279.914999999], [204620.905999999, 502286.806000002], [204611.136999998, 502288.453000002], [204602.362, 502287.752999999], [204587.155000001, 502286.221999999], [204576.359999999, 502286.969000001], [204566.662, 502289.550000001], [204557.607999999, 502293.497000001], [204550.460999999, 502299.055], [204545.923, 502307.886], [204544.092, 502317.592], [204544.070999999, 502327.162], [204542.287, 502336.796], [204536.877999999, 502344.162999999], [204532.993000001, 502347.333000001], [204528.787, 502349.822000001], [204519.857999999, 502354.313000001], [204510.761999998, 502358.441], [204502.092, 502362.149], [204500.377999999, 502362.932999998], [204498.113000002, 502363.927000001], [204497.484000001, 502364.248], [204493.245999999, 502366.412999999], [204487.311000001, 502369.028999999], [204483.021000002, 502371.351], [204472.809999999, 502376.624000002], [204469.219999999, 502380.329999998], [204467.197000001, 502381.401000001], [204464.791999999, 502382.333999999], [204461.368000001, 502383.855], [204457.925000001, 502383.868000001], [204448.48, 502367.647999998], [204438.594000001, 502350.756000001], [204428.41, 502333.331], [204417.888, 502315.491999999], [204414.818, 502310.147999998], [204411.614999998, 502311.351], [204410.732999999, 502311.905999999], [204408.159000002, 502313.408], [204406.397, 502314.528000001], [204405.335000001, 502315.098999999], [204403.138, 502316.412], [204399.728999998, 502318.397], [204396.495999999, 502320.280999999], [204393.760000002, 502321.890000001], [204386.098999999, 502326.066], [204381.004999999, 502328.66], [204374.302999999, 502332.842], [204358.063999999, 502342.583999999], [204340.616, 502353.033], [204327.752, 502361.138], [204319.300999999, 502366.429000001], [204306.239, 502374.359999999], [204290.780999999, 502383.960000001], [204274.859000001, 502393.875999998], [204263.811999999, 502406.27], [204258.993999999, 502409.925999999], [204254.684, 502411.401000001], [204238.397999998, 502422.620000001], [204222.998, 502433.024999999], [204213.410999998, 502439.085000001], [204198.465, 502449.864], [204182.120000001, 502462.826000001], [204164.250999998, 502475.806000002], [204148.535, 502487.228999998], [204130.519000001, 502498.986000001], [204113.390999999, 502511.993000001], [204096.534000002, 502524.682], [204080.443999998, 502537.471000001], [204065.940000001, 502549.026000001], [204059.476, 502554.201000001], [204043.340999998, 502567.234999999], [204027.657000002, 502579.883000001], [204025.993999999, 502581.379999999], [204022.879999999, 502584.09], [204021.348999999, 502585.202], [204006.741999999, 502597.052000001], [203992.204, 502609.673999999], [203983.719999999, 502616.999000002], [203974.274, 502625.528999999], [203960.798999999, 502637.274999999], [203946.651999999, 502650.004999999], [203931.109999999, 502663.079], [203917.824999999, 502675.155000001], [203910.554000001, 502680.624000002], [203897.048, 502692.409000002], [203882.963, 502703.818], [203868.943999998, 502715.447000001], [203853.223999999, 502728.052999999], [203838.306000002, 502740.327], [203821.989, 502752.776000001], [203806.875999998, 502764.248], [203790.815000001, 502776.041000001], [203774.028999999, 502788.965], [203759.831, 502799.756999999], [203745.745999999, 502810.960999999], [203730.513999999, 502823.072999999], [203722.190000001, 502830.289000001], [203714.982999999, 502833.227000002], [203687.908, 502836.333000001], [203670.728, 502848.280000001], [203658.864999998, 502857.374000002], [203646.824000001, 502870.034000002], [203633.259, 502882.225000001], [203621.798999999, 502891.919], [203621.693, 502903.868999999], [203626.577, 502934.282000002], [203617.798999999, 502940.133000001], [203616.885000002, 502943.528000001], [203607.743000001, 502950.144000001], [203591.888999999, 502961.534000002], [203574.350000001, 502973.714000002], [203567.519000001, 502978.861000001], [203561.52, 502983.256999999], [203546.491, 502993.359000001], [203537.634, 502999.574999999], [203529.125, 503005.118000001], [203523.943, 503008.620999999], [203514.265999999, 503014.727000002], [203504.925000001, 503020.940000001], [203499.739999998, 503015.309], [203487.921999998, 503002.329999998], [203474.765000001, 502987.903000001], [203461.875999998, 502973.727000002], [203449.238000002, 502959.816], [203438.294, 502947.846999999], [203425.973000001, 502934.311999999], [203417.412999999, 502919.085999999], [203425.800000001, 502904.280999999], [203434.541999999, 502896.326000001], [203444.373, 502887.056000002], [203449.241999999, 502882.524], [203463.355, 502869.967999998], [203470.958000001, 502863.057999998], [203472.831999999, 502859.469000001], [203474.763999999, 502854.331], [203462.638999999, 502839.105], [203461.403000001, 502836.956999999], [203457.375999998, 502806.0581], [203448.0097, 502790.500599999], [203422.874299999, 502770.392200001], [203416.2597, 502752.665100001], [203411.497200001, 502749.4901], [203404.776700001, 502758.962200001], [203373.026700001, 502737.477899998], [203376.519200001, 502731.868799999], [203365.618299998, 502724.248799998], [203361.490800001, 502729.646299999], [203340.747400001, 502714.935400002], [203339.689100001, 502716.417100001], [203323.7082, 502705.092900001], [203324.237399999, 502704.1404], [203309.949900001, 502693.133699998], [203308.150699999, 502695.250399999], [203278.094000001, 502674.506999999], [203276.203000002, 502656.230999999], [203271.715999998, 502644.230999999], [203252.429299999, 502650.376899999], [203249.8893, 502642.016100001], [203243.539299998, 502575.870099999], [203244.5977, 502573.224300001], [203232.166999999, 502564.488000002], [203227.179000001, 502556.324999999], [203217.313999999, 502557.899999999], [203197.942000002, 502561.182], [203179.748, 502565.057999998], [203158.962000001, 502568.057999998], [203138.454999998, 502571.463], [203117.763999999, 502574.250999998], [203097.489, 502580.706], [203079.059999999, 502588.285999998], [203062.420000002, 502600.327], [203045.284000002, 502610.605999999], [203025.818, 502614.822999999], [203006.256000001, 502615.436999999], [202987.171, 502611.824000001], [202969.043000001, 502604.011999998], [202952.660999998, 502593.228], [202936.342, 502582.002], [202919.923999999, 502570.671999998], [202903.151000001, 502559.318999998], [202884.147999998, 502547.752999999], [202865.243999999, 502537.804000001], [202845.484999999, 502528.509], [202824.896000002, 502519.100000001], [202801.489, 502513.561999999], [202782.285999998, 502517.579], [202764.747000001, 502525.460999999], [202750.535999998, 502540.006999999], [202741.427000001, 502557.938000001], [202734.508000001, 502576.877999999], [202728.394000001, 502593.197999999], [202721.607000001, 502611.638999999], [202714.487, 502630.657000002], [202706.857999999, 502652.213], [202699.471999999, 502672.195], [202686.352000002, 502693.370999999], [202670.620999999, 502706.623], [202652.923999999, 502714.767000001], [202633.789000001, 502719.368000001], [202612.895, 502722.234999999], [202589.846000001, 502725.375999998], [202571.030999999, 502727.872000001], [202552.622000001, 502729.647], [202531.761999998, 502732.556000002], [202512.629999999, 502738.414000001], [202495.101, 502738.015999999], [202471.772999998, 502737.897], [202452.772, 502738.613000002], [202442.280999999, 502739.804000001], [202438.75, 502740.465], [202433.094000001, 502745.118000001], [202433.848999999, 502764.276000001], [202434.697000001, 502786.041000001], [202436.283, 502805.778000001], [202441.276000001, 502824.956], [202448.807999998, 502842.364999998], [202456.765999999, 502859.947999999], [202463.285999998, 502877.368000001], [202470.230999999, 502895.861000001], [202479.272999998, 502912.826000001], [202485.462000001, 502929.432999998], [202490.953000002, 502945.563000001], [202491.585000001, 502947.473000001], [202493.960000001, 502953.206], [202494.618000001, 502955.837000001], [202496.445, 502961.846000001], [202497.061000001, 502963.857000001], [202499.543000001, 502986.5], [202500.478999998, 503006.449000001], [202501.267999999, 503026.388999999], [202501.657000002, 503047.039999999], [202502.112, 503067.315000001], [202502.605999999, 503087.324999999], [202503.890000001, 503107.208000001], [202507.772, 503126.864999998], [202512.785999998, 503146.215999998], [202519.136999998, 503166.899], [202513.342999998, 503178.425000001], [202503.394000001, 503183.741999999], [202486.009, 503193.475000001], [202468.633000001, 503203.256000001], [202451.888, 503212.682], [202435.328000002, 503221.943999998], [202406.491999999, 503239.877], [202378.967, 503261.140000001]]}, "properties": {"OBJECTID": 751, "SOORT": 1, "KPNIDENT": "3327", "STATUS": 1}}, {"type": "Feature", "id": 767, "geometry": {"type": "LineString", "coordinates": [[211187.829999998, 472689.688999999], [211169.605, 472740.614999998], [211152.923, 472782.704999998], [211131.590999998, 472838.214000002], [211081.048, 472970.879999999], [211067.857999999, 473005.795000002], [211039.331, 473074.171999998], [211022.427000001, 473110.291999999], [211004.223999999, 473145.113000002], [210984.960999999, 473178.375], [210962.357000001, 473212.903999999], [210934.556000002, 473253.664999999], [210906.875999998, 473290.741], [210825.759, 473397.052999999], [210775.568999998, 473459.223000001], [210722.543000001, 473528.618000001], [210680.307999998, 473583.508000001], [210653.787, 473617.539999999], [210619.923, 473658.296999998], [210609.089000002, 473658.296999998], [210604.237, 473655.388], [210586.784000002, 473635.822000001], [210557.386, 473602.857000001], [210516.228999998, 473556.182], [210492.588, 473530.552000001], [210471.491, 473511.763], [210456.585999999, 473497.327], [210413.704999998, 473449.208999999], [210395.068999998, 473430.414999999], [210379.107000001, 473415.236000001], [210363.916000001, 473402.886999998], [210347.181000002, 473392.339000002], [210328.386, 473383.850000001], [210292.598000001, 473372.787], [210259.052999999, 473361.886999998], [210237.822999999, 473363.976], [210225.761, 473365.905000001], [210208.712000001, 473367.833000001], [210189.116, 473369.118000001], [210165.999000002, 473382.978], [210144.730999999, 473400.070999999], [210072.605999999, 473413.931000002], [210033.307, 473423.633000001], [210025.302000001, 473429.122000001], [210026.601, 473466.454], [210035.373, 473492.748], [210028.102000002, 473522.208000001], [210018.881999999, 473535.041000001], [210015.697999999, 473548.824999999], [210011.190000001, 473572.228], [210001.730999999, 473603.614999998], [209980.662999999, 473673.269000001], [209968.061000001, 473699.885000002], [209938.383000001, 473810.572000001], [209930.93, 473867.756999999], [209913.588, 473900.721000001], [209888.357999999, 473941.987], [209889.892999999, 473953.745999999], [209889.309999999, 473963.228999998], [209886.962000001, 473973.881000001], [209886.228, 474027.710000001], [209885.927000001, 474049.776000001], [209892.949999999, 474056.511999998], [209909.888999999, 474063.596000001], [209919.556000002, 474068.934], [209937.454999998, 474077.287999999], [209955.300999999, 474085.884], [209973.017000001, 474094.730999999], [209990.675000001, 474102.594999999], [210008.442000002, 474110.796999998], [210025.989, 474119.032000002], [210044.059999999, 474127.671999998], [210061.896000002, 474136.796], [210073.335999999, 474141.210000001], [210090.745999999, 474149.48], [210108.206, 474156.879999999], [210126.609000001, 474165.272999998], [210131.967999998, 474166.945999999], [210143.305, 474171.469000001], [210149.732000001, 474174.315000001], [210157.701000001, 474178.649999999], [210163.500999998, 474181.657000002], [210168.357999999, 474183.866], [210182.169, 474188.943999998], [210197.868999999, 474195.348999999], [210214.009, 474203.381999999], [210227.605999999, 474210.943999998], [210230.245000001, 474212.598000001], [210245.164000001, 474220.409000002], [210259.568, 474228.094999999], [210279.574000001, 474238.611000001], [210298.754999999, 474248.874000002], [210317.482000001, 474258.210999999], [210335.868000001, 474267.644000001], [210354.296999998, 474277.322000001], [210373.618000001, 474287.480999999], [210391.671, 474297.263], [210412.092999998, 474308.164999999], [210431.550999999, 474318.763], [210449.296, 474328.513], [210468.526000001, 474339.089000002], [210486.813999999, 474350.324999999], [210502.425999999, 474360.425999999], [210518.27, 474371.493999999], [210532.745000001, 474382.394000001], [210546.228, 474394.798], [210561.015999999, 474409.243000001], [210576.046999998, 474425.182], [210590.589000002, 474441.112], [210604.943999998, 474457.112], [210617.509, 474473.247000001], [210629.822000001, 474491.353999998], [210640.513, 474509.988000002], [210651.052000001, 474528.829999998], [210661.105999999, 474546.651000001], [210670.875, 474564.388999999], [210681.666000001, 474583.522999998], [210691.958999999, 474602.098000001], [210701.864999998, 474619.774], [210711.828000002, 474637.473000001], [210721.791000001, 474655.502999999], [210732.603999998, 474673.07], [210743.329999998, 474690.508000001], [210754.07, 474707.749000002], [210765.567000002, 474726.370999999], [210775.600000001, 474743.692000002], [210786.614, 474761.995999999], [210796.679000001, 474778.956999999], [210806.713, 474796.033], [210816.105, 474811.969000001], [210825.772, 474828.557], [210836.225000001, 474846.399], [210846.546, 474863.664000001], [210856.866999999, 474881.077], [210867.054000001, 474898.463], [210876.653000001, 474914.774], [210886.807999998, 474932.039000001], [210896.794, 474949.175000001], [210906.366999999, 474965.732999999], [210913.954, 474979.510000002], [210923.070999999, 474995.522], [210932.386, 475012.056000002], [210937.633000001, 475021.063000001], [210939.614, 475024.666000001], [210941.655999999, 475028.793000001], [210947.265999999, 475038.589000002], [210950.702, 475042.916000001], [210955.122000001, 475047.963], [210956.351, 475050.607000001], [210958.002999999, 475054.454], [210960.361000001, 475059.881000001], [210960.355999999, 475060.043000001], [210963.886, 475065.363000002], [210966.888, 475070.284000002], [210966.965, 475070.355999999], [210968.690000001, 475073.206], [210969.873, 475075.239999998], [210969.960999999, 475075.385000002], [210972.011, 475078.782000002], [210972.068, 475078.897], [210973.515000001, 475081.147], [210975.625, 475084.353], [210979.037, 475090.134], [210984.158, 475099.223000001], [210986.590999998, 475104.807], [210988.727000002, 475109.476], [210997.208999999, 475124.702], [211006.864999998, 475141.32], [211017.238000002, 475158.134], [211027.622000001, 475175.412999999], [211037.855999999, 475192.102000002], [211047.653000001, 475208.120000001], [211058.677999999, 475225.511], [211069.169, 475241.947000001], [211079.465, 475258.197000001], [211089.993000001, 475275.079], [211100.087000001, 475291.579], [211110.092, 475308.804000001], [211116.443999998, 475319.215999998], [211126.225000001, 475335.454999998], [211136.745000001, 475352.82], [211147.550999999, 475370.977000002], [211157.761, 475388.252999999], [211166.728999998, 475404.182999998], [211175.517000001, 475419.502], [211185.405000001, 475436.346999999], [211195.164000001, 475453.066], [211206.914999999, 475472.949999999], [211215.511999998, 475487.864999998], [211224.203000002, 475503.171999998], [211234.227000002, 475520.092999998], [211243.75, 475536.693999998], [211253.500999998, 475553.43], [211263.241, 475570.388999999], [211273.397999998, 475587.743999999], [211282.936999999, 475604.072999999], [211292.583000001, 475620.544], [211302.188000001, 475637.144000001], [211311.857000001, 475653.541999999], [211321.230999999, 475669.719000001], [211330.443, 475685.434999999], [211340.171, 475701.811999999], [211349.504000001, 475718.081], [211358.868999999, 475734.184999999], [211360.353, 475738.798], [211369.280000001, 475754.327], [211378.693, 475770.442000002], [211385.335000001, 475781.723000001], [211387.495999999, 475785.550999999], [211388.649999999, 475787.853], [211392.638999999, 475795.004999999], [211396.445, 475802.033], [211400.188999999, 475808.285999998], [211404.693, 475816.024], [211413.307, 475830.467], [211423.333999999, 475846.807], [211433.587000001, 475863.909000002], [211443.789000001, 475880.791000001], [211454.386999998, 475898.862], [211464.894000001, 475917.046], [211474.344000001, 475933.684], [211483.583000001, 475950.215], [211493.046999998, 475967.052999999], [211502.088, 475983.633000001], [211511.397, 476000.478999998], [211520.555, 476018.335999999], [211529.798, 476036.322999999], [211538.425999999, 476053.399], [211546.965999998, 476070.295000002], [211555.844999999, 476087.440000001], [211565.101, 476104.848999999], [211574.188000001, 476122.085000001], [211590.063000001, 476152.055], [211599.528000001, 476169.894000001], [211609.175999999, 476187.625999998], [211618.708999999, 476205.089000002], [211628.537999999, 476223.513999999], [211635.397999998, 476236.186999999], [211644.101, 476252.805], [211654.050000001, 476271.201000001], [211663.684999999, 476289.550000001], [211672.868000001, 476307.717], [211673.329, 476308.787999999], [211677.522, 476316.543000001], [211684.105999999, 476329.179000001], [211687.147999998, 476335.159000002], [211687.681000002, 476336.285], [211690.962000001, 476342.394000001], [211699.704999998, 476359.006000001], [211709.578000002, 476376.881999999], [211719.056000002, 476394.070999999], [211728.973999999, 476411.511], [211739.219000001, 476429.225000001], [211749.438000001, 476447.037], [211759.436999999, 476465.083000001], [211768.784000002, 476483.120000001], [211777.763999999, 476501.340999998], [211787.057999998, 476520.030999999], [211795.568, 476536.977000002], [211804.535, 476554.291000001], [211816.083999999, 476576.046], [211825.410999998, 476593.568999998], [211834.905999999, 476611.357000001], [211844.947999999, 476629.989], [211854.309, 476647.381999999], [211863.589000002, 476664.583999999], [211872.239, 476680.923], [211881.645, 476698.484999999], [211890.532000002, 476715.629000001], [211899.412999999, 476732.074000001], [211908.313999999, 476748.522], [211918.158, 476766.583000001], [211927.114, 476783.960000001], [211935.701000001, 476800.228999998], [211944.386999998, 476815.840999998], [211950.276999999, 476826.539000001], [211957.717999998, 476842.706999999], [211965.471999999, 476859.602000002], [211971.022, 476870.105], [211979.649999999, 476885.226], [211983.732000001, 476892.155999999], [211987.041000001, 476897.188000001], [211994.844999999, 476912.215], [211994.864999998, 476912.254000001], [212003.929000001, 476928.859999999], [212012.607000001, 476944.901000001], [212021.557999998, 476961.695999999], [212029.842, 476977.853], [212039.822999999, 476996.199999999], [212048.842999998, 477013.168000001], [212055.73, 477026.090999998], [212064.960999999, 477043.91], [212074.263, 477061.881999999], [212083.824999999, 477080.083000001], [212093.16, 477097.730999999], [212101.587000001, 477113.975000001], [212111.184999999, 477132.114999998], [212117.291000001, 477143.875999998], [212126.977000002, 477161.938000001], [212136.498, 477179.601], [212155.995999999, 477207.153999999], [212263.629999999, 477208.252999999], [212340.585000001, 477208.252999999], [212382.050999999, 477201.901999999], [212465.282000002, 477191.068], [212521.317000002, 477182.850000001], [212571.375, 477180.234999999], [212632.901999999, 477177.508000001], [212724.425999999, 477176.386999998], [212817.818, 477174.519000001], [212869.594000001, 477172.651000001], [213053.278000001, 477170.035999998], [213176.307999998, 477168.026999999], [213212.425000001, 477167.884], [213401.859000001, 477172.787999999]]}, "properties": {"OBJECTID": 767, "SOORT": 1, "KPNIDENT": "3317", "STATUS": 1}}, {"type": "Feature", "id": 833, "geometry": {"type": "LineString", "coordinates": [[212497.024999999, 511614.206], [212479.136999998, 511610.581999999], [212461.256999999, 511606.986000001], [212438.055, 511602.195999999], [212427.258000001, 511600.210999999], [212420.456999999, 511597.666000001], [212401.034000002, 511593.504999999], [212383.192000002, 511589.895], [212364.877, 511586.307], [212345.651000001, 511582.324999999], [212326.452, 511578.296], [212308.658, 511574.535], [212290.083000001, 511570.697999999], [212271.704, 511566.954], [212253.056000002, 511563.105], [212234.335000001, 511559.252999999], [212210.420000002, 511554.574999999], [212191.059, 511550.469000001], [212172.399999999, 511546.554000001], [212147.477000002, 511541.302999999], [212125.283, 511536.886], [212106.243000001, 511532.827], [212086.614999998, 511528.833999999], [212067.375, 511524.964000002], [212047.263, 511520.800999999], [212038.295000002, 511519.063000001], [212019.620999999, 511515.127999999], [212001.070999999, 511511.318], [211981.772999998, 511507.386], [211962.567000002, 511503.467999998], [211943.640000001, 511499.488000002], [211931.596999999, 511497.09], [211914.544, 511493.397999998], [211897.066, 511489.795000002], [211878.552999999, 511485.859999999], [211860.162, 511482.140000001], [211841.601, 511478.379999999], [211820.300000001, 511473.566], [211801.467, 511469.072999999], [211786.710999999, 511467.245000001], [211783.991, 511466.52], [211781.68, 511465.964000002], [211779.182999998, 511465.374000002], [211772.631000001, 511464.094999999], [211761.125, 511461.27], [211747.046999998, 511457.838], [211733.094999999, 511454.423999999], [211715.903000001, 511450.848999999], [211710.140000001, 511450.919], [211708.127, 511450.414999999], [211706.368999999, 511450.120999999], [211703.568999998, 511449.388999999], [211701.743999999, 511448.785], [211699.725000001, 511448.138], [211689.813000001, 511445.487], [211672.677999999, 511442.800000001], [211638.420000002, 511435.166000001], [211631.802000001, 511433.726], [211629.697999999, 511433.342999998], [211610.943, 511429.502], [211591.249000002, 511425.695999999], [211565.659000002, 511420.249000002], [211547.848000001, 511416.638999999], [211528.581, 511412.362], [211511.890999999, 511409.015999999], [211492.434999999, 511405.057999998], [211474.166999999, 511401.219000001], [211455.142999999, 511397.477000002], [211436.092, 511393.588], [211416.149, 511389.405000001], [211398.234000001, 511385.732000001], [211370.763, 511379.727000002], [211352.195, 511375.846999999], [211333.067000002, 511371.846000001], [211314.147, 511367.908], [211295.166999999, 511364.335999999], [211276.594999999, 511360.609000001], [211267.443, 511359.298999999], [211262.291000001, 511360.403000001], [211257.138, 511366.291000001], [211251.434, 511374.756000001], [211243.338, 511378.068], [211226.041000001, 511377.331999999], [211202.118999999, 511369.787], [211178.566, 511360.403000001], [211144.155999999, 511348.993999999], [211128.515000001, 511343.105999999], [211109.93, 511337.217999998], [211096.313999999, 511332.065000001], [211079.017000001, 511326.728999998], [211065.215999998, 511323.416999999], [211055.280000001, 511321.208999999], [211032.686999999, 511312.679000001], [211013.806000002, 511307.261], [210995.908, 511302.155999999], [210975.756999999, 511296.794], [210957.377, 511291.973999999], [210943.096999999, 511288.171999998], [210923.726, 511282.969999999], [210904.522999998, 511277.846999999], [210886.686000001, 511273.129999999], [210868.827, 511268.386999998], [210842.272999998, 511261.254999999], [210822.517000001, 511256.006000001], [210803.598999999, 511250.941], [210784.693999998, 511245.934], [210767.041999999, 511241.250999998], [210747.568999998, 511236.037999999], [210733.794, 511232.287999999], [210713.353999998, 511226.936000001], [210692.776999999, 511221.443999998], [210674.482999999, 511216.502999999], [210654.818, 511211.368999999], [210637.695, 511206.776999999], [210624.436999999, 511203.276999999], [210603.25, 511197.640999999], [210584.903999999, 511192.736000001], [210565.256000001, 511187.471999999], [210547.252, 511182.846999999], [210529.563999999, 511178.028000001], [210517.114, 511174.673999999], [210498.745000001, 511169.791000001], [210480.691, 511165.017999999], [210464.035, 511160.592], [210446.728, 511155.914000001], [210428.73, 511151.138], [210417.934, 511148.223999999], [210400.170000002, 511143.578000002], [210381.589000002, 511138.508000001], [210364.068999998, 511133.897], [210344.214000002, 511128.686000001], [210323.824999999, 511123.077], [210309.614999998, 511119.342], [210293.486000001, 511115.081999999], [210275.375999998, 511110.289999999], [210258.530000001, 511105.758000001], [210245.662999999, 511102.339000002], [210224.960000001, 511096.807], [210204.866999999, 511091.473000001], [210187.477000002, 511086.879000001], [210167.905999999, 511081.681000002], [210148.471999999, 511076.517999999], [210127.765000001, 511074.938999999], [210108.816, 511069.822000001], [210089.094000001, 511064.506000001], [210068.603, 511058.493000001], [210049.585999999, 511052.828000002], [210037.338, 511047.77], [210030.039000001, 511040.901000001], [210027.238000002, 511039.888999999], [210010.377999999, 511033.710999999], [209993.491999999, 511027.918000001], [209975.723999999, 511022.289999999], [209957.791000001, 511017.164999999], [209942.054000001, 511013.333000001], [209922.881999999, 511009.420000002], [209902.440000001, 511006.227000002], [209882.263999999, 511003.868999999], [209865.557999998, 511002.543000001], [209847.829999998, 511001.706999999], [209822.888999999, 511002.033], [209802.511, 511003.384], [209784.239999998, 511004.958000001], [209776.416000001, 511006.039999999], [209757.960999999, 511008.811000001], [209751.636999998, 511010.034000002], [209733.675000001, 511013.842], [209715.083000001, 511018.370999999], [209698.320999999, 511022.66], [209678.662, 511028.184], [209659.993999999, 511034.059999999], [209642.585999999, 511039.877999999], [209624.655999999, 511046.664000001], [209607.307, 511053.899], [209591.570999999, 511060.631000001], [209572.079, 511069.802999999], [209554.660999998, 511078.671999998], [209538.940000001, 511087.171], [209509.241999999, 511104.063000001], [209491.346999999, 511114.473999999], [209475.539000001, 511123.245000001], [209457.177000001, 511133.824000001], [209441.004999999, 511142.997000001], [209424.800999999, 511152.361000001], [209405.228999998, 511163.188000001], [209388.096999999, 511172.677000001], [209370.884, 511182.625999998], [209353.646000002, 511192.686000001], [209336.607999999, 511202.761999998], [209325.425999999, 511209.366999999], [209295.662, 511226.787999999], [209277.565000001, 511237.465999998], [209261.524, 511246.861000001], [209243.774999999, 511257.166999999], [209228.344999999, 511266.248], [209212.267999999, 511275.712000001], [209192.318, 511287.241], [209175.784000002, 511296.963], [209158.925000001, 511306.831999999], [209142.359000001, 511316.366], [209124.883000001, 511326.616999999], [209108.890000001, 511335.954999998], [209097.508000001, 511342.603], [209079.414000001, 511353.170000002], [209063.363000002, 511362.636], [209047.131999999, 511372.133000001], [209030.469999999, 511381.894000001], [209014.929000001, 511391.022], [208997.272, 511401.458999999], [208976.298, 511413.82], [208959.037999999, 511424.009], [208942.348000001, 511433.305], [208925.515000001, 511441.305], [208908.234999999, 511447.585999999], [208888.480999999, 511451.978999998], [208865.23, 511454.063999999], [208846.057999998, 511455.125], [208826.436000001, 511456], [208806.953000002, 511456.833000001], [208787.640000001, 511457.653000001], [208768.681000002, 511458.524], [208750.807, 511459.252], [208732.908, 511459.603999998], [208714.009, 511459.778999999], [208695.870000001, 511459.037999999], [208678.263999999, 511457.408], [208658.695, 511454.818], [208637.210000001, 511451.572999999], [208605.734000001, 511446.75], [208587.441, 511443.942000002], [208570.414000001, 511441.350000001], [208550.48, 511438.329], [208531.741999999, 511435.509], [208512.767000001, 511432.616], [208488.256000001, 511428.761], [208468.855, 511425.859000001], [208450.658, 511423.035], [208432.153999999, 511420.210999999], [208413.368999999, 511417.379999999], [208394.186999999, 511414.425999999], [208374.960999999, 511411.432999998], [208358.416999999, 511408.965999998], [208340.122000001, 511406.206999999], [208319.673, 511403.028000001], [208301.118000001, 511400.252], [208282.688000001, 511397.442000002], [208264.052000001, 511394.581], [208243.432, 511391.469999999], [208221.418000001, 511388.140000001], [208201.331999999, 511385.142000001], [208180.978, 511382.019000001], [208162.796999998, 511379.324000001], [208140.824000001, 511375.978999998], [208125.276999999, 511373.659000002], [208113.927000001, 511371.833999999], [208093.855, 511368.800000001], [208075.568999998, 511366.092999998], [208056.236000001, 511363.158], [208037.140999999, 511360.267999999], [208017.329, 511357.344999999], [207989.776999999, 511353.111000001], [207969.285, 511350.129000001], [207947.642999999, 511346.870000001], [207928.138, 511343.978], [207906.833999999, 511340.795000002], [207888.443999998, 511338.011999998], [207865.363000002, 511334.500999998], [207845.181000002, 511331.48], [207825.706, 511328.528999999], [207806.179000001, 511325.548], [207785.158, 511322.454], [207767.748, 511319.842], [207752.318999998, 511317.405000001], [207731.443999998, 511314.313000001], [207712.083999999, 511311.379999999], [207693.396000002, 511308.543000001], [207673.171, 511305.403000001], [207653.622000001, 511302.436999999], [207636.124000002, 511299.739], [207618.423, 511297.022999998], [207599.146000002, 511294.122000001], [207580.252, 511291.252], [207560.374000002, 511288.164999999], [207542.287, 511285.418000001], [207523.909000002, 511282.611000001], [207502.642000001, 511279.320999999], [207483.509, 511276.368000001], [207464.655999999, 511273.545000002], [207445.048, 511270.436000001], [207424.600000001, 511267.188999999], [207402.142000001, 511263.824999999], [207371.013999999, 511259.045000002], [207351.550000001, 511256.092999998], [207332.616, 511253.256999999], [207312.238000002, 511250.181000002], [207292.059999999, 511247.127999999], [207268, 511243.442000002], [207246.096999999, 511240.203000002], [207227.484000001, 511237.370000001], [207208.473999999, 511234.535], [207192.541999999, 511232.072000001], [207175.771000002, 511229.441], [207155.423999999, 511226.355], [207137.295000002, 511223.546], [207119.348999999, 511220.795000002], [207099.649, 511217.756999999], [207075.875999998, 511214.006000001], [207056.84, 511211.109999999], [207036.495000001, 511208.037999999], [207016.949999999, 511205.02], [206999.342999998, 511202.316], [206982.245000001, 511199.791000001], [206964.223999999, 511196.894000001], [206944.982000001, 511194.066], [206925.105, 511191.114999998], [206904.092999998, 511187.945], [206885.539000001, 511185.181000002], [206866.333000001, 511182.344000001], [206846.340999998, 511179.287], [206826.613000002, 511176.298999999], [206809.429000001, 511173.800999999], [206791.436999999, 511171.162999999], [206773.170000002, 511168.373], [206754.311999999, 511165.419], [206735.787999999, 511162.670000002], [206708.193, 511158.535], [206687.043000001, 511155.421], [206669.381999999, 511152.719000001], [206649.712000001, 511149.794], [206630.835000001, 511146.918000001], [206610.638, 511143.967], [206580.747000001, 511139.366999999], [206562.030999999, 511136.601], [206543.616999999, 511133.908], [206525.120000001, 511131.149999999], [206505.947000001, 511128.278999999], [206487.816, 511125.548999999], [206460.175999999, 511121.436000001], [206412.447999999, 511114.155000001], [206394.267000001, 511111.379000001], [206373.791999999, 511108.267999999], [206355.607000001, 511105.552999999], [206333.059999999, 511102.035999998], [206312.715, 511098.984000001], [206293.096000001, 511095.960999999], [206272.824999999, 511092.693], [206254.675000001, 511089.886], [206236.324000001, 511087.026999999], [206213.533, 511083.390999999], [206194.208000001, 511080.445], [206174.487, 511077.309999999], [206156.609999999, 511074.425000001], [206137.938000001, 511071.561000001], [206118.515999999, 511068.482000001], [206100.759, 511065.618000001], [206086.594999999, 511063.359000001], [206068.659000002, 511060.552999999], [206049.338, 511057.408], [206031.248, 511054.548], [206012.489999998, 511051.495999999], [205991.734000001, 511048.309999999], [205969.094000001, 511044.723000001], [205950.706, 511041.892999999], [205923.576000001, 511037.614999998], [205904.329, 511034.594000001], [205885.438000001, 511031.679000001], [205867.103999998, 511028.787999999], [205851.715999998, 511026.291000001], [205838.453000002, 511024.155999999], [205819.197999999, 511021.181000002], [205801.181000002, 511018.226], [205782.493999999, 511015.142000001], [205764.833999999, 511012.107999999], [205745.826000001, 511008.712000001], [205727.026999999, 511005.039000001], [205716.318999998, 511002.838], [205696.015999999, 510998.688000001], [205677.745999999, 510994.903000001], [205658.98, 510991.072999999], [205640.201000001, 510987.223999999], [205620.754000001, 510983.173], [205595.353, 510977.908], [205576.206999999, 510973.975000001], [205555.116999999, 510969.607999999], [205537.706, 510965.886999998], [205520.081, 510962.327], [205501.239999998, 510958.458000001], [205482.089000002, 510954.545000002], [205463.101, 510950.627], [205445.877999999, 510947.125], [205435.138, 510945.23], [205416.443999998, 510945.228999998], [205402.374000002, 510946.576000001], [205391.5, 510949.295000002], [205378.587000001, 510953.373], [205369.072000001, 510956.771000002], [205357.519000001, 510963.567000002], [205343.245999999, 510971.723000001], [205321.498, 510990.072999999], [205301.789000001, 511012.500999998], [205210.037999999, 511238.138999999], [205192.368000001, 511265.324999999], [205166.425999999, 511289.223999999], [205152.026000001, 511295.127999999], [204196.778000001, 511601.598999999], [204164.418000001, 511611.905000001], [204144.594000001, 511618.258000001], [204124.193999998, 511624.714000002], [204104.18, 511631.135000002], [204083.743000001, 511637.653000001], [204063.934, 511643.956], [204043.287999999, 511650.449000001], [204023.515999999, 511656.725000001], [204003.23, 511663.212000001], [203983.421, 511669.555], [203962.840999998, 511676.087000001], [203942.623, 511682.552000001], [203921.747000001, 511689.241], [203900.287, 511696.083000001], [203879.864999998, 511702.708999999], [203859.397999998, 511709.221000001], [203839.438999999, 511715.506999999], [203820.083999999, 511721.703000002], [203800.498, 511728.088], [203780.107999999, 511734.611000001], [203760.677999999, 511740.774999999], [203741.287999999, 511746.903000001], [203722.886, 511752.827], [203704.969000001, 511758.465999998], [203687.039000001, 511764.282000002], [203667.927000001, 511770.394000001], [203649.592, 511776.203000002], [203621.412, 511785.232000001], [203603.653999999, 511790.853999998], [203585.738000002, 511796.508000001], [203565.07, 511803.248], [203545.491, 511809.451000001], [203523.078000002, 511816.607000001], [203504.548999999, 511822.447999999], [203486.147999998, 511828.320999999], [203465.853999998, 511834.820999999], [203454.684, 511838.359999999], [203434.605999999, 511844.780000001], [203414.798999999, 511851.096999999], [203396.013, 511857.107000001], [203367.655999999, 511866.101], [203348.028000001, 511872.348999999], [203328.618999999, 511878.504000001], [203310.429000001, 511884.272999998], [203291.513, 511890.230999999], [203275.84, 511895.215], [203257.008000001, 511901.109999999], [203240.127, 511906.469000001], [203221.910999998, 511912.127], [203203.602000002, 511917.953000002], [203184.506999999, 511924.011999998], [203165.149999999, 511930.16], [203147.960000001, 511935.638999999], [203130.982000001, 511940.978999998], [203112.767000001, 511946.780999999], [203093.377999999, 511952.857000001], [203075.283, 511958.594000001], [203057.638, 511964.247000001], [203038.489999998, 511970.284000002], [203019.442000002, 511976.298999999], [202999.063999999, 511982.855], [202979.024, 511989.203000002], [202960.006999999, 511995.116], [202939.920000002, 512000.223000001], [202934.456, 512002.704], [202922.327, 512005.793000001], [202904.629000001, 512010.745999999], [202904.414999999, 512010.815000001], [202899.899999999, 512012.228], [202899.712000001, 512012.300999999], [202885.607999999, 512016.539999999], [202867.627999999, 512022.028999999], [202850.449999999, 512027.384], [202832.208999999, 512031.684], [202813.919, 512031.646000002], [202796.695, 512028.153000001], [202778.179000001, 512022.800000001], [202760.682999998, 512017.688999999], [202743.193, 512012.774999999], [202735.999000002, 512010.864], [202718.293000001, 512006.186000001], [202700.083000001, 512001.238000002], [202695.101, 512000.649999999], [202690.778000001, 512002.421], [202683.311999999, 512007.059], [202674.550999999, 512014.748], [202672.493000001, 512016.923], [202656.704999998, 512002.238000002], [202642.456, 511988.749000002], [202627.041999999, 511977.581999999], [202610.267000001, 511966.482999999], [202593.758000001, 511956.195], [202595.116999999, 511952.129999999], [202600.181000002, 511946.713], [202604.484999999, 511942.986000001], [202620.465, 511935.971999999], [202637.282000002, 511929.324999999], [202647.103999998, 511925.579999998], [202646.883000001, 511923.226], [202647.708999999, 511907.888999999], [202654.346000001, 511890.497000001], [202659.316, 511881.186000001], [202668.280000001, 511864.261999998], [202677.226, 511848.094999999], [202686.208999999, 511831.079999998], [202695.204999998, 511814.206], [202704.241999999, 511797.436999999], [202713.050000001, 511780.659000002], [202722.063999999, 511764.034000002], [202731.182999998, 511747.017999999], [202736.318, 511737.544], [202737.710000001, 511735.942000002], [202739.232000001, 511734.175999999], [202742.267000001, 511728.883000001], [202750.807999998, 511711.640000001], [202755.109000001, 511702.765999999], [202763.612, 511685.300999999], [202768.940000001, 511674.909000002], [202771.059999999, 511667.842999998], [202772.32, 511650.173999999], [202771.767000001, 511638.048], [202770.008000001, 511629.932], [202763.425000001, 511613.111000001], [202755.588, 511595.213], [202747.829, 511577.771000002], [202739.488000002, 511559.706], [202738.851, 511558.640000001]]}, "properties": {"OBJECTID": 833, "SOORT": 1, "KPNIDENT": "3296", "STATUS": 1}}, {"type": "Feature", "id": 834, "geometry": {"type": "LineString", "coordinates": [[200647.491999999, 501452.412], [200647.201000001, 501452.453000002], [200630.418000001, 501456.225000001], [200620.197000001, 501457.971999999], [200600.09, 501460.796999998], [200580.734000001, 501463.561999999], [200561.032000002, 501466.482000001], [200541.756000001, 501471.221000001], [200537.802000001, 501473.210999999], [200532.708999999, 501465.627], [200531.991999999, 501465.164000001], [200524.210999999, 501476.489], [200517.050000001, 501488.399999999], [200524.451000001, 501495.329999998], [200529.190000001, 501501.758000001], [200530.203000002, 501508.452], [200527.607999999, 501514.261], [200527.206999999, 501518.559999999], [200531.807999998, 501523.440000001], [200531.344000001, 501524.789000001], [200527.015999999, 501529.182999998], [200520.807, 501537.645], [200518.392000001, 501544.079], [200513.651000001, 501554.232999999], [200510.726, 501563.410999998], [200509.478999998, 501567.375], [200505.403999999, 501580.943], [200505.919, 501581.506000001], [200501.982000001, 501594.122000001], [200501.32, 501594.033], [200495.853999998, 501611.802000001], [200494.93, 501614.620999999], [200494.293000001, 501615.019000001]]}, "properties": {"OBJECTID": 834, "SOORT": 1, "KPNIDENT": "3304", "STATUS": 1}}, {"type": "Feature", "id": 835, "geometry": {"type": "LineString", "coordinates": [[191717.18, 510872.282000002], [191715.908, 510879.769000001], [191716.322000001, 510890.511999998], [191720.083000001, 510907.353], [191720.478999998, 510909.697999999], [191728.210000001, 510925.942000002], [191733.568999998, 510936.028000001], [191738.431000002, 510944.434999999], [191742.188999999, 510947.693], [191758.874000002, 510946.004999999], [191778.938000001, 510943.574999999], [191782.403999999, 510943.124000002], [191783.723000001, 510942.879000001], [191799.146000002, 510940.866], [191814.929000001, 510939.145], [191835.324000001, 510937.059], [191855.554000001, 510933.960999999], [191859.574000001, 510933.159000002], [191860.84, 510932.844999999], [191874.754000001, 510929.186999999], [191894.440000001, 510922.640999999], [191910.583999999, 510914.837000001], [191922.563999999, 510907.954], [191923.697999999, 510907.285999998], [191930.495999999, 510903.311999999], [191940.120000001, 510914.285], [191949.818, 510920.070999999], [191971.045000002, 510917.030000001], [191991.375999998, 510905.642999999], [191992.410999998, 510904.839000002], [191997.294, 510900.824000001], [192008.427999999, 510890.749000002], [192019.704, 510879.702], [192032.002999999, 510866.903000001], [192041.796999998, 510854.250999998], [192042.559, 510853.079999998], [192050.574000001, 510840.828000002], [192051.322999999, 510839.590999998], [192058.057999998, 510829.129000001], [192065.728999998, 510817.478999998], [192074.818, 510805.267000001], [192082.412999999, 510811.509], [192083.818999998, 510811.559], [192099.655999999, 510824.649], [192114.634, 510837.015999999], [192129.009, 510848.583000001], [192141.153999999, 510857.697999999], [192156.153000001, 510867.941], [192172.774, 510878.601], [192188.122000001, 510886.995000001], [192189.614999998, 510887.912], [192190.975000001, 510888.695], [192192.471000001, 510889.541999999], [192201.511, 510894.467], [192202.846000001, 510895.278000001]]}, "properties": {"OBJECTID": 835, "SOORT": 1, "KPNIDENT": "3320", "STATUS": 1}}, {"type": "Feature", "id": 836, "geometry": {"type": "LineString", "coordinates": [[198306.6763, 504075.693300001], [198300.561000001, 504089.261], [198295.223000001, 504110.090999998], [198299.703000002, 504124.719000001], [198297.088, 504145.477000002], [198291.057999998, 504165.679000001], [198281.004000001, 504182.27], [198270.704, 504198.129000001], [198256.645, 504209.767000001], [198247.535999998, 504207.276000001], [198240.157000002, 504213.691], [198236.666999999, 504220.182], [198234.822999999, 504226.195], [198233.975000001, 504230.795000002], [198233.668000001, 504239.616999999], [198237.486000001, 504257.329], [198242.311000001, 504278.497000001], [198246.089000002, 504295.364999998], [198250.309, 504314.688999999], [198255.065000001, 504336.778999999], [198258.782000002, 504353.908], [198262.684, 504373.210999999], [198264.307, 504390.27], [198263.199999999, 504414.208000001], [198258.908, 504436.704999998], [198253.945999999, 504454.916000001], [198245.712000001, 504475.298999999], [198235.962000001, 504491.658], [198223.296999998, 504510.566], [198212.107999999, 504526.883000001], [198200.715, 504543.285999998], [198188.184, 504561.647], [198175.289999999, 504580.605], [198165.647999998, 504595.186000001], [198154.715999998, 504614.800999999], [198150.605999999, 504634.800000001], [198149.738000002, 504652.826000001], [198149.833999999, 504677.579], [198150.241, 504699.844999999], [198150.565000001, 504717.477000002], [198151.048999999, 504740.396000002], [198151.653000001, 504760.884], [198151.923, 504780.682999998], [198151.572999999, 504800.434], [198149.995000001, 504821.384], [198147.739, 504843.594999999], [198145.098000001, 504868.331], [198142.916000001, 504888.052999999], [198141.201000001, 504902.761999998], [198138.011, 504927.081], [198134.673999999, 504948.713], [198128.447999999, 504970.191], [198120.822999999, 504988.454999998], [198109.307999998, 505007.831], [198095.315000001, 505023.405000001], [198075.418000001, 505032.114], [198056.366999999, 505037.068999998], [198036.890999999, 505041.903999999], [198019.688000001, 505046.004000001], [197998.181000002, 505051.261], [197977.217, 505056.590999998], [197956.383000001, 505061.609999999], [197934.592999998, 505066.912], [197920.197999999, 505070.348000001], [197897.932, 505076.794], [197881.401999999, 505088.412999999], [197868.120000001, 505103.320999999], [197852.695, 505119.425999999], [197838.173, 505132.973000001], [197830.535, 505139.285], [197814.618000001, 505151.032000002], [197797.368000001, 505161.280000001], [197777.243000001, 505169.938999999], [197758.375999998, 505175.93], [197739.215999998, 505181.046999998], [197720.214000002, 505186.311999999], [197698.539999999, 505193.145], [197679.407000002, 505199.331], [197657.769000001, 505206.756999999], [197634.719000001, 505214.535999998], [197616.02, 505221.359999999], [197594.670000002, 505228.441], [197575.307999998, 505234.789000001], [197558.664000001, 505239.892999999], [197539.627, 505244.467999998], [197518.010000002, 505249.214000002], [197496.208999999, 505253.548999999], [197475.636, 505256.267000001], [197454.368999999, 505258.511999998], [197434.280000001, 505260.741], [197413.93, 505262.923999999], [197392.541000001, 505265.291999999], [197372.585999999, 505267.340999998], [197352.388999999, 505269.541999999], [197331.397, 505271.727000002], [197311.046999998, 505273.677999999], [197291.506999999, 505275.473000001], [197269.824999999, 505277.602000002], [197251.837000001, 505279.484000001], [197229.221999999, 505281.668000001], [197211.813999999, 505283.462000001], [197190.028999999, 505285.598000001], [197168.368999999, 505286.627], [197143.145, 505286.717999998], [197123.511999998, 505285.872000001], [197101.925999999, 505284.925999999], [197081.344999999, 505284.017999999], [197061.875999998, 505283.162999999], [197043.613000002, 505282.48], [197022.311999999, 505281.32], [197003.098999999, 505277.938000001], [196984.127, 505275.026999999], [196961.794, 505272.684999999], [196939.085000001, 505272.368999999], [196920.146000002, 505273.168000001], [196900.044, 505273.879000001], [196879.552999999, 505273.975000001], [196862.658, 505273.535999998], [196841.881000001, 505270.100000001], [196820.552000001, 505267.074999999], [196800.682, 505263.739999998], [196779.511999998, 505259.851], [196757.669, 505255.861000001], [196744.256999999, 505253.476], [196723.059, 505249.66], [196703.515000001, 505246.160999998], [196683.68, 505241.717], [196663.971000001, 505236.039999999], [196643.164999999, 505227.978999998], [196626.603, 505219.234999999], [196609.405000001, 505208.544], [196589.879000001, 505194.807999998], [196572.285999998, 505181.274], [196559.956999999, 505171.379999999], [196543.570999999, 505158.550999999], [196527.763999999, 505146.124000002], [196512.739, 505133.958000001], [196494.758000001, 505120.028999999], [196479.464000002, 505107.947000001], [196463.563999999, 505095.160999998], [196446.897, 505082.272999998], [196431.559999999, 505070.265999999], [196414.574999999, 505056.881000001], [196395.522, 505041.840999998], [196378.219000001, 505028.182], [196362.903999999, 505016.028000001], [196345.941, 505002.923], [196329.713, 504989.881000001], [196316.973000001, 504979.892999999], [196300.566, 504967.298], [196284.213, 504954.237], [196265.653000001, 504939.794], [196252.237, 504929.247000001], [196233.140000001, 504914.140000001], [196230.170000002, 504911.833999999], [196209.986000001, 504895.827], [196191.901999999, 504882.495000001], [196174.155999999, 504870.640999999], [196153.642000001, 504857.239999998], [196143.226, 504850.438999999], [196125.653000001, 504839.208999999], [196105.603999998, 504826.227000002], [196085.954999998, 504813.565000001], [196068.574999999, 504802.469000001], [196060.302999999, 504797.488000002], [196048.982999999, 504790.513999999], [196046.035, 504788.416000001], [196025.730999999, 504775.684999999], [196005.989, 504763.269000001], [195989.458999999, 504752.548999999], [195967.829, 504739.011], [195950.366, 504727.816], [195931.986000001, 504716.245000001], [195912.460000001, 504703.943999998], [195890.138999999, 504689.807], [195878.445, 504682.469000001], [195857.213, 504668.848999999], [195839.248, 504657.434], [195820.164999999, 504645.517000001], [195800.344000001, 504632.822999999], [195782.941, 504621.546999998], [195763.943, 504609.686000001], [195747.640999999, 504599.431000002], [195728.870999999, 504587.350000001], [195707.442000002, 504573.901000001], [195691.43, 504563.592], [195674.741, 504553.158], [195657.278000001, 504541.965999998], [195635.93, 504528.425000001], [195620.638, 504518.616999999], [195604.693, 504508.284000002], [195585.868999999, 504496.340999998], [195566.936000001, 504484.373], [195547.16, 504471.844000001], [195528.193, 504459.688999999], [195511.258000001, 504449.136], [195491.515000001, 504438.844999999], [195479.737, 504436.442000002], [195476.533, 504436.041000001], [195465.452, 504435.837000001], [195447.732999999, 504437.912999999], [195417.653000001, 504441.971000001], [195393.306000002, 504445.826000001], [195371.401000001, 504448.534000002], [195347.204999998, 504451.009], [195326.429000001, 504449.949999999], [195305.614999998, 504441.482999999], [195287.063000001, 504432.032000002], [195268.962000001, 504423.353999998], [195248.864, 504417.605], [195230.822000001, 504412.813000001], [195213.267999999, 504407.817000002], [195194.750999998, 504401.272999998], [195177.866, 504393.988000002], [195157.552000001, 504385.013], [195138.601, 504378.179000001], [195119.373, 504374.401999999], [195101.004000001, 504373.589000002], [195083.916000001, 504373.537], [195062.506999999, 504373.624000002], [195043.230999999, 504374.420000002], [195025.557999998, 504375.772], [195008.756999999, 504377.170000002], [194986.793000001, 504380.278999999], [194968.510000002, 504386.335000001], [194951.837000001, 504397.359000001], [194936.041999999, 504407.567000002], [194916.138, 504416.329], [194897.170000002, 504422.23], [194875.914999999, 504428.348000001], [194856.355999999, 504433.208000001], [194838.52, 504437.289000001], [194819.289000001, 504441.583999999], [194800.949000001, 504445.177000001], [194783.118000001, 504448.809], [194765.800000001, 504451.846000001], [194748.123, 504454.967999998], [194725.629999999, 504457.425000001], [194705.973000001, 504459.011999998], [194682.34, 504456.342], [194662.333000001, 504454.552999999], [194643.824999999, 504453.824000001], [194623.254999999, 504454.092], [194602.342999998, 504453.789000001], [194592.598000001, 504452.862], [194590.177000001, 504452.386999998], [194587.820999999, 504452.127], [194581.833999999, 504452.114999998], [194561.111000001, 504454.691], [194542.579, 504458.831], [194526.934999999, 504464.535], [194506.056000002, 504469.403000001], [194487.215, 504472.232000001], [194467.462000001, 504475.131000001], [194449.701000001, 504477.105999999], [194431.489, 504479.907000002]]}, "properties": {"OBJECTID": 836, "SOORT": 1, "KPNIDENT": "3323", "STATUS": 1}}, {"type": "Feature", "id": 866, "geometry": {"type": "LineString", "coordinates": [[207851.170000002, 473705.118000001], [207845.723000001, 473708.618999999], [207833.699000001, 473715.107000001], [207816.460000001, 473721.596999999], [207801.063999999, 473727.392999999], [207788.164000001, 473731.971000001], [207785.480999999, 473731.655000001], [207783.759, 473732.263999999], [207766.952, 473738.210999999], [207765.778000001, 473740.506999999], [207748.73, 473746.977000002], [207739.657000002, 473750.963], [207726.879000001, 473757.338], [207712.625999998, 473764.337000001], [207707.487, 473766.721999999], [207702.346999999, 473768.055], [207700.989, 473768.739999998], [207699.559999999, 473770.756000001], [207693.914999999, 473767.291000001], [207690.280000001, 473772.623], [207688.539000001, 473771.491999999], [207683.741999999, 473779.120000001], [207691.039000001, 473784.280999999], [207688.896000002, 473787.342999998], [207689.719000001, 473788.447000001], [207683.030999999, 473793.300000001], [207675.451000001, 473797.568999998], [207673.225000001, 473798.436000001], [207655.822999999, 473805.048999999], [207655.969999999, 473805.476], [207656.612, 473808.337000001], [207656.660999998, 473808.414999999], [207657.98, 473814.070999999], [207658.784000002, 473817.548999999], [207659.498, 473821.847800002], [207659.180500001, 473822.0066], [207656.693500001, 473822.271200001], [207655.105999999, 473823.223700002], [207653.307999998, 473829.315000001], [207659.868500002, 473831.372900002], [207659.286400001, 473833.859900001], [207644.3638, 473831.7962], [207643.4113, 473839.469099998], [207622.4034, 473842.3266], [207622.495999999, 473842.993999999], [207621.759, 473843.028999999], [207621.703000002, 473843.048], [207618.159000002, 473843.706999999], [207614.238000002, 473844.346000001], [207614.114999998, 473844.364999998], [207616.598000001, 473859.625], [207618.682999998, 473868.124000002], [207615.589000002, 473873.420000002], [207607.592, 473875.826000001], [207601.213, 473876.857999999], [207586.085999999, 473885.131000001], [207571.004000001, 473898.146000002], [207554.280000001, 473913.659000002], [207538.212000001, 473926.728999998], [207538.197000001, 473926.741999999], [207518.592999998, 473944.524999999], [207498.276000001, 473962.794], [207479.765000001, 473977.173999999], [207467.646000002, 473986.322000001], [207460.758000001, 473992.009], [207455.432999998, 473995.965999998], [207453.423, 473997.603], [207451.545000002, 473998.98], [207439.969000001, 474007.697999999], [207425.568, 474018.934], [207391.296, 474066.515999999], [207390.726, 474067.989999998], [207390.364, 474068.548999999], [207389.166999999, 474071.344999999], [207387.896000002, 474073.881999999], [207387.886, 474073.947999999], [207387.267000001, 474075.524], [207383.806000002, 474083.804000001], [207384.306000002, 474084.046], [207374.546, 474101.539000001], [207363.079, 474111.958000001], [207361.890999999, 474113.201000001], [207361.809, 474113.282000002], [207360.594999999, 474114.420000002], [207359.317000002, 474115.594999999], [207359.197999999, 474115.692000002], [207358.081, 474116.717], [207338.669, 474094.173], [207328.307, 474084.158], [207326.728, 474086.379000001], [207326.026000001, 474087.313999999], [207318.998, 474097.153999999], [207309.256000001, 474110.563000001], [207301.087000001, 474121.318], [207293.620000001, 474132.056000002], [207283.675000001, 474145.66], [207272.248, 474164.566], [207266.239999998, 474175.932999998], [207261.055, 474186.287], [207253.657000002, 474200.601], [207249.008000001, 474210.675000001], [207244.046, 474220.982000001], [207240.462000001, 474222.274], [207236.328000002, 474223.719000001], [207226.306000002, 474226.951000001], [207208.159000002, 474234.530999999], [207200.842, 474252.362], [207195.703000002, 474266.454], [207191.513999999, 474277.166000001], [207186.522, 474286.991], [207185.173999999, 474291.493000001], [207184.568999998, 474291.195], [207184.535, 474291.195999999], [207181.495000001, 474289.853999998], [207179.028999999, 474288.839000002], [207178.855999999, 474288.765999999], [207177.715999998, 474288.131000001], [207161.300999999, 474278.989999998], [207162.210999999, 474276.588], [207158.897999998, 474274.638], [207151.809, 474269.373], [207134.936000001, 474258.250999998], [207133.954, 474259.647999998], [207133.921, 474259.706], [207130.274999999, 474265.703000002], [207130.230999999, 474265.778999999], [207128.965999998, 474266.839000002], [207118.322000001, 474260.548999999], [207113.918000001, 474259.443], [207109.592, 474263.035999998], [207107.162999999, 474261.454], [207107.107999999, 474261.405999999], [207105.557999998, 474260.247000001], [207103.787, 474258.846999999], [207103.699999999, 474258.828000002], [207103.436999999, 474258.335999999], [207102.537, 474257.827], [207101.892999999, 474257.399], [207101.772, 474257.284000002], [207099.515000001, 474255.524999999], [207097.256000001, 474253.721999999], [207097.07, 474253.570999999], [207096.438999999, 474252.919], [207084.853, 474267.219000001], [207076.278999999, 474284.16], [207068.272999998, 474300.776999999], [207062.640000001, 474311.493999999], [207055.427999999, 474324.340999998], [207051.769000001, 474329.831], [207044.311000001, 474339.743000001], [207029.241, 474353.976], [207016.116999999, 474366.805], [207003.995000001, 474376.800999999], [206984.969999999, 474393.971999999], [206971.206999999, 474405.963], [206956.008000001, 474418.109000001], [206941.416999999, 474428.848999999], [206925.914000001, 474440.697999999], [206908.346000001, 474454.204], [206892.596999999, 474466.105999999], [206877.346999999, 474478.484999999], [206862.537999999, 474489.155999999], [206858.094999999, 474492.366999999]]}, "properties": {"OBJECTID": 866, "SOORT": 1, "KPNIDENT": "3330", "STATUS": 1}}, {"type": "Feature", "id": 867, "geometry": {"type": "LineString", "coordinates": [[222752.638999999, 503139.743000001], [222770.684999999, 503135.647], [222788.48, 503130.009], [222799.403000001, 503127.149999999], [222817.623, 503122.877999999], [222835.971000001, 503118.646000002], [222853.736000001, 503114.377999999], [222870.829, 503110.772999998], [222887.874000002, 503106.984000001], [222905.037, 503103.592999998], [222922.568, 503100.041999999], [222940.464000002, 503096.556000002], [222946.658, 503095.074999999], [222949.134, 503094.883000001], [222959.313999999, 503092.454999998], [222973.272999998, 503088.614], [222985.919, 503086.010000002], [222999.592999998, 503083.140000001], [223003.458999999, 503082.307], [223007.105999999, 503080.664000001], [223001.068999998, 503059.173], [222994.671, 503037.710000001], [222998.368999999, 503036.359999999], [223000.732999999, 503035.649999999], [223002.644000001, 503035.057999998], [223004.938000001, 503034.307], [223006.410999998, 503033.438000001], [223007.267999999, 503033.182999998], [223018.827, 503027.734000001], [223030.274999999, 503019.886999998], [223037.699000001, 503014.815000001], [223039.728, 503013.419], [223042.925999999, 503011.081999999], [223045.811999999, 503009.199999999], [223048.590999998, 503007.289000001], [223051.816, 503011.835000001], [223062.943999998, 503026.033], [223075.015000001, 503039.259], [223076.263, 503040.66], [223084.285, 503047.699000001], [223086.625999998, 503044.684], [223091.276000001, 503038.612], [223092.344999999, 503037], [223094.539000001, 503033.162999999]]}, "properties": {"OBJECTID": 867, "SOORT": 1, "KPNIDENT": "3331", "STATUS": 1}}, {"type": "Feature", "id": 868, "geometry": {"type": "LineString", "coordinates": [[223490.903999999, 494885.886999998], [223461.688999999, 494892.756999999], [223459.195999999, 494893.477000002], [223441.226, 494898.596999999], [223423.752, 494903.395], [223409.868999999, 494907.454999998], [223393.881000001, 494912.087000001], [223378.197000001, 494916.535999998], [223360.68, 494921.524999999], [223343.848000001, 494926.419], [223326.634, 494931.361000001], [223302.338, 494938.414000001], [223283.765000001, 494943.693999998], [223265.546, 494948.910999998], [223246.903999999, 494954.129999999], [223223.800000001, 494960.982999999], [223206.326000001, 494965.984999999], [223189.638999999, 494970.822000001], [223176.094000001, 494974.730999999], [223158.440000001, 494979.870000001], [223145.204999998, 494983.772], [223127.066, 494988.945], [223108.734000001, 494994.420000002], [223094.414999999, 494998.493999999], [223079.806000002, 495002.815000001], [223066.145, 495006.980999999], [223046.905000001, 495012.660999998], [223029.454999998, 495017.719000001], [223012.975000001, 495022.300999999], [222996.146000002, 495026.920000002], [222984.971999999, 495029.872000001], [222966.484999999, 495034.993000001], [222947.835000001, 495040.186000001], [222930.620999999, 495045.166000001], [222913.557, 495050.098999999], [222905.884, 495052.204999998], [222887.743999999, 495057.508000001], [222867.649, 495063.131999999], [222850.508000001, 495068.147], [222833.475000001, 495073.107999999], [222826.164000001, 495075.113000002], [222808.021000002, 495080.440000001], [222789.912999999, 495085.636999998], [222771.771000002, 495090.765000001], [222754.941, 495095.684999999], [222747.750999998, 495097.776999999], [222729.715999998, 495102.991999999], [222711.739999998, 495108.249000002], [222694.339000002, 495113.193], [222678.088, 495117.940000001], [222667.535, 495121.02], [222650.673, 495125.84], [222633.737, 495130.701000001], [222616.362, 495135.702], [222599.693999998, 495140.528999999], [222592.313000001, 495142.513], [222572.098999999, 495148.384], [222553.686999999, 495153.754000001], [222536.670000002, 495158.710999999], [222520.320999999, 495163.399999999], [222510.103, 495166.409000002], [222492.686000001, 495171.517000001], [222475.379999999, 495176.612], [222458.500999998, 495181.550000001], [222442.421, 495186.454], [222435.853, 495188.390999999], [222420.293000001, 495193.035999998], [222403.149999999, 495198.201000001], [222386.195999999, 495203.18], [222369.953000002, 495207.796999998], [222358.454, 495211.017999999], [222341.302999999, 495215.949000001], [222324.09, 495220.811999999], [222306.873, 495225.684999999], [222290.065000001, 495230.438999999], [222282.125999998, 495232.714000002], [222265.046, 495237.636999998], [222247.692000002, 495242.519000001], [222230.701000001, 495247.423999999], [222214.085999999, 495252.276999999], [222204.034000002, 495255.160999998], [222186.344999999, 495260.153999999], [222169.287999999, 495265.105], [222152.502, 495269.862], [222135.186999999, 495274.829999998], [222126.853999998, 495277.239999998], [222109.890000001, 495282.065000001], [222093.91, 495286.701000001], [222076.592, 495291.681000002], [222060.004000001, 495296.449000001], [222050.638, 495299.182999998], [222032.509, 495304.309999999], [222015.307999998, 495309.327], [221997.173999999, 495314.546999998], [221979.995999999, 495319.460000001], [221970.693999998, 495322.144000001], [221953.227000002, 495327.111000001], [221936.054000001, 495331.921], [221917.338, 495337.381000001], [221900.921, 495342.092999998], [221893.138999999, 495344.289999999], [221875.691, 495349.305], [221858.838, 495354.203000002], [221841.745999999, 495359.043000001], [221824.287, 495364.039000001], [221807.295000002, 495368.982999999], [221789.875999998, 495373.848000001], [221772.397999998, 495378.863000002], [221754.384, 495384.030999999], [221745.513999999, 495386.489], [221726.952, 495391.835000001], [221709.848999999, 495396.759], [221692.456999999, 495401.756000001], [221674.796, 495406.745999999], [221667.962000001, 495408.677999999], [221650.993000001, 495413.567000002], [221632.103, 495418.956999999], [221615.366, 495423.816], [221598.697999999, 495428.541999999], [221590.009, 495431.07], [221573.480999999, 495435.655999999], [221557.317000002, 495440.419], [221539.833000001, 495445.513], [221523.190000001, 495450.136], [221512.362, 495453.182999998], [221495.243000001, 495458.032000002], [221477.561000001, 495463.067000002], [221459.941, 495468.188999999], [221443.623, 495472.859000001], [221433.666999999, 495475.717], [221416.452, 495480.666000001], [221398.414999999, 495485.852000002], [221382.101, 495490.500999998], [221365.173999999, 495495.427000001], [221352, 495499.094999999], [221335.280999999, 495504.037], [221318.397, 495508.820999999], [221301.583000001, 495513.699000001], [221285.309999999, 495518.261], [221273.636, 495521.649999999], [221256.487, 495526.583000001], [221239.300000001, 495531.385000002], [221222.5, 495536.463], [221205.193999998, 495541.471000001], [221190.855999999, 495545.197000001], [221174.596000001, 495550.006000001], [221158.519000001, 495554.375999998], [221142.142000001, 495558.750999998], [221131.316, 495561.877], [221129.807999998, 495562.294], [221114.537, 495566.322000001], [221098.888, 495570.741], [221097.324000001, 495570.953000002], [221083.794, 495574.157000002], [221069.905000001, 495578.223000001], [221052.552999999, 495582.350000001], [221035.669, 495586.363000002], [221018.313999999, 495590.361000001], [220999.66, 495594.002], [220980.359999999, 495597.750999998], [220954.081999999, 495602.445], [220937.280000001, 495605.965999998], [220918.298999999, 495609.377999999], [220901.024, 495612.401000001], [220882.844999999, 495615.589000002], [220867.223000001, 495618.153999999], [220849.162999999, 495621.613000002], [220830.829999998, 495624.973000001], [220813.232999999, 495628.442000002], [220796.412, 495631.644000001], [220785.438000001, 495633.715], [220768.852000002, 495636.840999998], [220760.844999999, 495638.362], [220759.561999999, 495638.695999999], [220751.57, 495640.278999999], [220742.013999999, 495641.875], [220740.252, 495642.190000001], [220723.396000002, 495645.412], [220704.559, 495648.585000001], [220686.076000001, 495652.579], [220668.732000001, 495655.800000001], [220652.815000001, 495658.717999998], [220646.462000001, 495659.822999999], [220629.249000002, 495663.195999999], [220611.800000001, 495666.555], [220594.495000001, 495669.776000001], [220577.462000001, 495673.140000001], [220562.013, 495676.232000001], [220552.991999999, 495677.954], [220535.300999999, 495681.471999999], [220518.276999999, 495684.971000001], [220503.980999999, 495687.864999998], [220501.826000001, 495688.202], [220488.756000001, 495691.638999999], [220475.828000002, 495693.362], [220474.138, 495693.609000001], [220457.609000001, 495696.829], [220439.136999998, 495700.513999999], [220422.177000001, 495703.901999999], [220405.570999999, 495707.335000001], [220391.140000001, 495710.081999999], [220373.179000001, 495713.818999998], [220356.627, 495717.098000001], [220343.271000002, 495719.932], [220336.578000002, 495721.208999999], [220318.324999999, 495725.011999998], [220298.405000001, 495729.164000001], [220296.951000001, 495729.239], [220288.805, 495731.046], [220270.171999998, 495734.585000001], [220268.453000002, 495734.859000001], [220252.515000001, 495738.096000001], [220245.079, 495739.579999998], [220221.09, 495744.326000001], [220202.353999998, 495748.011], [220181.567000002, 495753.011], [220166.863000002, 495756.370000001], [220150.271000002, 495758.853], [220132.017000001, 495762.544], [220106.589000002, 495767.482999999], [220086.873, 495771.546], [220060.438000001, 495776.561000001], [220035.515000001, 495781.807999998], [220018.987, 495784.827], [220001.907000002, 495788.590999998], [220000.984000001, 495788.537], [220000.945, 495788.495000001], [219996.153000001, 495789.519000001], [219993.877, 495789.739999998], [219989.151000001, 495790.688999999], [219989.113000002, 495790.811000001], [219975.394000001, 495793.644000001], [219957.688000001, 495796.699999999], [219938.960999999, 495800.631000001], [219921.09, 495804.419], [219902.793000001, 495809.338], [219885.475000001, 495813.839000002], [219868.311000001, 495817.964000002], [219864.359999999, 495819.026999999], [219861.331999999, 495819.682], [219856.622000001, 495820.870999999], [219820.984999999, 495830.026000001], [219802.350000001, 495834.609999999], [219789.151000001, 495838.647], [219784.026999999, 495840.594000001], [219779.714000002, 495842.112], [219772.074000001, 495844.322000001], [219754.511, 495849.184], [219738.339000002, 495853.454], [219721.160999998, 495857.973999999], [219705.844999999, 495862.204999998], [219687.809999999, 495866.999000002], [219669.688999999, 495871.688000001], [219659.952, 495874.464000002], [219644.620000001, 495878.679000001], [219629.980999999, 495882.368000001], [219613.144000001, 495886.715], [219595.736000001, 495891.629000001], [219578.686999999, 495896.241], [219578.085000001, 495896.679000001], [219573.236000001, 495898.894000001], [219559.044, 495905.859000001], [219557.984999999, 495906.449999999], [219526.936000001, 495926.756000001], [219511.767999999, 495934.958999999], [219498.921, 495939.602000002], [219490.567000002, 495942.405999999], [219473.142999999, 495945.976], [219453.732000001, 495947.357999999], [219433.113000002, 495945.096999999], [219417.206, 495940.980999999], [219408.298, 495941.988000002], [219389.112, 495946.730999999], [219369.816, 495951.82], [219350.557, 495956.840999998], [219330.546, 495962.293000001], [219310.936999999, 495967.963], [219290.912999999, 495972.585000001], [219270.528999999, 495978.136999998], [219250.784000002, 495983.572999999], [219231.066, 495988.949000001], [219211.460999999, 495994.204999998], [219190.686000001, 495999.668000001], [219170.817000002, 496005.164999999], [219150.771000002, 496010.463], [219131.423999999, 496015.734999999], [219111.921999998, 496020.890999999], [219092.219999999, 496026.120000001], [219073.173999999, 496031.136999998], [219050.603999998, 496037.271000002], [219031.022999998, 496042.339000002], [219011.214000002, 496047.940000001], [218991.927999999, 496053.081999999], [218973.065000001, 496058.230999999], [218953.747000001, 496063.421999998], [218932.495000001, 496068.875999998], [218913.096999999, 496074.101], [218894.381000001, 496079.175999999], [218875.407000002, 496084.300999999], [218855.943999998, 496089.539999999], [218835.831, 496094.853999998], [218817.686000001, 496099.640000001], [218797.997000001, 496105.033], [218778.978, 496110.090999998], [218759.416000001, 496115.458999999], [218739.800999999, 496120.550999999], [218720.313000001, 496125.921999998], [218699.655000001, 496131.397999998], [218679.530999999, 496136.778000001], [218660.375999998, 496141.942000002], [218639.870000001, 496147.498], [218618.609000001, 496153.265000001], [218597.532000002, 496158.925999999], [218577.736000001, 496163.566], [218557.526000001, 496168.851], [218538.186000001, 496173.850000001], [218518.443, 496178.783], [218498.392000001, 496183.473999999], [218476.184, 496187.061000001], [218461.715, 496190.721999999], [218457.107999999, 496192.243000001], [218438.872000001, 496196.609000001], [218411.620000001, 496204.423999999], [218392.390000001, 496211.015999999], [218373.445, 496216.159000002], [218354.206, 496221.401999999], [218334.397, 496226.988000002], [218315.405999999, 496232.616], [218295.752999999, 496237.390999999], [218275.804000001, 496242.357000001], [218255.785999998, 496247.666000001], [218235.809, 496252.408], [218215.074999999, 496257.800999999], [218194.462000001, 496263.085999999], [218181.467999998, 496266.489], [218162.114999998, 496271.530999999], [218142.544, 496276.809], [218122.842999998, 496282.063999999], [218103.431000002, 496287.375999998], [218082.910999998, 496292.706999999], [218066.410999998, 496296.925999999], [218046.068999998, 496302.300999999], [218026.414999999, 496307.668000001], [218008.364999998, 496312.372000001], [217987.723000001, 496317.653999999], [217966.870000001, 496323.193999998], [217950.732000001, 496327.581999999], [217931.537999999, 496332.780999999], [217911.732000001, 496337.945999999], [217892.254000001, 496343.272999998], [217872.835000001, 496348.631999999], [217853.548, 496353.831999999], [217833.256000001, 496359.355999999], [217813.982999999, 496363.759], [217794.634, 496368.796], [217774.213, 496374.326000001], [217754.513999999, 496379.392000001], [217735.067000002, 496384.627], [217718.102000002, 496389.18], [217698.559, 496394.227000002], [217679.037, 496399.315000001], [217658.752, 496404.589000002], [217638.719000001, 496409.962000001], [217618.714000002, 496415.313999999], [217597.350000001, 496420.748], [217577.638999999, 496425.692000002], [217558.530000001, 496430.800999999], [217538.969000001, 496435.877], [217518.833000001, 496441.063999999], [217499.028000001, 496446.276000001], [217479.249000002, 496452.066], [217460.521000002, 496457.328000002], [217438.388, 496463.055], [217418.879000001, 496467.561999999], [217399.759, 496472.464000002], [217379.263999999, 496477.759], [217354.441, 496483.752999999], [217334.802999999, 496488.324000001], [217315.463, 496493.083999999], [217303.835000001, 496496.074999999], [217285.215999998, 496500.818999998], [217267.920000002, 496505.818], [217261.454999998, 496507.835000001], [217259.618999999, 496508.368000001], [217258.379000001, 496508.769000001], [217245.677000001, 496512.210000001], [217237.065000001, 496514.386], [217223.199999999, 496519.535999998], [217214.41, 496523.684999999], [217208.590999998, 496525.509], [217198.723999999, 496528.041999999], [217179.311999999, 496533.429000001], [217159.333999999, 496538.907000002], [217139.782000002, 496544.109000001], [217116.552000001, 496550.649999999], [217097.934999999, 496555.377], [217078.829, 496560.550999999], [217059.464000002, 496565.776999999], [217039.942000002, 496571.009], [217019.794, 496576.348000001], [216998.441, 496581.984000001], [216978.936999999, 496586.936999999], [216959.412, 496592.359999999], [216939.728999998, 496597.563000001], [216919.789999999, 496602.750999998], [216900.048999999, 496608.237], [216879.982000001, 496613.782000002], [216860.469999999, 496618.673], [216841.225000001, 496623.796999998], [216821.576000001, 496629.022], [216801.592999998, 496634.258000001], [216780.927999999, 496639.721999999], [216759.692000002, 496645.782000002], [216738.895, 496650.886], [216718.261999998, 496656.300000001], [216699.337000001, 496661.458000001], [216679.306000002, 496666.651999999], [216659.912, 496671.745000001], [216646.857000001, 496675.227000002], [216626.491, 496680.647], [216606.861000001, 496686], [216587.054000001, 496691.076000001], [216567.949999999, 496696.07], [216547.695999999, 496701.394000001], [216531.883000001, 496705.565000001], [216511.954, 496710.956999999], [216491.822999999, 496716.331], [216471.318, 496721.784000002], [216451.32, 496727.166999999], [216430.960000001, 496732.5], [216414.184, 496736.938999999], [216395.063999999, 496742.162], [216375.355, 496747.296], [216355.877999999, 496752.631000001], [216336.351, 496757.835000001], [216316.267999999, 496763.274], [216293.783, 496768.977000002], [216273.721000001, 496774.546], [216253.363000002, 496779.952], [216233.588, 496785.081], [216213.846000001, 496790.396000002], [216194.307, 496795.515000001], [216176.699999999, 496800.103999998], [216156.559999999, 496805.392999999], [216136.712000001, 496810.647], [216116.712000001, 496816.125], [216096.971999999, 496821.021000002], [216077.037, 496826.407000002], [216059.934999999, 496831.18], [216040.734000001, 496836.131000001], [216021.041999999, 496841.263], [216001.489, 496846.684999999], [215981.715999998, 496851.684999999], [215961.609000001, 496856.947999999], [215943.508000001, 496861.967999998], [215923.173999999, 496867.289000001], [215902.695, 496872.846000001], [215882.269000001, 496878.236000001], [215863.524, 496883.239999998], [215843.491999999, 496888.372000001], [215826.905999999, 496893.011], [215805.936000001, 496898.221999999], [215786.320999999, 496903.699000001], [215766.66, 496908.754000001], [215746.859999999, 496913.793000001], [215727.403000001, 496918.995000001], [215707.460000001, 496924.436999999], [215687.978999998, 496929.704], [215668.521000002, 496934.923], [215649.302999999, 496940.078000002], [215629.699999999, 496945.208000001], [215610.504999999, 496950.41], [215593.804000001, 496954.784000002], [215573.956, 496960.204999998], [215554.364999998, 496965.592], [215534.574000001, 496971.199999999], [215514.048, 496976.291999999], [215494.322999999, 496981.605999999], [215474.434, 496986.952], [215463.328000002, 496990.140999999], [215456.697000001, 496992.574000001], [215437.629000001, 497000.953000002], [215418.670000002, 497008.727000002], [215399.778000001, 497016.151999999], [215380.265000001, 497023.583999999], [215360.515999999, 497030.978999998], [215343.245000001, 497037.973999999], [215323.634, 497046.186000001], [215303.741999999, 497054.337000001], [215284.82, 497061.929000001], [215266.364999998, 497069.015999999], [215247.25, 497076.506999999], [215228.535999998, 497083.765000001], [215209.223000001, 497091.438000001], [215190.294, 497098.642999999], [215171.664999999, 497105.894000001], [215152.289000001, 497113.513], [215132.607999999, 497121.028999999], [215111.877999999, 497128.579999998], [215091.210000001, 497134.627999999], [215072.791999999, 497141.901999999], [215055.022999998, 497149.041999999], [215035.002999999, 497155.366999999], [215015.907000002, 497163.015999999], [214995.068999998, 497170.91], [214975.747000001, 497179.668000001], [214955.625999998, 497187.561000001], [214935.351, 497194.835999999], [214916.004000001, 497202.420000002], [214896.862, 497209.920000002], [214877.723000001, 497217.191], [214858.572999999, 497224.239999998], [214839.813000001, 497231.807], [214820.607000001, 497239.416999999], [214801.623, 497246.741], [214782.846000001, 497253.916000001], [214762.952, 497261.982999999], [214743.52, 497269.704], [214724.77, 497277.215999998], [214706.177999999, 497284.509], [214689.557999998, 497291.241], [214671.011999998, 497298.533], [214646.432999998, 497307.910999998], [214627.954, 497315.34], [214608.541999999, 497322.723999999], [214589.741999999, 497330.381000001], [214571.000999998, 497337.787999999], [214552.118000001, 497345.173], [214535.322000001, 497351.894000001], [214516.655000001, 497359.631999999], [214497.925999999, 497366.576000001], [214479.173, 497374], [214460.105999999, 497381.543000001], [214441.666999999, 497389.256999999], [214422.458000001, 497396.590999998], [214403.697999999, 497403.809999999], [214384.181000002, 497411.578000002], [214365.107999999, 497419.050999999], [214345.655000001, 497426.837000001], [214327.125999998, 497434.370000001], [214308.366999999, 497441.572999999], [214289.736000001, 497448.892999999], [214270.649999999, 497456.230999999], [214251.598999999, 497463.587000001], [214232.877999999, 497470.909000002], [214213.853, 497478.789000001], [214192.188999999, 497487.017999999], [214172.545000002, 497495.169], [214153.236000001, 497502.076000001], [214134.634, 497510.006000001], [214115.901000001, 497517.500999998], [214096.57, 497523.986000001], [214080.109999999, 497530.601], [214061.199000001, 497538.741], [214042.570999999, 497546.318], [214023.401000001, 497553.817000002], [214003.942000002, 497561.295000002], [213985.519000001, 497568.458000001], [213966.445999999, 497575.670000002], [213947.649, 497583.704999998], [213928.774, 497591.688999999], [213910.227000002, 497599.384], [213897.070999999, 497608.863000002], [213879.338, 497615.295000002], [213857.577, 497618.081], [213837.458000001, 497619.969000001], [213818.061999999, 497620.988000002], [213799.221000001, 497621.662999999], [213781.767000001, 497622.081], [213757.533, 497622.73], [213737.594000001, 497623.118000001], [213718.050000001, 497623.272999998], [213698.291000001, 497623.703000002], [213679.294, 497623.98], [213655.890000001, 497624.684999999], [213635.728999998, 497625.078000002], [213616.061000001, 497625.607999999], [213596.423, 497626.07], [213577.688000001, 497626.464000002], [213558.655000001, 497626.967999998], [213538.59, 497627.361000001], [213538.570999999, 497627.416000001], [213519.254000001, 497628.311999999], [213501.107999999, 497630.975000001], [213483.000999998, 497636.098999999], [213467.352000002, 497642.072999999], [213448.750999998, 497649.329], [213430.129000001, 497656.601], [213411.785, 497663.669], [213392.940000001, 497670.890999999], [213361.202, 497683.375999998], [213348.118999999, 497688.566], [213340.896000002, 497691.151000001], [213336.017999999, 497692.737], [213328.842, 497695.193], [213326.736000001, 497695.885000002], [213324.101, 497696.793000001], [213321.18, 497698.136], [213311.848000001, 497700.092999998], [213310.688000001, 497700.5], [213303.210999999, 497703.397], [213285.473000001, 497710.208000001], [213267.895, 497716.952], [213250.057, 497723.752999999], [213232.449000001, 497730.640999999], [213208.142999999, 497739.778999999], [213190.269000001, 497746.631999999], [213172.276999999, 497753.602000002], [213154.048, 497760.649999999], [213135.135000002, 497767.921], [213111.390000001, 497776.897], [213093.864999998, 497783.638], [213075.789000001, 497790.618000001], [213057.544, 497797.559], [213038.809, 497804.734999999], [213018.513, 497812.546], [213001.287999999, 497819.188000001], [212983.868999999, 497825.820999999], [212965.669, 497832.769000001], [212948.409000002, 497839.497000001], [212931.960999999, 497845.785], [212927.508000001, 497849.647], [212920.522, 497851.763999999], [212918.401000001, 497852.589000002], [212900.094999999, 497857.807], [212880.774999999, 497861.725000001], [212861.151000001, 497864.315000001], [212843.954999998, 497866.434999999], [212824.087000001, 497868.784000002], [212809.079, 497870.565000001], [212789.533, 497872.853], [212769.405999999, 497875.245000001], [212749.651000001, 497877.600000001], [212729.662, 497879.870999999], [212702.895, 497882.787999999], [212683.756000001, 497883.807999998], [212664.232000001, 497883.511999998], [212644.715, 497882.030999999], [212624.697000001, 497879.846999999], [212593.920000002, 497876.434999999], [212573.181000002, 497874.203000002], [212553.677000001, 497872.061999999], [212534.206999999, 497870.155999999], [212514.359000001, 497868.352000002], [212493.644000001, 497865.984999999], [212462.723000001, 497862.658], [212442.315000001, 497860.493000001], [212422.057999998, 497858.353999998], [212402.276000001, 497856.208999999], [212381.949999999, 497854.066], [212360.651000001, 497852.098999999], [212340.784000002, 497850.081999999], [212320.862, 497847.929000001], [212300.885000002, 497845.995999999], [212281.436999999, 497844.147], [212260.947999999, 497841.953000002], [212242.204999998, 497840.403000001], [212222.537999999, 497838.855999999], [212202.774999999, 497837.442000002], [212182.140000001, 497835.793000001], [212159.543000001, 497834.063000001], [212138.646000002, 497832.019000001], [212119.491, 497830.460999999], [212098.708000001, 497829.011], [212079.984000001, 497827.517999999], [212058.306000002, 497825.425000001], [212037.936000001, 497823.956], [212017.057, 497822.136999998], [211997.482000001, 497820.649999999], [211976.734000001, 497819.059], [211953.677999999, 497817.373], [211933.355, 497815.774999999], [211913.682, 497814.199999999], [211895.044, 497812.686000001], [211875.002, 497811.170000002], [211850.300000001, 497809.309], [211830.524, 497807.861000001], [211810.532000002, 497806.256000001], [211790.184999999, 497804.800000001], [211770.230999999, 497803.247000001], [211749.271000002, 497801.662], [211729.475000001, 497800.052999999], [211709.583000001, 497798.465], [211690.046, 497796.945], [211670.445, 497795.357999999], [211652.583999999, 497793.870999999], [211632.396000002, 497792.480999999], [211613.147, 497791.059999999], [211594.517000001, 497789.495000001], [211575.620000001, 497787.991], [211566.094000001, 497787.237], [211548.827, 497785.896000002], [211529.822000001, 497784.238000002], [211522.552999999, 497783.736000001], [211512.627999999, 497783.114999998], [211507.477000002, 497782.546], [211500.850000001, 497781.831], [211500.956, 497779.671999998], [211498.919, 497779.333999999], [211476.934, 497777.335000001], [211457.179000001, 497775.647999998], [211437.256999999, 497773.833000001], [211417.438999999, 497772.151999999], [211397.653000001, 497770.350000001], [211375.984000001, 497768.500999998], [211355.892000001, 497766.706], [211335.846000001, 497764.982000001], [211315.989999998, 497763.140000001], [211296.048, 497761.561999999], [211278.127, 497759.84], [211258.208000001, 497758.261], [211238.269000001, 497756.379000001], [211218.364, 497754.763], [211198.342999998, 497752.941], [211174.677000001, 497750.943], [211154.666999999, 497749.181000002], [211134.903000001, 497747.473000001], [211114.951000001, 497745.822999999], [211097.072999999, 497745.074000001], [211071.703000002, 497745.438999999], [211051.691, 497746.471000001], [211031.75, 497747.48], [211011.743999999, 497748.659000002], [210991.713, 497749.831999999], [210970.267999999, 497751.105], [210949.401000001, 497752.342], [210929.537999999, 497753.594000001], [210909.66, 497754.855999999], [210889.653999999, 497756.024], [210868.851, 497757.265999999], [210847.890999999, 497758.559], [210828.028999999, 497759.837000001], [210807.958999999, 497761.024999999], [210788.151999999, 497762.239999998], [210762.594999999, 497763.782000002], [210741.962000001, 497765.094000001], [210721.912, 497766.399], [210701.892000001, 497767.544], [210681.631000001, 497768.816], [210662.157000002, 497770.826000001], [210650.221999999, 497773.388999999], [210637.868000001, 497773.566], [210629.280000001, 497774.234999999], [210625.011999998, 497774.243000001], [210621.557, 497773.460000001], [210620.134, 497773.252], [210611.949000001, 497766.204], [210605.026999999, 497760.248], [210603.502, 497760.298999999], [210603.056000002, 497760.359999999], [210602.335000001, 497760.480999999], [210595.541000001, 497760.743999999], [210588.403000001, 497761.265999999], [210588.342, 497761.318], [210587.153999999, 497761.287999999], [210587.123, 497761.342999998], [210570.684999999, 497762.219999999], [210554.771000002, 497763.149], [210554.035999998, 497763.159000002], [210551.359000001, 497763.379999999], [210548.938000001, 497763.601], [210548.232000001, 497763.563000001], [210547.749000002, 497763.616], [210531.381000001, 497772.030000001], [210525.306000002, 497775.364], [210521.677000001, 497775.767000001], [210501.193999998, 497777.306000002], [210480.116, 497779.120999999], [210458.923, 497780.129000001], [210432.851, 497779.995999999], [210416.875, 497777.728], [210397.739999998, 497774.18], [210372.909000002, 497768.752999999], [210352.524, 497765.059], [210332.127999999, 497762.293000001], [210311.432999998, 497761.033], [210292.324000001, 497761.980999999], [210277.609000001, 497764.092], [210264.699999999, 497766.311999999], [210244.784000002, 497772.087000001], [210225.704999998, 497779.734000001], [210208.155999999, 497788.498], [210189.895, 497798.664999999], [210178.079, 497805.219999999], [210160.631000001, 497814.927000001], [210142.309999999, 497825.179000001], [210124.952, 497835.482000001], [210106.806000002, 497845.828000002], [210084.489, 497858.717999998], [210066.489999998, 497868.873], [210048.905000001, 497879.030999999], [210031.271000002, 497889.100000001], [210014.032000002, 497898.697999999], [209991.759, 497911.168000001], [209974.401999999, 497921.363000002], [209956.884, 497931.375], [209939.197999999, 497941.355999999], [209921.817000002, 497951.434999999], [209904.440000001, 497961.420000002], [209883.452, 497973.313000001], [209865.782000002, 497983.454999998], [209848.373, 497993.359999999], [209831.107999999, 498003.274999999], [209813.177000001, 498012.921999998], [209795.129000001, 498021.612], [209777.263999999, 498029.199000001], [209758.66, 498035.976], [209738.620999999, 498041.373], [209718.396000002, 498043.412], [209697.350000001, 498042.756999999], [209678.804000001, 498040.035999998], [209659.136999998, 498036.511999998], [209638.634, 498032.975000001], [209618.294, 498029.267999999], [209598.958000001, 498025.978999998], [209578.708999999, 498022.583000001], [209556.017999999, 498018.548], [209534.710000001, 498014.730999999], [209515.112, 498011.302999999], [209495.620999999, 498008.103999998], [209476.026000001, 498005.625], [209455.68, 498004.056000002], [209434.243000001, 498003.576000001], [209413.456999999, 498004.247000001], [209393.046, 498005.888999999], [209372.660999998, 498008.129000001], [209352.684999999, 498011.068999998], [209343.030000001, 498012.809999999], [209322.105, 498016.306000002], [209286.409000002, 498022.442000002], [209265.704, 498025.984000001], [209241.300000001, 498030.002], [209221.096999999, 498033.419], [209200.607999999, 498036.999000002], [209180.256000001, 498040.390999999], [209159.947000001, 498043.960999999], [209126.414999999, 498049.625999998], [209106.010000002, 498053.074999999], [209086.289999999, 498056.447000001], [209066.035999998, 498059.793000001], [209045.664999999, 498063.327], [209021.888, 498067.184999999], [208991.373, 498072.612], [208972.217, 498075.800000001], [208952.155999999, 498079.287999999], [208932.370999999, 498082.697000001], [208912.890999999, 498085.879999999], [208896.089000002, 498088.752999999], [208876.561000001, 498092.169], [208856.693, 498095.495000001], [208837.037, 498098.767000001], [208817.184999999, 498102.109999999], [208797.771000002, 498105.539999999], [208777.386999998, 498108.892000001], [208758.405000001, 498112.144000001], [208738.947000001, 498115.618000001], [208718.175000001, 498119.166000001], [208698.664000001, 498122.614], [208679.238000002, 498125.82], [208659.945999999, 498129.056000002], [208636.581999999, 498132.888999999], [208616.875999998, 498136.355], [208597.73, 498139.651000001], [208578.522, 498142.818], [208558.763999999, 498146.164999999], [208539.888999999, 498149.271000002], [208517.160999998, 498153.710000001], [208514.916999999, 498154.274], [208498.239999998, 498156.598000001], [208479.056000002, 498160.072999999], [208460.335999999, 498163.278999999], [208441.453000002, 498166.638], [208420.309, 498170.348000001], [208401.535, 498173.651000001], [208382.533, 498176.482999999], [208362.555, 498177.693999998], [208335.488000002, 498175.919], [208335.118999999, 498174.447000001], [208333.506000001, 498171.057999998], [208332.958999999, 498168.815000001], [208327.052000001, 498169.647999998], [208327.374000002, 498171.219999999], [208327.050999999, 498171.215999998], [208326.938000001, 498171.158], [208308.579, 498174.272999998], [208287.462000001, 498177.868000001], [208287.114999998, 498177.909000002]]}, "properties": {"OBJECTID": 868, "SOORT": 1, "KPNIDENT": "3346", "STATUS": 1}}, {"type": "Feature", "id": 869, "geometry": {"type": "LineString", "coordinates": [[191327.120000001, 507508.545000002], [191327.138, 507508.533], [191327.164999999, 507508.510000002], [191327.190000001, 507508.478999998], [191327.204999998, 507508.449999999], [191327.215999998, 507508.418000001], [191327.252, 507508.436000001], [191327.322999999, 507508.307], [191327.296999998, 507508.291999999], [191328.629999999, 507505.671999998], [191328.535, 507505.616], [191329.052000001, 507504.533], [191329.16, 507504.561999999], [191334.090999998, 507494.489999998], [191334.010000002, 507494.451000001], [191334.519000001, 507493.342], [191334.618000001, 507493.388999999], [191336.271000002, 507489.725000001], [191336.186999999, 507489.655000001], [191336.712000001, 507488.576000001], [191336.806000002, 507488.611000001], [191339.116999999, 507483.855], [191339.028000001, 507483.798], [191339.554000001, 507482.719000001], [191339.647999998, 507482.754000001], [191341.958000001, 507478.017999999], [191341.873, 507477.965], [191342.399, 507476.886999998], [191342.502, 507476.925999999], [191344.774, 507472.138999999], [191344.693, 507472.077], [191345.219000001, 507470.999000002], [191345.322000001, 507471.037999999], [191347.636999998, 507466.322000001], [191347.526000001, 507466.269000001], [191348.055, 507465.160999998], [191348.168000001, 507465.204999998], [191349.756999999, 507461.947000001], [191349.594999999, 507461.868000001], [191350.122000001, 507460.796], [191350.274999999, 507460.870000001], [191353.890999999, 507453.397], [191353.780000001, 507453.342999998], [191354.317000002, 507452.232999999], [191354.443, 507452.294], [191359.102000002, 507442.682999998], [191358.976, 507442.622000001], [191359.499000002, 507441.528999999], [191359.616, 507441.587000001], [191361.089000002, 507438.59], [191361.107000001, 507438.555], [191361.127999999, 507438.491999999], [191361.134, 507438.396000002], [191361.116999999, 507438.315000001], [191361.081999999, 507438.245000001], [191361.032000002, 507438.184999999], [191360.962000001, 507438.135000002], [191360.870000001, 507438.102000002], [191360.831999999, 507438.160999998], [191348.039999999, 507431.888999999], [191344.010000002, 507429.914999999]]}, "properties": {"OBJECTID": 869, "SOORT": 1, "KPNIDENT": "3367", "STATUS": 1}}, {"type": "Feature", "id": 870, "geometry": {"type": "LineString", "coordinates": [[190806.829, 508223.964000002], [190807.004000001, 508223.732000001], [190808.002, 508224.465], [190807.831999999, 508224.699999999], [190808.460000001, 508225.155999999], [190808.482999999, 508225.131000001], [190808.594000001, 508224.960999999], [190810.261, 508226.127999999], [190810.087000001, 508226.359999999], [190810.627999999, 508226.763999999], [190810.651999999, 508226.732000001], [190820.000999998, 508233.304000001], [190825.686999999, 508237.204999998], [190828.502999999, 508233.100000001], [190828.403999999, 508233.033], [190828.589000002, 508232.723000001], [190828.622000001, 508232.745000001], [190829.616, 508231.313000001], [190829.605, 508231.256999999], [190829.846000001, 508230.925000001], [190829.942000002, 508230.997000001], [190830.142000001, 508230.730999999], [190832.594999999, 508227.147], [190832.759, 508226.943], [190832.715, 508226.910999998], [190833.282000002, 508226.09], [190833.116999999, 508225.977000002], [190833.077, 508226.034000002], [190832.379999999, 508225.537999999], [190832.960999999, 508224.719999999], [190834.640000001, 508225.921], [190836.263, 508227.059999999], [190841.101, 508220.618000001], [190841.991999999, 508219.432], [190842.186999999, 508219.182], [190843.909000002, 508216.897999998], [190845.300999999, 508215.045000002], [190845.986000001, 508214.105], [190846.598000001, 508213.32], [190848.066, 508211.327], [190852.68, 508205.226], [190854.541999999, 508202.73], [190854.453000002, 508202.666000001], [190854.581999999, 508202.506000001], [190854.693, 508202.579], [190857.545000002, 508198.734999999], [190857.908, 508198.256000001], [190857.765000001, 508198.147], [190858.445, 508197.221000001], [190858.59, 508197.328000002], [190859.129999999, 508196.590999998], [190859.081999999, 508196.555], [190859.920000002, 508195.447999999], [190859.954999998, 508195.499000002], [190860.088, 508195.331], [190861.609999999, 508193.27], [190861.704999998, 508193.140999999], [190861.802000001, 508193.212000001], [190862.056000002, 508192.886999998], [190861.969999999, 508192.818999998], [190862.789000001, 508191.745000001], [190862.888999999, 508191.816], [190863.144000001, 508191.478], [190863.039999999, 508191.399999999], [190863.088, 508191.335999999], [190868.745000001, 508183.710999999], [190868.811000001, 508183.756000001], [190869.070999999, 508183.383000001], [190869.004999999, 508183.337000001], [190869.045000002, 508183.280000001], [190868.873, 508183.16], [190869.807999998, 508181.912], [190869.989999998, 508182.035], [190870.048, 508181.973999999], [190870.103999998, 508182.021000002], [190870.366999999, 508181.664999999], [190870.302999999, 508181.618000001], [190873.162999999, 508177.787999999], [190873.267999999, 508177.864], [190873.848000001, 508177.065000001], [190873.662, 508176.93], [190874.664000001, 508175.589000002], [190874.798, 508175.688999999], [190881.574999999, 508166.754999999], [190890.388999999, 508155.052999999], [190890.373, 508155.041000001], [190890.454, 508154.936000001], [190883.350000001, 508150.824000001], [190883.309999999, 508150.892999999], [190881.870000001, 508150.083999999], [190881.919, 508149.997000001], [190881.362, 508149.642999999]]}, "properties": {"OBJECTID": 870, "SOORT": 1, "KPNIDENT": "3374", "STATUS": 1}}, {"type": "Feature", "id": 871, "geometry": {"type": "LineString", "coordinates": [[197878.984000001, 512795.024], [197879.659000002, 512805.798999999], [197882.421, 512818.026000001], [197884.094999999, 512835.388999999], [197882.932, 512851.451000001], [197881.454999998, 512868.901000001], [197879.855999999, 512888.958000001], [197878.269000001, 512909.146000002], [197876.840999998, 512931.443], [197875.776000001, 512950.142999999], [197874.754000001, 512969.550999999], [197874.035999998, 512987.949999999], [197873.669, 513006.534000002], [197873.515999999, 513025.752999999], [197874.197999999, 513045.135000002], [197876.469999999, 513063.778999999], [197879.98, 513082.592], [197884.603999998, 513102.305], [197889.160999998, 513121.022999998], [197894.991999999, 513139.568999998], [197904.647, 513162.022], [197916.980999999, 513188.605999999], [197926.074999999, 513208.056000002], [197934.471000001, 513225.339000002], [197942.438000001, 513243.046], [197945.465999998, 513261.210000001], [197947.100000001, 513280.462000001], [197948.423999999, 513299.75], [197949.600000001, 513318.585000001], [197950.193, 513337.436000001], [197950.409000002, 513356.384], [197949.868000001, 513376.521000002], [197945.725000001, 513395.177999999], [197938.335000001, 513411.572999999], [197930.469999999, 513429.116], [197922.710999999, 513446.964000002], [197915.043000001, 513462.322999999], [197905.563000001, 513480.186999999], [197895.877, 513497.136999998], [197885.929000001, 513514.287], [197877.861000001, 513532.329999998], [197872.013, 513551.159000002], [197866.418000001, 513570.971999999], [197861.346000001, 513593.578000002], [197858.116, 513605.651000001]]}, "properties": {"OBJECTID": 871, "SOORT": 1, "KPNIDENT": "3376", "STATUS": 1}}, {"type": "Feature", "id": 944, "geometry": {"type": "LineString", "coordinates": [[215550.495000001, 501471.530999999], [215550.482000001, 501471.77], [215552.105, 501484.546999998], [215554.807999998, 501504.960999999], [215557.653999999, 501525.285], [215560.91, 501544.441], [215563.989999998, 501564.320999999], [215566.712000001, 501584.421999998], [215569.809999999, 501604.307999998], [215573.011, 501624.686999999], [215575.998, 501644.772999998], [215579.096999999, 501666.416999999], [215582.304000001, 501685.848999999], [215585.100000001, 501705.159000002], [215587.802999999, 501724.280000001], [215590.734000001, 501743.510000002], [215593.27, 501763.138999999], [215597.504999999, 501788.585000001], [215600.699999999, 501798.513999999], [215611.460000001, 501804.550000001], [215612.487, 501804.473999999], [215619.816, 501805.221999999], [215641.868000001, 501808.727000002], [215658.241999999, 501811.081999999], [215678.118000001, 501813.910999998], [215697.846000001, 501816.105999999], [215717.907000002, 501819.090999998], [215738.181000002, 501822.045000002], [215758.02, 501824.579], [215778.362, 501827.364], [215798.905000001, 501829.936999999], [215816.723000001, 501832.048999999], [215840.596000001, 501833.884], [215861.385000002, 501834.848000001], [215883.041000001, 501836.236000001], [215905.046, 501837.193999998], [215920.842999998, 501838.289999999], [215940.638999999, 501839.401000001], [215961.739999998, 501840.375999998], [215981.524999999, 501841.493999999], [216001.677000001, 501842.100000001], [216014.778000001, 501842.806000002], [216032.359999999, 501845.879999999], [216048.276999999, 501851.212000001], [216067.579999998, 501858.835000001], [216086.739, 501866.537], [216105.905999999, 501874.306000002], [216110.682, 501876.248], [216112.116999999, 501876.624000002], [216116.011999998, 501878.346999999], [216116.995000001, 501879.046999998], [216137.344999999, 501886.932], [216152.133000001, 501892.590999998], [216171.423, 501898.747000001], [216179.228999998, 501895.267999999], [216195.425000001, 501878.563999999], [216196.552000001, 501877.800000001], [216197.682999998, 501876.784000002], [216199.445, 501875.337000001], [216213.16, 501860.699999999], [216225.686000001, 501844.677000001], [216237.708999999, 501828.673], [216249.662999999, 501811.511999998], [216259.837000001, 501794.530000001], [216269.282000002, 501776.153000001], [216277.903000001, 501758.394000001], [216285.436000001, 501741.307999998], [216292.960999999, 501726.454], [216301.642000001, 501722.239999998], [216312.52, 501722.041000001], [216333.054000001, 501721.625999998], [216354.497000001, 501721.107999999], [216375.941, 501720.554000001], [216396.478, 501719.653999999], [216414.039999999, 501719.283], [216428.227000002, 501718.155000001], [216442.557, 501714.370999999], [216456.169, 501708.772], [216473.874000002, 501700.903999999], [216489.370999999, 501694.346999999], [216507.673, 501686.732000001], [216518.024, 501681.379000001], [216522.695999999, 501677.405999999], [216524.153999999, 501671.276000001], [216526.794, 501653.109999999], [216530.534000002, 501634.807], [216533.261999998, 501616.873], [216536.980999999, 501597.105999999], [216536.892000001, 501592.613000002], [216537.046999998, 501592.162999999]]}, "properties": {"OBJECTID": 944, "SOORT": 1, "KPNIDENT": "3246", "STATUS": 1}}, {"type": "Feature", "id": 945, "geometry": {"type": "LineString", "coordinates": [[200664.952, 516114.267000001], [200639.877999999, 516127.787], [200622.794, 516138.171], [200604.704999998, 516147.886], [200588.291000001, 516157.600000001], [200570.035, 516167.984000001], [200549.936000001, 516179.039000001], [200517.504999999, 516196.392000001], [200512.811999999, 516197.153000001], [200507.103, 516194.743000001], [200492.642000001, 516173.559], [200477.166999999, 516153.897], [200462.197999999, 516138.421], [200449.274999999, 516124.671999998], [200435.324000001, 516110.511], [200421.471999999, 516096.868999999], [200407.068, 516083.469999999], [200390.989, 516071.745000001], [200372.565000001, 516061.361000001], [200354.811000001, 516050.977000002], [200333.373, 516041.43], [200339.401999999, 516019.320999999], [200344.776000001, 515999.613000002], [200348.978999998, 515980.059], [200353.181000002, 515960.506000001], [200357.383000001, 515940.952], [200361.616999999, 515921.405999999], [200365.912999999, 515901.872000001], [200367.579999998, 515881.818999998]]}, "properties": {"OBJECTID": 945, "SOORT": 1, "KPNIDENT": "3255", "STATUS": 1}}, {"type": "Feature", "id": 946, "geometry": {"type": "LineString", "coordinates": [[199195.559, 515700.223000001], [199195.565000001, 515700.223999999], [199207.370999999, 515703.175000001], [199208.899, 515703.596999999], [199208.964000002, 515703.618999999], [199211.692000002, 515704.260000002], [199210.416999999, 515708.778000001], [199220.460000001, 515712.596999999], [199236.068, 515717.977000002], [199245.405999999, 515732.331999999], [199242.133000001, 515746.044], [199238.533, 515761.596999999], [199235.980999999, 515774.795000002], [199233.243999999, 515794.215999998], [199232.449000001, 515800.614999998], [199231.918000001, 515803.907000002], [199231.962000001, 515803.971999999], [199230.416999999, 515815.704999998], [199228.213, 515829.212000001]]}, "properties": {"OBJECTID": 946, "SOORT": 1, "KPNIDENT": "3259", "STATUS": 1}}, {"type": "Feature", "id": 947, "geometry": {"type": "LineString", "coordinates": [[201857.726, 506841.717], [201848.660999998, 506821.611000001], [201847.504999999, 506820.572999999], [201844.752, 506813.794], [201838.976, 506795.48], [201838.112, 506794.754000001], [201833.009, 506776.761999998], [201833.432, 506775.761], [201828.063000001, 506756.859999999], [201822.528000001, 506737.546999998], [201819.927999999, 506728.712000001], [201818.452, 506725.870999999], [201818.193999998, 506724.936999999]]}, "properties": {"OBJECTID": 947, "SOORT": 1, "KPNIDENT": "3264", "STATUS": 1}}, {"type": "Feature", "id": 966, "geometry": {"type": "LineString", "coordinates": [[218965.497000001, 539049.232999999], [218942.101, 539094.414000001], [218926.497000001, 539125.859000001], [218903.897999998, 539166.541000001], [218889.026999999, 539190.855]]}, "properties": {"OBJECTID": 966, "SOORT": 1, "KPNIDENT": "17807", "STATUS": 1}}, {"type": "Feature", "id": 1010, "geometry": {"type": "LineString", "coordinates": [[205805.574000001, 506148.272], [205802.653000001, 506149.114], [205802.631000001, 506149.120000001], [205802.322999999, 506149.157000002], [205802.412, 506149.519000001], [205802.381000001, 506149.548999999], [205802.379000001, 506151.998], [205801.313999999, 506153.535], [205801.395, 506153.941], [205805.342, 506168.598000001], [205811.460999999, 506191.956], [205815.059999999, 506206.116999999], [205819.489, 506214.585999999], [205826.322999999, 506219.258000001], [205827.210999999, 506224.774999999], [205828.181000002, 506245.368000001], [205827.785, 506265.607999999], [205826.98, 506286.102000002], [205826.083000001, 506306.348000001], [205825.032000002, 506326.276000001], [205824.598999999, 506337.304000001], [205823.186000001, 506339.221000001], [205821.173999999, 506341.061000001], [205816.811000001, 506345.671999998], [205812.881999999, 506350.894000001], [205802.778000001, 506360.633000001], [205788.905999999, 506373.192000002], [205779.624000002, 506380.114], [205772.620000001, 506385.499000002], [205756.688999999, 506396.965], [205739.838, 506408.888], [205725.614999998, 506419.418000001], [205712.118000001, 506432.796999998], [205699.666000001, 506448.335000001], [205687.897, 506462.254999999], [205671.809, 506474.679000001], [205655.125, 506486.296], [205649.655000001, 506504.298], [205648.912999999, 506523.204], [205648.710999999, 506541.623], [205648.326000001, 506553.636999998], [205648.408, 506562.368999999], [205648.032000002, 506581.458999999], [205645.859999999, 506602.306000002], [205641.975000001, 506611.588], [205634.760000002, 506619.995999999], [205617.703000002, 506631.445999999], [205600.815000001, 506642.182999998], [205584.162, 506652.739999998], [205567.440000001, 506663.550999999], [205550.488000002, 506674.464000002], [205533.800000001, 506685.094000001], [205517.827, 506697.374000002], [205509.772, 506715.559999999], [205504.232999999, 506734.414000001], [205498.691, 506753.848999999], [205488.153999999, 506770.914999999], [205475.063999999, 506785.969999999], [205461.355999999, 506800.579], [205456.642999999, 506805.583999999], [205454.995000001, 506807.254000001], [205453.537, 506808.833999999], [205446.392999999, 506817.096999999], [205434.585000001, 506834.784000002], [205423.159000002, 506852.537], [205410.706999999, 506868.918000001], [205396.892999999, 506882.881000001], [205381.241, 506895.701000001], [205373.747000001, 506901.495999999], [205366.265999999, 506909.048999999], [205360.202, 506916.850000001], [205357.879000001, 506921.412999999], [205355.730999999, 506926.509], [205346.986000001, 506944.408], [205338.486000001, 506962.603999998], [205329.923, 506980.767999999], [205321.237, 506999.074999999], [205312.407000002, 507017.563999999], [205303.727000002, 507035.526999999], [205294.688999999, 507054.079], [205286.035999998, 507071.730999999], [205277.07, 507090.32], [205268.030999999, 507108.855], [205263.499000002, 507118.482999999], [205261.215999998, 507123.204], [205258.809, 507127.980999999], [205250.052000001, 507146.386], [205241.495999999, 507164.708000001], [205232.717999998, 507183.285999998], [205223.947999999, 507201.929000001], [205215.052000001, 507220.412], [205206.609999999, 507238.289999999], [205197.623, 507257.651999999], [205189.050000001, 507275.25], [205178.938999999, 507292.498], [205160.916000001, 507302.839000002], [205140.522999998, 507308.280999999], [205120.199999999, 507313.294], [205100.423999999, 507318.366999999], [205081.048999999, 507323.182999998], [205071.388999999, 507326.088], [205063.624000002, 507332.798], [205052.710000001, 507350.611000001], [205043.339000002, 507369.043000001], [205033.673999999, 507387.541000001], [205023.989999998, 507405.287], [205014.712000001, 507422.734000001], [205005.449999999, 507440.109999999], [204996.837000001, 507456.785999998], [204988.083999999, 507473.633000001], [204980.011999998, 507491.208000001], [204979.421, 507500.519000001], [204987.063999999, 507507.697999999], [205006.206999999, 507515.162999999], [205024.478, 507522.353], [205043.359000001, 507529.761999998], [205052.506999999, 507534.105999999], [205060.114999998, 507540.723999999], [205075.366999999, 507553.956999999], [205091.392000001, 507567.938999999], [205104.673999999, 507584.772999998], [205116.355999999, 507601.127999999], [205128.668000001, 507617.232999999], [205141.008000001, 507632.925999999], [205145.212000001, 507640.697000001], [205147.947000001, 507649.309], [205150.504000001, 507669.635000002], [205152.785999998, 507689.028999999], [205155.346999999, 507706.390000001], [205160.335000001, 507717.092], [205175.677999999, 507729.441], [205190.265999999, 507743.631999999], [205196.024, 507751.006999999], [205203.666000001, 507756.838], [205211.838, 507758.909000002], [205217.447999999, 507757.057], [205219.570999999, 507756.438000001], [205222.870999999, 507759.026000001], [205231.166000001, 507763.864], [205240.666000001, 507767.024999999], [205260.831, 507770.805], [205270.495000001, 507773.388], [205284.041999999, 507780.589000002], [205299.574000001, 507794.359000001], [205314.309999999, 507808.515000001], [205328.732999999, 507822.555], [205335.083999999, 507830.252], [205339.863000002, 507839.346999999], [205342.037999999, 507849.326000001], [205340.414000001, 507860.66], [205336.329, 507869.182], [205329.903999999, 507877.083000001], [205322.364, 507883.842], [205313.881999999, 507889.482000001], [205296.056000002, 507899.294], [205277.668000001, 507908.373], [205258.497000001, 507916.688999999], [205246.015999999, 507921.276999999], [205236.295000002, 507923.294], [205225.363000002, 507922.623], [205215.247000001, 507918.901999999], [205206.294, 507912.493999999], [205192.478999998, 507897.458999999], [205179.166000001, 507881.346000001], [205165.498, 507866.256999999], [205157.695999999, 507859.782000002], [205148.620999999, 507854.679000001], [205138.77, 507852.357999999], [205128.276999999, 507851.004999999], [205118.146000002, 507850.679000001], [205107.796, 507851.067000002], [205097.984999999, 507852.561999999], [205088.452, 507854.875], [205078.616999999, 507858.081], [205072.456999999, 507858.895], [205063.883000001, 507860.022], [205048.385000002, 507861.366999999], [205038.355999999, 507861.232999999], [205027.727000002, 507863.147999998], [205008.611000001, 507874.160999998], [204990.557999998, 507887.752999999], [204987.758000001, 507890.651999999], [204969.954999998, 507901.059999999], [204954.645, 507912.798], [204940.636, 507926.039000001], [204926.451000001, 507939.142000001], [204921.796, 507941.743000001], [204916.517999999, 507943.642999999], [204906.91, 507943.767000001], [204887.065000001, 507941.831999999], [204877.57, 507943.364], [204868.624000002, 507947.789000001], [204854.596999999, 507962.377999999], [204846.897999998, 507969.061000001], [204836.727000002, 507971.370999999], [204827.219000001, 507968.728999998], [204818.331999999, 507963.605999999], [204809.197999999, 507958.857999999], [204799.344999999, 507957.041000001], [204789.296, 507958.657000002], [204779.574000001, 507962.320999999], [204760.302999999, 507970.48], [204741.169, 507978.822000001], [204721.977000002, 507986.873], [204702.756999999, 507995.081999999], [204684.401000001, 508002.884], [204665.548, 508011.230999999], [204656.265999999, 508015.441], [204649.892000001, 508016.971999999], [204645.210000001, 508017.844999999], [204638.061000001, 508019.331], [204624.07, 508022.629000001], [204605.026999999, 508026.916999999], [204585.403999999, 508031.811999999], [204581.390999999, 508032.866999999], [204562.285999998, 508038.761], [204552.329999998, 508043.059999999], [204547.864999998, 508047.493999999], [204537.616999999, 508059.313999999], [204533.123, 508064.177000001], [204522.888999999, 508083.732999999], [204516.116, 508099.905999999], [204511.728999998, 508112.092999998], [204510.557999998, 508118.028000001], [204510.331, 508118.136999998]]}, "properties": {"OBJECTID": 1010, "SOORT": 1, "KPNIDENT": "3272", "STATUS": 1}}, {"type": "Feature", "id": 1023, "geometry": {"type": "LineString", "coordinates": [[187604.743000001, 503618.379999999], [187595.732000001, 503635.852000002], [187590.583000001, 503662.767999999], [187583.342, 503684.811000001], [187576.815000001, 503702.541000001], [187570.951000001, 503720.162999999], [187564.651999999, 503739.559], [187558.471999999, 503757.423999999], [187553.394000001, 503773.107999999], [187546.800999999, 503791.638999999], [187540.612, 503809.215999998], [187534.346000001, 503827.811000001], [187528.015000001, 503845.364], [187521.579999998, 503864.971999999], [187517.331799999, 503879.463599999]]}, "properties": {"OBJECTID": 1023, "SOORT": 1, "KPNIDENT": "13007", "STATUS": 1}}, {"type": "Feature", "id": 1027, "geometry": {"type": "LineString", "coordinates": [[191614.116, 506786.186999999], [191614.096999999, 506786.166000001], [191615.655999999, 506781.912], [191617.973000001, 506775.929000001], [191618.021000002, 506775.791999999], [191624.340999998, 506758.116999999], [191630.263, 506741.363000002], [191635.491999999, 506723.776000001], [191639.546999998, 506705.359999999], [191642.896000002, 506686.241999999], [191645.000999998, 506667.256999999], [191646.113000002, 506649.309], [191645.737, 506630.912999999], [191644.390999999, 506612.350000001], [191641.879999999, 506593.598999999], [191638.418000001, 506575.002], [191634.120000001, 506556.331], [191635.245000001, 506547.252999999], [191641.600000001, 506540.833999999], [191653.539999999, 506534.138999999], [191657.741999999, 506531.783], [191663.116, 506523.603999998], [191664.039999999, 506513.528999999], [191666.09, 506493.958999999], [191670.478999998, 506474.914999999], [191675.079, 506455.973999999], [191680.842999998, 506438.743999999], [191684.440000001, 506421.477000002], [191689.010000002, 506403.329999998], [191689.510000002, 506401.313999999], [191694.916999999, 506380.304000001], [191699.934, 506361.568], [191704.943999998, 506342.592], [191709.681000002, 506322.076000001], [191711.721000001, 506312.556000002], [191712.153999999, 506281.350000001], [191712.555, 506262.065000001], [191712.579999998, 506242.160999998], [191712.625999998, 506222.298], [191714.863000002, 506202.241999999], [191724.184999999, 506183.960000001], [191737.195999999, 506168.800999999], [191750.886999998, 506154.493999999], [191765.888, 506140.191], [191780.239999998, 506126.795000002], [191794.723999999, 506113.673], [191809.686000001, 506100.813999999], [191824.513, 506088.094999999], [191841.572999999, 506074.427000001], [191858.245000001, 506061.526999999], [191874.688000001, 506049.782000002], [191891.919, 506038.848000001], [191909.236000001, 506027.647999998], [191921.504000001, 506017.322000001], [191935.787999999, 506004.868000001], [191948.282000002, 505991.978999998], [191960.552000001, 505979.077], [191973.839000002, 505967.166999999], [191989.164000001, 505955.112], [192004.309999999, 505943.079], [192019.839000002, 505930.581], [192035.078000002, 505918.254999999], [192050.340999998, 505906.238000002], [192065.918000001, 505893.971000001], [192081.719999999, 505881.754000001], [192096.936000001, 505869.802000001], [192112.158, 505857.975000001], [192127.629000001, 505846.134], [192142.838, 505834.390000001], [192158.215, 505822.522999998], [192174.252999999, 505810.673999999], [192189.793000001, 505798.539000001], [192205.004000001, 505786.829999998], [192218.574000001, 505776.215], [192235.063999999, 505764.107000001], [192251.234000001, 505752.524], [192267.774, 505741.454999998], [192284.704999998, 505731.026000001], [192301.822000001, 505719.175999999], [192318.120000001, 505707.114999998], [192332.421, 505694.504999999], [192345.230999999, 505681.348000001], [192358.289999999, 505669.818], [192374.465999998, 505657.353], [192390.881999999, 505645.134], [192407.083000001, 505632.59], [192422.723000001, 505620.541999999], [192438.357000001, 505608.302999999], [192453.383000001, 505596.596999999], [192469.320999999, 505584.18], [192484.892999999, 505572.116], [192500.462000001, 505559.784000002], [192515.745999999, 505547.271000002], [192528.256999999, 505536.236000001], [192543.48, 505523.309999999], [192558.495000001, 505510.291999999], [192573.146000002, 505497.052999999], [192587.852000002, 505483.171], [192600.125, 505471.473000001], [192614.616, 505457.701000001], [192629.715, 505444.322000001], [192644.695, 505431.263999999], [192657.741999999, 505418.203000002], [192669.815000001, 505404.997000001], [192680.778999999, 505389.149999999], [192691.357000001, 505372.704], [192703.241, 505357.181000002], [192715.408, 505342.100000001], [192724.506999999, 505331.170000002], [192733.993999999, 505319.486000001], [192746.708999999, 505304.063999999], [192759.98, 505289.140999999], [192775.392999999, 505276.545000002], [192790.313999999, 505263.717], [192804.594999999, 505248.302000001], [192811.776900001, 505241.124699999]]}, "properties": {"OBJECTID": 1027, "SOORT": 1, "KPNIDENT": "13013", "STATUS": 1}}, {"type": "Feature", "id": 1028, "geometry": {"type": "LineString", "coordinates": [[205066.645, 478090.859999999], [205059.258000001, 478104.581999999], [205052.23, 478125.164999999], [205053.432999998, 478145.111000001], [205055.204999998, 478165.055], [205056.662, 478184.440000001], [205055.006999999, 478203.416000001], [205047.034000002, 478221.295000002], [205037.965, 478238.388999999], [205028.897, 478256.026999999], [205018.723999999, 478272.498], [205008.311000001, 478287.585999999], [204996.778000001, 478303.055], [204986.377999999, 478319.280000001], [204975.616999999, 478335.914000001], [204965.223999999, 478353.208999999], [204955.050999999, 478375.149], [204945.679000001, 478392.193], [204936.283, 478409.186000001], [204927.743000001, 478426.539000001], [204918.324999999, 478443.662], [204908.346000001, 478460.625], [204899.362, 478478.063000001], [204885.271000002, 478501.204], [204879.620999999, 478513.537999999], [204874.013999999, 478525.835999999], [204859.021000002, 478550.116999999], [204848.524, 478567.090999998], [204837.963, 478583.909000002], [204827.434, 478600.629000001], [204817.184, 478617.011999998], [204806.872000001, 478633.651000001], [204796.41, 478650.432], [204785.884, 478667.407000002], [204775.436999999, 478684.170000002], [204764.875, 478701.034000002], [204753.046, 478720], [204742.585999999, 478736.767999999], [204731.949999999, 478753.861000001], [204721.056000002, 478770.912999999], [204710.530999999, 478787.795000002], [204700.223000001, 478804.432999998], [204689.693, 478821.221999999], [204679.07, 478838.153000001], [204668.484000001, 478855.056000002], [204658.024, 478871.943999998], [204647.502, 478888.688999999], [204636.620999999, 478905.873], [204626.169, 478922.594999999], [204615.822999999, 478939.057], [204605.186000001, 478956.088], [204594.756999999, 478972.835999999], [204584.300999999, 478989.603999998], [204573.853, 479006.392999999], [204563.372000001, 479023.241999999], [204552.756000001, 479040.276999999], [204541.057, 479058.778999999], [204530.989999998, 479075.627], [204520.094000001, 479092.805], [204509.355999999, 479109.967], [204498.633000001, 479127.313999999], [204487.789999999, 479146.033], [204478.669, 479162.881999999], [204469.73, 479180.953000002], [204461.432, 479199.477000002], [204453.469000001, 479218.329], [204447.002, 479234.833000001], [204440.800999999, 479252.921], [204435.09, 479272.026999999], [204429.738000002, 479291.162999999], [204425.129000001, 479310.657000002], [204421.587000001, 479329.835000001], [204418.510000002, 479349.918000001], [204416.188999999, 479369.710000001], [204414.155000001, 479389.364999998], [204412.173999999, 479409.98], [204410.300999999, 479430.409000002], [204408.708000001, 479449.802000001], [204407.127999999, 479469.495999999], [204405.570999999, 479489.355], [204404.151999999, 479509.063999999], [204402.719000001, 479528.671999998], [204401.27, 479548.228], [204399.912999999, 479567.888], [204398.416999999, 479587.738000002], [204397.081999999, 479607.908], [204395.791000001, 479630.607999999], [204394.659000002, 479650.125], [204393.866, 479669.940000001], [204393.300000001, 479689.793000001], [204392.772999998, 479709.296999998], [204391.945999999, 479728.912], [204390.535, 479748.425000001], [204387.881000001, 479768.706], [204383.881999999, 479787.947000001], [204379.057999998, 479807.48], [204373.668000001, 479828.645], [204368.885000002, 479847.743000001], [204364.151999999, 479867.306000002], [204359.543000001, 479886.895], [204355.237, 479906.186999999], [204351.267999999, 479925.903000001], [204347.300999999, 479945.772], [204343.298999999, 479965.616], [204339.392000001, 479985.326000001], [204335.447000001, 480005.052000001], [204330.914999999, 480028.791999999], [204327.309999999, 480047.252999999], [204323.210000001, 480067.357999999], [204319.214000002, 480087.291000001], [204314.943, 480107.079], [204309.664999999, 480126.749000002], [204303.677999999, 480144.113000002], [204296.076000001, 480162.660999998], [204287.265000001, 480180.583000001], [204278.000999998, 480198.513999999], [204270.469999999, 480212.594000001], [204261.407000002, 480229.807], [204251.991, 480247.557999998], [204242.697999999, 480265.181000002], [204233.476, 480282.702], [204224.213, 480300.199999999], [204214.752, 480318.352000002], [204205.815000001, 480336.34], [204197.353, 480354.388999999], [204190.044, 480373.122000001], [204183.607999999, 480392.546999998], [204178.539000001, 480411.048999999], [204173.883000001, 480430.556000002], [204169.811999999, 480450.002999999], [204166.024, 480469.670000002], [204162.296999998, 480488.725000001], [204158.469000001, 480508.322000001], [204154.668000001, 480527.682999998], [204150.846000001, 480547.238000002], [204147.087000001, 480566.451000001], [204142.822000001, 480587.920000002], [204139.203000002, 480607.024], [204135.377, 480626.252999999], [204131.530999999, 480645.896000002], [204127.677000001, 480665.344999999], [204123.903000001, 480684.659000002], [204120.206999999, 480703.418000001], [204116.390000001, 480722.758000001], [204112.223000001, 480742.125], [204106.864, 480761.421999998], [204099.469999999, 480781.122000001], [204091.004999999, 480798.831], [204080.771000002, 480816.088], [204069.43, 480832.627], [204057.447000001, 480848.605], [204045.228999998, 480864.423], [204033.145, 480879.947999999], [204021.030999999, 480895.710999999], [204008.811000001, 480911.43], [203996.401999999, 480927.333000001], [203983.787, 480944.727000002], [203973.276999999, 480961.552999999], [203963.868999999, 480979.359999999], [203955.780999999, 480997.726], [203949.513, 481016.686000001], [203945.004000001, 481036.237], [203940.806000002, 481056.348000001], [203936.695, 481076.184], [203932.077, 481095.614999998], [203926.515999999, 481114.673], [203919.18, 481133.037], [203910.008000001, 481151.16], [203899.670000002, 481168.133000001], [203888.923999999, 481184.699999999], [203877.987, 481201.458000001], [203867.201000001, 481217.967999998], [203856.252, 481234.565000001], [203845.267000001, 481251.34], [203834.375999998, 481268.074000001], [203823.090999998, 481285.271000002], [203812.386999998, 481301.686999999], [203801.949000001, 481317.717999998], [203791.109999999, 481334.287], [203780.116999999, 481351.125999998], [203769.037, 481368.158], [203758.035999998, 481385.010000002], [203747.223000001, 481401.565000001], [203736.317000002, 481418.249000002], [203725.351, 481435.107000001], [203714.309999999, 481452.07], [203703.129000001, 481469.263], [203692.390000001, 481485.671], [203681.629000001, 481502.228999998], [203670.855999999, 481519.289999999], [203661.390999999, 481537.048], [203653.706999999, 481555.416999999], [203647.352000002, 481574.555], [203642.055, 481593.702], [203638.625999998, 481613.587000001], [203637.045000002, 481633.754999999], [203637.432, 481655.978999998], [203638.903999999, 481675.702], [203642.164999999, 481695.535999998], [203646.921, 481715.607999999], [203652.087000001, 481735.271000002], [203656.943, 481754.227000002], [203661.98, 481773.857999999], [203667.039000001, 481793.460999999], [203672.050999999, 481813.055], [203676.936000001, 481832.522], [203680.416000001, 481849.659000002], [203682.954999998, 481868.958999999], [203684.157000002, 481889.390999999], [203684.030000001, 481909.537], [203681.614, 481929.899999999], [203677.576000001, 481949.442000002], [203671.995000001, 481968.925999999], [203666.352000002, 481987.767999999], [203660.526999999, 482007.304000001], [203654.842, 482026.431000002], [203649.620999999, 482043.829], [203644.287999999, 482061.837000001], [203638.537999999, 482081.052000001], [203632.868000001, 482100.153999999], [203627.239999998, 482119.140000001], [203621.684999999, 482138.276999999], [203617.145, 482157.831999999], [203614.085000001, 482177.817000002], [203612.927000001, 482197.984000001], [203613.107999999, 482218.206], [203615.352000002, 482239.747000001], [203618.717, 482259.442000002], [203621.699999999, 482279.210999999], [203623.653000001, 482299.191], [203624.772999998, 482318.956], [203625.605999999, 482338.899], [203625.958000001, 482359.306000002], [203625.59, 482379.131999999], [203624.179000001, 482399.260000002], [203622.269000001, 482419.134], [203620.114999998, 482438.774999999], [203617.998, 482458.212000001], [203615.879000001, 482478.078000002], [203613.863000002, 482498.032000002], [203612.379000001, 482517.673], [203612.412, 482537.796], [203614.116, 482557.592], [203617.555, 482577.265000001], [203622.339000002, 482596.655999999], [203627.395, 482616.807], [203632.116999999, 482635.892999999], [203636.749000002, 482654.618000001], [203641.489, 482673.901999999], [203646.567000002, 482694.228], [203651.010000002, 482711.901999999], [203655.914999999, 482731.778999999], [203660.708000001, 482751.068999998], [203665.563000001, 482770.506999999], [203670.399999999, 482789.816], [203675.322999999, 482809.526000001], [203680.409000002, 482830.045000002], [203684.927000001, 482848.436999999], [203689.947999999, 482868.193], [203694.726, 482887.596000001], [203699.539000001, 482906.782000002], [203704.364, 482926.278000001], [203709.254000001, 482945.795000002], [203713.991999999, 482965.105999999], [203718.890999999, 482984.442000002], [203723.679000001, 483003.949999999], [203728.719000001, 483024.101], [203733.456999999, 483043.184999999], [203738.337000001, 483062.949999999], [203743.234000001, 483082.495000001], [203748.039999999, 483101.916000001], [203752.868000001, 483121.159000002], [203757.567000002, 483140.204], [203762.443999998, 483159.508000001], [203767.169, 483178.831], [203771.993999999, 483198.374000002], [203776.897, 483218.125], [203781.631999999, 483237.009], [203786.513999999, 483256.568999998], [203791.374000002, 483276.109999999], [203796.067000002, 483294.877], [203800.956999999, 483314.557], [203805.693999998, 483333.572000001], [203809.714000002, 483352.616], [203810.662999999, 483372.390000001], [203816.449000001, 483391.903000001], [203825.513, 483411.140000001], [203831.227000002, 483430.662], [203837.938999999, 483449.952], [203845.416000001, 483468.960999999], [203853.631000001, 483487.521000002], [203862.817000002, 483505.055], [203872.842999998, 483522.125], [203883.537, 483538.831], [203895.002, 483555.504000001], [203906.747000001, 483570.914000001], [203919.403000001, 483586.59], [203931.267000001, 483601.498], [203931.877999999, 483602.249000002]]}, "properties": {"OBJECTID": 1028, "SOORT": 1, "KPNIDENT": "3287", "STATUS": 1}}, {"type": "Feature", "id": 1064, "geometry": {"type": "LineString", "coordinates": [[218957.420000002, 539021.721000001], [218917.502999999, 538986.068999998], [218901.260000002, 538971.530000001], [218864.585000001, 538938.526999999], [218803.895, 538883.943], [218711.034000002, 538799.760000002]]}, "properties": {"OBJECTID": 1064, "SOORT": 1, "KPNIDENT": "17802", "STATUS": 1}}, {"type": "Feature", "id": 1145, "geometry": {"type": "LineString", "coordinates": [[218565.2093, 538790.912700001], [218561.997900002, 538793.452300001], [218552.6492, 538796.951200001], [218524.5339, 538807.1151], [218509.370200001, 538812.763799999]]}, "properties": {"OBJECTID": 1145, "SOORT": 1, "KPNIDENT": "17811", "STATUS": 1}}, {"type": "Feature", "id": 1146, "geometry": {"type": "LineString", "coordinates": [[218697.603, 538814.511999998], [218667.313700002, 538782.6305], [218653.359200001, 538770.594000001], [218637.424199998, 538755.124499999], [218623.402600002, 538742.309], [218619.023200002, 538738.301100001], [218615.149599999, 538742.0922], [218610.5515, 538748.698800001], [218604.100000001, 538762.322299998], [218596.123199999, 538776.5601], [218589.737399999, 538787.1611], [218576.908300001, 538804.603799999], [218568.6994, 538809.7645], [218565.718400002, 538808.978599999], [218563.336800002, 538806.7575]]}, "properties": {"OBJECTID": 1146, "SOORT": 1, "KPNIDENT": "17808", "STATUS": 1}}, {"type": "Feature", "id": 1147, "geometry": {"type": "LineString", "coordinates": [[218711.034000002, 538799.760000002], [218677.860199999, 538769.346900001], [218665.722399998, 538758.137600001], [218648.4366, 538742.7544], [218635.746599998, 538731.071600001], [218625.398400001, 538722.083700001], [218622.312600002, 538720.120000001], [218617.014600001, 538719.1523], [218611.602000002, 538720.236699998], [218607.747099999, 538722.635299999], [218605.547600001, 538725.227499999], [218597.666299999, 538739.058800001], [218589.7214, 538753.535300002], [218581.9866, 538765.341800001], [218574.754099999, 538776.976100001], [218565.309300002, 538790.912700001]]}, "properties": {"OBJECTID": 1147, "SOORT": 1, "KPNIDENT": "17809", "STATUS": 1}}, {"type": "Feature", "id": 1149, "geometry": {"type": "LineString", "coordinates": [[218886.728, 539188.758000001], [218900.350000001, 539164.945], [218923.486000001, 539123.833000001], [218940.822000001, 539093.136], [218964.861000001, 539049.136]]}, "properties": {"OBJECTID": 1149, "SOORT": 1, "KPNIDENT": "17800", "STATUS": 1}}, {"type": "Feature", "id": 1151, "geometry": {"type": "LineString", "coordinates": [[218957.420000002, 539021.721000001], [218972.316, 539036.160999998], [218964.861000001, 539049.136]]}, "properties": {"OBJECTID": 1151, "SOORT": 1, "KPNIDENT": "17815", "STATUS": 1}}, {"type": "Feature", "id": 1156, "geometry": {"type": "LineString", "coordinates": [[206916.458999999, 483606.800000001], [206878.774999999, 483641.949999999], [206823.515000001, 483692.714000002], [206793.269000001, 483721.897999998], [206770.052999999, 483749.118999999], [206745.693, 483781.572000001], [206698.362, 483849.583999999], [206686.263999999, 483866.587000001], [206654.546999998, 483911.874000002], [206621.848999999, 483959.041000001], [206602.392999999, 483987.734000001], [206582.692000002, 484016.098999999], [206567.732999999, 484035.473000001], [206557.842, 484046.835999999], [206539.122000001, 484064.82], [206526.125, 484075.692000002], [206514.598999999, 484083.703000002], [206498.658, 484093.758000001], [206484.188999999, 484101.278000001], [206466.204999998, 484109.535], [206436.204999998, 484122.449999999], [206401.708000001, 484136.429000001], [206369.827, 484150.079999998], [206335.903000001, 484166.348000001], [206319.032000002, 484175.500999998], [206289.717, 484193.978], [206242.508000001, 484229.202], [206194.346999999, 484270.02], [206180.798999999, 484286.734999999]]}, "properties": {"OBJECTID": 1156, "SOORT": 1, "KPNIDENT": "3228", "STATUS": 1}}, {"type": "Feature", "id": 1157, "geometry": {"type": "LineString", "coordinates": [[201562.397999998, 515751.967], [201542.278999999, 515749.044], [201535.559999999, 515747.929000001], [201528.846999999, 515748.348999999], [201512.403999999, 515750.897], [201488.780999999, 515752.517999999], [201467.427000001, 515749.806000002], [201455.145, 515746.208000001], [201437.715999998, 515740.429000001], [201419.883000001, 515735.796999998], [201403.752, 515732.284000002], [201395.695, 515729.780999999], [201383.361000001, 515723.916000001], [201366.454999998, 515713.495000001], [201349.465, 515702.245999999], [201332.098999999, 515691.059999999], [201315.828000002, 515679.796], [201299.177999999, 515667.245999999], [201285.050999999, 515653.351], [201272.545000002, 515638.296999998], [201259.576000001, 515622.548999999], [201245.706, 515609.068], [201237.344000001, 515603.096000001], [201227.945, 515600.124000002], [201208.395, 515598.000999998], [201188.208999999, 515595.864999998]]}, "properties": {"OBJECTID": 1157, "SOORT": 1, "KPNIDENT": "3229", "STATUS": 1}}, {"type": "Feature", "id": 1158, "geometry": {"type": "LineString", "coordinates": [[203699.245999999, 502958.102000002], [203770.114999998, 503024.57], [203903.188999999, 503145.366999999], [203974.296999998, 503210.489], [204111.412999999, 503348.386999998], [204230.517000001, 503469.688999999], [204269.166000001, 503508.842999998], [204291.092, 503530.769000001], [204360.054000001, 503562.344999999], [204420.326000001, 503579.219000001], [204435.987, 503586.039999999], [204510.759, 503604.732999999], [204547.697999999, 503615.061000001], [204545.846999999, 503634.796], [204706.193999998, 503671.798999999], [204842.482999999, 503706.811000001], [204867.732000001, 503711.554000001], [204947.061999999, 503732.072000001], [205015.298, 503747.574999999], [205022.317000002, 503731.307], [205028.613000002, 503729.190000001], [205033.190000001, 503735.114], [205043.960000001, 503748.577], [205058.243999999, 503765.991], [205150.182, 503811.044], [205277.105, 503872.526000001], [205300.862, 503880.692000002], [205346.52, 503885.888999999], [205502.052999999, 503875.866999999], [205573.287, 503869.184999999], [205615.603999998, 503862.502999999], [205632.307999998, 503859.162], [205633.388999999, 503844.598999999], [205642.813000001, 503817.177000001], [205650.192000002, 503801.351], [205659.592, 503787.892000001], [205682.605999999, 503761.908], [205707.477000002, 503747.431000002], [205716.833000001, 503744.403000001], [205729.006000001, 503744.460999999], [205741.998, 503748.173], [205751.278000001, 503753.370000001], [205770.581, 503771.188000001], [205784.315000001, 503786.778000001], [205795.079999998, 503789.377], [205803.989, 503790.118999999], [205814.754000001, 503767.846999999], [205829.602000002, 503746.688000001], [205835.912, 503751.513999999], [205844.079, 503754.484000001], [205865.98, 503752.256000001], [205909.41, 503749.287], [205987.326000001, 503745.945999999], [205996.605999999, 503748.914999999], [206005.886, 503754.112], [206016.280000001, 503759.68], [206032.241, 503774.899999999], [206048.574000001, 503791.975000001], [206070.103999998, 503813.504999999], [206080.497000001, 503820.929000001], [206097.943999998, 503828.723999999], [206194.679000001, 503858.791000001], [206312.350000001, 503906.675999999], [206441.528999999, 503960.500999998], [206547.173, 504004.896000002], [206600.254999999, 504026.055], [206627.352000002, 504032.737], [206653.335999999, 504035.706], [206706.046999998, 504030.881000001], [206751.037, 504046.842], [206784.668000001, 504060.947999999], [206806.458999999, 504070.491999999], [206802.287, 504099.388]]}, "properties": {"OBJECTID": 1158, "SOORT": 1, "KPNIDENT": "3231", "STATUS": 1}}, {"type": "Feature", "id": 1159, "geometry": {"type": "LineString", "coordinates": [[191309.173999999, 507546.203000002], [191309.960000001, 507546.329], [191325.009799998, 507546.321600001], [191327.461599998, 507547.249400001], [191330.636599999, 507543.8204], [191330.9329, 507539.396600001], [191328.486400001, 507538.4476], [191314.195999999, 507536.594999999], [191313.442000002, 507536.283], [191313.462000001, 507536.236000001]]}, "properties": {"OBJECTID": 1159, "SOORT": 1, "KPNIDENT": "3232", "STATUS": 1}}, {"type": "Feature", "id": 1185, "geometry": {"type": "LineString", "coordinates": [[204161.076000001, 484149.785], [204161.425999999, 484166.638999999], [204161.815000001, 484186.813999999], [204162.960000001, 484205.778999999], [204163.465, 484225.484999999], [204164.219000001, 484245.309999999], [204165.09, 484265.146000002], [204165.886, 484286.848000001], [204166.487, 484306.833999999], [204166.609000001, 484326.822000001], [204166.486000001, 484345.914999999], [204166.124000002, 484365.574000001], [204165.050000001, 484385.761], [204163.848999999, 484406.208000001], [204162.513, 484426.486000001], [204161.730999999, 484445.942000002], [204161.473000001, 484465.712000001], [204161.605999999, 484486.673], [204161.936999999, 484506.743999999], [204162.289000001, 484527.052999999], [204162.895, 484546.228999998], [204163.362, 484566.278000001], [204163.809999999, 484588.317000002], [204164.822999999, 484623.550000001], [204165.263, 484633.460999999], [204165.473000001, 484650.467], [204165.942000002, 484668.081999999], [204166.416000001, 484688.182999998], [204166.943999998, 484706.517000001], [204167.364999998, 484726.605999999], [204168.002999999, 484745.666999999], [204168.352000002, 484765.552000001], [204168.745999999, 484785.870999999], [204169.219999999, 484806.041000001], [204169.335999999, 484826.011999998], [204169.399999999, 484846.348000001], [204169.166000001, 484866.978999998], [204168.771000002, 484886.333999999], [204168.021000002, 484907.044], [204166.653999999, 484926.359999999], [204164.352000002, 484949.789999999], [204162.254999999, 484968.905000001], [204159.673999999, 484988.537], [204156.359000001, 485009.043000001], [204152.217999998, 485026.938000001], [204145.956999999, 485045.82], [204138.300999999, 485063.445999999], [204128.998, 485081.133000001], [204119.583999999, 485098.390999999], [204110.153999999, 485115.587000001], [204101.493000001, 485131.546999998], [204092.449000001, 485148.515000001], [204084.131000001, 485165.837000001], [204076.300999999, 485184.467999998], [204068.306000002, 485207.239999998], [204062.232000001, 485228.971000001], [204057.945999999, 485250.517000001], [204055.517000001, 485270.296], [204054.98, 485291.655000001], [204055.403999999, 485304.818], [204056.844999999, 485323.513], [204059.462000001, 485343.945999999], [204063.181000002, 485363.813999999], [204067.958999999, 485382.68], [204074.079, 485402.988000002], [204080.16, 485422.127], [204086.348999999, 485441.592], [204092.274, 485460.695], [204097.642999999, 485478.427999999], [204102.829, 485496.307999998], [204108.592, 485517.056000002], [204114.037, 485536.675999999], [204119.096000001, 485556.063000001], [204122.873, 485569.633000001], [204122.943999998, 485569.818999998], [204124.177999999, 485575.109999999], [204126.717999998, 485587.335000001], [204129.622000001, 485598.333000001], [204123.563000001, 485601.390999999], [204107.495000001, 485608.443999998], [204091.120999999, 485616.611000001], [204074.521000002, 485622.197999999], [204060.622000001, 485625.081999999], [204041.449000001, 485626.125], [204021.896000002, 485627.681000002], [204003.467999998, 485632.140000001], [203985.914999999, 485639.804000001], [203970.002999999, 485649.607000001], [203955.239, 485662.033], [203941.142999999, 485674.449000001], [203926.964000002, 485686.600000001], [203912.357000001, 485699.618999999], [203898.454, 485711.796], [203890.984000001, 485718.118999999], [203876.283, 485731.416000001], [203861.82, 485744.528999999], [203847.335000001, 485757.414999999], [203833.214000002, 485769.782000002], [203819.065000001, 485782.723999999], [203805.16, 485795.537999999], [203790.559, 485808.908], [203776.215999998, 485821.973999999], [203761.305, 485835.274], [203742.449000001, 485851.901000001], [203728.079, 485864.807999998], [203714.596000001, 485876.942000002], [203700.651999999, 485889.101], [203686.105, 485902.239], [203671.395, 485914.934999999], [203656.774, 485927.920000002], [203642.346000001, 485940.706], [203626.839000002, 485954.232999999], [203611.265000001, 485968.984999999], [203597.041000001, 485988.640000001], [203589.721000001, 486005.759], [203585.34, 486024.965999998], [203584.743999999, 486045.289000001], [203588.714000002, 486065.510000002], [203596.140999999, 486083.386999998], [203606.147, 486099.82], [203620.598000001, 486112.548], [203636.833999999, 486125.329999998], [203652.202, 486137.995000001], [203669.441, 486152.385000002], [203684.704, 486164.909000002], [203700.802999999, 486178.223999999], [203715.533, 486190.482999999], [203731.715, 486203.625999998], [203742.173, 486213.041000001], [203747.122000001, 486217.688000001], [203747.035999998, 486217.679000001], [203757.407000002, 486226.776000001], [203761.193, 486230.146000002], [203763.660999998, 486232.416000001], [203769.883000001, 486238.278999999], [203778.037999999, 486245.734999999], [203793.852000002, 486260.390000001], [203807.401000001, 486272.186999999], [203821.116, 486284.666000001], [203836.469999999, 486297.853], [203851.057999998, 486310.280000001], [203865.618999999, 486322.278999999], [203881.414999999, 486335.508000001], [203898.335999999, 486350.445999999], [203913.988000002, 486363.083000001], [203929.124000002, 486376.408], [203943.614, 486390.054000001], [203959.324000001, 486404.452], [203972.993999999, 486417.346999999], [203988.241999999, 486430.899999999], [204003.497000001, 486445.326000001], [204019.908, 486460.320999999], [204036.164999999, 486475.708000001], [204045.662999999, 486484.754000001], [204060.285, 486497.784000002], [204075.534000002, 486511.088], [204090.863000002, 486524.477000002], [204095.280999999, 486528.519000001], [204097.714000002, 486530.938999999], [204106.954999998, 486538.668000001], [204121.629999999, 486551.238000002], [204133.412999999, 486561.418000001], [204136.881999999, 486566.460999999], [204140.355999999, 486576.588], [204140.791999999, 486587.618000001], [204138.684, 486607.550999999], [204136.717999998, 486626.886999998], [204134.493000001, 486648.423999999], [204132.761, 486668.339000002], [204130.675000001, 486688.794], [204128.638999999, 486708.335999999], [204126.585999999, 486728.978999998], [204124.743000001, 486746.276999999], [204122.601, 486766.350000001], [204120.451000001, 486786.557999998], [204118.311999999, 486807.252], [204116.190000001, 486826.726], [204114.135000002, 486847.517000001], [204112.179000001, 486867.463], [204110.589000002, 486887.642000001], [204111.239999998, 486898.467], [204113.732999999, 486907.453000002], [204119.789000001, 486917.927999999], [204127.039000001, 486925.401000001], [204141.002, 486935.195999999], [204158.998, 486944.228999998], [204177.657000002, 486950.353999998], [204197.477000002, 486953.827], [204216.752, 486957.089000002], [204236.440000001, 486960.405000001], [204256.43, 486962.927999999], [204275.534000002, 486965.874000002], [204286.056000002, 486968.886], [204295.278000001, 486973.151000001], [204310.940000001, 486982.659000002], [204321.175000001, 486989.02], [204322.388999999, 486989.932], [204328.581999999, 486995.866999999], [204331.081, 486998.747000001], [204337.182999998, 487002.271000002], [204353.769000001, 487011.375], [204371.504000001, 487020.550000001], [204390.884, 487023.322999999], [204410.241, 487024.109999999], [204423.210999999, 487025.921], [204436.666999999, 487031.443999998], [204445.204999998, 487038.076000001], [204459.884, 487050.888], [204474.848999999, 487062.784000002], [204481.783, 487068.717], [204488.550999999, 487075.776999999], [204498.636, 487085.454], [204512.478, 487099.208999999], [204522.324000001, 487116.311000001], [204528.445, 487134.817000002], [204533.846000001, 487152.795000002], [204538.498, 487171.929000001], [204544.272, 487191.280999999], [204549.34, 487211.883000001], [204553.958000001, 487232.149999999], [204557.642999999, 487250.307999998], [204560.732000001, 487265.155999999], [204560.826000001, 487265.346000001], [204563.182999998, 487279.91], [204563.903999999, 487291.82], [204567.427000001, 487303.151999999], [204569.043000001, 487307.436999999], [204570.646000002, 487311.704], [204572.425999999, 487316.920000002], [204575.010000002, 487334.375999998], [204584.074000001, 487348.776999999], [204589.627, 487360.874000002], [204592.905999999, 487380.355], [204597.438000001, 487399.896000002], [204602.890999999, 487419.824000001], [204608.754999999, 487438.765000001], [204614.892000001, 487457.52], [204621.881000001, 487477.134], [204629.184999999, 487496.324999999], [204636.941, 487515.890000001], [204645.280999999, 487535.526000001], [204651.877, 487550.355], [204660.291999999, 487567.364999998], [204670.16, 487584.186999999], [204680.833000001, 487600.072999999], [204691.929000001, 487614.533], [204707.613000002, 487632.232000001], [204720.081, 487644.392000001], [204734.445999999, 487656.664000001], [204750.899, 487669.486000001], [204767.912, 487681.706999999], [204786.254000001, 487693.998], [204802.227000002, 487704.489], [204818.890999999, 487715.249000002], [204834.945, 487725.642999999], [204850.839000002, 487735.903999999], [204870.013, 487748.329999998], [204885.572999999, 487758.397999998], [204901.116999999, 487768.548], [204917.157000002, 487779.239], [204933.374000002, 487790.263999999], [204953.778000001, 487804.383000001], [204969.848999999, 487816.057999998], [204985.565000001, 487828.107999999], [205001.103, 487840.441], [205016.151000001, 487852.805], [205031.241999999, 487865.576000001], [205045.482999999, 487878.215], [205060.159000002, 487891.822999999], [205074.745999999, 487905.491], [205089.846999999, 487919.93], [205105.647, 487935.311999999], [205119.142000001, 487948.657000002], [205132.730999999, 487963.403999999], [205145.432, 487979.043000001], [205156.973000001, 487995.734000001], [205166.769000001, 488012.004999999], [205175.750999998, 488029.225000001], [205183.679000001, 488047.088], [205190.556000002, 488065.677999999], [205196.535999998, 488084.699000001], [205202.226, 488104.487], [205207.173999999, 488122.686000001], [205212.373, 488142.232999999], [205217.473000001, 488161.191], [205223.237, 488181.432], [205230.096999999, 488201.756999999], [205237.311999999, 488218.763999999], [205246.704, 488237.013999999], [205257.048999999, 488254.463], [205267.901000001, 488270.151999999], [205280.881999999, 488287.092999998], [205291.379000001, 488300.565000001], [205295.923, 488306.570999999], [205302.09, 488314.471000001], [205306.875999998, 488320.802000001], [205306.977000002, 488320.936000001], [205308.105999999, 488322.342], [205308.177999999, 488322.346000001], [205313.335000001, 488329.09], [205316.065000001, 488333.405999999], [205319.287999999, 488338.918000001], [205319.333000001, 488338.923], [205320.410999998, 488340.458999999], [205320.561000001, 488340.596000001], [205325.083000001, 488347.068], [205330.432, 488355.537999999], [205337.795000002, 488369.846999999], [205346.368999999, 488388.170000002], [205354.671999998, 488407.987], [205362.249000002, 488427.870999999], [205368.934999999, 488446.346999999], [205374.577, 488462.484999999], [205380.945, 488481.340999998], [205387.377999999, 488501.728], [205393.405999999, 488521.971000001], [205398.412, 488540.879000001], [205402.84, 488557.999000002], [205407.280999999, 488576.866999999], [205411.822999999, 488596.756999999], [205415.989999998, 488617.482999999], [205420.019000001, 488635.528999999], [205424.289000001, 488657.734999999], [205428.151000001, 488676.397999998], [205432.296999998, 488696.147999998], [205436.149999999, 488714.822999999], [205440.052999999, 488733.723999999], [205443.811000001, 488753.170000002], [205447.999000002, 488773.287999999], [205451.963, 488792.460000001], [205455.842, 488810.936999999], [205459.785, 488831.671999998], [205463.670000002, 488850.640999999], [205467.710000001, 488869.079999998], [205470.219000001, 488882.267000001]]}, "properties": {"OBJECTID": 1185, "SOORT": 1, "KPNIDENT": "3230", "STATUS": 1}}, {"type": "Feature", "id": 1186, "geometry": {"type": "LineString", "coordinates": [[193194.578000002, 509173.710999999], [193211.381000001, 509168.715999998], [193228.239999998, 509163.394000001], [193234.91, 509161.686000001], [193261.166000001, 509161.980999999], [193276.419, 509162.313000001], [193285.725000001, 509160.445999999], [193310.517999999, 509153.138], [193331.835999999, 509147.93], [193336.265999999, 509156.337000001], [193337.157000002, 509158.331], [193336.938000001, 509161.124000002], [193342.278000001, 509172.631999999], [193364.061999999, 509182.873], [193386.394000001, 509193.566], [193410.596999999, 509204.524], [193432.815000001, 509215.170000002], [193455.951000001, 509225.914999999], [193478.577, 509236.739999998], [193501.399, 509247.699000001], [193523.98, 509258.509], [193546.831, 509269.407000002], [193570.315000001, 509280.394000001], [193591.684999999, 509290.734999999], [193615.534000002, 509302.019000001], [193637.646000002, 509312.482999999], [193660.228999998, 509323.008000001], [193681.824999999, 509333.464000002], [193704.388, 509344.210000001], [193724.954, 509353.941], [193749.699999999, 509365.723000001], [193771.294, 509376.219000001], [193794.763, 509387.269000001], [193816.98, 509398.197999999], [193840.118000001, 509409.25], [193861.921, 509419.886999998], [193884.960000001, 509431.033], [193907.046, 509441.84], [193930.649999999, 509453.317000002], [193952.118000001, 509463.605999999], [193975.613000002, 509475.011999998], [193997.322999999, 509485.298], [194020.302999999, 509496.423], [194042.256000001, 509506.883000001], [194065.743000001, 509517.688000001], [194087.364999998, 509528.263999999], [194111.013, 509539.063999999], [194133.899, 509549.82], [194157.579999998, 509560.98], [194179.173, 509570.965999998], [194202.717999998, 509581.923999999], [194224.967999998, 509592.340999998], [194247.410999998, 509602.868999999], [194269.16, 509613.191], [194292.829, 509624.364], [194314.794, 509634.660999998], [194337.942000002, 509645.546999998], [194359.587000001, 509655.397], [194385.184999999, 509667.333999999], [194405.763, 509677.035], [194428.609000001, 509687.943], [194450.811999999, 509698.48], [194475.019000001, 509709.98], [194495.987, 509719.881000001], [194519.579, 509731.159000002], [194541.254000001, 509741.508000001], [194566.131000001, 509753.232000001], [194586.5, 509762.778999999], [194612.228, 509775.136], [194631.550999999, 509784.366999999], [194654.401999999, 509795.249000002], [194676.785999998, 509805.690000001], [194698.846000001, 509816.162999999], [194721.857999999, 509827.153000001], [194745.127, 509838.173999999], [194767.127999999, 509848.364], [194793.471999999, 509860.991], [194812.311999999, 509869.682999998], [194836.890000001, 509881.320999999], [194857.522, 509890.952], [194882.52, 509902.649999999], [194902.828000002, 509912.153999999], [194925.103, 509922.635000002], [194948.078000002, 509933.346000001], [194972.602000002, 509944.923999999], [194993.274, 509954.68], [195014.842999998, 509964.885000002], [195038.546999998, 509975.853999998], [195062.498, 509987.480999999], [195083.655999999, 509997.357000001], [195107.839000002, 510009.173999999], [195128.660999998, 510019.124000002], [195151.688000001, 510029.936999999], [195173.699000001, 510040.848999999], [195195.84, 510051.578000002], [195218.649999999, 510062.717999998], [195241.965, 510073.883000001], [195263.778999999, 510084.188000001], [195286.730999999, 510095.522], [195297.84, 510101.068999998], [195307.320999999, 510108.607000001], [195313.092, 510118.451000001], [195317.947000001, 510131.006999999], [195326.09, 510154.583999999], [195329.642000001, 510163.956999999], [195336.969000001, 510182.377999999], [195343.886, 510198.897], [195343.202, 510207.079], [195342.767000001, 510209.853], [195342.289999999, 510213.875], [195338.311000001, 510222.763], [195333.638999999, 510232.600000001], [195324.657000002, 510250.993000001], [195315.664000001, 510268.719999999], [195306.988000002, 510286.272999998], [195298.169, 510304.048], [195289.647, 510322.482999999], [195280.945999999, 510340.647999998], [195272.23, 510358.813999999], [195264.333999999, 510375.252999999], [195253.179000001, 510398.601], [195244.837000001, 510417.259], [195236.206999999, 510435.500999998], [195227.925999999, 510453.826000001], [195219.285, 510471.940000001], [195208.598000001, 510494.734000001], [195200.026999999, 510512.592], [195191.425999999, 510530.684999999], [195182.839000002, 510548.653999999], [195173.890999999, 510566.956], [195166.583999999, 510584.034000002], [195158.265999999, 510601.811999999], [195149.794, 510619.627], [195141.511999998, 510637.714000002], [195132.872000001, 510655.577], [195124.013, 510674.081], [195115.313999999, 510692.291999999], [195106.221999999, 510710.839000002], [195097.232000001, 510728.822000001], [195088.162, 510747.543000001], [195078.601, 510767.660999998], [195070.122000001, 510785.489], [195061.528000001, 510803.682999998], [195053.193, 510822.442000002], [195044.557, 510840.964000002], [195037.000999998, 510857.723000001], [195028.537, 510875.18], [195019.82, 510893.914000001], [195012.282000002, 510912.158], [195006.252999999, 510931.146000002], [195000.302999999, 510949.421999998], [194992.800999999, 510967.555], [194984.329999998, 510985.322000001], [194975.624000002, 511003.601], [194967.230999999, 511021.125999998], [194959.045000002, 511038.123], [194950.647, 511055.736000001], [194942.215, 511074.081], [194934.184, 511091.958000001], [194926.338, 511109.304000001], [194918.333999999, 511126.671], [194910.453000002, 511143.888], [194902.252999999, 511161.252999999], [194893.991, 511178.835000001], [194885.583999999, 511196.445999999], [194875.258000001, 511217.914000001], [194866.294, 511234.701000001], [194864.081, 511239.454999998], [194862.787, 511242.465999998], [194857.984999999, 511253.585000001], [194849.756999999, 511271.897999998], [194841.146000002, 511290.011999998], [194831.754999999, 511309.739], [194823.754000001, 511327.044], [194815.513999999, 511344.953000002], [194807.719999999, 511362.377], [194799.526000001, 511380.142999999], [194789.377, 511401.897], [194781.335000001, 511419.669], [194773.208999999, 511437.206], [194765.004000001, 511454.903999999], [194756.605999999, 511472.835000001], [194747.925999999, 511492.274999999], [194739.563000001, 511509.989], [194731.421999998, 511528.015000001], [194723.493000001, 511545.671999998], [194715.157000002, 511563.995999999], [194706.936000001, 511582.598999999], [194698.734000001, 511599.844999999], [194690.384, 511618.364999998], [194682.386999998, 511636.370000001], [194674.09, 511654.462000001], [194666.522999998, 511663.267000001], [194657.032000002, 511667.818999998], [194639.91, 511670.146000002], [194620.794, 511669.588], [194601.046, 511669.535], [194581.289000001, 511669.259], [194563.68, 511668.903999999], [194549.449000001, 511668.851], [194539.798, 511671.280999999], [194539.513, 511671.826000001], [194538.241999999, 511676.609000001], [194535.848000001, 511677.456], [194531.204, 511679.405000001], [194527.809, 511680.348000001], [194518.816, 511688.318], [194517.934, 511690.899], [194511.888, 511708.502999999], [194502.728, 511716.309], [194502.500999998, 511717.809], [194505.682, 511730.833000001]]}, "properties": {"OBJECTID": 1186, "SOORT": 1, "KPNIDENT": "3233", "STATUS": 1}}, {"type": "Feature", "id": 1187, "geometry": {"type": "LineString", "coordinates": [[187825.953000002, 503732.991999999], [187817.541000001, 503735.285999998], [187808.109000001, 503733.756999999], [187785.572999999, 503722.727000002], [187767.820999999, 503713.772999998], [187755.515999999, 503707.627], [187740.783, 503700.182], [187722.530999999, 503690.791000001], [187704.954, 503681.340999998], [187687.670000002, 503671.274999999], [187670.157000002, 503660.350000001], [187650.625999998, 503646.93], [187634.149999999, 503634.679000001], [187618.561999999, 503622.390000001], [187615.339000002, 503620.065000001], [187607.868999999, 503614.986000001], [187604.743000001, 503618.379999999]]}, "properties": {"OBJECTID": 1187, "SOORT": 1, "KPNIDENT": "3234", "STATUS": 1}}, {"type": "Feature", "id": 1188, "geometry": {"type": "LineString", "coordinates": [[189904.166999999, 508882.596000001], [189904.173, 508882.592], [189907.782000002, 508890.078000002], [189908.028000001, 508890.412], [189912.145, 508887.232999999], [189928.452, 508874.752999999], [189944.478999998, 508862.484000001], [189949.862, 508858.340999998], [189948.215, 508856.127], [189957.598999999, 508849.138], [189962.414999999, 508845.482000001], [189966.673999999, 508843.967999998], [190029.248399999, 508821.7555], [190031.894299999, 508823.673799999], [190033.481800001, 508821.887800001], [190099.363200001, 508876.259799998], [190114.530999999, 508869.535]]}, "properties": {"OBJECTID": 1188, "SOORT": 1, "KPNIDENT": "3235", "STATUS": 1}}, {"type": "Feature", "id": 1250, "geometry": {"type": "LineString", "coordinates": [[195894.070999999, 514638.991], [195901.723000001, 514638.182999998], [195918.364999998, 514632.556000002], [195936.835999999, 514627.078000002], [195940.739, 514647.340999998], [195945.022, 514672.052999999], [195945.947999999, 514691.094000001], [195944.602000002, 514710.868000001], [195942.298999999, 514730.611000001], [195937.350000001, 514750.938999999], [195933.260000002, 514771.203000002], [195930.738000002, 514790.546], [195928.835999999, 514809.548], [195927, 514828.471000001], [195925.732000001, 514848.798999999], [195924.037999999, 514872.364999998], [195922.789999999, 514891.877999999], [195920.965999998, 514911.392000001], [195919.07, 514931.489999998], [195917.809999999, 514951.225000001], [195916.179000001, 514971.943], [195914.804000001, 514990.899999999], [195913.309, 515010.184], [195911.942000002, 515029.287], [195910.396000002, 515049.93], [195907.030999999, 515093.363000002], [195905.732000001, 515113.613000002], [195905.120000001, 515121.798], [195905.260000002, 515133.965999998], [195905.416000001, 515154.756000001], [195905.730999999, 515176.559999999], [195905.942000002, 515196.440000001], [195906.195999999, 515216.366999999], [195906.409000002, 515225.407000002], [195906.460999999, 515229.978], [195906.497000001, 515232.861000001], [195907.383000001, 515236.761999998], [195907.708000001, 515239.083000001], [195907.684999999, 515242.335999999], [195906.785999998, 515247.116], [195905.094000001, 515251.293000001], [195902.338, 515255.555]]}, "properties": {"OBJECTID": 1250, "SOORT": 1, "KPNIDENT": "11400", "STATUS": 1}}]}